epoch,train_acc,val_acc,best_val,best_train,w_err,cos_o,epoch_time,cum_time
0,0.100917,0.07500000298023224,0.075000,0.100917,0.05683999881148338,0.6654565930366516,9.405,9.4
1,0.102817,,0.075000,0.102817,,,0.212,9.6
2,0.100700,,0.075000,0.102817,,,0.145,9.8
3,0.101167,,0.075000,0.102817,,,0.146,9.9
4,0.101367,,0.075000,0.102817,,,0.151,10.1
5,0.101167,,0.075000,0.102817,,,0.143,10.2
6,0.103133,,0.075000,0.103133,,,0.146,10.3
7,0.100833,,0.075000,0.103133,,,0.143,10.5
8,0.100483,,0.075000,0.103133,,,0.145,10.6
9,0.102000,,0.075000,0.103133,,,0.142,10.8
10,0.103200,,0.075000,0.103200,,,0.145,10.9
11,0.098300,,0.075000,0.103200,,,0.142,11.1
12,0.103350,,0.075000,0.103350,,,0.147,11.2
13,0.100250,,0.075000,0.103350,,,0.143,11.4
14,0.101600,,0.075000,0.103350,,,0.137,11.5
15,0.101200,,0.075000,0.103350,,,0.144,11.6
16,0.102233,,0.075000,0.103350,,,0.145,11.8
17,0.104267,,0.075000,0.104267,,,0.146,11.9
18,0.100633,,0.075000,0.104267,,,0.142,12.1
19,0.104883,,0.075000,0.104883,,,0.147,12.2
20,0.103400,,0.075000,0.104883,,,0.148,12.4
21,0.103000,,0.075000,0.104883,,,0.146,12.5
22,0.104317,,0.075000,0.104883,,,0.141,12.7
23,0.100433,,0.075000,0.104883,,,0.144,12.8
24,0.103250,,0.075000,0.104883,,,0.142,12.9
25,0.104133,,0.075000,0.104883,,,0.142,13.1
26,0.105267,,0.075000,0.105267,,,0.143,13.2
27,0.105033,,0.075000,0.105267,,,0.141,13.4
28,0.104633,,0.075000,0.105267,,,0.202,13.6
29,0.105283,,0.075000,0.105283,,,0.143,13.7
30,0.104033,,0.075000,0.105283,,,0.140,13.8
31,0.105300,,0.075000,0.105300,,,0.142,14.0
32,0.105017,,0.075000,0.105300,,,0.141,14.1
33,0.104500,,0.075000,0.105300,,,0.141,14.3
34,0.106150,,0.075000,0.106150,,,0.139,14.4
35,0.107983,,0.075000,0.107983,,,0.142,14.6
36,0.106117,,0.075000,0.107983,,,0.143,14.7
37,0.107533,,0.075000,0.107983,,,0.143,14.8
38,0.106283,,0.075000,0.107983,,,0.139,15.0
39,0.107050,,0.075000,0.107983,,,0.140,15.1
40,0.104833,,0.075000,0.107983,,,0.142,15.3
41,0.107683,,0.075000,0.107983,,,0.140,15.4
42,0.107900,,0.075000,0.107983,,,0.139,15.5
43,0.110117,,0.075000,0.110117,,,0.143,15.7
44,0.108817,,0.075000,0.110117,,,0.143,15.8
45,0.108400,,0.075000,0.110117,,,0.142,16.0
46,0.110850,,0.075000,0.110850,,,0.142,16.1
47,0.109533,,0.075000,0.110850,,,0.140,16.3
48,0.110617,,0.075000,0.110850,,,0.143,16.4
49,0.110767,,0.075000,0.110850,,,0.140,16.5
50,0.110267,,0.075000,0.110850,,,0.144,16.7
51,0.110750,,0.075000,0.110850,,,0.142,16.8
52,0.109467,,0.075000,0.110850,,,0.140,17.0
53,0.115200,,0.075000,0.115200,,,0.139,17.1
54,0.112417,,0.075000,0.115200,,,0.142,17.2
55,0.111617,,0.075000,0.115200,,,0.142,17.4
56,0.113583,,0.075000,0.115200,,,0.145,17.5
57,0.113400,,0.075000,0.115200,,,0.140,17.7
58,0.114150,,0.075000,0.115200,,,0.141,17.8
59,0.114183,,0.075000,0.115200,,,0.141,18.0
60,0.116417,,0.075000,0.116417,,,0.142,18.1
61,0.113600,,0.075000,0.116417,,,0.142,18.2
62,0.115583,,0.075000,0.116417,,,0.141,18.4
63,0.116450,,0.075000,0.116450,,,0.139,18.5
64,0.117067,,0.075000,0.117067,,,0.142,18.7
65,0.118133,,0.075000,0.118133,,,0.143,18.8
66,0.116417,,0.075000,0.118133,,,0.140,18.9
67,0.117067,,0.075000,0.118133,,,0.138,19.1
68,0.116483,,0.075000,0.118133,,,0.143,19.2
69,0.119200,,0.075000,0.119200,,,0.142,19.4
70,0.121283,,0.075000,0.121283,,,0.143,19.5
71,0.120267,,0.075000,0.121283,,,0.142,19.6
72,0.120817,,0.075000,0.121283,,,0.143,19.8
73,0.121350,,0.075000,0.121350,,,0.144,19.9
74,0.119850,,0.075000,0.121350,,,0.140,20.1
75,0.121750,,0.075000,0.121750,,,0.141,20.2
76,0.123800,,0.075000,0.123800,,,0.142,20.4
77,0.123350,,0.075000,0.123800,,,0.138,20.5
78,0.125983,,0.075000,0.125983,,,0.140,20.6
79,0.126550,,0.075000,0.126550,,,0.143,20.8
80,0.127533,,0.075000,0.127533,,,0.140,20.9
81,0.127650,,0.075000,0.127650,,,0.141,21.1
82,0.130583,,0.075000,0.130583,,,0.142,21.2
83,0.128667,,0.075000,0.130583,,,0.142,21.3
84,0.131967,,0.075000,0.131967,,,0.143,21.5
85,0.132317,,0.075000,0.132317,,,0.140,21.6
86,0.134733,,0.075000,0.134733,,,0.139,21.8
87,0.138450,,0.075000,0.138450,,,0.143,21.9
88,0.137767,,0.075000,0.138450,,,0.140,22.1
89,0.138950,,0.075000,0.138950,,,0.140,22.2
90,0.141933,,0.075000,0.141933,,,0.143,22.3
91,0.142033,,0.075000,0.142033,,,0.139,22.5
92,0.145600,,0.075000,0.145600,,,0.141,22.6
93,0.146550,,0.075000,0.146550,,,0.143,22.8
94,0.146650,,0.075000,0.146650,,,0.141,22.9
95,0.150483,,0.075000,0.150483,,,0.142,23.0
96,0.151900,,0.075000,0.151900,,,0.140,23.2
97,0.155500,,0.075000,0.155500,,,0.140,23.3
98,0.154917,,0.075000,0.155500,,,0.143,23.5
99,0.160117,,0.075000,0.160117,,,0.205,23.7
100,0.162617,0.21400001645088196,0.214000,0.162617,0.08598785102367401,0.5890367031097412,0.437,24.1
101,0.165883,,0.214000,0.165883,,,0.139,24.2
102,0.167450,,0.214000,0.167450,,,0.144,24.4
103,0.169883,,0.214000,0.169883,,,0.141,24.5
104,0.169917,,0.214000,0.169917,,,0.142,24.7
105,0.177183,,0.214000,0.177183,,,0.142,24.8
106,0.179983,,0.214000,0.179983,,,0.142,25.0
107,0.179583,,0.214000,0.179983,,,0.141,25.1
108,0.185417,,0.214000,0.185417,,,0.140,25.2
109,0.189350,,0.214000,0.189350,,,0.139,25.4
110,0.189450,,0.214000,0.189450,,,0.204,25.6
111,0.193517,,0.214000,0.193517,,,0.144,25.7
112,0.197000,,0.214000,0.197000,,,0.143,25.9
113,0.201900,,0.214000,0.201900,,,0.141,26.0
114,0.203517,,0.214000,0.203517,,,0.140,26.1
115,0.209633,,0.214000,0.209633,,,0.140,26.3
116,0.212917,,0.214000,0.212917,,,0.141,26.4
117,0.214617,,0.214000,0.214617,,,0.140,26.6
118,0.218550,,0.214000,0.218550,,,0.140,26.7
119,0.223667,,0.214000,0.223667,,,0.141,26.8
120,0.225467,,0.214000,0.225467,,,0.140,27.0
121,0.227067,,0.214000,0.227067,,,0.143,27.1
122,0.232433,,0.214000,0.232433,,,0.138,27.3
123,0.234400,,0.214000,0.234400,,,0.139,27.4
124,0.237983,,0.214000,0.237983,,,0.217,27.6
125,0.238533,,0.214000,0.238533,,,0.140,27.8
126,0.242233,,0.214000,0.242233,,,0.144,27.9
127,0.243983,,0.214000,0.243983,,,0.140,28.0
128,0.246433,,0.214000,0.246433,,,0.141,28.2
129,0.248650,,0.214000,0.248650,,,0.142,28.3
130,0.250050,,0.214000,0.250050,,,0.141,28.5
131,0.252117,,0.214000,0.252117,,,0.142,28.6
132,0.255233,,0.214000,0.255233,,,0.141,28.8
133,0.253333,,0.214000,0.255233,,,0.140,28.9
134,0.258533,,0.214000,0.258533,,,0.140,29.0
135,0.258733,,0.214000,0.258733,,,0.142,29.2
136,0.261317,,0.214000,0.261317,,,0.140,29.3
137,0.263783,,0.214000,0.263783,,,0.140,29.5
138,0.267500,,0.214000,0.267500,,,0.144,29.6
139,0.268883,,0.214000,0.268883,,,0.139,29.7
140,0.270617,,0.214000,0.270617,,,0.138,29.9
141,0.271750,,0.214000,0.271750,,,0.144,30.0
142,0.272867,,0.214000,0.272867,,,0.141,30.2
143,0.276217,,0.214000,0.276217,,,0.142,30.3
144,0.279000,,0.214000,0.279000,,,0.144,30.5
145,0.277850,,0.214000,0.279000,,,0.139,30.6
146,0.280383,,0.214000,0.280383,,,0.140,30.7
147,0.281933,,0.214000,0.281933,,,0.141,30.9
148,0.284617,,0.214000,0.284617,,,0.141,31.0
149,0.283117,,0.214000,0.284617,,,0.141,31.2
150,0.284567,,0.214000,0.284617,,,0.137,31.3
151,0.287150,,0.214000,0.287150,,,0.140,31.4
152,0.287750,,0.214000,0.287750,,,0.144,31.6
153,0.288150,,0.214000,0.288150,,,0.206,31.8
154,0.290867,,0.214000,0.290867,,,0.141,31.9
155,0.290950,,0.214000,0.290950,,,0.140,32.1
156,0.294733,,0.214000,0.294733,,,0.141,32.2
157,0.295617,,0.214000,0.295617,,,0.139,32.3
158,0.292683,,0.214000,0.295617,,,0.141,32.5
159,0.296500,,0.214000,0.296500,,,0.141,32.6
160,0.298033,,0.214000,0.298033,,,0.140,32.8
161,0.298250,,0.214000,0.298250,,,0.141,32.9
162,0.294983,,0.214000,0.298250,,,0.144,33.0
163,0.299250,,0.214000,0.299250,,,0.139,33.2
164,0.303517,,0.214000,0.303517,,,0.141,33.3
165,0.301550,,0.214000,0.303517,,,0.141,33.5
166,0.305133,,0.214000,0.305133,,,0.143,33.6
167,0.306183,,0.214000,0.306183,,,0.141,33.8
168,0.305817,,0.214000,0.306183,,,0.207,34.0
169,0.308233,,0.214000,0.308233,,,0.141,34.1
170,0.311167,,0.214000,0.311167,,,0.141,34.2
171,0.310767,,0.214000,0.311167,,,0.141,34.4
172,0.311333,,0.214000,0.311333,,,0.139,34.5
173,0.311950,,0.214000,0.311950,,,0.141,34.7
174,0.313783,,0.214000,0.313783,,,0.141,34.8
175,0.316917,,0.214000,0.316917,,,0.140,34.9
176,0.318933,,0.214000,0.318933,,,0.141,35.1
177,0.319417,,0.214000,0.319417,,,0.140,35.2
178,0.318383,,0.214000,0.319417,,,0.143,35.4
179,0.317400,,0.214000,0.319417,,,0.140,35.5
180,0.318950,,0.214000,0.319417,,,0.141,35.7
181,0.320150,,0.214000,0.320150,,,0.142,35.8
182,0.324883,,0.214000,0.324883,,,0.143,35.9
183,0.325117,,0.214000,0.325117,,,0.206,36.1
184,0.325283,,0.214000,0.325283,,,0.143,36.3
185,0.327733,,0.214000,0.327733,,,0.140,36.4
186,0.324567,,0.214000,0.327733,,,0.139,36.6
187,0.327150,,0.214000,0.327733,,,0.142,36.7
188,0.327967,,0.214000,0.327967,,,0.141,36.8
189,0.331100,,0.214000,0.331100,,,0.140,37.0
190,0.330883,,0.214000,0.331100,,,0.142,37.1
191,0.332950,,0.214000,0.332950,,,0.142,37.3
192,0.332200,,0.214000,0.332950,,,0.139,37.4
193,0.332167,,0.214000,0.332950,,,0.143,37.6
194,0.331633,,0.214000,0.332950,,,0.140,37.7
195,0.337167,,0.214000,0.337167,,,0.143,37.8
196,0.336333,,0.214000,0.337167,,,0.142,38.0
197,0.333700,,0.214000,0.337167,,,0.144,38.1
198,0.339133,,0.214000,0.339133,,,0.208,38.3
199,0.337350,,0.214000,0.339133,,,0.145,38.5
200,0.339033,0.4130000174045563,0.413000,0.339133,0.10424582660198212,0.6509515047073364,0.435,38.9
201,0.339967,,0.413000,0.339967,,,0.140,39.0
202,0.340950,,0.413000,0.340950,,,0.142,39.2
203,0.341867,,0.413000,0.341867,,,0.143,39.3
204,0.342350,,0.413000,0.342350,,,0.142,39.5
205,0.340433,,0.413000,0.342350,,,0.140,39.6
206,0.343550,,0.413000,0.343550,,,0.179,39.8
207,0.342017,,0.413000,0.343550,,,0.141,39.9
208,0.341300,,0.413000,0.343550,,,0.140,40.1
209,0.344217,,0.413000,0.344217,,,0.143,40.2
210,0.346167,,0.413000,0.346167,,,0.161,40.4
211,0.345250,,0.413000,0.346167,,,0.141,40.5
212,0.347567,,0.413000,0.347567,,,0.145,40.7
213,0.344483,,0.413000,0.347567,,,0.140,40.8
214,0.345150,,0.413000,0.347567,,,0.141,40.9
215,0.346817,,0.413000,0.347567,,,0.140,41.1
216,0.347300,,0.413000,0.347567,,,0.143,41.2
217,0.349783,,0.413000,0.349783,,,0.141,41.4
218,0.350317,,0.413000,0.350317,,,0.146,41.5
219,0.347733,,0.413000,0.350317,,,0.139,41.7
220,0.351533,,0.413000,0.351533,,,0.144,41.8
221,0.350650,,0.413000,0.351533,,,0.141,41.9
222,0.353033,,0.413000,0.353033,,,0.142,42.1
223,0.356650,,0.413000,0.356650,,,0.145,42.2
224,0.356583,,0.413000,0.356650,,,0.140,42.4
225,0.357667,,0.413000,0.357667,,,0.207,42.6
226,0.355317,,0.413000,0.357667,,,0.142,42.7
227,0.356600,,0.413000,0.357667,,,0.140,42.9
228,0.358617,,0.413000,0.358617,,,0.142,43.0
229,0.358283,,0.413000,0.358617,,,0.141,43.1
230,0.362250,,0.413000,0.362250,,,0.142,43.3
231,0.360583,,0.413000,0.362250,,,0.142,43.4
232,0.364700,,0.413000,0.364700,,,0.142,43.6
233,0.359950,,0.413000,0.364700,,,0.140,43.7
234,0.363517,,0.413000,0.364700,,,0.141,43.8
235,0.363250,,0.413000,0.364700,,,0.141,44.0
236,0.360983,,0.413000,0.364700,,,0.141,44.1
237,0.363350,,0.413000,0.364700,,,0.145,44.3
238,0.365083,,0.413000,0.365083,,,0.138,44.4
239,0.363483,,0.413000,0.365083,,,0.144,44.6
240,0.366717,,0.413000,0.366717,,,0.140,44.7
241,0.363367,,0.413000,0.366717,,,0.144,44.8
242,0.367083,,0.413000,0.367083,,,0.143,45.0
243,0.366750,,0.413000,0.367083,,,0.140,45.1
244,0.367083,,0.413000,0.367083,,,0.139,45.3
245,0.366750,,0.413000,0.367083,,,0.142,45.4
246,0.364950,,0.413000,0.367083,,,0.140,45.5
247,0.364617,,0.413000,0.367083,,,0.142,45.7
248,0.368067,,0.413000,0.368067,,,0.141,45.8
249,0.366617,,0.413000,0.368067,,,0.141,46.0
250,0.370367,,0.413000,0.370367,,,0.143,46.1
251,0.371567,,0.413000,0.371567,,,0.142,46.3
252,0.370383,,0.413000,0.371567,,,0.140,46.4
253,0.371433,,0.413000,0.371567,,,0.142,46.5
254,0.374467,,0.413000,0.374467,,,0.142,46.7
255,0.372917,,0.413000,0.374467,,,0.138,46.8
256,0.376433,,0.413000,0.376433,,,0.145,47.0
257,0.375300,,0.413000,0.376433,,,0.146,47.1
258,0.375483,,0.413000,0.376433,,,0.139,47.2
259,0.377317,,0.413000,0.377317,,,0.143,47.4
260,0.378300,,0.413000,0.378300,,,0.140,47.5
261,0.381600,,0.413000,0.381600,,,0.141,47.7
262,0.380900,,0.413000,0.381600,,,0.142,47.8
263,0.380383,,0.413000,0.381600,,,0.140,48.0
264,0.381917,,0.413000,0.381917,,,0.138,48.1
265,0.385000,,0.413000,0.385000,,,0.143,48.2
266,0.382250,,0.413000,0.385000,,,0.140,48.4
267,0.385533,,0.413000,0.385533,,,0.144,48.5
268,0.386583,,0.413000,0.386583,,,0.142,48.7
269,0.385250,,0.413000,0.386583,,,0.141,48.8
270,0.388633,,0.413000,0.388633,,,0.140,48.9
271,0.387850,,0.413000,0.388633,,,0.139,49.1
272,0.389750,,0.413000,0.389750,,,0.140,49.2
273,0.389917,,0.413000,0.389917,,,0.143,49.4
274,0.391817,,0.413000,0.391817,,,0.139,49.5
275,0.391200,,0.413000,0.391817,,,0.141,49.6
276,0.390367,,0.413000,0.391817,,,0.141,49.8
277,0.392817,,0.413000,0.392817,,,0.141,49.9
278,0.391717,,0.413000,0.392817,,,0.140,50.1
279,0.391933,,0.413000,0.392817,,,0.143,50.2
280,0.395567,,0.413000,0.395567,,,0.141,50.3
281,0.393700,,0.413000,0.395567,,,0.142,50.5
282,0.392450,,0.413000,0.395567,,,0.207,50.7
283,0.394533,,0.413000,0.395567,,,0.140,50.8
284,0.396267,,0.413000,0.396267,,,0.142,51.0
285,0.397833,,0.413000,0.397833,,,0.143,51.1
286,0.400083,,0.413000,0.400083,,,0.140,51.3
287,0.397283,,0.413000,0.400083,,,0.142,51.4
288,0.401267,,0.413000,0.401267,,,0.140,51.5
289,0.398967,,0.413000,0.401267,,,0.141,51.7
290,0.402983,,0.413000,0.402983,,,0.140,51.8
291,0.402583,,0.413000,0.402983,,,0.144,52.0
292,0.403000,,0.413000,0.403000,,,0.141,52.1
293,0.401667,,0.413000,0.403000,,,0.142,52.3
294,0.405983,,0.413000,0.405983,,,0.140,52.4
295,0.403400,,0.413000,0.405983,,,0.142,52.5
296,0.404067,,0.413000,0.405983,,,0.143,52.7
297,0.408000,,0.413000,0.408000,,,0.204,52.9
298,0.406483,,0.413000,0.408000,,,0.139,53.0
299,0.407117,,0.413000,0.408000,,,0.142,53.2
300,0.407700,0.48500001430511475,0.485000,0.408000,0.11662900447845459,0.6322654485702515,0.433,53.6
301,0.407650,,0.485000,0.408000,,,0.140,53.7
302,0.410383,,0.485000,0.410383,,,0.142,53.9
303,0.410833,,0.485000,0.410833,,,0.141,54.0
304,0.413267,,0.485000,0.413267,,,0.140,54.2
305,0.412617,,0.485000,0.413267,,,0.142,54.3
306,0.413783,,0.485000,0.413783,,,0.140,54.4
307,0.412600,,0.485000,0.413783,,,0.142,54.6
308,0.410250,,0.485000,0.413783,,,0.144,54.7
309,0.413700,,0.485000,0.413783,,,0.142,54.9
310,0.415900,,0.485000,0.415900,,,0.209,55.1
311,0.414483,,0.485000,0.415900,,,0.141,55.2
312,0.415517,,0.485000,0.415900,,,0.141,55.4
313,0.418533,,0.485000,0.418533,,,0.141,55.5
314,0.417183,,0.485000,0.418533,,,0.138,55.6
315,0.416467,,0.485000,0.418533,,,0.140,55.8
316,0.417033,,0.485000,0.418533,,,0.139,55.9
317,0.419350,,0.485000,0.419350,,,0.142,56.1
318,0.416617,,0.485000,0.419350,,,0.139,56.2
319,0.417350,,0.485000,0.419350,,,0.145,56.3
320,0.418333,,0.485000,0.419350,,,0.140,56.5
321,0.418017,,0.485000,0.419350,,,0.140,56.6
322,0.416717,,0.485000,0.419350,,,0.142,56.8
323,0.420100,,0.485000,0.420100,,,0.157,56.9
324,0.419333,,0.485000,0.420100,,,0.141,57.1
325,0.418817,,0.485000,0.420100,,,0.142,57.2
326,0.417267,,0.485000,0.420100,,,0.140,57.3
327,0.421583,,0.485000,0.421583,,,0.144,57.5
328,0.419800,,0.485000,0.421583,,,0.143,57.6
329,0.419817,,0.485000,0.421583,,,0.143,57.8
330,0.421900,,0.485000,0.421900,,,0.139,57.9
331,0.423267,,0.485000,0.423267,,,0.144,58.1
332,0.421083,,0.485000,0.423267,,,0.146,58.2
333,0.420850,,0.485000,0.423267,,,0.141,58.3
334,0.423800,,0.485000,0.423800,,,0.145,58.5
335,0.422617,,0.485000,0.423800,,,0.140,58.6
336,0.424667,,0.485000,0.424667,,,0.151,58.8
337,0.424017,,0.485000,0.424667,,,0.166,58.9
338,0.425900,,0.485000,0.425900,,,0.141,59.1
339,0.425967,,0.485000,0.425967,,,0.141,59.2
340,0.424767,,0.485000,0.425967,,,0.141,59.4
341,0.428450,,0.485000,0.428450,,,0.140,59.5
342,0.427250,,0.485000,0.428450,,,0.141,59.7
343,0.426600,,0.485000,0.428450,,,0.141,59.8
344,0.428183,,0.485000,0.428450,,,0.139,59.9
345,0.427617,,0.485000,0.428450,,,0.142,60.1
346,0.426300,,0.485000,0.428450,,,0.141,60.2
347,0.429833,,0.485000,0.429833,,,0.139,60.4
348,0.430000,,0.485000,0.430000,,,0.142,60.5
349,0.429817,,0.485000,0.430000,,,0.141,60.6
350,0.431683,,0.485000,0.431683,,,0.139,60.8
351,0.432667,,0.485000,0.432667,,,0.143,60.9
352,0.432983,,0.485000,0.432983,,,0.140,61.1
353,0.431600,,0.485000,0.432983,,,0.142,61.2
354,0.431483,,0.485000,0.432983,,,0.141,61.3
355,0.432933,,0.485000,0.432983,,,0.141,61.5
356,0.434333,,0.485000,0.434333,,,0.140,61.6
357,0.436733,,0.485000,0.436733,,,0.143,61.8
358,0.435550,,0.485000,0.436733,,,0.142,61.9
359,0.439167,,0.485000,0.439167,,,0.138,62.0
360,0.436750,,0.485000,0.439167,,,0.144,62.2
361,0.439150,,0.485000,0.439167,,,0.140,62.3
362,0.437800,,0.485000,0.439167,,,0.141,62.5
363,0.439333,,0.485000,0.439333,,,0.139,62.6
364,0.438683,,0.485000,0.439333,,,0.141,62.8
365,0.439850,,0.485000,0.439850,,,0.142,62.9
366,0.441283,,0.485000,0.441283,,,0.142,63.0
367,0.440467,,0.485000,0.441283,,,0.144,63.2
368,0.442383,,0.485000,0.442383,,,0.142,63.3
369,0.438700,,0.485000,0.442383,,,0.140,63.5
370,0.438533,,0.485000,0.442383,,,0.141,63.6
371,0.442933,,0.485000,0.442933,,,0.141,63.7
372,0.442650,,0.485000,0.442933,,,0.141,63.9
373,0.440167,,0.485000,0.442933,,,0.139,64.0
374,0.439133,,0.485000,0.442933,,,0.143,64.2
375,0.437717,,0.485000,0.442933,,,0.140,64.3
376,0.441700,,0.485000,0.442933,,,0.140,64.4
377,0.441200,,0.485000,0.442933,,,0.143,64.6
378,0.443050,,0.485000,0.443050,,,0.141,64.7
379,0.442917,,0.485000,0.443050,,,0.140,64.9
380,0.446067,,0.485000,0.446067,,,0.208,65.1
381,0.446067,,0.485000,0.446067,,,0.140,65.2
382,0.447333,,0.485000,0.447333,,,0.145,65.4
383,0.448767,,0.485000,0.448767,,,0.140,65.5
384,0.451533,,0.485000,0.451533,,,0.140,65.6
385,0.445733,,0.485000,0.451533,,,0.142,65.8
386,0.451050,,0.485000,0.451533,,,0.143,65.9
387,0.448517,,0.485000,0.451533,,,0.140,66.1
388,0.451083,,0.485000,0.451533,,,0.142,66.2
389,0.452150,,0.485000,0.452150,,,0.141,66.3
390,0.451317,,0.485000,0.452150,,,0.142,66.5
391,0.452233,,0.485000,0.452233,,,0.140,66.6
392,0.453233,,0.485000,0.453233,,,0.141,66.8
393,0.452833,,0.485000,0.453233,,,0.139,66.9
394,0.453100,,0.485000,0.453233,,,0.141,67.1
395,0.455067,,0.485000,0.455067,,,0.140,67.2
396,0.451050,,0.485000,0.455067,,,0.141,67.3
397,0.452533,,0.485000,0.455067,,,0.141,67.5
398,0.455433,,0.485000,0.455433,,,0.142,67.6
399,0.454167,,0.485000,0.455433,,,0.141,67.8
400,0.454467,0.5460000038146973,0.546000,0.455433,0.11560193449258804,0.6610091924667358,0.430,68.2
401,0.454250,,0.546000,0.455433,,,0.139,68.3
402,0.458117,,0.546000,0.458117,,,0.139,68.5
403,0.457917,,0.546000,0.458117,,,0.143,68.6
404,0.458450,,0.546000,0.458450,,,0.139,68.7
405,0.457933,,0.546000,0.458450,,,0.140,68.9
406,0.457617,,0.546000,0.458450,,,0.143,69.0
407,0.459617,,0.546000,0.459617,,,0.236,69.3
408,0.459650,,0.546000,0.459650,,,0.139,69.4
409,0.459950,,0.546000,0.459950,,,0.140,69.5
410,0.461567,,0.546000,0.461567,,,0.140,69.7
411,0.462317,,0.546000,0.462317,,,0.140,69.8
412,0.463900,,0.546000,0.463900,,,0.139,70.0
413,0.461417,,0.546000,0.463900,,,0.143,70.1
414,0.461200,,0.546000,0.463900,,,0.139,70.2
415,0.465450,,0.546000,0.465450,,,0.140,70.4
416,0.464867,,0.546000,0.465450,,,0.142,70.5
417,0.463333,,0.546000,0.465450,,,0.137,70.7
418,0.465950,,0.546000,0.465950,,,0.139,70.8
419,0.462850,,0.546000,0.465950,,,0.140,70.9
420,0.466667,,0.546000,0.466667,,,0.179,71.1
421,0.466417,,0.546000,0.466667,,,0.142,71.3
422,0.464850,,0.546000,0.466667,,,0.141,71.4
423,0.463850,,0.546000,0.466667,,,0.140,71.5
424,0.467917,,0.546000,0.467917,,,0.143,71.7
425,0.465467,,0.546000,0.467917,,,0.140,71.8
426,0.466467,,0.546000,0.467917,,,0.142,72.0
427,0.462050,,0.546000,0.467917,,,0.142,72.1
428,0.469083,,0.546000,0.469083,,,0.140,72.3
429,0.465983,,0.546000,0.469083,,,0.140,72.4
430,0.468533,,0.546000,0.469083,,,0.142,72.5
431,0.466350,,0.546000,0.469083,,,0.140,72.7
432,0.467117,,0.546000,0.469083,,,0.142,72.8
433,0.464750,,0.546000,0.469083,,,0.143,73.0
434,0.466383,,0.546000,0.469083,,,0.141,73.1
435,0.467350,,0.546000,0.469083,,,0.212,73.3
436,0.468100,,0.546000,0.469083,,,0.141,73.5
437,0.468083,,0.546000,0.469083,,,0.142,73.6
438,0.469667,,0.546000,0.469667,,,0.142,73.7
439,0.468050,,0.546000,0.469667,,,0.139,73.9
440,0.468183,,0.546000,0.469667,,,0.144,74.0
441,0.467417,,0.546000,0.469667,,,0.141,74.2
442,0.471517,,0.546000,0.471517,,,0.138,74.3
443,0.471700,,0.546000,0.471700,,,0.142,74.4
444,0.470483,,0.546000,0.471700,,,0.143,74.6
445,0.474350,,0.546000,0.474350,,,0.142,74.7
446,0.470583,,0.546000,0.474350,,,0.142,74.9
447,0.471883,,0.546000,0.474350,,,0.142,75.0
448,0.473167,,0.546000,0.474350,,,0.142,75.2
449,0.469917,,0.546000,0.474350,,,0.142,75.3
450,0.473650,,0.546000,0.474350,,,0.143,75.4
451,0.474767,,0.546000,0.474767,,,0.143,75.6
452,0.469800,,0.546000,0.474767,,,0.142,75.7
453,0.472233,,0.546000,0.474767,,,0.142,75.9
454,0.473800,,0.546000,0.474767,,,0.141,76.0
455,0.474550,,0.546000,0.474767,,,0.142,76.2
456,0.473900,,0.546000,0.474767,,,0.141,76.3
457,0.472850,,0.546000,0.474767,,,0.141,76.4
458,0.477017,,0.546000,0.477017,,,0.140,76.6
459,0.476067,,0.546000,0.477017,,,0.141,76.7
460,0.477617,,0.546000,0.477617,,,0.146,76.9
461,0.476333,,0.546000,0.477617,,,0.146,77.0
462,0.477100,,0.546000,0.477617,,,0.142,77.1
463,0.478367,,0.546000,0.478367,,,0.149,77.3
464,0.480383,,0.546000,0.480383,,,0.145,77.4
465,0.479383,,0.546000,0.480383,,,0.143,77.6
466,0.477150,,0.546000,0.480383,,,0.144,77.7
467,0.479750,,0.546000,0.480383,,,0.142,77.9
468,0.479783,,0.546000,0.480383,,,0.142,78.0
469,0.480233,,0.546000,0.480383,,,0.142,78.2
470,0.480517,,0.546000,0.480517,,,0.140,78.3
471,0.481417,,0.546000,0.481417,,,0.142,78.4
472,0.481700,,0.546000,0.481700,,,0.142,78.6
473,0.480550,,0.546000,0.481700,,,0.141,78.7
474,0.479883,,0.546000,0.481700,,,0.141,78.9
475,0.482083,,0.546000,0.482083,,,0.142,79.0
476,0.480233,,0.546000,0.482083,,,0.142,79.1
477,0.480817,,0.546000,0.482083,,,0.141,79.3
478,0.481750,,0.546000,0.482083,,,0.141,79.4
479,0.478817,,0.546000,0.482083,,,0.143,79.6
480,0.481483,,0.546000,0.482083,,,0.141,79.7
481,0.481267,,0.546000,0.482083,,,0.141,79.9
482,0.481583,,0.546000,0.482083,,,0.143,80.0
483,0.480267,,0.546000,0.482083,,,0.141,80.1
484,0.483000,,0.546000,0.483000,,,0.144,80.3
485,0.482667,,0.546000,0.483000,,,0.141,80.4
486,0.483300,,0.546000,0.483300,,,0.139,80.6
487,0.480417,,0.546000,0.483300,,,0.140,80.7
488,0.484450,,0.546000,0.484450,,,0.141,80.8
489,0.481483,,0.546000,0.484450,,,0.140,81.0
490,0.483783,,0.546000,0.484450,,,0.141,81.1
491,0.482533,,0.546000,0.484450,,,0.141,81.3
492,0.484083,,0.546000,0.484450,,,0.141,81.4
493,0.484017,,0.546000,0.484450,,,0.144,81.6
494,0.487817,,0.546000,0.487817,,,0.139,81.7
495,0.488350,,0.546000,0.488350,,,0.139,81.8
496,0.490950,,0.546000,0.490950,,,0.152,82.0
497,0.487417,,0.546000,0.490950,,,0.141,82.1
498,0.490233,,0.546000,0.490950,,,0.143,82.3
499,0.490333,,0.546000,0.490950,,,0.139,82.4
500,0.488883,0.5675000548362732,0.567500,0.490950,0.12061915546655655,0.6137474775314331,0.432,82.8
501,0.489833,,0.567500,0.490950,,,0.138,83.0
502,0.488167,,0.567500,0.490950,,,0.142,83.1
503,0.489800,,0.567500,0.490950,,,0.139,83.3
504,0.488850,,0.567500,0.490950,,,0.144,83.4
505,0.488083,,0.567500,0.490950,,,0.140,83.5
506,0.491733,,0.567500,0.491733,,,0.139,83.7
507,0.489350,,0.567500,0.491733,,,0.141,83.8
508,0.485417,,0.567500,0.491733,,,0.143,84.0
509,0.490083,,0.567500,0.491733,,,0.139,84.1
510,0.489550,,0.567500,0.491733,,,0.141,84.2
511,0.491167,,0.567500,0.491733,,,0.141,84.4
512,0.492817,,0.567500,0.492817,,,0.140,84.5
513,0.491583,,0.567500,0.492817,,,0.142,84.7
514,0.489533,,0.567500,0.492817,,,0.141,84.8
515,0.490917,,0.567500,0.492817,,,0.140,84.9
516,0.491167,,0.567500,0.492817,,,0.143,85.1
517,0.492217,,0.567500,0.492817,,,0.140,85.2
518,0.491217,,0.567500,0.492817,,,0.144,85.4
519,0.492767,,0.567500,0.492817,,,0.143,85.5
520,0.493400,,0.567500,0.493400,,,0.141,85.7
521,0.491717,,0.567500,0.493400,,,0.138,85.8
522,0.494100,,0.567500,0.494100,,,0.141,85.9
523,0.492483,,0.567500,0.494100,,,0.141,86.1
524,0.491800,,0.567500,0.494100,,,0.142,86.2
525,0.494350,,0.567500,0.494350,,,0.141,86.4
526,0.491633,,0.567500,0.494350,,,0.142,86.5
527,0.492133,,0.567500,0.494350,,,0.143,86.6
528,0.493317,,0.567500,0.494350,,,0.140,86.8
529,0.491550,,0.567500,0.494350,,,0.140,86.9
530,0.492550,,0.567500,0.494350,,,0.145,87.1
531,0.492300,,0.567500,0.494350,,,0.141,87.2
532,0.498417,,0.567500,0.498417,,,0.163,87.4
533,0.493400,,0.567500,0.498417,,,0.141,87.5
534,0.493767,,0.567500,0.498417,,,0.144,87.7
535,0.491233,,0.567500,0.498417,,,0.141,87.8
536,0.494117,,0.567500,0.498417,,,0.143,87.9
537,0.495883,,0.567500,0.498417,,,0.142,88.1
538,0.491733,,0.567500,0.498417,,,0.141,88.2
539,0.494100,,0.567500,0.498417,,,0.143,88.4
540,0.492467,,0.567500,0.498417,,,0.142,88.5
541,0.494467,,0.567500,0.498417,,,0.143,88.7
542,0.497100,,0.567500,0.498417,,,0.140,88.8
543,0.494050,,0.567500,0.498417,,,0.141,88.9
544,0.498217,,0.567500,0.498417,,,0.140,89.1
545,0.498317,,0.567500,0.498417,,,0.165,89.2
546,0.498717,,0.567500,0.498717,,,0.141,89.4
547,0.498917,,0.567500,0.498917,,,0.139,89.5
548,0.498867,,0.567500,0.498917,,,0.143,89.7
549,0.498750,,0.567500,0.498917,,,0.140,89.8
550,0.502183,,0.567500,0.502183,,,0.139,89.9
551,0.499533,,0.567500,0.502183,,,0.143,90.1
552,0.503117,,0.567500,0.503117,,,0.141,90.2
553,0.501883,,0.567500,0.503117,,,0.141,90.4
554,0.504233,,0.567500,0.504233,,,0.138,90.5
555,0.503250,,0.567500,0.504233,,,0.139,90.6
556,0.503433,,0.567500,0.504233,,,0.141,90.8
557,0.504733,,0.567500,0.504733,,,0.143,90.9
558,0.506267,,0.567500,0.506267,,,0.140,91.1
559,0.503850,,0.567500,0.506267,,,0.140,91.2
560,0.505733,,0.567500,0.506267,,,0.208,91.4
561,0.507600,,0.567500,0.507600,,,0.142,91.6
562,0.505600,,0.567500,0.507600,,,0.142,91.7
563,0.505783,,0.567500,0.507600,,,0.140,91.8
564,0.507350,,0.567500,0.507600,,,0.139,92.0
565,0.507867,,0.567500,0.507867,,,0.144,92.1
566,0.506167,,0.567500,0.507867,,,0.140,92.3
567,0.508967,,0.567500,0.508967,,,0.140,92.4
568,0.506017,,0.567500,0.508967,,,0.144,92.6
569,0.512400,,0.567500,0.512400,,,0.138,92.7
570,0.511650,,0.567500,0.512400,,,0.142,92.8
571,0.506500,,0.567500,0.512400,,,0.143,93.0
572,0.508233,,0.567500,0.512400,,,0.142,93.1
573,0.510700,,0.567500,0.512400,,,0.144,93.3
574,0.508933,,0.567500,0.512400,,,0.142,93.4
575,0.510700,,0.567500,0.512400,,,0.210,93.6
576,0.510167,,0.567500,0.512400,,,0.143,93.8
577,0.511300,,0.567500,0.512400,,,0.141,93.9
578,0.511667,,0.567500,0.512400,,,0.140,94.0
579,0.507567,,0.567500,0.512400,,,0.143,94.2
580,0.512783,,0.567500,0.512783,,,0.140,94.3
581,0.512483,,0.567500,0.512783,,,0.142,94.5
582,0.511017,,0.567500,0.512783,,,0.139,94.6
583,0.513333,,0.567500,0.513333,,,0.139,94.7
584,0.508250,,0.567500,0.513333,,,0.142,94.9
585,0.510200,,0.567500,0.513333,,,0.141,95.0
586,0.508383,,0.567500,0.513333,,,0.140,95.2
587,0.510333,,0.567500,0.513333,,,0.141,95.3
588,0.508783,,0.567500,0.513333,,,0.144,95.4
589,0.512267,,0.567500,0.513333,,,0.143,95.6
590,0.509383,,0.567500,0.513333,,,0.141,95.7
591,0.509450,,0.567500,0.513333,,,0.142,95.9
592,0.509767,,0.567500,0.513333,,,0.143,96.0
593,0.506083,,0.567500,0.513333,,,0.141,96.2
594,0.511267,,0.567500,0.513333,,,0.139,96.3
595,0.505283,,0.567500,0.513333,,,0.145,96.4
596,0.509100,,0.567500,0.513333,,,0.140,96.6
597,0.505650,,0.567500,0.513333,,,0.141,96.7
598,0.508300,,0.567500,0.513333,,,0.143,96.9
599,0.509200,,0.567500,0.513333,,,0.139,97.0
600,0.508700,0.5865000486373901,0.586500,0.513333,0.10861210525035858,0.6204088926315308,0.435,97.4
601,0.511517,,0.586500,0.513333,,,0.137,97.6
602,0.510900,,0.586500,0.513333,,,0.140,97.7
603,0.510650,,0.586500,0.513333,,,0.141,97.9
604,0.513183,,0.586500,0.513333,,,0.145,98.0
605,0.511000,,0.586500,0.513333,,,0.141,98.1
606,0.512817,,0.586500,0.513333,,,0.142,98.3
607,0.511583,,0.586500,0.513333,,,0.146,98.4
608,0.511967,,0.586500,0.513333,,,0.140,98.6
609,0.515200,,0.586500,0.515200,,,0.161,98.7
610,0.511483,,0.586500,0.515200,,,0.137,98.9
611,0.512517,,0.586500,0.515200,,,0.144,99.0
612,0.511100,,0.586500,0.515200,,,0.140,99.2
613,0.511367,,0.586500,0.515200,,,0.144,99.3
614,0.513050,,0.586500,0.515200,,,0.143,99.4
615,0.513650,,0.586500,0.515200,,,0.196,99.6
616,0.513383,,0.586500,0.515200,,,0.145,99.8
617,0.512283,,0.586500,0.515200,,,0.140,99.9
618,0.518017,,0.586500,0.518017,,,0.141,100.1
619,0.513133,,0.586500,0.518017,,,0.142,100.2
620,0.514267,,0.586500,0.518017,,,0.139,100.3
621,0.515967,,0.586500,0.518017,,,0.140,100.5
622,0.517517,,0.586500,0.518017,,,0.139,100.6
623,0.518733,,0.586500,0.518733,,,0.141,100.8
624,0.516367,,0.586500,0.518733,,,0.142,100.9
625,0.518750,,0.586500,0.518750,,,0.138,101.0
626,0.518033,,0.586500,0.518750,,,0.143,101.2
627,0.519767,,0.586500,0.519767,,,0.140,101.3
628,0.516650,,0.586500,0.519767,,,0.139,101.5
629,0.518167,,0.586500,0.519767,,,0.142,101.6
630,0.519050,,0.586500,0.519767,,,0.204,101.8
631,0.517817,,0.586500,0.519767,,,0.140,102.0
632,0.517033,,0.586500,0.519767,,,0.141,102.1
633,0.514800,,0.586500,0.519767,,,0.139,102.2
634,0.520750,,0.586500,0.520750,,,0.143,102.4
635,0.518150,,0.586500,0.520750,,,0.142,102.5
636,0.521283,,0.586500,0.521283,,,0.142,102.7
637,0.519750,,0.586500,0.521283,,,0.141,102.8
638,0.520383,,0.586500,0.521283,,,0.142,102.9
639,0.521267,,0.586500,0.521283,,,0.142,103.1
640,0.520150,,0.586500,0.521283,,,0.142,103.2
641,0.518167,,0.586500,0.521283,,,0.139,103.4
642,0.518267,,0.586500,0.521283,,,0.138,103.5
643,0.519617,,0.586500,0.521283,,,0.142,103.6
644,0.520750,,0.586500,0.521283,,,0.143,103.8
645,0.519117,,0.586500,0.521283,,,0.208,104.0
646,0.519567,,0.586500,0.521283,,,0.142,104.1
647,0.519083,,0.586500,0.521283,,,0.141,104.3
648,0.522250,,0.586500,0.522250,,,0.143,104.4
649,0.519517,,0.586500,0.522250,,,0.141,104.6
650,0.519950,,0.586500,0.522250,,,0.141,104.7
651,0.520517,,0.586500,0.522250,,,0.141,104.8
652,0.521600,,0.586500,0.522250,,,0.143,105.0
653,0.521350,,0.586500,0.522250,,,0.142,105.1
654,0.520367,,0.586500,0.522250,,,0.143,105.3
655,0.521083,,0.586500,0.522250,,,0.140,105.4
656,0.518433,,0.586500,0.522250,,,0.141,105.6
657,0.520900,,0.586500,0.522250,,,0.143,105.7
658,0.520183,,0.586500,0.522250,,,0.140,105.8
659,0.519650,,0.586500,0.522250,,,0.143,106.0
660,0.519400,,0.586500,0.522250,,,0.141,106.1
661,0.522033,,0.586500,0.522250,,,0.141,106.3
662,0.522600,,0.586500,0.522600,,,0.142,106.4
663,0.523300,,0.586500,0.523300,,,0.140,106.5
664,0.524367,,0.586500,0.524367,,,0.141,106.7
665,0.521633,,0.586500,0.524367,,,0.141,106.8
666,0.522333,,0.586500,0.524367,,,0.142,107.0
667,0.521383,,0.586500,0.524367,,,0.144,107.1
668,0.523167,,0.586500,0.524367,,,0.142,107.3
669,0.522550,,0.586500,0.524367,,,0.145,107.4
670,0.523867,,0.586500,0.524367,,,0.142,107.5
671,0.521933,,0.586500,0.524367,,,0.139,107.7
672,0.520467,,0.586500,0.524367,,,0.138,107.8
673,0.521450,,0.586500,0.524367,,,0.139,108.0
674,0.522683,,0.586500,0.524367,,,0.143,108.1
675,0.521567,,0.586500,0.524367,,,0.141,108.2
676,0.520717,,0.586500,0.524367,,,0.145,108.4
677,0.524317,,0.586500,0.524367,,,0.138,108.5
678,0.525283,,0.586500,0.525283,,,0.142,108.7
679,0.521767,,0.586500,0.525283,,,0.141,108.8
680,0.522683,,0.586500,0.525283,,,0.143,108.9
681,0.524750,,0.586500,0.525283,,,0.143,109.1
682,0.524467,,0.586500,0.525283,,,0.143,109.2
683,0.520967,,0.586500,0.525283,,,0.140,109.4
684,0.521667,,0.586500,0.525283,,,0.144,109.5
685,0.522000,,0.586500,0.525283,,,0.141,109.7
686,0.523683,,0.586500,0.525283,,,0.140,109.8
687,0.521350,,0.586500,0.525283,,,0.154,110.0
688,0.521367,,0.586500,0.525283,,,0.143,110.1
689,0.520000,,0.586500,0.525283,,,0.141,110.2
690,0.521033,,0.586500,0.525283,,,0.143,110.4
691,0.522350,,0.586500,0.525283,,,0.145,110.5
692,0.522783,,0.586500,0.525283,,,0.141,110.7
693,0.519633,,0.586500,0.525283,,,0.145,110.8
694,0.522050,,0.586500,0.525283,,,0.149,111.0
695,0.521333,,0.586500,0.525283,,,0.142,111.1
696,0.523417,,0.586500,0.525283,,,0.141,111.2
697,0.524400,,0.586500,0.525283,,,0.141,111.4
698,0.524483,,0.586500,0.525283,,,0.144,111.5
699,0.525867,,0.586500,0.525867,,,0.141,111.7
700,0.525500,0.5910000205039978,0.591000,0.525867,0.10818594694137573,0.633452832698822,0.444,112.1
701,0.529800,,0.591000,0.529800,,,0.203,112.3
702,0.527783,,0.591000,0.529800,,,0.142,112.5
703,0.527683,,0.591000,0.529800,,,0.145,112.6
704,0.529917,,0.591000,0.529917,,,0.140,112.7
705,0.529133,,0.591000,0.529917,,,0.138,112.9
706,0.527800,,0.591000,0.529917,,,0.142,113.0
707,0.531017,,0.591000,0.531017,,,0.142,113.2
708,0.529317,,0.591000,0.531017,,,0.141,113.3
709,0.530250,,0.591000,0.531017,,,0.140,113.4
710,0.529117,,0.591000,0.531017,,,0.142,113.6
711,0.527333,,0.591000,0.531017,,,0.139,113.7
712,0.528067,,0.591000,0.531017,,,0.142,113.9
713,0.527317,,0.591000,0.531017,,,0.214,114.1
714,0.529350,,0.591000,0.531017,,,0.142,114.2
715,0.531783,,0.591000,0.531783,,,0.141,114.4
716,0.531350,,0.591000,0.531783,,,0.138,114.5
717,0.531467,,0.591000,0.531783,,,0.146,114.7
718,0.530117,,0.591000,0.531783,,,0.141,114.8
719,0.531933,,0.591000,0.531933,,,0.139,114.9
720,0.532883,,0.591000,0.532883,,,0.142,115.1
721,0.531150,,0.591000,0.532883,,,0.142,115.2
722,0.531867,,0.591000,0.532883,,,0.144,115.4
723,0.533867,,0.591000,0.533867,,,0.143,115.5
724,0.532933,,0.591000,0.533867,,,0.140,115.6
725,0.531733,,0.591000,0.533867,,,0.143,115.8
726,0.534150,,0.591000,0.534150,,,0.140,115.9
727,0.536000,,0.591000,0.536000,,,0.140,116.1
728,0.536583,,0.591000,0.536583,,,0.142,116.2
729,0.534017,,0.591000,0.536583,,,0.142,116.3
730,0.535283,,0.591000,0.536583,,,0.143,116.5
731,0.536183,,0.591000,0.536583,,,0.143,116.6
732,0.535900,,0.591000,0.536583,,,0.140,116.8
733,0.535117,,0.591000,0.536583,,,0.140,116.9
734,0.535083,,0.591000,0.536583,,,0.141,117.1
735,0.534250,,0.591000,0.536583,,,0.139,117.2
736,0.537500,,0.591000,0.537500,,,0.141,117.3
737,0.534583,,0.591000,0.537500,,,0.139,117.5
738,0.537650,,0.591000,0.537650,,,0.140,117.6
739,0.535950,,0.591000,0.537650,,,0.143,117.8
740,0.534033,,0.591000,0.537650,,,0.140,117.9
741,0.537983,,0.591000,0.537983,,,0.140,118.0
742,0.536333,,0.591000,0.537983,,,0.208,118.2
743,0.536083,,0.591000,0.537983,,,0.141,118.4
744,0.535483,,0.591000,0.537983,,,0.142,118.5
745,0.536600,,0.591000,0.537983,,,0.141,118.7
746,0.537417,,0.591000,0.537983,,,0.145,118.8
747,0.536850,,0.591000,0.537983,,,0.151,119.0
748,0.535900,,0.591000,0.537983,,,0.142,119.1
749,0.535750,,0.591000,0.537983,,,0.141,119.2
750,0.534933,,0.591000,0.537983,,,0.143,119.4
751,0.537433,,0.591000,0.537983,,,0.140,119.5
752,0.532250,,0.591000,0.537983,,,0.144,119.7
753,0.536133,,0.591000,0.537983,,,0.139,119.8
754,0.532333,,0.591000,0.537983,,,0.140,120.0
755,0.534117,,0.591000,0.537983,,,0.139,120.1
756,0.536850,,0.591000,0.537983,,,0.155,120.3
757,0.534417,,0.591000,0.537983,,,0.143,120.4
758,0.534917,,0.591000,0.537983,,,0.141,120.5
759,0.533083,,0.591000,0.537983,,,0.142,120.7
760,0.537467,,0.591000,0.537983,,,0.142,120.8
761,0.534300,,0.591000,0.537983,,,0.140,121.0
762,0.534033,,0.591000,0.537983,,,0.143,121.1
763,0.535567,,0.591000,0.537983,,,0.141,121.2
764,0.536417,,0.591000,0.537983,,,0.142,121.4
765,0.535683,,0.591000,0.537983,,,0.143,121.5
766,0.535183,,0.591000,0.537983,,,0.142,121.7
767,0.533117,,0.591000,0.537983,,,0.140,121.8
768,0.535500,,0.591000,0.537983,,,0.144,122.0
769,0.536850,,0.591000,0.537983,,,0.146,122.1
770,0.535950,,0.591000,0.537983,,,0.142,122.2
771,0.538583,,0.591000,0.538583,,,0.143,122.4
772,0.536717,,0.591000,0.538583,,,0.146,122.5
773,0.534483,,0.591000,0.538583,,,0.145,122.7
774,0.539267,,0.591000,0.539267,,,0.141,122.8
775,0.536967,,0.591000,0.539267,,,0.144,123.0
776,0.535883,,0.591000,0.539267,,,0.144,123.1
777,0.536167,,0.591000,0.539267,,,0.146,123.3
778,0.537617,,0.591000,0.539267,,,0.145,123.4
779,0.536950,,0.591000,0.539267,,,0.146,123.5
780,0.541433,,0.591000,0.541433,,,0.144,123.7
781,0.540433,,0.591000,0.541433,,,0.146,123.8
782,0.538850,,0.591000,0.541433,,,0.144,124.0
783,0.538150,,0.591000,0.541433,,,0.146,124.1
784,0.535167,,0.591000,0.541433,,,0.211,124.3
785,0.538567,,0.591000,0.541433,,,0.141,124.5
786,0.534700,,0.591000,0.541433,,,0.144,124.6
787,0.538433,,0.591000,0.541433,,,0.147,124.8
788,0.536033,,0.591000,0.541433,,,0.142,124.9
789,0.535600,,0.591000,0.541433,,,0.147,125.1
790,0.535267,,0.591000,0.541433,,,0.150,125.2
791,0.536467,,0.591000,0.541433,,,0.140,125.3
792,0.536317,,0.591000,0.541433,,,0.146,125.5
793,0.535350,,0.591000,0.541433,,,0.149,125.6
794,0.533967,,0.591000,0.541433,,,0.147,125.8
795,0.535017,,0.591000,0.541433,,,0.144,125.9
796,0.537517,,0.591000,0.541433,,,0.149,126.1
797,0.539583,,0.591000,0.541433,,,0.143,126.2
798,0.537450,,0.591000,0.541433,,,0.196,126.4
799,0.538633,,0.591000,0.541433,,,0.145,126.6
800,0.537400,0.6035000085830688,0.603500,0.541433,0.10695492476224899,0.6572853922843933,0.453,127.0
801,0.536967,,0.603500,0.541433,,,0.139,127.2
802,0.538017,,0.603500,0.541433,,,0.146,127.3
803,0.534983,,0.603500,0.541433,,,0.141,127.4
804,0.536017,,0.603500,0.541433,,,0.142,127.6
805,0.535967,,0.603500,0.541433,,,0.145,127.7
806,0.538283,,0.603500,0.541433,,,0.140,127.9
807,0.536333,,0.603500,0.541433,,,0.141,128.0
808,0.539250,,0.603500,0.541433,,,0.140,128.2
809,0.537583,,0.603500,0.541433,,,0.178,128.3
810,0.536667,,0.603500,0.541433,,,0.202,128.5
811,0.539283,,0.603500,0.541433,,,0.141,128.7
812,0.538133,,0.603500,0.541433,,,0.140,128.8
813,0.535683,,0.603500,0.541433,,,0.140,129.0
814,0.538800,,0.603500,0.541433,,,0.139,129.1
815,0.540400,,0.603500,0.541433,,,0.144,129.2
816,0.538017,,0.603500,0.541433,,,0.143,129.4
817,0.539733,,0.603500,0.541433,,,0.141,129.5
818,0.542017,,0.603500,0.542017,,,0.141,129.7
819,0.539917,,0.603500,0.542017,,,0.142,129.8
820,0.542600,,0.603500,0.542600,,,0.137,129.9
821,0.540850,,0.603500,0.542600,,,0.142,130.1
822,0.540467,,0.603500,0.542600,,,0.145,130.2
823,0.541417,,0.603500,0.542600,,,0.140,130.4
824,0.544067,,0.603500,0.544067,,,0.144,130.5
825,0.540700,,0.603500,0.544067,,,0.141,130.7
826,0.539400,,0.603500,0.544067,,,0.142,130.8
827,0.541383,,0.603500,0.544067,,,0.141,130.9
828,0.541267,,0.603500,0.544067,,,0.141,131.1
829,0.540733,,0.603500,0.544067,,,0.141,131.2
830,0.544267,,0.603500,0.544267,,,0.141,131.4
831,0.542217,,0.603500,0.544267,,,0.140,131.5
832,0.540650,,0.603500,0.544267,,,0.140,131.6
833,0.539417,,0.603500,0.544267,,,0.142,131.8
834,0.540033,,0.603500,0.544267,,,0.143,131.9
835,0.540717,,0.603500,0.544267,,,0.143,132.1
836,0.539567,,0.603500,0.544267,,,0.144,132.2
837,0.540517,,0.603500,0.544267,,,0.142,132.4
838,0.541817,,0.603500,0.544267,,,0.142,132.5
839,0.539900,,0.603500,0.544267,,,0.142,132.6
840,0.540267,,0.603500,0.544267,,,0.144,132.8
841,0.539733,,0.603500,0.544267,,,0.141,132.9
842,0.538883,,0.603500,0.544267,,,0.146,133.1
843,0.541033,,0.603500,0.544267,,,0.143,133.2
844,0.540167,,0.603500,0.544267,,,0.141,133.4
845,0.538750,,0.603500,0.544267,,,0.144,133.5
846,0.539367,,0.603500,0.544267,,,0.141,133.6
847,0.537883,,0.603500,0.544267,,,0.142,133.8
848,0.538533,,0.603500,0.544267,,,0.145,133.9
849,0.540383,,0.603500,0.544267,,,0.145,134.1
850,0.538033,,0.603500,0.544267,,,0.154,134.2
851,0.540267,,0.603500,0.544267,,,0.155,134.4
852,0.538233,,0.603500,0.544267,,,0.229,134.6
853,0.539183,,0.603500,0.544267,,,0.154,134.8
854,0.540333,,0.603500,0.544267,,,0.151,134.9
855,0.538200,,0.603500,0.544267,,,0.144,135.1
856,0.538833,,0.603500,0.544267,,,0.141,135.2
857,0.538183,,0.603500,0.544267,,,0.144,135.3
858,0.539733,,0.603500,0.544267,,,0.141,135.5
859,0.540833,,0.603500,0.544267,,,0.153,135.6
860,0.537200,,0.603500,0.544267,,,0.142,135.8
861,0.538917,,0.603500,0.544267,,,0.142,135.9
862,0.541433,,0.603500,0.544267,,,0.143,136.1
863,0.544050,,0.603500,0.544267,,,0.141,136.2
864,0.542967,,0.603500,0.544267,,,0.143,136.3
865,0.539583,,0.603500,0.544267,,,0.141,136.5
866,0.541033,,0.603500,0.544267,,,0.217,136.7
867,0.542267,,0.603500,0.544267,,,0.142,136.8
868,0.543150,,0.603500,0.544267,,,0.142,137.0
869,0.541950,,0.603500,0.544267,,,0.141,137.1
870,0.541850,,0.603500,0.544267,,,0.140,137.3
871,0.543117,,0.603500,0.544267,,,0.138,137.4
872,0.542517,,0.603500,0.544267,,,0.143,137.6
873,0.541317,,0.603500,0.544267,,,0.157,137.7
874,0.543083,,0.603500,0.544267,,,0.142,137.9
875,0.541500,,0.603500,0.544267,,,0.144,138.0
876,0.540233,,0.603500,0.544267,,,0.150,138.1
877,0.543133,,0.603500,0.544267,,,0.151,138.3
878,0.538400,,0.603500,0.544267,,,0.148,138.4
879,0.543467,,0.603500,0.544267,,,0.153,138.6
880,0.544833,,0.603500,0.544833,,,0.221,138.8
881,0.542817,,0.603500,0.544833,,,0.148,139.0
882,0.541333,,0.603500,0.544833,,,0.155,139.1
883,0.544667,,0.603500,0.544833,,,0.142,139.3
884,0.542217,,0.603500,0.544833,,,0.148,139.4
885,0.545200,,0.603500,0.545200,,,0.146,139.6
886,0.543850,,0.603500,0.545200,,,0.148,139.7
887,0.544450,,0.603500,0.545200,,,0.138,139.8
888,0.545633,,0.603500,0.545633,,,0.141,140.0
889,0.544567,,0.603500,0.545633,,,0.145,140.1
890,0.546433,,0.603500,0.546433,,,0.143,140.3
891,0.545000,,0.603500,0.546433,,,0.143,140.4
892,0.546000,,0.603500,0.546433,,,0.139,140.6
893,0.546033,,0.603500,0.546433,,,0.140,140.7
894,0.545867,,0.603500,0.546433,,,0.193,140.9
895,0.544117,,0.603500,0.546433,,,0.142,141.0
896,0.544817,,0.603500,0.546433,,,0.140,141.2
897,0.546133,,0.603500,0.546433,,,0.137,141.3
898,0.546033,,0.603500,0.546433,,,0.138,141.4
899,0.545300,,0.603500,0.546433,,,0.139,141.6
900,0.546267,0.609000027179718,0.609000,0.546433,0.10724164545536041,0.6320302486419678,0.440,142.0
901,0.546517,,0.609000,0.546517,,,0.135,142.2
902,0.546117,,0.609000,0.546517,,,0.138,142.3
903,0.548250,,0.609000,0.548250,,,0.136,142.4
904,0.544433,,0.609000,0.548250,,,0.137,142.6
905,0.546767,,0.609000,0.548250,,,0.137,142.7
906,0.544833,,0.609000,0.548250,,,0.138,142.8
907,0.549767,,0.609000,0.549767,,,0.206,143.0
908,0.545283,,0.609000,0.549767,,,0.139,143.2
909,0.547933,,0.609000,0.549767,,,0.139,143.3
910,0.544450,,0.609000,0.549767,,,0.139,143.5
911,0.547817,,0.609000,0.549767,,,0.139,143.6
912,0.547417,,0.609000,0.549767,,,0.138,143.7
913,0.544700,,0.609000,0.549767,,,0.138,143.9
914,0.546983,,0.609000,0.549767,,,0.137,144.0
915,0.547067,,0.609000,0.549767,,,0.137,144.2
916,0.548017,,0.609000,0.549767,,,0.138,144.3
917,0.542867,,0.609000,0.549767,,,0.137,144.4
918,0.547267,,0.609000,0.549767,,,0.137,144.6
919,0.547333,,0.609000,0.549767,,,0.139,144.7
920,0.548117,,0.609000,0.549767,,,0.136,144.8
921,0.545733,,0.609000,0.549767,,,0.140,145.0
922,0.545567,,0.609000,0.549767,,,0.204,145.2
923,0.549533,,0.609000,0.549767,,,0.136,145.3
924,0.546100,,0.609000,0.549767,,,0.138,145.5
925,0.548000,,0.609000,0.549767,,,0.138,145.6
926,0.543100,,0.609000,0.549767,,,0.136,145.7
927,0.547533,,0.609000,0.549767,,,0.139,145.9
928,0.548583,,0.609000,0.549767,,,0.137,146.0
929,0.549983,,0.609000,0.549983,,,0.137,146.1
930,0.548267,,0.609000,0.549983,,,0.137,146.3
931,0.550267,,0.609000,0.550267,,,0.137,146.4
932,0.548967,,0.609000,0.550267,,,0.137,146.6
933,0.547783,,0.609000,0.550267,,,0.137,146.7
934,0.549650,,0.609000,0.550267,,,0.136,146.8
935,0.550283,,0.609000,0.550283,,,0.141,147.0
936,0.551100,,0.609000,0.551100,,,0.138,147.1
937,0.549117,,0.609000,0.551100,,,0.205,147.3
938,0.551433,,0.609000,0.551433,,,0.137,147.5
939,0.551817,,0.609000,0.551817,,,0.139,147.6
940,0.553400,,0.609000,0.553400,,,0.137,147.7
941,0.551017,,0.609000,0.553400,,,0.137,147.9
942,0.553467,,0.609000,0.553467,,,0.135,148.0
943,0.553867,,0.609000,0.553867,,,0.138,148.1
944,0.551950,,0.609000,0.553867,,,0.136,148.3
945,0.552500,,0.609000,0.553867,,,0.136,148.4
946,0.553050,,0.609000,0.553867,,,0.139,148.5
947,0.552600,,0.609000,0.553867,,,0.137,148.7
948,0.553450,,0.609000,0.553867,,,0.138,148.8
949,0.555650,,0.609000,0.555650,,,0.138,149.0
950,0.553567,,0.609000,0.555650,,,0.138,149.1
951,0.551583,,0.609000,0.555650,,,0.136,149.2
952,0.556717,,0.609000,0.556717,,,0.204,149.4
953,0.556083,,0.609000,0.556717,,,0.138,149.6
954,0.554917,,0.609000,0.556717,,,0.140,149.7
955,0.556100,,0.609000,0.556717,,,0.136,149.9
956,0.556917,,0.609000,0.556917,,,0.137,150.0
957,0.556583,,0.609000,0.556917,,,0.136,150.1
958,0.560083,,0.609000,0.560083,,,0.136,150.3
959,0.557117,,0.609000,0.560083,,,0.138,150.4
960,0.557583,,0.609000,0.560083,,,0.138,150.5
961,0.558117,,0.609000,0.560083,,,0.137,150.7
962,0.557383,,0.609000,0.560083,,,0.136,150.8
963,0.556400,,0.609000,0.560083,,,0.138,150.9
964,0.556867,,0.609000,0.560083,,,0.136,151.1
965,0.557433,,0.609000,0.560083,,,0.137,151.2
966,0.559117,,0.609000,0.560083,,,0.137,151.4
967,0.559533,,0.609000,0.560083,,,0.202,151.6
968,0.558350,,0.609000,0.560083,,,0.137,151.7
969,0.557700,,0.609000,0.560083,,,0.137,151.8
970,0.559450,,0.609000,0.560083,,,0.138,152.0
971,0.559767,,0.609000,0.560083,,,0.139,152.1
972,0.557533,,0.609000,0.560083,,,0.138,152.3
973,0.557217,,0.609000,0.560083,,,0.136,152.4
974,0.559817,,0.609000,0.560083,,,0.135,152.5
975,0.558700,,0.609000,0.560083,,,0.137,152.7
976,0.560050,,0.609000,0.560083,,,0.139,152.8
977,0.558483,,0.609000,0.560083,,,0.138,152.9
978,0.560200,,0.609000,0.560200,,,0.137,153.1
979,0.560717,,0.609000,0.560717,,,0.138,153.2
980,0.559750,,0.609000,0.560717,,,0.137,153.3
981,0.560367,,0.609000,0.560717,,,0.141,153.5
982,0.563833,,0.609000,0.563833,,,0.207,153.7
983,0.560883,,0.609000,0.563833,,,0.140,153.8
984,0.560517,,0.609000,0.563833,,,0.138,154.0
985,0.561350,,0.609000,0.563833,,,0.137,154.1
986,0.562650,,0.609000,0.563833,,,0.138,154.2
987,0.563217,,0.609000,0.563833,,,0.138,154.4
988,0.561767,,0.609000,0.563833,,,0.138,154.5
989,0.561433,,0.609000,0.563833,,,0.136,154.7
990,0.561983,,0.609000,0.563833,,,0.139,154.8
991,0.560883,,0.609000,0.563833,,,0.139,154.9
992,0.560650,,0.609000,0.563833,,,0.137,155.1
993,0.567117,,0.609000,0.567117,,,0.137,155.2
994,0.562067,,0.609000,0.567117,,,0.139,155.4
995,0.564033,,0.609000,0.567117,,,0.137,155.5
996,0.563367,,0.609000,0.567117,,,0.137,155.6
997,0.561883,,0.609000,0.567117,,,0.204,155.8
998,0.561200,,0.609000,0.567117,,,0.138,156.0
999,0.562533,,0.609000,0.567117,,,0.137,156.1
1000,0.561217,0.627500057220459,0.627500,0.567117,0.10264020413160324,0.6398848295211792,0.440,156.5
1001,0.562000,,0.627500,0.567117,,,0.138,156.7
1002,0.563450,,0.627500,0.567117,,,0.140,156.8
1003,0.564650,,0.627500,0.567117,,,0.136,157.0
1004,0.561667,,0.627500,0.567117,,,0.137,157.1
1005,0.561783,,0.627500,0.567117,,,0.134,157.2
1006,0.564383,,0.627500,0.567117,,,0.139,157.4
1007,0.565117,,0.627500,0.567117,,,0.138,157.5
1008,0.563183,,0.627500,0.567117,,,0.135,157.6
1009,0.560133,,0.627500,0.567117,,,0.201,157.8
1010,0.562933,,0.627500,0.567117,,,0.138,158.0
1011,0.562417,,0.627500,0.567117,,,0.137,158.1
1012,0.565667,,0.627500,0.567117,,,0.137,158.3
1013,0.565450,,0.627500,0.567117,,,0.137,158.4
1014,0.563867,,0.627500,0.567117,,,0.137,158.5
1015,0.564017,,0.627500,0.567117,,,0.136,158.7
1016,0.566667,,0.627500,0.567117,,,0.139,158.8
1017,0.565833,,0.627500,0.567117,,,0.139,158.9
1018,0.565200,,0.627500,0.567117,,,0.140,159.1
1019,0.568133,,0.627500,0.568133,,,0.137,159.2
1020,0.568367,,0.627500,0.568367,,,0.137,159.4
1021,0.567417,,0.627500,0.568367,,,0.139,159.5
1022,0.569300,,0.627500,0.569300,,,0.138,159.6
1023,0.569300,,0.627500,0.569300,,,0.137,159.8
1024,0.568583,,0.627500,0.569300,,,0.200,160.0
1025,0.566500,,0.627500,0.569300,,,0.136,160.1
1026,0.567067,,0.627500,0.569300,,,0.138,160.2
1027,0.569367,,0.627500,0.569367,,,0.138,160.4
1028,0.569533,,0.627500,0.569533,,,0.137,160.5
1029,0.566117,,0.627500,0.569533,,,0.137,160.7
1030,0.566133,,0.627500,0.569533,,,0.137,160.8
1031,0.566683,,0.627500,0.569533,,,0.138,160.9
1032,0.566933,,0.627500,0.569533,,,0.138,161.1
1033,0.566583,,0.627500,0.569533,,,0.137,161.2
1034,0.564317,,0.627500,0.569533,,,0.138,161.3
1035,0.567950,,0.627500,0.569533,,,0.144,161.5
1036,0.565150,,0.627500,0.569533,,,0.138,161.6
1037,0.567667,,0.627500,0.569533,,,0.137,161.8
1038,0.566333,,0.627500,0.569533,,,0.138,161.9
1039,0.567083,,0.627500,0.569533,,,0.202,162.1
1040,0.565817,,0.627500,0.569533,,,0.139,162.2
1041,0.570633,,0.627500,0.570633,,,0.138,162.4
1042,0.567967,,0.627500,0.570633,,,0.138,162.5
1043,0.569183,,0.627500,0.570633,,,0.136,162.7
1044,0.568983,,0.627500,0.570633,,,0.138,162.8
1045,0.571283,,0.627500,0.571283,,,0.140,162.9
1046,0.566500,,0.627500,0.571283,,,0.137,163.1
1047,0.570600,,0.627500,0.571283,,,0.137,163.2
1048,0.570617,,0.627500,0.571283,,,0.137,163.3
1049,0.569650,,0.627500,0.571283,,,0.137,163.5
1050,0.568567,,0.627500,0.571283,,,0.137,163.6
1051,0.569400,,0.627500,0.571283,,,0.138,163.8
1052,0.567867,,0.627500,0.571283,,,0.136,163.9
1053,0.567300,,0.627500,0.571283,,,0.137,164.0
1054,0.568783,,0.627500,0.571283,,,0.204,164.2
1055,0.570450,,0.627500,0.571283,,,0.137,164.4
1056,0.567867,,0.627500,0.571283,,,0.139,164.5
1057,0.569683,,0.627500,0.571283,,,0.138,164.6
1058,0.566017,,0.627500,0.571283,,,0.138,164.8
1059,0.566117,,0.627500,0.571283,,,0.137,164.9
1060,0.567883,,0.627500,0.571283,,,0.137,165.1
1061,0.567233,,0.627500,0.571283,,,0.137,165.2
1062,0.567917,,0.627500,0.571283,,,0.138,165.3
1063,0.568950,,0.627500,0.571283,,,0.138,165.5
1064,0.566917,,0.627500,0.571283,,,0.137,165.6
1065,0.567550,,0.627500,0.571283,,,0.138,165.7
1066,0.568267,,0.627500,0.571283,,,0.138,165.9
1067,0.569167,,0.627500,0.571283,,,0.138,166.0
1068,0.566917,,0.627500,0.571283,,,0.138,166.2
1069,0.570200,,0.627500,0.571283,,,0.201,166.4
1070,0.566267,,0.627500,0.571283,,,0.139,166.5
1071,0.568867,,0.627500,0.571283,,,0.139,166.6
1072,0.568933,,0.627500,0.571283,,,0.136,166.8
1073,0.567850,,0.627500,0.571283,,,0.138,166.9
1074,0.570450,,0.627500,0.571283,,,0.136,167.0
1075,0.568417,,0.627500,0.571283,,,0.138,167.2
1076,0.568850,,0.627500,0.571283,,,0.138,167.3
1077,0.568000,,0.627500,0.571283,,,0.137,167.5
1078,0.570717,,0.627500,0.571283,,,0.138,167.6
1079,0.571417,,0.627500,0.571417,,,0.138,167.7
1080,0.570100,,0.627500,0.571417,,,0.135,167.9
1081,0.568617,,0.627500,0.571417,,,0.139,168.0
1082,0.571067,,0.627500,0.571417,,,0.137,168.2
1083,0.569267,,0.627500,0.571417,,,0.138,168.3
1084,0.570633,,0.627500,0.571417,,,0.202,168.5
1085,0.568017,,0.627500,0.571417,,,0.137,168.6
1086,0.568433,,0.627500,0.571417,,,0.140,168.8
1087,0.568400,,0.627500,0.571417,,,0.141,168.9
1088,0.569017,,0.627500,0.571417,,,0.138,169.0
1089,0.569517,,0.627500,0.571417,,,0.139,169.2
1090,0.568300,,0.627500,0.571417,,,0.138,169.3
1091,0.568983,,0.627500,0.571417,,,0.139,169.5
1092,0.568233,,0.627500,0.571417,,,0.136,169.6
1093,0.568167,,0.627500,0.571417,,,0.137,169.7
1094,0.569433,,0.627500,0.571417,,,0.136,169.9
1095,0.570983,,0.627500,0.571417,,,0.137,170.0
1096,0.572183,,0.627500,0.572183,,,0.138,170.1
1097,0.570683,,0.627500,0.572183,,,0.137,170.3
1098,0.568167,,0.627500,0.572183,,,0.137,170.4
1099,0.569383,,0.627500,0.572183,,,0.203,170.6
1100,0.569583,0.6230000257492065,0.627500,0.572183,0.09871256351470947,0.6399948000907898,0.439,171.1
1101,0.568283,,0.627500,0.572183,,,0.134,171.2
1102,0.567050,,0.627500,0.572183,,,0.137,171.3
1103,0.569900,,0.627500,0.572183,,,0.139,171.5
1104,0.570067,,0.627500,0.572183,,,0.138,171.6
1105,0.570183,,0.627500,0.572183,,,0.138,171.7
1106,0.570133,,0.627500,0.572183,,,0.135,171.9
1107,0.571967,,0.627500,0.572183,,,0.138,172.0
1108,0.571167,,0.627500,0.572183,,,0.139,172.2
1109,0.571033,,0.627500,0.572183,,,0.139,172.3
1110,0.571817,,0.627500,0.572183,,,0.137,172.4
1111,0.572100,,0.627500,0.572183,,,0.140,172.6
1112,0.571650,,0.627500,0.572183,,,0.201,172.8
1113,0.570833,,0.627500,0.572183,,,0.138,172.9
1114,0.575800,,0.627500,0.575800,,,0.150,173.1
1115,0.573883,,0.627500,0.575800,,,0.138,173.2
1116,0.574283,,0.627500,0.575800,,,0.137,173.3
1117,0.571250,,0.627500,0.575800,,,0.137,173.5
1118,0.573133,,0.627500,0.575800,,,0.138,173.6
1119,0.573633,,0.627500,0.575800,,,0.138,173.8
1120,0.572017,,0.627500,0.575800,,,0.135,173.9
1121,0.570667,,0.627500,0.575800,,,0.136,174.0
1122,0.571133,,0.627500,0.575800,,,0.136,174.2
1123,0.574217,,0.627500,0.575800,,,0.140,174.3
1124,0.573400,,0.627500,0.575800,,,0.137,174.4
1125,0.572433,,0.627500,0.575800,,,0.136,174.6
1126,0.573483,,0.627500,0.575800,,,0.136,174.7
1127,0.573167,,0.627500,0.575800,,,0.203,174.9
1128,0.571383,,0.627500,0.575800,,,0.139,175.1
1129,0.573283,,0.627500,0.575800,,,0.137,175.2
1130,0.574383,,0.627500,0.575800,,,0.138,175.3
1131,0.572700,,0.627500,0.575800,,,0.138,175.5
1132,0.570733,,0.627500,0.575800,,,0.138,175.6
1133,0.571217,,0.627500,0.575800,,,0.138,175.7
1134,0.571717,,0.627500,0.575800,,,0.137,175.9
1135,0.571383,,0.627500,0.575800,,,0.138,176.0
1136,0.571217,,0.627500,0.575800,,,0.137,176.1
1137,0.572383,,0.627500,0.575800,,,0.139,176.3
1138,0.572183,,0.627500,0.575800,,,0.138,176.4
1139,0.571833,,0.627500,0.575800,,,0.137,176.6
1140,0.573833,,0.627500,0.575800,,,0.137,176.7
1141,0.572017,,0.627500,0.575800,,,0.137,176.8
1142,0.573283,,0.627500,0.575800,,,0.203,177.0
1143,0.573867,,0.627500,0.575800,,,0.139,177.2
1144,0.575050,,0.627500,0.575800,,,0.137,177.3
1145,0.572000,,0.627500,0.575800,,,0.139,177.5
1146,0.574000,,0.627500,0.575800,,,0.138,177.6
1147,0.576583,,0.627500,0.576583,,,0.138,177.7
1148,0.572400,,0.627500,0.576583,,,0.136,177.9
1149,0.577750,,0.627500,0.577750,,,0.139,178.0
1150,0.572950,,0.627500,0.577750,,,0.139,178.1
1151,0.571983,,0.627500,0.577750,,,0.138,178.3
1152,0.573950,,0.627500,0.577750,,,0.138,178.4
1153,0.572017,,0.627500,0.577750,,,0.137,178.6
1154,0.574450,,0.627500,0.577750,,,0.137,178.7
1155,0.576667,,0.627500,0.577750,,,0.137,178.8
1156,0.573467,,0.627500,0.577750,,,0.138,179.0
1157,0.572933,,0.627500,0.577750,,,0.205,179.2
1158,0.575283,,0.627500,0.577750,,,0.138,179.3
1159,0.574100,,0.627500,0.577750,,,0.137,179.4
1160,0.572633,,0.627500,0.577750,,,0.137,179.6
1161,0.573400,,0.627500,0.577750,,,0.136,179.7
1162,0.577700,,0.627500,0.577750,,,0.136,179.9
1163,0.576833,,0.627500,0.577750,,,0.136,180.0
1164,0.573133,,0.627500,0.577750,,,0.137,180.1
1165,0.575433,,0.627500,0.577750,,,0.137,180.3
1166,0.576867,,0.627500,0.577750,,,0.139,180.4
1167,0.577617,,0.627500,0.577750,,,0.137,180.5
1168,0.577767,,0.627500,0.577767,,,0.137,180.7
1169,0.576450,,0.627500,0.577767,,,0.136,180.8
1170,0.577333,,0.627500,0.577767,,,0.137,181.0
1171,0.575400,,0.627500,0.577767,,,0.136,181.1
1172,0.576333,,0.627500,0.577767,,,0.205,181.3
1173,0.578000,,0.627500,0.578000,,,0.139,181.4
1174,0.579817,,0.627500,0.579817,,,0.138,181.6
1175,0.578733,,0.627500,0.579817,,,0.138,181.7
1176,0.578933,,0.627500,0.579817,,,0.139,181.8
1177,0.579917,,0.627500,0.579917,,,0.136,182.0
1178,0.579717,,0.627500,0.579917,,,0.137,182.1
1179,0.576800,,0.627500,0.579917,,,0.137,182.3
1180,0.577183,,0.627500,0.579917,,,0.137,182.4
1181,0.576217,,0.627500,0.579917,,,0.137,182.5
1182,0.578867,,0.627500,0.579917,,,0.139,182.7
1183,0.578167,,0.627500,0.579917,,,0.138,182.8
1184,0.579183,,0.627500,0.579917,,,0.137,182.9
1185,0.577350,,0.627500,0.579917,,,0.137,183.1
1186,0.578067,,0.627500,0.579917,,,0.139,183.2
1187,0.576650,,0.627500,0.579917,,,0.202,183.4
1188,0.579650,,0.627500,0.579917,,,0.136,183.6
1189,0.576950,,0.627500,0.579917,,,0.149,183.7
1190,0.578217,,0.627500,0.579917,,,0.138,183.8
1191,0.578117,,0.627500,0.579917,,,0.137,184.0
1192,0.581400,,0.627500,0.581400,,,0.137,184.1
1193,0.579483,,0.627500,0.581400,,,0.136,184.3
1194,0.579567,,0.627500,0.581400,,,0.138,184.4
1195,0.581933,,0.627500,0.581933,,,0.137,184.5
1196,0.576367,,0.627500,0.581933,,,0.137,184.7
1197,0.579417,,0.627500,0.581933,,,0.136,184.8
1198,0.581500,,0.627500,0.581933,,,0.140,184.9
1199,0.580233,,0.627500,0.581933,,,0.138,185.1
1200,0.580583,0.6365000009536743,0.636500,0.581933,0.10073749721050262,0.6275022029876709,0.448,185.5
1201,0.578750,,0.636500,0.581933,,,0.200,185.7
1202,0.578517,,0.636500,0.581933,,,0.139,185.9
1203,0.579817,,0.636500,0.581933,,,0.135,186.0
1204,0.579817,,0.636500,0.581933,,,0.137,186.1
1205,0.580650,,0.636500,0.581933,,,0.138,186.3
1206,0.579083,,0.636500,0.581933,,,0.137,186.4
1207,0.581283,,0.636500,0.581933,,,0.138,186.6
1208,0.580617,,0.636500,0.581933,,,0.139,186.7
1209,0.578617,,0.636500,0.581933,,,0.137,186.8
1210,0.579633,,0.636500,0.581933,,,0.138,187.0
1211,0.577783,,0.636500,0.581933,,,0.139,187.1
1212,0.577900,,0.636500,0.581933,,,0.188,187.3
1213,0.578567,,0.636500,0.581933,,,0.138,187.4
1214,0.579783,,0.636500,0.581933,,,0.204,187.6
1215,0.579967,,0.636500,0.581933,,,0.137,187.8
1216,0.575450,,0.636500,0.581933,,,0.138,187.9
1217,0.578567,,0.636500,0.581933,,,0.136,188.0
1218,0.578450,,0.636500,0.581933,,,0.138,188.2
1219,0.578567,,0.636500,0.581933,,,0.136,188.3
1220,0.581217,,0.636500,0.581933,,,0.136,188.5
1221,0.580467,,0.636500,0.581933,,,0.139,188.6
1222,0.581283,,0.636500,0.581933,,,0.135,188.7
1223,0.577250,,0.636500,0.581933,,,0.137,188.9
1224,0.580850,,0.636500,0.581933,,,0.137,189.0
1225,0.580117,,0.636500,0.581933,,,0.138,189.1
1226,0.582300,,0.636500,0.582300,,,0.137,189.3
1227,0.578800,,0.636500,0.582300,,,0.138,189.4
1228,0.581517,,0.636500,0.582300,,,0.136,189.6
1229,0.578933,,0.636500,0.582300,,,0.203,189.8
1230,0.578100,,0.636500,0.582300,,,0.137,189.9
1231,0.580983,,0.636500,0.582300,,,0.135,190.0
1232,0.580033,,0.636500,0.582300,,,0.137,190.2
1233,0.581167,,0.636500,0.582300,,,0.137,190.3
1234,0.579783,,0.636500,0.582300,,,0.138,190.4
1235,0.581333,,0.636500,0.582300,,,0.137,190.6
1236,0.578900,,0.636500,0.582300,,,0.136,190.7
1237,0.580300,,0.636500,0.582300,,,0.136,190.9
1238,0.583550,,0.636500,0.583550,,,0.137,191.0
1239,0.582033,,0.636500,0.583550,,,0.139,191.1
1240,0.581583,,0.636500,0.583550,,,0.136,191.3
1241,0.578717,,0.636500,0.583550,,,0.137,191.4
1242,0.580933,,0.636500,0.583550,,,0.137,191.5
1243,0.581317,,0.636500,0.583550,,,0.136,191.7
1244,0.583183,,0.636500,0.583550,,,0.204,191.9
1245,0.581217,,0.636500,0.583550,,,0.137,192.0
1246,0.581467,,0.636500,0.583550,,,0.139,192.2
1247,0.581600,,0.636500,0.583550,,,0.138,192.3
1248,0.583667,,0.636500,0.583667,,,0.137,192.4
1249,0.583067,,0.636500,0.583667,,,0.137,192.6
1250,0.582300,,0.636500,0.583667,,,0.137,192.7
1251,0.580717,,0.636500,0.583667,,,0.138,192.8
1252,0.585017,,0.636500,0.585017,,,0.138,193.0
1253,0.582567,,0.636500,0.585017,,,0.138,193.1
1254,0.582833,,0.636500,0.585017,,,0.137,193.3
1255,0.582650,,0.636500,0.585017,,,0.138,193.4
1256,0.583417,,0.636500,0.585017,,,0.139,193.5
1257,0.582550,,0.636500,0.585017,,,0.138,193.7
1258,0.582950,,0.636500,0.585017,,,0.139,193.8
1259,0.584750,,0.636500,0.585017,,,0.205,194.0
1260,0.585800,,0.636500,0.585800,,,0.139,194.2
1261,0.582500,,0.636500,0.585800,,,0.137,194.3
1262,0.582250,,0.636500,0.585800,,,0.139,194.4
1263,0.582833,,0.636500,0.585800,,,0.137,194.6
1264,0.583117,,0.636500,0.585800,,,0.137,194.7
1265,0.584233,,0.636500,0.585800,,,0.137,194.8
1266,0.584317,,0.636500,0.585800,,,0.136,195.0
1267,0.584450,,0.636500,0.585800,,,0.140,195.1
1268,0.584717,,0.636500,0.585800,,,0.137,195.3
1269,0.584067,,0.636500,0.585800,,,0.137,195.4
1270,0.583417,,0.636500,0.585800,,,0.137,195.5
1271,0.584283,,0.636500,0.585800,,,0.137,195.7
1272,0.583967,,0.636500,0.585800,,,0.135,195.8
1273,0.581767,,0.636500,0.585800,,,0.139,195.9
1274,0.581750,,0.636500,0.585800,,,0.204,196.1
1275,0.581867,,0.636500,0.585800,,,0.137,196.3
1276,0.582967,,0.636500,0.585800,,,0.140,196.4
1277,0.586167,,0.636500,0.586167,,,0.146,196.6
1278,0.584383,,0.636500,0.586167,,,0.138,196.7
1279,0.582367,,0.636500,0.586167,,,0.136,196.8
1280,0.580183,,0.636500,0.586167,,,0.136,197.0
1281,0.584433,,0.636500,0.586167,,,0.139,197.1
1282,0.582383,,0.636500,0.586167,,,0.136,197.3
1283,0.581650,,0.636500,0.586167,,,0.137,197.4
1284,0.582500,,0.636500,0.586167,,,0.139,197.5
1285,0.582283,,0.636500,0.586167,,,0.138,197.7
1286,0.580800,,0.636500,0.586167,,,0.137,197.8
1287,0.583417,,0.636500,0.586167,,,0.138,197.9
1288,0.580850,,0.636500,0.586167,,,0.136,198.1
1289,0.582767,,0.636500,0.586167,,,0.204,198.3
1290,0.581817,,0.636500,0.586167,,,0.138,198.4
1291,0.581933,,0.636500,0.586167,,,0.138,198.6
1292,0.580000,,0.636500,0.586167,,,0.137,198.7
1293,0.581917,,0.636500,0.586167,,,0.136,198.8
1294,0.586100,,0.636500,0.586167,,,0.138,199.0
1295,0.582667,,0.636500,0.586167,,,0.138,199.1
1296,0.583217,,0.636500,0.586167,,,0.137,199.2
1297,0.582300,,0.636500,0.586167,,,0.136,199.4
1298,0.583017,,0.636500,0.586167,,,0.137,199.5
1299,0.582683,,0.636500,0.586167,,,0.137,199.7
1300,0.583367,0.6380000114440918,0.638000,0.586167,0.09629166126251221,0.6279276609420776,0.445,200.1
1301,0.585317,,0.638000,0.586167,,,0.139,200.2
1302,0.582900,,0.638000,0.586167,,,0.204,200.4
1303,0.582633,,0.638000,0.586167,,,0.136,200.6
1304,0.583233,,0.638000,0.586167,,,0.136,200.7
1305,0.583367,,0.638000,0.586167,,,0.137,200.8
1306,0.583783,,0.638000,0.586167,,,0.137,201.0
1307,0.582433,,0.638000,0.586167,,,0.138,201.1
1308,0.583233,,0.638000,0.586167,,,0.137,201.3
1309,0.580800,,0.638000,0.586167,,,0.138,201.4
1310,0.584050,,0.638000,0.586167,,,0.137,201.5
1311,0.586350,,0.638000,0.586350,,,0.137,201.7
1312,0.583483,,0.638000,0.586350,,,0.135,201.8
1313,0.584533,,0.638000,0.586350,,,0.139,201.9
1314,0.586200,,0.638000,0.586350,,,0.137,202.1
1315,0.584467,,0.638000,0.586350,,,0.137,202.2
1316,0.585400,,0.638000,0.586350,,,0.138,202.4
1317,0.584867,,0.638000,0.586350,,,0.202,202.6
1318,0.583467,,0.638000,0.586350,,,0.138,202.7
1319,0.585100,,0.638000,0.586350,,,0.138,202.8
1320,0.581800,,0.638000,0.586350,,,0.137,203.0
1321,0.584467,,0.638000,0.586350,,,0.137,203.1
1322,0.584033,,0.638000,0.586350,,,0.137,203.2
1323,0.582633,,0.638000,0.586350,,,0.138,203.4
1324,0.581333,,0.638000,0.586350,,,0.137,203.5
1325,0.579650,,0.638000,0.586350,,,0.135,203.7
1326,0.586283,,0.638000,0.586350,,,0.139,203.8
1327,0.582183,,0.638000,0.586350,,,0.138,203.9
1328,0.584383,,0.638000,0.586350,,,0.139,204.1
1329,0.584250,,0.638000,0.586350,,,0.137,204.2
1330,0.583483,,0.638000,0.586350,,,0.139,204.3
1331,0.583367,,0.638000,0.586350,,,0.138,204.5
1332,0.581517,,0.638000,0.586350,,,0.200,204.7
1333,0.585717,,0.638000,0.586350,,,0.136,204.8
1334,0.583183,,0.638000,0.586350,,,0.136,205.0
1335,0.583767,,0.638000,0.586350,,,0.136,205.1
1336,0.586833,,0.638000,0.586833,,,0.134,205.2
1337,0.582950,,0.638000,0.586833,,,0.140,205.4
1338,0.585367,,0.638000,0.586833,,,0.139,205.5
1339,0.586033,,0.638000,0.586833,,,0.138,205.6
1340,0.584700,,0.638000,0.586833,,,0.137,205.8
1341,0.583833,,0.638000,0.586833,,,0.138,205.9
1342,0.587450,,0.638000,0.587450,,,0.138,206.1
1343,0.586833,,0.638000,0.587450,,,0.137,206.2
1344,0.586367,,0.638000,0.587450,,,0.137,206.3
1345,0.586583,,0.638000,0.587450,,,0.137,206.5
1346,0.586750,,0.638000,0.587450,,,0.140,206.6
1347,0.584033,,0.638000,0.587450,,,0.203,206.8
1348,0.586217,,0.638000,0.587450,,,0.137,207.0
1349,0.584500,,0.638000,0.587450,,,0.138,207.1
1350,0.585400,,0.638000,0.587450,,,0.138,207.2
1351,0.585250,,0.638000,0.587450,,,0.138,207.4
1352,0.585533,,0.638000,0.587450,,,0.136,207.5
1353,0.585750,,0.638000,0.587450,,,0.137,207.6
1354,0.587750,,0.638000,0.587750,,,0.138,207.8
1355,0.586017,,0.638000,0.587750,,,0.138,207.9
1356,0.590050,,0.638000,0.590050,,,0.136,208.1
1357,0.587050,,0.638000,0.590050,,,0.139,208.2
1358,0.589333,,0.638000,0.590050,,,0.135,208.3
1359,0.589400,,0.638000,0.590050,,,0.136,208.5
1360,0.587617,,0.638000,0.590050,,,0.135,208.6
1361,0.588817,,0.638000,0.590050,,,0.138,208.7
1362,0.591117,,0.638000,0.591117,,,0.203,208.9
1363,0.589200,,0.638000,0.591117,,,0.137,209.1
1364,0.591967,,0.638000,0.591967,,,0.143,209.2
1365,0.588850,,0.638000,0.591967,,,0.145,209.4
1366,0.591083,,0.638000,0.591967,,,0.137,209.5
1367,0.590250,,0.638000,0.591967,,,0.139,209.6
1368,0.589817,,0.638000,0.591967,,,0.138,209.8
1369,0.591667,,0.638000,0.591967,,,0.138,209.9
1370,0.593500,,0.638000,0.593500,,,0.140,210.1
1371,0.588933,,0.638000,0.593500,,,0.137,210.2
1372,0.590350,,0.638000,0.593500,,,0.139,210.3
1373,0.591683,,0.638000,0.593500,,,0.137,210.5
1374,0.591083,,0.638000,0.593500,,,0.138,210.6
1375,0.589050,,0.638000,0.593500,,,0.138,210.7
1376,0.589650,,0.638000,0.593500,,,0.137,210.9
1377,0.588167,,0.638000,0.593500,,,0.201,211.1
1378,0.589500,,0.638000,0.593500,,,0.137,211.2
1379,0.590183,,0.638000,0.593500,,,0.137,211.4
1380,0.590117,,0.638000,0.593500,,,0.136,211.5
1381,0.588700,,0.638000,0.593500,,,0.139,211.6
1382,0.587617,,0.638000,0.593500,,,0.137,211.8
1383,0.590167,,0.638000,0.593500,,,0.138,211.9
1384,0.589400,,0.638000,0.593500,,,0.139,212.0
1385,0.587200,,0.638000,0.593500,,,0.135,212.2
1386,0.589033,,0.638000,0.593500,,,0.138,212.3
1387,0.589533,,0.638000,0.593500,,,0.137,212.5
1388,0.592233,,0.638000,0.593500,,,0.138,212.6
1389,0.590217,,0.638000,0.593500,,,0.137,212.7
1390,0.590800,,0.638000,0.593500,,,0.138,212.9
1391,0.591250,,0.638000,0.593500,,,0.137,213.0
1392,0.590900,,0.638000,0.593500,,,0.204,213.2
1393,0.590400,,0.638000,0.593500,,,0.137,213.3
1394,0.588867,,0.638000,0.593500,,,0.138,213.5
1395,0.592983,,0.638000,0.593500,,,0.137,213.6
1396,0.589600,,0.638000,0.593500,,,0.138,213.8
1397,0.590867,,0.638000,0.593500,,,0.137,213.9
1398,0.592150,,0.638000,0.593500,,,0.137,214.0
1399,0.589800,,0.638000,0.593500,,,0.139,214.2
1400,0.590233,0.6475000381469727,0.647500,0.593500,0.0953536257147789,0.6371448040008545,0.435,214.6
1401,0.590517,,0.647500,0.593500,,,0.136,214.7
1402,0.591050,,0.647500,0.593500,,,0.138,214.9
1403,0.589100,,0.647500,0.593500,,,0.138,215.0
1404,0.591933,,0.647500,0.593500,,,0.137,215.2
1405,0.589150,,0.647500,0.593500,,,0.202,215.4
1406,0.591333,,0.647500,0.593500,,,0.136,215.5
1407,0.591817,,0.647500,0.593500,,,0.138,215.6
1408,0.589683,,0.647500,0.593500,,,0.138,215.8
1409,0.591683,,0.647500,0.593500,,,0.136,215.9
1410,0.586383,,0.647500,0.593500,,,0.137,216.0
1411,0.589700,,0.647500,0.593500,,,0.136,216.2
1412,0.590517,,0.647500,0.593500,,,0.137,216.3
1413,0.590267,,0.647500,0.593500,,,0.135,216.5
1414,0.589633,,0.647500,0.593500,,,0.138,216.6
1415,0.589850,,0.647500,0.593500,,,0.138,216.7
1416,0.589517,,0.647500,0.593500,,,0.140,216.9
1417,0.591583,,0.647500,0.593500,,,0.136,217.0
1418,0.589350,,0.647500,0.593500,,,0.137,217.1
1419,0.588833,,0.647500,0.593500,,,0.138,217.3
1420,0.590867,,0.647500,0.593500,,,0.211,217.5
1421,0.592100,,0.647500,0.593500,,,0.137,217.6
1422,0.591900,,0.647500,0.593500,,,0.229,217.9
1423,0.588450,,0.647500,0.593500,,,0.138,218.0
1424,0.591850,,0.647500,0.593500,,,0.141,218.1
1425,0.590150,,0.647500,0.593500,,,0.136,218.3
1426,0.589683,,0.647500,0.593500,,,0.136,218.4
1427,0.592700,,0.647500,0.593500,,,0.137,218.5
1428,0.589833,,0.647500,0.593500,,,0.136,218.7
1429,0.595117,,0.647500,0.595117,,,0.136,218.8
1430,0.593183,,0.647500,0.595117,,,0.139,219.0
1431,0.592050,,0.647500,0.595117,,,0.138,219.1
1432,0.590783,,0.647500,0.595117,,,0.140,219.2
1433,0.591233,,0.647500,0.595117,,,0.136,219.4
1434,0.591533,,0.647500,0.595117,,,0.190,219.6
1435,0.591717,,0.647500,0.595117,,,0.138,219.7
1436,0.592100,,0.647500,0.595117,,,0.137,219.8
1437,0.591267,,0.647500,0.595117,,,0.137,220.0
1438,0.592967,,0.647500,0.595117,,,0.137,220.1
1439,0.592100,,0.647500,0.595117,,,0.136,220.2
1440,0.592983,,0.647500,0.595117,,,0.135,220.4
1441,0.592733,,0.647500,0.595117,,,0.137,220.5
1442,0.591800,,0.647500,0.595117,,,0.137,220.7
1443,0.592217,,0.647500,0.595117,,,0.136,220.8
1444,0.591567,,0.647500,0.595117,,,0.136,220.9
1445,0.592667,,0.647500,0.595117,,,0.137,221.1
1446,0.594133,,0.647500,0.595117,,,0.137,221.2
1447,0.594133,,0.647500,0.595117,,,0.136,221.3
1448,0.593367,,0.647500,0.595117,,,0.137,221.5
1449,0.594067,,0.647500,0.595117,,,0.202,221.7
1450,0.594883,,0.647500,0.595117,,,0.135,221.8
1451,0.594050,,0.647500,0.595117,,,0.140,222.0
1452,0.596383,,0.647500,0.596383,,,0.146,222.1
1453,0.593700,,0.647500,0.596383,,,0.136,222.2
1454,0.595733,,0.647500,0.596383,,,0.137,222.4
1455,0.595433,,0.647500,0.596383,,,0.137,222.5
1456,0.593667,,0.647500,0.596383,,,0.139,222.6
1457,0.593533,,0.647500,0.596383,,,0.137,222.8
1458,0.593700,,0.647500,0.596383,,,0.136,222.9
1459,0.593000,,0.647500,0.596383,,,0.137,223.1
1460,0.596083,,0.647500,0.596383,,,0.137,223.2
1461,0.592583,,0.647500,0.596383,,,0.138,223.3
1462,0.594333,,0.647500,0.596383,,,0.136,223.5
1463,0.593650,,0.647500,0.596383,,,0.137,223.6
1464,0.593250,,0.647500,0.596383,,,0.204,223.8
1465,0.593717,,0.647500,0.596383,,,0.137,223.9
1466,0.594217,,0.647500,0.596383,,,0.138,224.1
1467,0.594450,,0.647500,0.596383,,,0.136,224.2
1468,0.592533,,0.647500,0.596383,,,0.136,224.4
1469,0.594883,,0.647500,0.596383,,,0.136,224.5
1470,0.592783,,0.647500,0.596383,,,0.137,224.6
1471,0.593183,,0.647500,0.596383,,,0.136,224.8
1472,0.593050,,0.647500,0.596383,,,0.137,224.9
1473,0.593333,,0.647500,0.596383,,,0.138,225.0
1474,0.593967,,0.647500,0.596383,,,0.136,225.2
1475,0.596017,,0.647500,0.596383,,,0.138,225.3
1476,0.593017,,0.647500,0.596383,,,0.137,225.5
1477,0.596000,,0.647500,0.596383,,,0.138,225.6
1478,0.593367,,0.647500,0.596383,,,0.137,225.7
1479,0.595200,,0.647500,0.596383,,,0.203,225.9
1480,0.597300,,0.647500,0.597300,,,0.137,226.1
1481,0.594367,,0.647500,0.597300,,,0.138,226.2
1482,0.594983,,0.647500,0.597300,,,0.137,226.3
1483,0.595183,,0.647500,0.597300,,,0.136,226.5
1484,0.593917,,0.647500,0.597300,,,0.137,226.6
1485,0.594667,,0.647500,0.597300,,,0.137,226.7
1486,0.594783,,0.647500,0.597300,,,0.137,226.9
1487,0.595933,,0.647500,0.597300,,,0.137,227.0
1488,0.595633,,0.647500,0.597300,,,0.138,227.2
1489,0.594950,,0.647500,0.597300,,,0.137,227.3
1490,0.592467,,0.647500,0.597300,,,0.136,227.4
1491,0.596417,,0.647500,0.597300,,,0.137,227.6
1492,0.595383,,0.647500,0.597300,,,0.137,227.7
1493,0.594683,,0.647500,0.597300,,,0.140,227.8
1494,0.595433,,0.647500,0.597300,,,0.205,228.1
1495,0.594567,,0.647500,0.597300,,,0.137,228.2
1496,0.595617,,0.647500,0.597300,,,0.137,228.3
1497,0.596033,,0.647500,0.597300,,,0.137,228.5
1498,0.596517,,0.647500,0.597300,,,0.137,228.6
1499,0.594950,,0.647500,0.597300,,,0.136,228.7
1500,0.595350,0.6420000195503235,0.647500,0.597300,0.09666547179222107,0.6369955539703369,0.433,229.2
1501,0.597967,,0.647500,0.597967,,,0.136,229.3
1502,0.595100,,0.647500,0.597967,,,0.139,229.4
1503,0.594150,,0.647500,0.597967,,,0.137,229.6
1504,0.593600,,0.647500,0.597967,,,0.139,229.7
1505,0.595333,,0.647500,0.597967,,,0.137,229.9
1506,0.595783,,0.647500,0.597967,,,0.138,230.0
1507,0.597467,,0.647500,0.597967,,,0.205,230.2
1508,0.595967,,0.647500,0.597967,,,0.138,230.3
1509,0.596017,,0.647500,0.597967,,,0.137,230.5
1510,0.595850,,0.647500,0.597967,,,0.139,230.6
1511,0.597150,,0.647500,0.597967,,,0.136,230.8
1512,0.596317,,0.647500,0.597967,,,0.138,230.9
1513,0.594967,,0.647500,0.597967,,,0.140,231.0
1514,0.596067,,0.647500,0.597967,,,0.138,231.2
1515,0.596550,,0.647500,0.597967,,,0.135,231.3
1516,0.597700,,0.647500,0.597967,,,0.137,231.4
1517,0.597833,,0.647500,0.597967,,,0.136,231.6
1518,0.597083,,0.647500,0.597967,,,0.139,231.7
1519,0.596650,,0.647500,0.597967,,,0.140,231.9
1520,0.596917,,0.647500,0.597967,,,0.138,232.0
1521,0.599050,,0.647500,0.599050,,,0.203,232.2
1522,0.597000,,0.647500,0.599050,,,0.138,232.3
1523,0.600517,,0.647500,0.600517,,,0.137,232.5
1524,0.597300,,0.647500,0.600517,,,0.138,232.6
1525,0.600567,,0.647500,0.600567,,,0.136,232.7
1526,0.598033,,0.647500,0.600567,,,0.137,232.9
1527,0.598233,,0.647500,0.600567,,,0.138,233.0
1528,0.599400,,0.647500,0.600567,,,0.137,233.2
1529,0.598183,,0.647500,0.600567,,,0.138,233.3
1530,0.597833,,0.647500,0.600567,,,0.138,233.4
1531,0.600067,,0.647500,0.600567,,,0.139,233.6
1532,0.595733,,0.647500,0.600567,,,0.139,233.7
1533,0.598300,,0.647500,0.600567,,,0.137,233.9
1534,0.595583,,0.647500,0.600567,,,0.137,234.0
1535,0.598733,,0.647500,0.600567,,,0.137,234.1
1536,0.598917,,0.647500,0.600567,,,0.204,234.3
1537,0.599117,,0.647500,0.600567,,,0.139,234.5
1538,0.599517,,0.647500,0.600567,,,0.136,234.6
1539,0.596233,,0.647500,0.600567,,,0.140,234.7
1540,0.597533,,0.647500,0.600567,,,0.145,234.9
1541,0.596483,,0.647500,0.600567,,,0.138,235.0
1542,0.598250,,0.647500,0.600567,,,0.139,235.2
1543,0.596183,,0.647500,0.600567,,,0.137,235.3
1544,0.598250,,0.647500,0.600567,,,0.137,235.4
1545,0.598750,,0.647500,0.600567,,,0.137,235.6
1546,0.599150,,0.647500,0.600567,,,0.136,235.7
1547,0.596967,,0.647500,0.600567,,,0.136,235.8
1548,0.595217,,0.647500,0.600567,,,0.139,236.0
1549,0.600033,,0.647500,0.600567,,,0.137,236.1
1550,0.598433,,0.647500,0.600567,,,0.138,236.3
1551,0.597533,,0.647500,0.600567,,,0.201,236.5
1552,0.598133,,0.647500,0.600567,,,0.137,236.6
1553,0.595500,,0.647500,0.600567,,,0.138,236.7
1554,0.598250,,0.647500,0.600567,,,0.139,236.9
1555,0.596683,,0.647500,0.600567,,,0.137,237.0
1556,0.599517,,0.647500,0.600567,,,0.139,237.2
1557,0.599417,,0.647500,0.600567,,,0.138,237.3
1558,0.598800,,0.647500,0.600567,,,0.138,237.4
1559,0.598217,,0.647500,0.600567,,,0.138,237.6
1560,0.596700,,0.647500,0.600567,,,0.137,237.7
1561,0.598167,,0.647500,0.600567,,,0.136,237.8
1562,0.599850,,0.647500,0.600567,,,0.135,238.0
1563,0.599033,,0.647500,0.600567,,,0.137,238.1
1564,0.595683,,0.647500,0.600567,,,0.136,238.2
1565,0.596867,,0.647500,0.600567,,,0.138,238.4
1566,0.599783,,0.647500,0.600567,,,0.205,238.6
1567,0.597183,,0.647500,0.600567,,,0.137,238.7
1568,0.596533,,0.647500,0.600567,,,0.136,238.9
1569,0.597650,,0.647500,0.600567,,,0.138,239.0
1570,0.599117,,0.647500,0.600567,,,0.137,239.1
1571,0.600033,,0.647500,0.600567,,,0.137,239.3
1572,0.598267,,0.647500,0.600567,,,0.136,239.4
1573,0.597500,,0.647500,0.600567,,,0.135,239.5
1574,0.597617,,0.647500,0.600567,,,0.137,239.7
1575,0.597583,,0.647500,0.600567,,,0.136,239.8
1576,0.596933,,0.647500,0.600567,,,0.137,240.0
1577,0.596650,,0.647500,0.600567,,,0.136,240.1
1578,0.597667,,0.647500,0.600567,,,0.136,240.2
1579,0.594283,,0.647500,0.600567,,,0.138,240.4
1580,0.595833,,0.647500,0.600567,,,0.138,240.5
1581,0.595700,,0.647500,0.600567,,,0.205,240.7
1582,0.598700,,0.647500,0.600567,,,0.136,240.8
1583,0.597450,,0.647500,0.600567,,,0.137,241.0
1584,0.597733,,0.647500,0.600567,,,0.137,241.1
1585,0.599650,,0.647500,0.600567,,,0.137,241.3
1586,0.596383,,0.647500,0.600567,,,0.138,241.4
1587,0.597483,,0.647500,0.600567,,,0.136,241.5
1588,0.599167,,0.647500,0.600567,,,0.136,241.7
1589,0.599567,,0.647500,0.600567,,,0.137,241.8
1590,0.598283,,0.647500,0.600567,,,0.139,241.9
1591,0.597967,,0.647500,0.600567,,,0.136,242.1
1592,0.598600,,0.647500,0.600567,,,0.137,242.2
1593,0.599967,,0.647500,0.600567,,,0.137,242.4
1594,0.599300,,0.647500,0.600567,,,0.138,242.5
1595,0.599683,,0.647500,0.600567,,,0.137,242.6
1596,0.597733,,0.647500,0.600567,,,0.204,242.8
1597,0.597250,,0.647500,0.600567,,,0.139,243.0
1598,0.598983,,0.647500,0.600567,,,0.137,243.1
1599,0.597850,,0.647500,0.600567,,,0.134,243.2
1600,0.596567,0.6575000286102295,0.657500,0.600567,0.09242993593215942,0.6508009433746338,0.435,243.7
1601,0.598550,,0.657500,0.600567,,,0.135,243.8
1602,0.597383,,0.657500,0.600567,,,0.137,244.0
1603,0.597483,,0.657500,0.600567,,,0.137,244.1
1604,0.597167,,0.657500,0.600567,,,0.136,244.2
1605,0.596567,,0.657500,0.600567,,,0.140,244.4
1606,0.600350,,0.657500,0.600567,,,0.139,244.5
1607,0.597900,,0.657500,0.600567,,,0.137,244.6
1608,0.600083,,0.657500,0.600567,,,0.137,244.8
1609,0.599167,,0.657500,0.600567,,,0.202,245.0
1610,0.597300,,0.657500,0.600567,,,0.137,245.1
1611,0.596333,,0.657500,0.600567,,,0.138,245.3
1612,0.599883,,0.657500,0.600567,,,0.139,245.4
1613,0.596650,,0.657500,0.600567,,,0.138,245.5
1614,0.598833,,0.657500,0.600567,,,0.137,245.7
1615,0.598617,,0.657500,0.600567,,,0.138,245.8
1616,0.599317,,0.657500,0.600567,,,0.139,245.9
1617,0.599183,,0.657500,0.600567,,,0.136,246.1
1618,0.594967,,0.657500,0.600567,,,0.137,246.2
1619,0.594600,,0.657500,0.600567,,,0.136,246.4
1620,0.596000,,0.657500,0.600567,,,0.140,246.5
1621,0.598467,,0.657500,0.600567,,,0.136,246.6
1622,0.599133,,0.657500,0.600567,,,0.139,246.8
1623,0.600717,,0.657500,0.600717,,,0.137,246.9
1624,0.598650,,0.657500,0.600717,,,0.212,247.1
1625,0.598267,,0.657500,0.600717,,,0.222,247.3
1626,0.596283,,0.657500,0.600717,,,0.137,247.5
1627,0.598450,,0.657500,0.600717,,,0.148,247.6
1628,0.599600,,0.657500,0.600717,,,0.137,247.8
1629,0.598267,,0.657500,0.600717,,,0.138,247.9
1630,0.597167,,0.657500,0.600717,,,0.136,248.0
1631,0.599233,,0.657500,0.600717,,,0.136,248.2
1632,0.595733,,0.657500,0.600717,,,0.135,248.3
1633,0.596500,,0.657500,0.600717,,,0.137,248.4
1634,0.598883,,0.657500,0.600717,,,0.138,248.6
1635,0.598617,,0.657500,0.600717,,,0.138,248.7
1636,0.597533,,0.657500,0.600717,,,0.137,248.9
1637,0.598683,,0.657500,0.600717,,,0.138,249.0
1638,0.598417,,0.657500,0.600717,,,0.192,249.2
1639,0.598117,,0.657500,0.600717,,,0.140,249.3
1640,0.599483,,0.657500,0.600717,,,0.138,249.5
1641,0.599383,,0.657500,0.600717,,,0.138,249.6
1642,0.597200,,0.657500,0.600717,,,0.137,249.7
1643,0.598400,,0.657500,0.600717,,,0.138,249.9
1644,0.598717,,0.657500,0.600717,,,0.136,250.0
1645,0.600333,,0.657500,0.600717,,,0.136,250.2
1646,0.600583,,0.657500,0.600717,,,0.137,250.3
1647,0.600300,,0.657500,0.600717,,,0.138,250.4
1648,0.600150,,0.657500,0.600717,,,0.137,250.6
1649,0.600550,,0.657500,0.600717,,,0.137,250.7
1650,0.598167,,0.657500,0.600717,,,0.140,250.8
1651,0.597317,,0.657500,0.600717,,,0.136,251.0
1652,0.598067,,0.657500,0.600717,,,0.138,251.1
1653,0.600950,,0.657500,0.600950,,,0.201,251.3
1654,0.596367,,0.657500,0.600950,,,0.137,251.5
1655,0.599850,,0.657500,0.600950,,,0.138,251.6
1656,0.598467,,0.657500,0.600950,,,0.139,251.7
1657,0.598317,,0.657500,0.600950,,,0.139,251.9
1658,0.598883,,0.657500,0.600950,,,0.136,252.0
1659,0.596883,,0.657500,0.600950,,,0.137,252.1
1660,0.599967,,0.657500,0.600950,,,0.138,252.3
1661,0.599767,,0.657500,0.600950,,,0.137,252.4
1662,0.597967,,0.657500,0.600950,,,0.138,252.6
1663,0.599150,,0.657500,0.600950,,,0.140,252.7
1664,0.597900,,0.657500,0.600950,,,0.144,252.8
1665,0.600317,,0.657500,0.600950,,,0.140,253.0
1666,0.599967,,0.657500,0.600950,,,0.142,253.1
1667,0.601167,,0.657500,0.601167,,,0.141,253.3
1668,0.599167,,0.657500,0.601167,,,0.204,253.5
1669,0.597667,,0.657500,0.601167,,,0.137,253.6
1670,0.598800,,0.657500,0.601167,,,0.139,253.7
1671,0.598317,,0.657500,0.601167,,,0.139,253.9
1672,0.601033,,0.657500,0.601167,,,0.138,254.0
1673,0.599267,,0.657500,0.601167,,,0.139,254.2
1674,0.599650,,0.657500,0.601167,,,0.137,254.3
1675,0.599600,,0.657500,0.601167,,,0.138,254.4
1676,0.600083,,0.657500,0.601167,,,0.139,254.6
1677,0.598783,,0.657500,0.601167,,,0.137,254.7
1678,0.599283,,0.657500,0.601167,,,0.139,254.8
1679,0.598900,,0.657500,0.601167,,,0.137,255.0
1680,0.601100,,0.657500,0.601167,,,0.139,255.1
1681,0.598650,,0.657500,0.601167,,,0.136,255.3
1682,0.598383,,0.657500,0.601167,,,0.139,255.4
1683,0.601100,,0.657500,0.601167,,,0.202,255.6
1684,0.599133,,0.657500,0.601167,,,0.139,255.7
1685,0.601550,,0.657500,0.601550,,,0.139,255.9
1686,0.600950,,0.657500,0.601550,,,0.136,256.0
1687,0.599383,,0.657500,0.601550,,,0.137,256.2
1688,0.603683,,0.657500,0.603683,,,0.138,256.3
1689,0.600933,,0.657500,0.603683,,,0.136,256.4
1690,0.601200,,0.657500,0.603683,,,0.138,256.6
1691,0.602317,,0.657500,0.603683,,,0.137,256.7
1692,0.602200,,0.657500,0.603683,,,0.138,256.8
1693,0.598833,,0.657500,0.603683,,,0.137,257.0
1694,0.599733,,0.657500,0.603683,,,0.138,257.1
1695,0.600833,,0.657500,0.603683,,,0.137,257.3
1696,0.602217,,0.657500,0.603683,,,0.138,257.4
1697,0.601867,,0.657500,0.603683,,,0.137,257.5
1698,0.602033,,0.657500,0.603683,,,0.210,257.7
1699,0.602133,,0.657500,0.603683,,,0.146,257.9
1700,0.600250,0.6525000333786011,0.657500,0.603683,0.09165198355913162,0.6439242362976074,0.436,258.3
1701,0.599133,,0.657500,0.603683,,,0.136,258.5
1702,0.601300,,0.657500,0.603683,,,0.138,258.6
1703,0.597983,,0.657500,0.603683,,,0.138,258.7
1704,0.599500,,0.657500,0.603683,,,0.137,258.9
1705,0.598700,,0.657500,0.603683,,,0.138,259.0
1706,0.598450,,0.657500,0.603683,,,0.139,259.1
1707,0.600083,,0.657500,0.603683,,,0.137,259.3
1708,0.602583,,0.657500,0.603683,,,0.137,259.4
1709,0.600733,,0.657500,0.603683,,,0.139,259.6
1710,0.601750,,0.657500,0.603683,,,0.138,259.7
1711,0.598683,,0.657500,0.603683,,,0.203,259.9
1712,0.600817,,0.657500,0.603683,,,0.139,260.0
1713,0.599783,,0.657500,0.603683,,,0.136,260.2
1714,0.600900,,0.657500,0.603683,,,0.136,260.3
1715,0.597700,,0.657500,0.603683,,,0.138,260.4
1716,0.600767,,0.657500,0.603683,,,0.137,260.6
1717,0.598383,,0.657500,0.603683,,,0.144,260.7
1718,0.600000,,0.657500,0.603683,,,0.138,260.9
1719,0.601267,,0.657500,0.603683,,,0.138,261.0
1720,0.599150,,0.657500,0.603683,,,0.137,261.1
1721,0.599433,,0.657500,0.603683,,,0.135,261.3
1722,0.598833,,0.657500,0.603683,,,0.135,261.4
1723,0.601017,,0.657500,0.603683,,,0.138,261.6
1724,0.602467,,0.657500,0.603683,,,0.136,261.7
1725,0.602950,,0.657500,0.603683,,,0.139,261.8
1726,0.600183,,0.657500,0.603683,,,0.201,262.0
1727,0.598750,,0.657500,0.603683,,,0.140,262.2
1728,0.602067,,0.657500,0.603683,,,0.139,262.3
1729,0.599367,,0.657500,0.603683,,,0.138,262.4
1730,0.602650,,0.657500,0.603683,,,0.139,262.6
1731,0.602450,,0.657500,0.603683,,,0.135,262.7
1732,0.602050,,0.657500,0.603683,,,0.139,262.9
1733,0.603517,,0.657500,0.603683,,,0.137,263.0
1734,0.604150,,0.657500,0.604150,,,0.136,263.1
1735,0.602867,,0.657500,0.604150,,,0.136,263.3
1736,0.603500,,0.657500,0.604150,,,0.136,263.4
1737,0.601000,,0.657500,0.604150,,,0.137,263.5
1738,0.604233,,0.657500,0.604233,,,0.136,263.7
1739,0.604983,,0.657500,0.604983,,,0.135,263.8
1740,0.604167,,0.657500,0.604983,,,0.138,263.9
1741,0.604900,,0.657500,0.604983,,,0.201,264.2
1742,0.603883,,0.657500,0.604983,,,0.138,264.3
1743,0.602300,,0.657500,0.604983,,,0.138,264.4
1744,0.605250,,0.657500,0.605250,,,0.139,264.6
1745,0.605367,,0.657500,0.605367,,,0.136,264.7
1746,0.604900,,0.657500,0.605367,,,0.138,264.8
1747,0.604000,,0.657500,0.605367,,,0.136,265.0
1748,0.603117,,0.657500,0.605367,,,0.136,265.1
1749,0.605017,,0.657500,0.605367,,,0.136,265.2
1750,0.602667,,0.657500,0.605367,,,0.138,265.4
1751,0.605683,,0.657500,0.605683,,,0.137,265.5
1752,0.602350,,0.657500,0.605683,,,0.139,265.7
1753,0.603333,,0.657500,0.605683,,,0.139,265.8
1754,0.604117,,0.657500,0.605683,,,0.137,265.9
1755,0.602683,,0.657500,0.605683,,,0.139,266.1
1756,0.604633,,0.657500,0.605683,,,0.205,266.3
1757,0.602633,,0.657500,0.605683,,,0.139,266.4
1758,0.605517,,0.657500,0.605683,,,0.136,266.6
1759,0.604550,,0.657500,0.605683,,,0.137,266.7
1760,0.606350,,0.657500,0.606350,,,0.138,266.8
1761,0.605533,,0.657500,0.606350,,,0.137,267.0
1762,0.603367,,0.657500,0.606350,,,0.136,267.1
1763,0.602900,,0.657500,0.606350,,,0.137,267.2
1764,0.603817,,0.657500,0.606350,,,0.138,267.4
1765,0.606900,,0.657500,0.606900,,,0.136,267.5
1766,0.601933,,0.657500,0.606900,,,0.137,267.7
1767,0.605700,,0.657500,0.606900,,,0.137,267.8
1768,0.605600,,0.657500,0.606900,,,0.137,267.9
1769,0.602750,,0.657500,0.606900,,,0.137,268.1
1770,0.604950,,0.657500,0.606900,,,0.136,268.2
1771,0.605350,,0.657500,0.606900,,,0.203,268.4
1772,0.604550,,0.657500,0.606900,,,0.139,268.5
1773,0.604650,,0.657500,0.606900,,,0.135,268.7
1774,0.605300,,0.657500,0.606900,,,0.137,268.8
1775,0.603700,,0.657500,0.606900,,,0.138,269.0
1776,0.605267,,0.657500,0.606900,,,0.138,269.1
1777,0.605850,,0.657500,0.606900,,,0.139,269.2
1778,0.605517,,0.657500,0.606900,,,0.136,269.4
1779,0.607367,,0.657500,0.607367,,,0.139,269.5
1780,0.605467,,0.657500,0.607367,,,0.136,269.6
1781,0.606417,,0.657500,0.607367,,,0.137,269.8
1782,0.604900,,0.657500,0.607367,,,0.138,269.9
1783,0.604350,,0.657500,0.607367,,,0.137,270.1
1784,0.604033,,0.657500,0.607367,,,0.137,270.2
1785,0.605000,,0.657500,0.607367,,,0.138,270.3
1786,0.603517,,0.657500,0.607367,,,0.206,270.5
1787,0.606967,,0.657500,0.607367,,,0.137,270.7
1788,0.605850,,0.657500,0.607367,,,0.139,270.8
1789,0.605567,,0.657500,0.607367,,,0.139,270.9
1790,0.605150,,0.657500,0.607367,,,0.135,271.1
1791,0.605617,,0.657500,0.607367,,,0.137,271.2
1792,0.604283,,0.657500,0.607367,,,0.138,271.4
1793,0.605283,,0.657500,0.607367,,,0.137,271.5
1794,0.605650,,0.657500,0.607367,,,0.137,271.6
1795,0.606100,,0.657500,0.607367,,,0.138,271.8
1796,0.606700,,0.657500,0.607367,,,0.138,271.9
1797,0.601733,,0.657500,0.607367,,,0.138,272.0
1798,0.609117,,0.657500,0.609117,,,0.136,272.2
1799,0.603217,,0.657500,0.609117,,,0.138,272.3
1800,0.606233,0.6460000276565552,0.657500,0.609117,0.08907613158226013,0.646797239780426,0.441,272.8
1801,0.603200,,0.657500,0.609117,,,0.198,273.0
1802,0.603167,,0.657500,0.609117,,,0.137,273.1
1803,0.604767,,0.657500,0.609117,,,0.137,273.2
1804,0.603583,,0.657500,0.609117,,,0.137,273.4
1805,0.604450,,0.657500,0.609117,,,0.137,273.5
1806,0.604050,,0.657500,0.609117,,,0.135,273.6
1807,0.606750,,0.657500,0.609117,,,0.139,273.8
1808,0.604350,,0.657500,0.609117,,,0.138,273.9
1809,0.603000,,0.657500,0.609117,,,0.137,274.1
1810,0.605267,,0.657500,0.609117,,,0.138,274.2
1811,0.606200,,0.657500,0.609117,,,0.137,274.3
1812,0.604467,,0.657500,0.609117,,,0.138,274.5
1813,0.606667,,0.657500,0.609117,,,0.137,274.6
1814,0.605417,,0.657500,0.609117,,,0.204,274.8
1815,0.608733,,0.657500,0.609117,,,0.137,274.9
1816,0.607600,,0.657500,0.609117,,,0.137,275.1
1817,0.605833,,0.657500,0.609117,,,0.139,275.2
1818,0.607800,,0.657500,0.609117,,,0.138,275.4
1819,0.607150,,0.657500,0.609117,,,0.137,275.5
1820,0.605783,,0.657500,0.609117,,,0.137,275.6
1821,0.606750,,0.657500,0.609117,,,0.138,275.8
1822,0.604450,,0.657500,0.609117,,,0.137,275.9
1823,0.607683,,0.657500,0.609117,,,0.138,276.0
1824,0.606150,,0.657500,0.609117,,,0.137,276.2
1825,0.608350,,0.657500,0.609117,,,0.138,276.3
1826,0.605817,,0.657500,0.609117,,,0.137,276.5
1827,0.605450,,0.657500,0.609117,,,0.138,276.6
1828,0.607233,,0.657500,0.609117,,,0.287,276.9
1829,0.607217,,0.657500,0.609117,,,0.136,277.0
1830,0.605883,,0.657500,0.609117,,,0.136,277.2
1831,0.603750,,0.657500,0.609117,,,0.137,277.3
1832,0.606967,,0.657500,0.609117,,,0.135,277.4
1833,0.604700,,0.657500,0.609117,,,0.137,277.6
1834,0.605783,,0.657500,0.609117,,,0.135,277.7
1835,0.605783,,0.657500,0.609117,,,0.137,277.8
1836,0.604033,,0.657500,0.609117,,,0.136,278.0
1837,0.607383,,0.657500,0.609117,,,0.138,278.1
1838,0.605267,,0.657500,0.609117,,,0.136,278.2
1839,0.606183,,0.657500,0.609117,,,0.136,278.4
1840,0.605433,,0.657500,0.609117,,,0.138,278.5
1841,0.605133,,0.657500,0.609117,,,0.137,278.7
1842,0.606283,,0.657500,0.609117,,,0.138,278.8
1843,0.607150,,0.657500,0.609117,,,0.200,279.0
1844,0.606967,,0.657500,0.609117,,,0.139,279.1
1845,0.608367,,0.657500,0.609117,,,0.137,279.3
1846,0.604267,,0.657500,0.609117,,,0.137,279.4
1847,0.607483,,0.657500,0.609117,,,0.136,279.5
1848,0.606567,,0.657500,0.609117,,,0.139,279.7
1849,0.605883,,0.657500,0.609117,,,0.138,279.8
1850,0.604933,,0.657500,0.609117,,,0.138,280.0
1851,0.606433,,0.657500,0.609117,,,0.137,280.1
1852,0.605550,,0.657500,0.609117,,,0.136,280.2
1853,0.606933,,0.657500,0.609117,,,0.137,280.4
1854,0.607417,,0.657500,0.609117,,,0.138,280.5
1855,0.607233,,0.657500,0.609117,,,0.138,280.6
1856,0.605750,,0.657500,0.609117,,,0.138,280.8
1857,0.607067,,0.657500,0.609117,,,0.137,280.9
1858,0.609000,,0.657500,0.609117,,,0.203,281.1
1859,0.608050,,0.657500,0.609117,,,0.136,281.3
1860,0.608000,,0.657500,0.609117,,,0.137,281.4
1861,0.608333,,0.657500,0.609117,,,0.137,281.5
1862,0.610383,,0.657500,0.610383,,,0.137,281.7
1863,0.608550,,0.657500,0.610383,,,0.139,281.8
1864,0.609083,,0.657500,0.610383,,,0.136,281.9
1865,0.606350,,0.657500,0.610383,,,0.137,282.1
1866,0.610533,,0.657500,0.610533,,,0.137,282.2
1867,0.610450,,0.657500,0.610533,,,0.137,282.4
1868,0.609517,,0.657500,0.610533,,,0.137,282.5
1869,0.608117,,0.657500,0.610533,,,0.135,282.6
1870,0.610100,,0.657500,0.610533,,,0.137,282.8
1871,0.609183,,0.657500,0.610533,,,0.136,282.9
1872,0.607950,,0.657500,0.610533,,,0.139,283.0
1873,0.609867,,0.657500,0.610533,,,0.204,283.2
1874,0.606967,,0.657500,0.610533,,,0.138,283.4
1875,0.608350,,0.657500,0.610533,,,0.139,283.5
1876,0.609833,,0.657500,0.610533,,,0.136,283.7
1877,0.610833,,0.657500,0.610833,,,0.148,283.8
1878,0.608917,,0.657500,0.610833,,,0.138,283.9
1879,0.609433,,0.657500,0.610833,,,0.139,284.1
1880,0.609233,,0.657500,0.610833,,,0.138,284.2
1881,0.607317,,0.657500,0.610833,,,0.137,284.4
1882,0.608967,,0.657500,0.610833,,,0.139,284.5
1883,0.605917,,0.657500,0.610833,,,0.140,284.6
1884,0.608367,,0.657500,0.610833,,,0.143,284.8
1885,0.608383,,0.657500,0.610833,,,0.148,284.9
1886,0.611600,,0.657500,0.611600,,,0.144,285.1
1887,0.610267,,0.657500,0.611600,,,0.145,285.2
1888,0.610467,,0.657500,0.611600,,,0.203,285.4
1889,0.607333,,0.657500,0.611600,,,0.138,285.6
1890,0.609250,,0.657500,0.611600,,,0.138,285.7
1891,0.606267,,0.657500,0.611600,,,0.137,285.8
1892,0.604017,,0.657500,0.611600,,,0.137,286.0
1893,0.608150,,0.657500,0.611600,,,0.138,286.1
1894,0.606317,,0.657500,0.611600,,,0.138,286.2
1895,0.606367,,0.657500,0.611600,,,0.137,286.4
1896,0.608917,,0.657500,0.611600,,,0.137,286.5
1897,0.609500,,0.657500,0.611600,,,0.137,286.7
1898,0.610033,,0.657500,0.611600,,,0.140,286.8
1899,0.610100,,0.657500,0.611600,,,0.139,286.9
1900,0.609883,0.6450000405311584,0.657500,0.611600,0.09153316915035248,0.6385355591773987,0.448,287.4
1901,0.610600,,0.657500,0.611600,,,0.201,287.6
1902,0.609450,,0.657500,0.611600,,,0.140,287.7
1903,0.607050,,0.657500,0.611600,,,0.138,287.9
1904,0.606983,,0.657500,0.611600,,,0.140,288.0
1905,0.608817,,0.657500,0.611600,,,0.136,288.1
1906,0.607367,,0.657500,0.611600,,,0.138,288.3
1907,0.607900,,0.657500,0.611600,,,0.139,288.4
1908,0.607833,,0.657500,0.611600,,,0.133,288.5
1909,0.610417,,0.657500,0.611600,,,0.137,288.7
1910,0.609833,,0.657500,0.611600,,,0.137,288.8
1911,0.609433,,0.657500,0.611600,,,0.139,289.0
1912,0.609767,,0.657500,0.611600,,,0.138,289.1
1913,0.606917,,0.657500,0.611600,,,0.137,289.2
1914,0.605067,,0.657500,0.611600,,,0.141,289.4
1915,0.607233,,0.657500,0.611600,,,0.205,289.6
1916,0.609117,,0.657500,0.611600,,,0.140,289.7
1917,0.609200,,0.657500,0.611600,,,0.138,289.9
1918,0.609500,,0.657500,0.611600,,,0.136,290.0
1919,0.606817,,0.657500,0.611600,,,0.139,290.1
1920,0.605250,,0.657500,0.611600,,,0.138,290.3
1921,0.607517,,0.657500,0.611600,,,0.137,290.4
1922,0.607317,,0.657500,0.611600,,,0.140,290.6
1923,0.608317,,0.657500,0.611600,,,0.139,290.7
1924,0.612150,,0.657500,0.612150,,,0.137,290.8
1925,0.608583,,0.657500,0.612150,,,0.138,291.0
1926,0.608067,,0.657500,0.612150,,,0.139,291.1
1927,0.610467,,0.657500,0.612150,,,0.137,291.2
1928,0.607383,,0.657500,0.612150,,,0.138,291.4
1929,0.609783,,0.657500,0.612150,,,0.204,291.6
1930,0.607400,,0.657500,0.612150,,,0.138,291.7
1931,0.608467,,0.657500,0.612150,,,0.138,291.9
1932,0.608217,,0.657500,0.612150,,,0.138,292.0
1933,0.611367,,0.657500,0.612150,,,0.136,292.1
1934,0.609083,,0.657500,0.612150,,,0.136,292.3
1935,0.608583,,0.657500,0.612150,,,0.144,292.4
1936,0.607567,,0.657500,0.612150,,,0.137,292.5
1937,0.609250,,0.657500,0.612150,,,0.137,292.7
1938,0.606000,,0.657500,0.612150,,,0.139,292.8
1939,0.610200,,0.657500,0.612150,,,0.139,293.0
1940,0.609383,,0.657500,0.612150,,,0.137,293.1
1941,0.609167,,0.657500,0.612150,,,0.137,293.2
1942,0.608683,,0.657500,0.612150,,,0.138,293.4
1943,0.609700,,0.657500,0.612150,,,0.137,293.5
1944,0.607417,,0.657500,0.612150,,,0.204,293.7
1945,0.606200,,0.657500,0.612150,,,0.138,293.9
1946,0.608950,,0.657500,0.612150,,,0.138,294.0
1947,0.609633,,0.657500,0.612150,,,0.137,294.1
1948,0.609233,,0.657500,0.612150,,,0.138,294.3
1949,0.608433,,0.657500,0.612150,,,0.138,294.4
1950,0.609417,,0.657500,0.612150,,,0.137,294.5
1951,0.609383,,0.657500,0.612150,,,0.138,294.7
1952,0.611667,,0.657500,0.612150,,,0.137,294.8
1953,0.606850,,0.657500,0.612150,,,0.137,295.0
1954,0.609317,,0.657500,0.612150,,,0.137,295.1
1955,0.609500,,0.657500,0.612150,,,0.138,295.2
1956,0.608483,,0.657500,0.612150,,,0.138,295.4
1957,0.608983,,0.657500,0.612150,,,0.136,295.5
1958,0.607500,,0.657500,0.612150,,,0.136,295.6
1959,0.609800,,0.657500,0.612150,,,0.204,295.8
1960,0.607000,,0.657500,0.612150,,,0.140,296.0
1961,0.608683,,0.657500,0.612150,,,0.137,296.1
1962,0.608967,,0.657500,0.612150,,,0.137,296.3
1963,0.609367,,0.657500,0.612150,,,0.139,296.4
1964,0.608567,,0.657500,0.612150,,,0.136,296.5
1965,0.610600,,0.657500,0.612150,,,0.136,296.7
1966,0.609633,,0.657500,0.612150,,,0.137,296.8
1967,0.609283,,0.657500,0.612150,,,0.137,296.9
1968,0.611283,,0.657500,0.612150,,,0.139,297.1
1969,0.609533,,0.657500,0.612150,,,0.136,297.2
1970,0.609400,,0.657500,0.612150,,,0.137,297.4
1971,0.608717,,0.657500,0.612150,,,0.137,297.5
1972,0.608300,,0.657500,0.612150,,,0.137,297.6
1973,0.610250,,0.657500,0.612150,,,0.138,297.8
1974,0.607717,,0.657500,0.612150,,,0.202,298.0
1975,0.608850,,0.657500,0.612150,,,0.137,298.1
1976,0.609433,,0.657500,0.612150,,,0.137,298.2
1977,0.610633,,0.657500,0.612150,,,0.137,298.4
1978,0.610517,,0.657500,0.612150,,,0.137,298.5
1979,0.608783,,0.657500,0.612150,,,0.138,298.7
1980,0.609033,,0.657500,0.612150,,,0.137,298.8
1981,0.608900,,0.657500,0.612150,,,0.136,298.9
1982,0.610067,,0.657500,0.612150,,,0.135,299.1
1983,0.610067,,0.657500,0.612150,,,0.137,299.2
1984,0.611350,,0.657500,0.612150,,,0.136,299.3
1985,0.607750,,0.657500,0.612150,,,0.138,299.5
1986,0.610350,,0.657500,0.612150,,,0.138,299.6
1987,0.610417,,0.657500,0.612150,,,0.138,299.7
1988,0.610050,,0.657500,0.612150,,,0.136,299.9
1989,0.610533,,0.657500,0.612150,,,0.203,300.1
1990,0.611100,,0.657500,0.612150,,,0.136,300.2
1991,0.610467,,0.657500,0.612150,,,0.137,300.4
1992,0.608667,,0.657500,0.612150,,,0.137,300.5
1993,0.611683,,0.657500,0.612150,,,0.136,300.6
1994,0.611383,,0.657500,0.612150,,,0.137,300.8
1995,0.609933,,0.657500,0.612150,,,0.139,300.9
1996,0.611283,,0.657500,0.612150,,,0.137,301.0
1997,0.609967,,0.657500,0.612150,,,0.137,301.2
1998,0.611200,,0.657500,0.612150,,,0.138,301.3
1999,0.609967,,0.657500,0.612150,,,0.136,301.5
2000,0.609383,0.6565000414848328,0.657500,0.612150,0.09206071496009827,0.6456072926521301,0.436,301.9
2001,0.609933,,0.657500,0.612150,,,0.138,302.0
2002,0.611967,,0.657500,0.612150,,,0.207,302.2
2003,0.610800,,0.657500,0.612150,,,0.137,302.4
2004,0.610517,,0.657500,0.612150,,,0.136,302.5
2005,0.612650,,0.657500,0.612650,,,0.136,302.6
2006,0.611000,,0.657500,0.612650,,,0.137,302.8
2007,0.611400,,0.657500,0.612650,,,0.137,302.9
2008,0.611517,,0.657500,0.612650,,,0.136,303.1
2009,0.610050,,0.657500,0.612650,,,0.137,303.2
2010,0.608917,,0.657500,0.612650,,,0.139,303.3
2011,0.609900,,0.657500,0.612650,,,0.135,303.5
2012,0.610750,,0.657500,0.612650,,,0.137,303.6
2013,0.611867,,0.657500,0.612650,,,0.137,303.7
2014,0.613250,,0.657500,0.613250,,,0.136,303.9
2015,0.612750,,0.657500,0.613250,,,0.136,304.0
2016,0.611983,,0.657500,0.613250,,,0.136,304.1
2017,0.612133,,0.657500,0.613250,,,0.206,304.4
2018,0.609817,,0.657500,0.613250,,,0.138,304.5
2019,0.612733,,0.657500,0.613250,,,0.140,304.6
2020,0.610117,,0.657500,0.613250,,,0.137,304.8
2021,0.611467,,0.657500,0.613250,,,0.137,304.9
2022,0.612767,,0.657500,0.613250,,,0.138,305.0
2023,0.609950,,0.657500,0.613250,,,0.137,305.2
2024,0.611933,,0.657500,0.613250,,,0.148,305.3
2025,0.612417,,0.657500,0.613250,,,0.136,305.5
2026,0.612200,,0.657500,0.613250,,,0.137,305.6
2027,0.610900,,0.657500,0.613250,,,0.138,305.7
2028,0.612950,,0.657500,0.613250,,,0.139,305.9
2029,0.612367,,0.657500,0.613250,,,0.137,306.0
2030,0.611183,,0.657500,0.613250,,,0.168,306.2
2031,0.612267,,0.657500,0.613250,,,0.136,306.3
2032,0.611383,,0.657500,0.613250,,,0.202,306.5
2033,0.613317,,0.657500,0.613317,,,0.139,306.7
2034,0.612767,,0.657500,0.613317,,,0.136,306.8
2035,0.612550,,0.657500,0.613317,,,0.139,306.9
2036,0.613350,,0.657500,0.613350,,,0.135,307.1
2037,0.612667,,0.657500,0.613350,,,0.175,307.2
2038,0.612400,,0.657500,0.613350,,,0.137,307.4
2039,0.612400,,0.657500,0.613350,,,0.136,307.5
2040,0.613817,,0.657500,0.613817,,,0.137,307.7
2041,0.610700,,0.657500,0.613817,,,0.137,307.8
2042,0.609600,,0.657500,0.613817,,,0.137,307.9
2043,0.610667,,0.657500,0.613817,,,0.136,308.1
2044,0.612667,,0.657500,0.613817,,,0.136,308.2
2045,0.611583,,0.657500,0.613817,,,0.136,308.3
2046,0.614050,,0.657500,0.614050,,,0.137,308.5
2047,0.614000,,0.657500,0.614050,,,0.205,308.7
2048,0.613450,,0.657500,0.614050,,,0.138,308.8
2049,0.618517,,0.657500,0.618517,,,0.138,309.0
2050,0.612450,,0.657500,0.618517,,,0.137,309.1
2051,0.614300,,0.657500,0.618517,,,0.137,309.2
2052,0.613333,,0.657500,0.618517,,,0.136,309.4
2053,0.612567,,0.657500,0.618517,,,0.137,309.5
2054,0.615250,,0.657500,0.618517,,,0.137,309.6
2055,0.610300,,0.657500,0.618517,,,0.137,309.8
2056,0.612650,,0.657500,0.618517,,,0.138,309.9
2057,0.614333,,0.657500,0.618517,,,0.137,310.1
2058,0.612517,,0.657500,0.618517,,,0.138,310.2
2059,0.611250,,0.657500,0.618517,,,0.137,310.3
2060,0.615150,,0.657500,0.618517,,,0.138,310.5
2061,0.611483,,0.657500,0.618517,,,0.138,310.6
2062,0.614217,,0.657500,0.618517,,,0.202,310.8
2063,0.613583,,0.657500,0.618517,,,0.136,310.9
2064,0.612617,,0.657500,0.618517,,,0.137,311.1
2065,0.614350,,0.657500,0.618517,,,0.138,311.2
2066,0.613017,,0.657500,0.618517,,,0.137,311.4
2067,0.613500,,0.657500,0.618517,,,0.136,311.5
2068,0.615317,,0.657500,0.618517,,,0.137,311.6
2069,0.611317,,0.657500,0.618517,,,0.137,311.8
2070,0.610550,,0.657500,0.618517,,,0.135,311.9
2071,0.612833,,0.657500,0.618517,,,0.136,312.0
2072,0.609550,,0.657500,0.618517,,,0.137,312.2
2073,0.615017,,0.657500,0.618517,,,0.136,312.3
2074,0.613800,,0.657500,0.618517,,,0.136,312.4
2075,0.612967,,0.657500,0.618517,,,0.136,312.6
2076,0.612367,,0.657500,0.618517,,,0.138,312.7
2077,0.614833,,0.657500,0.618517,,,0.202,312.9
2078,0.612500,,0.657500,0.618517,,,0.138,313.1
2079,0.614300,,0.657500,0.618517,,,0.137,313.2
2080,0.613600,,0.657500,0.618517,,,0.137,313.3
2081,0.615183,,0.657500,0.618517,,,0.138,313.5
2082,0.613517,,0.657500,0.618517,,,0.136,313.6
2083,0.611200,,0.657500,0.618517,,,0.139,313.7
2084,0.614300,,0.657500,0.618517,,,0.137,313.9
2085,0.613967,,0.657500,0.618517,,,0.137,314.0
2086,0.614833,,0.657500,0.618517,,,0.137,314.2
2087,0.613967,,0.657500,0.618517,,,0.138,314.3
2088,0.615783,,0.657500,0.618517,,,0.137,314.4
2089,0.611450,,0.657500,0.618517,,,0.139,314.6
2090,0.614383,,0.657500,0.618517,,,0.147,314.7
2091,0.615850,,0.657500,0.618517,,,0.138,314.9
2092,0.612467,,0.657500,0.618517,,,0.203,315.1
2093,0.613100,,0.657500,0.618517,,,0.138,315.2
2094,0.612467,,0.657500,0.618517,,,0.133,315.3
2095,0.613017,,0.657500,0.618517,,,0.137,315.5
2096,0.614117,,0.657500,0.618517,,,0.137,315.6
2097,0.612200,,0.657500,0.618517,,,0.138,315.7
2098,0.612850,,0.657500,0.618517,,,0.137,315.9
2099,0.612500,,0.657500,0.618517,,,0.137,316.0
2100,0.611367,0.6610000133514404,0.661000,0.618517,0.09275835007429123,0.6403138637542725,0.436,316.4
2101,0.613383,,0.661000,0.618517,,,0.140,316.6
2102,0.613433,,0.661000,0.618517,,,0.137,316.7
2103,0.613583,,0.661000,0.618517,,,0.137,316.9
2104,0.614433,,0.661000,0.618517,,,0.138,317.0
2105,0.616200,,0.661000,0.618517,,,0.206,317.2
2106,0.614367,,0.661000,0.618517,,,0.137,317.3
2107,0.614050,,0.661000,0.618517,,,0.138,317.5
2108,0.613983,,0.661000,0.618517,,,0.137,317.6
2109,0.613417,,0.661000,0.618517,,,0.137,317.8
2110,0.615083,,0.661000,0.618517,,,0.138,317.9
2111,0.610517,,0.661000,0.618517,,,0.138,318.0
2112,0.614317,,0.661000,0.618517,,,0.137,318.2
2113,0.613117,,0.661000,0.618517,,,0.136,318.3
2114,0.615933,,0.661000,0.618517,,,0.137,318.4
2115,0.614233,,0.661000,0.618517,,,0.137,318.6
2116,0.616433,,0.661000,0.618517,,,0.137,318.7
2117,0.613017,,0.661000,0.618517,,,0.137,318.9
2118,0.614300,,0.661000,0.618517,,,0.137,319.0
2119,0.614533,,0.661000,0.618517,,,0.201,319.2
2120,0.614183,,0.661000,0.618517,,,0.137,319.3
2121,0.613900,,0.661000,0.618517,,,0.137,319.5
2122,0.615683,,0.661000,0.618517,,,0.138,319.6
2123,0.615883,,0.661000,0.618517,,,0.137,319.7
2124,0.616233,,0.661000,0.618517,,,0.138,319.9
2125,0.613983,,0.661000,0.618517,,,0.138,320.0
2126,0.612900,,0.661000,0.618517,,,0.136,320.2
2127,0.614417,,0.661000,0.618517,,,0.138,320.3
2128,0.614183,,0.661000,0.618517,,,0.135,320.4
2129,0.615133,,0.661000,0.618517,,,0.137,320.6
2130,0.612317,,0.661000,0.618517,,,0.136,320.7
2131,0.614417,,0.661000,0.618517,,,0.135,320.8
2132,0.614150,,0.661000,0.618517,,,0.136,321.0
2133,0.614667,,0.661000,0.618517,,,0.138,321.1
2134,0.614000,,0.661000,0.618517,,,0.204,321.3
2135,0.615300,,0.661000,0.618517,,,0.137,321.4
2136,0.614350,,0.661000,0.618517,,,0.138,321.6
2137,0.613350,,0.661000,0.618517,,,0.136,321.7
2138,0.613067,,0.661000,0.618517,,,0.136,321.9
2139,0.613200,,0.661000,0.618517,,,0.136,322.0
2140,0.614700,,0.661000,0.618517,,,0.136,322.1
2141,0.615283,,0.661000,0.618517,,,0.137,322.3
2142,0.614633,,0.661000,0.618517,,,0.137,322.4
2143,0.616133,,0.661000,0.618517,,,0.137,322.5
2144,0.614117,,0.661000,0.618517,,,0.136,322.7
2145,0.614850,,0.661000,0.618517,,,0.137,322.8
2146,0.612500,,0.661000,0.618517,,,0.137,323.0
2147,0.614750,,0.661000,0.618517,,,0.136,323.1
2148,0.613350,,0.661000,0.618517,,,0.135,323.2
2149,0.613383,,0.661000,0.618517,,,0.201,323.4
2150,0.614533,,0.661000,0.618517,,,0.140,323.6
2151,0.616017,,0.661000,0.618517,,,0.137,323.7
2152,0.614700,,0.661000,0.618517,,,0.135,323.8
2153,0.612583,,0.661000,0.618517,,,0.137,324.0
2154,0.614617,,0.661000,0.618517,,,0.138,324.1
2155,0.611950,,0.661000,0.618517,,,0.138,324.2
2156,0.613700,,0.661000,0.618517,,,0.136,324.4
2157,0.614633,,0.661000,0.618517,,,0.136,324.5
2158,0.615650,,0.661000,0.618517,,,0.137,324.7
2159,0.612600,,0.661000,0.618517,,,0.139,324.8
2160,0.613533,,0.661000,0.618517,,,0.137,324.9
2161,0.612733,,0.661000,0.618517,,,0.136,325.1
2162,0.614867,,0.661000,0.618517,,,0.138,325.2
2163,0.611817,,0.661000,0.618517,,,0.137,325.3
2164,0.614833,,0.661000,0.618517,,,0.202,325.5
2165,0.614383,,0.661000,0.618517,,,0.136,325.7
2166,0.612883,,0.661000,0.618517,,,0.138,325.8
2167,0.613083,,0.661000,0.618517,,,0.137,326.0
2168,0.613117,,0.661000,0.618517,,,0.137,326.1
2169,0.613867,,0.661000,0.618517,,,0.137,326.2
2170,0.614167,,0.661000,0.618517,,,0.138,326.4
2171,0.613200,,0.661000,0.618517,,,0.150,326.5
2172,0.613033,,0.661000,0.618517,,,0.137,326.7
2173,0.613133,,0.661000,0.618517,,,0.138,326.8
2174,0.616383,,0.661000,0.618517,,,0.136,326.9
2175,0.615500,,0.661000,0.618517,,,0.138,327.1
2176,0.614983,,0.661000,0.618517,,,0.137,327.2
2177,0.613917,,0.661000,0.618517,,,0.136,327.3
2178,0.614067,,0.661000,0.618517,,,0.138,327.5
2179,0.612317,,0.661000,0.618517,,,0.202,327.7
2180,0.613917,,0.661000,0.618517,,,0.137,327.8
2181,0.612517,,0.661000,0.618517,,,0.135,328.0
2182,0.615283,,0.661000,0.618517,,,0.137,328.1
2183,0.616817,,0.661000,0.618517,,,0.136,328.2
2184,0.615733,,0.661000,0.618517,,,0.136,328.4
2185,0.615133,,0.661000,0.618517,,,0.136,328.5
2186,0.614550,,0.661000,0.618517,,,0.135,328.6
2187,0.615567,,0.661000,0.618517,,,0.135,328.8
2188,0.617750,,0.661000,0.618517,,,0.137,328.9
2189,0.613833,,0.661000,0.618517,,,0.137,329.0
2190,0.615183,,0.661000,0.618517,,,0.139,329.2
2191,0.614833,,0.661000,0.618517,,,0.137,329.3
2192,0.615317,,0.661000,0.618517,,,0.137,329.5
2193,0.614817,,0.661000,0.618517,,,0.137,329.6
2194,0.615017,,0.661000,0.618517,,,0.206,329.8
2195,0.613317,,0.661000,0.618517,,,0.135,329.9
2196,0.612167,,0.661000,0.618517,,,0.132,330.1
2197,0.614250,,0.661000,0.618517,,,0.135,330.2
2198,0.614200,,0.661000,0.618517,,,0.137,330.3
2199,0.616600,,0.661000,0.618517,,,0.137,330.5
2200,0.613867,0.6565000414848328,0.661000,0.618517,0.09050735831260681,0.642146646976471,0.433,330.9
2201,0.613550,,0.661000,0.618517,,,0.138,331.0
2202,0.618400,,0.661000,0.618517,,,0.138,331.2
2203,0.613250,,0.661000,0.618517,,,0.136,331.3
2204,0.614133,,0.661000,0.618517,,,0.137,331.5
2205,0.614383,,0.661000,0.618517,,,0.136,331.6
2206,0.613450,,0.661000,0.618517,,,0.138,331.7
2207,0.613950,,0.661000,0.618517,,,0.203,331.9
2208,0.613217,,0.661000,0.618517,,,0.137,332.1
2209,0.614300,,0.661000,0.618517,,,0.137,332.2
2210,0.616300,,0.661000,0.618517,,,0.137,332.3
2211,0.616467,,0.661000,0.618517,,,0.137,332.5
2212,0.616000,,0.661000,0.618517,,,0.135,332.6
2213,0.615233,,0.661000,0.618517,,,0.137,332.8
2214,0.614683,,0.661000,0.618517,,,0.136,332.9
2215,0.616167,,0.661000,0.618517,,,0.136,333.0
2216,0.614167,,0.661000,0.618517,,,0.137,333.2
2217,0.615450,,0.661000,0.618517,,,0.137,333.3
2218,0.615117,,0.661000,0.618517,,,0.137,333.4
2219,0.615633,,0.661000,0.618517,,,0.139,333.6
2220,0.614083,,0.661000,0.618517,,,0.138,333.7
2221,0.614633,,0.661000,0.618517,,,0.200,333.9
2222,0.616167,,0.661000,0.618517,,,0.136,334.0
2223,0.613017,,0.661000,0.618517,,,0.136,334.2
2224,0.614067,,0.661000,0.618517,,,0.139,334.3
2225,0.614567,,0.661000,0.618517,,,0.138,334.5
2226,0.614733,,0.661000,0.618517,,,0.145,334.6
2227,0.614467,,0.661000,0.618517,,,0.148,334.8
2228,0.614933,,0.661000,0.618517,,,0.136,334.9
2229,0.613800,,0.661000,0.618517,,,0.137,335.0
2230,0.613233,,0.661000,0.618517,,,0.137,335.2
2231,0.614333,,0.661000,0.618517,,,0.138,335.3
2232,0.616183,,0.661000,0.618517,,,0.139,335.4
2233,0.614067,,0.661000,0.618517,,,0.166,335.6
2234,0.614983,,0.661000,0.618517,,,0.133,335.7
2235,0.614867,,0.661000,0.618517,,,0.139,335.9
2236,0.616200,,0.661000,0.618517,,,0.138,336.0
2237,0.615583,,0.661000,0.618517,,,0.136,336.2
2238,0.615183,,0.661000,0.618517,,,0.137,336.3
2239,0.613817,,0.661000,0.618517,,,0.137,336.4
2240,0.615283,,0.661000,0.618517,,,0.162,336.6
2241,0.614450,,0.661000,0.618517,,,0.174,336.8
2242,0.617100,,0.661000,0.618517,,,0.138,336.9
2243,0.613883,,0.661000,0.618517,,,0.136,337.0
2244,0.616867,,0.661000,0.618517,,,0.137,337.2
2245,0.616600,,0.661000,0.618517,,,0.136,337.3
2246,0.617417,,0.661000,0.618517,,,0.137,337.4
2247,0.616700,,0.661000,0.618517,,,0.139,337.6
2248,0.614217,,0.661000,0.618517,,,0.137,337.7
2249,0.613150,,0.661000,0.618517,,,0.145,337.9
2250,0.615867,,0.661000,0.618517,,,0.139,338.0
2251,0.613933,,0.661000,0.618517,,,0.137,338.1
2252,0.618433,,0.661000,0.618517,,,0.148,338.3
2253,0.614850,,0.661000,0.618517,,,0.138,338.4
2254,0.616083,,0.661000,0.618517,,,0.136,338.6
2255,0.614467,,0.661000,0.618517,,,0.137,338.7
2256,0.614617,,0.661000,0.618517,,,0.136,338.8
2257,0.614233,,0.661000,0.618517,,,0.138,339.0
2258,0.617117,,0.661000,0.618517,,,0.135,339.1
2259,0.614083,,0.661000,0.618517,,,0.137,339.2
2260,0.612483,,0.661000,0.618517,,,0.136,339.4
2261,0.613217,,0.661000,0.618517,,,0.137,339.5
2262,0.615917,,0.661000,0.618517,,,0.137,339.7
2263,0.616200,,0.661000,0.618517,,,0.137,339.8
2264,0.615183,,0.661000,0.618517,,,0.202,340.0
2265,0.615167,,0.661000,0.618517,,,0.137,340.1
2266,0.615317,,0.661000,0.618517,,,0.136,340.3
2267,0.614500,,0.661000,0.618517,,,0.136,340.4
2268,0.615267,,0.661000,0.618517,,,0.137,340.5
2269,0.615483,,0.661000,0.618517,,,0.137,340.7
2270,0.617717,,0.661000,0.618517,,,0.136,340.8
2271,0.612300,,0.661000,0.618517,,,0.137,341.0
2272,0.617400,,0.661000,0.618517,,,0.136,341.1
2273,0.615250,,0.661000,0.618517,,,0.138,341.2
2274,0.614850,,0.661000,0.618517,,,0.135,341.4
2275,0.615600,,0.661000,0.618517,,,0.138,341.5
2276,0.616533,,0.661000,0.618517,,,0.137,341.6
2277,0.615100,,0.661000,0.618517,,,0.137,341.8
2278,0.615317,,0.661000,0.618517,,,0.138,341.9
2279,0.614017,,0.661000,0.618517,,,0.209,342.1
2280,0.614150,,0.661000,0.618517,,,0.138,342.3
2281,0.616517,,0.661000,0.618517,,,0.138,342.4
2282,0.614467,,0.661000,0.618517,,,0.136,342.5
2283,0.614733,,0.661000,0.618517,,,0.137,342.7
2284,0.617100,,0.661000,0.618517,,,0.137,342.8
2285,0.615950,,0.661000,0.618517,,,0.138,342.9
2286,0.615067,,0.661000,0.618517,,,0.137,343.1
2287,0.615750,,0.661000,0.618517,,,0.137,343.2
2288,0.616883,,0.661000,0.618517,,,0.137,343.4
2289,0.616817,,0.661000,0.618517,,,0.137,343.5
2290,0.614283,,0.661000,0.618517,,,0.137,343.6
2291,0.615650,,0.661000,0.618517,,,0.139,343.8
2292,0.614383,,0.661000,0.618517,,,0.144,343.9
2293,0.615933,,0.661000,0.618517,,,0.142,344.1
2294,0.615883,,0.661000,0.618517,,,0.210,344.3
2295,0.617350,,0.661000,0.618517,,,0.143,344.4
2296,0.612733,,0.661000,0.618517,,,0.139,344.5
2297,0.616950,,0.661000,0.618517,,,0.141,344.7
2298,0.617183,,0.661000,0.618517,,,0.139,344.8
2299,0.616350,,0.661000,0.618517,,,0.140,345.0
2300,0.614967,0.659500002861023,0.661000,0.618517,0.09204878658056259,0.6428582668304443,0.455,345.4
2301,0.615400,,0.661000,0.618517,,,0.136,345.6
2302,0.617367,,0.661000,0.618517,,,0.140,345.7
2303,0.615817,,0.661000,0.618517,,,0.139,345.8
2304,0.613283,,0.661000,0.618517,,,0.139,346.0
2305,0.615083,,0.661000,0.618517,,,0.133,346.1
2306,0.613833,,0.661000,0.618517,,,0.142,346.3
2307,0.617217,,0.661000,0.618517,,,0.141,346.4
2308,0.615050,,0.661000,0.618517,,,0.139,346.5
2309,0.613467,,0.661000,0.618517,,,0.139,346.7
2310,0.615250,,0.661000,0.618517,,,0.138,346.8
2311,0.616967,,0.661000,0.618517,,,0.139,346.9
2312,0.614617,,0.661000,0.618517,,,0.138,347.1
2313,0.613417,,0.661000,0.618517,,,0.135,347.2
2314,0.613233,,0.661000,0.618517,,,0.136,347.4
2315,0.616700,,0.661000,0.618517,,,0.137,347.5
2316,0.612017,,0.661000,0.618517,,,0.138,347.6
2317,0.614567,,0.661000,0.618517,,,0.138,347.8
2318,0.615667,,0.661000,0.618517,,,0.136,347.9
2319,0.615400,,0.661000,0.618517,,,0.141,348.0
2320,0.614100,,0.661000,0.618517,,,0.140,348.2
2321,0.615583,,0.661000,0.618517,,,0.208,348.4
2322,0.612767,,0.661000,0.618517,,,0.141,348.5
2323,0.614850,,0.661000,0.618517,,,0.139,348.7
2324,0.615200,,0.661000,0.618517,,,0.139,348.8
2325,0.615767,,0.661000,0.618517,,,0.138,349.0
2326,0.615000,,0.661000,0.618517,,,0.138,349.1
2327,0.615283,,0.661000,0.618517,,,0.140,349.2
2328,0.614550,,0.661000,0.618517,,,0.139,349.4
2329,0.613100,,0.661000,0.618517,,,0.139,349.5
2330,0.614617,,0.661000,0.618517,,,0.138,349.6
2331,0.614800,,0.661000,0.618517,,,0.151,349.8
2332,0.617350,,0.661000,0.618517,,,0.140,349.9
2333,0.614967,,0.661000,0.618517,,,0.139,350.1
2334,0.614867,,0.661000,0.618517,,,0.138,350.2
2335,0.614817,,0.661000,0.618517,,,0.136,350.4
2336,0.615117,,0.661000,0.618517,,,0.203,350.6
2337,0.615867,,0.661000,0.618517,,,0.138,350.7
2338,0.616583,,0.661000,0.618517,,,0.136,350.8
2339,0.614283,,0.661000,0.618517,,,0.137,351.0
2340,0.614600,,0.661000,0.618517,,,0.138,351.1
2341,0.614333,,0.661000,0.618517,,,0.136,351.2
2342,0.615550,,0.661000,0.618517,,,0.138,351.4
2343,0.617400,,0.661000,0.618517,,,0.138,351.5
2344,0.616650,,0.661000,0.618517,,,0.136,351.7
2345,0.616833,,0.661000,0.618517,,,0.136,351.8
2346,0.615117,,0.661000,0.618517,,,0.137,351.9
2347,0.615900,,0.661000,0.618517,,,0.139,352.1
2348,0.615217,,0.661000,0.618517,,,0.140,352.2
2349,0.615183,,0.661000,0.618517,,,0.140,352.3
2350,0.613900,,0.661000,0.618517,,,0.138,352.5
2351,0.615617,,0.661000,0.618517,,,0.205,352.7
2352,0.615133,,0.661000,0.618517,,,0.139,352.8
2353,0.613733,,0.661000,0.618517,,,0.138,353.0
2354,0.615150,,0.661000,0.618517,,,0.136,353.1
2355,0.614800,,0.661000,0.618517,,,0.138,353.2
2356,0.617317,,0.661000,0.618517,,,0.138,353.4
2357,0.615617,,0.661000,0.618517,,,0.137,353.5
2358,0.614317,,0.661000,0.618517,,,0.136,353.6
2359,0.616217,,0.661000,0.618517,,,0.139,353.8
2360,0.615283,,0.661000,0.618517,,,0.137,353.9
2361,0.615350,,0.661000,0.618517,,,0.136,354.1
2362,0.612833,,0.661000,0.618517,,,0.137,354.2
2363,0.616633,,0.661000,0.618517,,,0.138,354.3
2364,0.613083,,0.661000,0.618517,,,0.136,354.5
2365,0.616650,,0.661000,0.618517,,,0.138,354.6
2366,0.616667,,0.661000,0.618517,,,0.210,354.8
2367,0.616933,,0.661000,0.618517,,,0.143,355.0
2368,0.616083,,0.661000,0.618517,,,0.141,355.1
2369,0.616850,,0.661000,0.618517,,,0.145,355.2
2370,0.614917,,0.661000,0.618517,,,0.141,355.4
2371,0.614983,,0.661000,0.618517,,,0.139,355.5
2372,0.617117,,0.661000,0.618517,,,0.140,355.7
2373,0.616200,,0.661000,0.618517,,,0.140,355.8
2374,0.615400,,0.661000,0.618517,,,0.140,355.9
2375,0.616883,,0.661000,0.618517,,,0.137,356.1
2376,0.619350,,0.661000,0.619350,,,0.140,356.2
2377,0.615983,,0.661000,0.619350,,,0.140,356.4
2378,0.615933,,0.661000,0.619350,,,0.140,356.5
2379,0.614650,,0.661000,0.619350,,,0.137,356.6
2380,0.617200,,0.661000,0.619350,,,0.140,356.8
2381,0.615767,,0.661000,0.619350,,,0.205,357.0
2382,0.615350,,0.661000,0.619350,,,0.136,357.1
2383,0.616333,,0.661000,0.619350,,,0.138,357.3
2384,0.616017,,0.661000,0.619350,,,0.138,357.4
2385,0.616117,,0.661000,0.619350,,,0.138,357.5
2386,0.616667,,0.661000,0.619350,,,0.138,357.7
2387,0.614850,,0.661000,0.619350,,,0.135,357.8
2388,0.614700,,0.661000,0.619350,,,0.137,357.9
2389,0.615783,,0.661000,0.619350,,,0.136,358.1
2390,0.615017,,0.661000,0.619350,,,0.135,358.2
2391,0.614933,,0.661000,0.619350,,,0.136,358.4
2392,0.616517,,0.661000,0.619350,,,0.137,358.5
2393,0.615600,,0.661000,0.619350,,,0.141,358.6
2394,0.618650,,0.661000,0.619350,,,0.142,358.8
2395,0.615050,,0.661000,0.619350,,,0.139,358.9
2396,0.614100,,0.661000,0.619350,,,0.203,359.1
2397,0.619933,,0.661000,0.619933,,,0.140,359.3
2398,0.616767,,0.661000,0.619933,,,0.140,359.4
2399,0.616650,,0.661000,0.619933,,,0.140,359.5
2400,0.615183,0.6600000262260437,0.661000,0.619933,0.09151808172464371,0.6497748494148254,0.446,360.0
2401,0.614167,,0.661000,0.619933,,,0.139,360.1
2402,0.616117,,0.661000,0.619933,,,0.140,360.3
2403,0.615350,,0.661000,0.619933,,,0.138,360.4
2404,0.616767,,0.661000,0.619933,,,0.141,360.5
2405,0.618100,,0.661000,0.619933,,,0.140,360.7
2406,0.616617,,0.661000,0.619933,,,0.139,360.8
2407,0.619017,,0.661000,0.619933,,,0.137,361.0
2408,0.615800,,0.661000,0.619933,,,0.149,361.1
2409,0.614900,,0.661000,0.619933,,,0.204,361.3
2410,0.615083,,0.661000,0.619933,,,0.136,361.4
2411,0.618767,,0.661000,0.619933,,,0.138,361.6
2412,0.616133,,0.661000,0.619933,,,0.138,361.7
2413,0.617100,,0.661000,0.619933,,,0.136,361.9
2414,0.619683,,0.661000,0.619933,,,0.138,362.0
2415,0.616700,,0.661000,0.619933,,,0.139,362.1
2416,0.615883,,0.661000,0.619933,,,0.138,362.3
2417,0.621267,,0.661000,0.621267,,,0.136,362.4
2418,0.619500,,0.661000,0.621267,,,0.136,362.5
2419,0.615033,,0.661000,0.621267,,,0.139,362.7
2420,0.617333,,0.661000,0.621267,,,0.139,362.8
2421,0.616567,,0.661000,0.621267,,,0.138,363.0
2422,0.617233,,0.661000,0.621267,,,0.138,363.1
2423,0.617133,,0.661000,0.621267,,,0.139,363.2
2424,0.617417,,0.661000,0.621267,,,0.205,363.4
2425,0.617083,,0.661000,0.621267,,,0.136,363.6
2426,0.617817,,0.661000,0.621267,,,0.137,363.7
2427,0.616133,,0.661000,0.621267,,,0.136,363.8
2428,0.616000,,0.661000,0.621267,,,0.137,364.0
2429,0.616383,,0.661000,0.621267,,,0.137,364.1
2430,0.616883,,0.661000,0.621267,,,0.136,364.3
2431,0.616083,,0.661000,0.621267,,,0.139,364.4
2432,0.617600,,0.661000,0.621267,,,0.137,364.5
2433,0.615617,,0.661000,0.621267,,,0.136,364.7
2434,0.613450,,0.661000,0.621267,,,0.137,364.8
2435,0.616500,,0.661000,0.621267,,,0.138,364.9
2436,0.616617,,0.661000,0.621267,,,0.137,365.1
2437,0.617033,,0.661000,0.621267,,,0.136,365.2
2438,0.616533,,0.661000,0.621267,,,0.139,365.4
2439,0.619133,,0.661000,0.621267,,,0.213,365.6
2440,0.615450,,0.661000,0.621267,,,0.137,365.7
2441,0.618100,,0.661000,0.621267,,,0.135,365.8
2442,0.618733,,0.661000,0.621267,,,0.137,366.0
2443,0.617683,,0.661000,0.621267,,,0.196,366.2
2444,0.617683,,0.661000,0.621267,,,0.137,366.3
2445,0.617467,,0.661000,0.621267,,,0.137,366.5
2446,0.616367,,0.661000,0.621267,,,0.135,366.6
2447,0.618267,,0.661000,0.621267,,,0.137,366.7
2448,0.617267,,0.661000,0.621267,,,0.134,366.9
2449,0.617033,,0.661000,0.621267,,,0.137,367.0
2450,0.617217,,0.661000,0.621267,,,0.135,367.1
2451,0.616817,,0.661000,0.621267,,,0.137,367.3
2452,0.620200,,0.661000,0.621267,,,0.136,367.4
2453,0.615800,,0.661000,0.621267,,,0.137,367.5
2454,0.618417,,0.661000,0.621267,,,0.201,367.7
2455,0.617250,,0.661000,0.621267,,,0.137,367.9
2456,0.617517,,0.661000,0.621267,,,0.136,368.0
2457,0.617217,,0.661000,0.621267,,,0.138,368.2
2458,0.616233,,0.661000,0.621267,,,0.137,368.3
2459,0.617083,,0.661000,0.621267,,,0.138,368.4
2460,0.618883,,0.661000,0.621267,,,0.136,368.6
2461,0.618200,,0.661000,0.621267,,,0.136,368.7
2462,0.615283,,0.661000,0.621267,,,0.136,368.8
2463,0.616800,,0.661000,0.621267,,,0.136,369.0
2464,0.617017,,0.661000,0.621267,,,0.136,369.1
2465,0.617983,,0.661000,0.621267,,,0.135,369.2
2466,0.617767,,0.661000,0.621267,,,0.137,369.4
2467,0.618700,,0.661000,0.621267,,,0.136,369.5
2468,0.618400,,0.661000,0.621267,,,0.137,369.7
2469,0.618850,,0.661000,0.621267,,,0.203,369.9
2470,0.616767,,0.661000,0.621267,,,0.136,370.0
2471,0.616567,,0.661000,0.621267,,,0.136,370.1
2472,0.617483,,0.661000,0.621267,,,0.136,370.3
2473,0.617600,,0.661000,0.621267,,,0.136,370.4
2474,0.619183,,0.661000,0.621267,,,0.136,370.5
2475,0.616067,,0.661000,0.621267,,,0.135,370.7
2476,0.616300,,0.661000,0.621267,,,0.137,370.8
2477,0.618100,,0.661000,0.621267,,,0.136,370.9
2478,0.617683,,0.661000,0.621267,,,0.137,371.1
2479,0.618917,,0.661000,0.621267,,,0.137,371.2
2480,0.618700,,0.661000,0.621267,,,0.137,371.4
2481,0.618583,,0.661000,0.621267,,,0.138,371.5
2482,0.617300,,0.661000,0.621267,,,0.137,371.6
2483,0.617233,,0.661000,0.621267,,,0.138,371.8
2484,0.618350,,0.661000,0.621267,,,0.204,372.0
2485,0.615733,,0.661000,0.621267,,,0.136,372.1
2486,0.613950,,0.661000,0.621267,,,0.136,372.2
2487,0.617917,,0.661000,0.621267,,,0.137,372.4
2488,0.618233,,0.661000,0.621267,,,0.137,372.5
2489,0.616000,,0.661000,0.621267,,,0.137,372.7
2490,0.618917,,0.661000,0.621267,,,0.136,372.8
2491,0.617350,,0.661000,0.621267,,,0.137,372.9
2492,0.616750,,0.661000,0.621267,,,0.137,373.1
2493,0.617500,,0.661000,0.621267,,,0.136,373.2
2494,0.617917,,0.661000,0.621267,,,0.137,373.3
2495,0.617067,,0.661000,0.621267,,,0.136,373.5
2496,0.616500,,0.661000,0.621267,,,0.136,373.6
2497,0.618350,,0.661000,0.621267,,,0.136,373.7
2498,0.616883,,0.661000,0.621267,,,0.137,373.9
2499,0.616917,,0.661000,0.621267,,,0.206,374.1
2500,0.617117,0.6625000238418579,0.662500,0.621267,0.0918065682053566,0.6467268466949463,0.436,374.5
2501,0.616917,,0.662500,0.621267,,,0.139,374.7
2502,0.618750,,0.662500,0.621267,,,0.137,374.8
2503,0.615267,,0.662500,0.621267,,,0.137,374.9
2504,0.616683,,0.662500,0.621267,,,0.138,375.1
2505,0.618067,,0.662500,0.621267,,,0.138,375.2
2506,0.616617,,0.662500,0.621267,,,0.141,375.4
2507,0.618867,,0.662500,0.621267,,,0.139,375.5
2508,0.619817,,0.662500,0.621267,,,0.142,375.6
2509,0.618750,,0.662500,0.621267,,,0.137,375.8
2510,0.618983,,0.662500,0.621267,,,0.136,375.9
2511,0.617717,,0.662500,0.621267,,,0.139,376.0
2512,0.616833,,0.662500,0.621267,,,0.204,376.3
2513,0.618867,,0.662500,0.621267,,,0.136,376.4
2514,0.617850,,0.662500,0.621267,,,0.137,376.5
2515,0.616433,,0.662500,0.621267,,,0.137,376.7
2516,0.618817,,0.662500,0.621267,,,0.137,376.8
2517,0.617200,,0.662500,0.621267,,,0.134,376.9
2518,0.617650,,0.662500,0.621267,,,0.137,377.1
2519,0.619583,,0.662500,0.621267,,,0.138,377.2
2520,0.619117,,0.662500,0.621267,,,0.137,377.3
2521,0.618450,,0.662500,0.621267,,,0.138,377.5
2522,0.618000,,0.662500,0.621267,,,0.139,377.6
2523,0.616933,,0.662500,0.621267,,,0.138,377.8
2524,0.620833,,0.662500,0.621267,,,0.137,377.9
2525,0.617817,,0.662500,0.621267,,,0.138,378.0
2526,0.615600,,0.662500,0.621267,,,0.139,378.2
2527,0.619483,,0.662500,0.621267,,,0.203,378.4
2528,0.618033,,0.662500,0.621267,,,0.136,378.5
2529,0.616950,,0.662500,0.621267,,,0.138,378.7
2530,0.618433,,0.662500,0.621267,,,0.138,378.8
2531,0.615850,,0.662500,0.621267,,,0.137,378.9
2532,0.616883,,0.662500,0.621267,,,0.139,379.1
2533,0.618383,,0.662500,0.621267,,,0.137,379.2
2534,0.619033,,0.662500,0.621267,,,0.137,379.3
2535,0.618433,,0.662500,0.621267,,,0.136,379.5
2536,0.618667,,0.662500,0.621267,,,0.137,379.6
2537,0.616700,,0.662500,0.621267,,,0.136,379.7
2538,0.617000,,0.662500,0.621267,,,0.137,379.9
2539,0.617000,,0.662500,0.621267,,,0.136,380.0
2540,0.618350,,0.662500,0.621267,,,0.138,380.2
2541,0.618683,,0.662500,0.621267,,,0.137,380.3
2542,0.616333,,0.662500,0.621267,,,0.197,380.5
2543,0.617500,,0.662500,0.621267,,,0.137,380.6
2544,0.618250,,0.662500,0.621267,,,0.137,380.8
2545,0.617667,,0.662500,0.621267,,,0.137,380.9
2546,0.619400,,0.662500,0.621267,,,0.138,381.0
2547,0.620233,,0.662500,0.621267,,,0.138,381.2
2548,0.620233,,0.662500,0.621267,,,0.137,381.3
2549,0.619633,,0.662500,0.621267,,,0.138,381.5
2550,0.618250,,0.662500,0.621267,,,0.136,381.6
2551,0.619117,,0.662500,0.621267,,,0.139,381.7
2552,0.620000,,0.662500,0.621267,,,0.137,381.9
2553,0.619650,,0.662500,0.621267,,,0.136,382.0
2554,0.618417,,0.662500,0.621267,,,0.137,382.1
2555,0.619817,,0.662500,0.621267,,,0.137,382.3
2556,0.619850,,0.662500,0.621267,,,0.138,382.4
2557,0.619000,,0.662500,0.621267,,,0.203,382.6
2558,0.618967,,0.662500,0.621267,,,0.139,382.8
2559,0.619017,,0.662500,0.621267,,,0.137,382.9
2560,0.618967,,0.662500,0.621267,,,0.136,383.0
2561,0.619167,,0.662500,0.621267,,,0.138,383.2
2562,0.619167,,0.662500,0.621267,,,0.137,383.3
2563,0.621083,,0.662500,0.621267,,,0.137,383.4
2564,0.617150,,0.662500,0.621267,,,0.137,383.6
2565,0.618867,,0.662500,0.621267,,,0.136,383.7
2566,0.617317,,0.662500,0.621267,,,0.135,383.9
2567,0.619267,,0.662500,0.621267,,,0.137,384.0
2568,0.619417,,0.662500,0.621267,,,0.136,384.1
2569,0.618600,,0.662500,0.621267,,,0.137,384.3
2570,0.621033,,0.662500,0.621267,,,0.137,384.4
2571,0.617200,,0.662500,0.621267,,,0.136,384.5
2572,0.617917,,0.662500,0.621267,,,0.204,384.7
2573,0.618633,,0.662500,0.621267,,,0.136,384.9
2574,0.618650,,0.662500,0.621267,,,0.137,385.0
2575,0.618767,,0.662500,0.621267,,,0.137,385.1
2576,0.620883,,0.662500,0.621267,,,0.137,385.3
2577,0.618367,,0.662500,0.621267,,,0.138,385.4
2578,0.619117,,0.662500,0.621267,,,0.135,385.6
2579,0.618800,,0.662500,0.621267,,,0.137,385.7
2580,0.616700,,0.662500,0.621267,,,0.135,385.8
2581,0.619700,,0.662500,0.621267,,,0.138,386.0
2582,0.619233,,0.662500,0.621267,,,0.137,386.1
2583,0.620400,,0.662500,0.621267,,,0.138,386.2
2584,0.619433,,0.662500,0.621267,,,0.136,386.4
2585,0.618117,,0.662500,0.621267,,,0.137,386.5
2586,0.617950,,0.662500,0.621267,,,0.137,386.7
2587,0.619300,,0.662500,0.621267,,,0.203,386.9
2588,0.617883,,0.662500,0.621267,,,0.138,387.0
2589,0.619100,,0.662500,0.621267,,,0.138,387.1
2590,0.618383,,0.662500,0.621267,,,0.138,387.3
2591,0.618783,,0.662500,0.621267,,,0.137,387.4
2592,0.616950,,0.662500,0.621267,,,0.136,387.5
2593,0.618750,,0.662500,0.621267,,,0.138,387.7
2594,0.620183,,0.662500,0.621267,,,0.137,387.8
2595,0.617383,,0.662500,0.621267,,,0.136,388.0
2596,0.620683,,0.662500,0.621267,,,0.137,388.1
2597,0.617517,,0.662500,0.621267,,,0.137,388.2
2598,0.620467,,0.662500,0.621267,,,0.136,388.4
2599,0.617333,,0.662500,0.621267,,,0.137,388.5
2600,0.618317,0.6625000238418579,0.662500,0.621267,0.09221833944320679,0.6460959911346436,0.449,388.9
2601,0.619867,,0.662500,0.621267,,,0.221,389.2
2602,0.617750,,0.662500,0.621267,,,0.138,389.3
2603,0.620117,,0.662500,0.621267,,,0.137,389.4
2604,0.616100,,0.662500,0.621267,,,0.135,389.6
2605,0.618817,,0.662500,0.621267,,,0.139,389.7
2606,0.620267,,0.662500,0.621267,,,0.135,389.9
2607,0.618700,,0.662500,0.621267,,,0.138,390.0
2608,0.619000,,0.662500,0.621267,,,0.136,390.1
2609,0.620500,,0.662500,0.621267,,,0.137,390.3
2610,0.618067,,0.662500,0.621267,,,0.138,390.4
2611,0.617800,,0.662500,0.621267,,,0.138,390.5
2612,0.618400,,0.662500,0.621267,,,0.137,390.7
2613,0.619183,,0.662500,0.621267,,,0.137,390.8
2614,0.619667,,0.662500,0.621267,,,0.203,391.0
2615,0.618767,,0.662500,0.621267,,,0.137,391.2
2616,0.619417,,0.662500,0.621267,,,0.135,391.3
2617,0.618083,,0.662500,0.621267,,,0.138,391.4
2618,0.616867,,0.662500,0.621267,,,0.136,391.6
2619,0.620050,,0.662500,0.621267,,,0.136,391.7
2620,0.618983,,0.662500,0.621267,,,0.137,391.8
2621,0.620867,,0.662500,0.621267,,,0.137,392.0
2622,0.619867,,0.662500,0.621267,,,0.136,392.1
2623,0.618867,,0.662500,0.621267,,,0.135,392.2
2624,0.618833,,0.662500,0.621267,,,0.136,392.4
2625,0.617567,,0.662500,0.621267,,,0.137,392.5
2626,0.617417,,0.662500,0.621267,,,0.137,392.7
2627,0.619600,,0.662500,0.621267,,,0.136,392.8
2628,0.619050,,0.662500,0.621267,,,0.135,392.9
2629,0.619217,,0.662500,0.621267,,,0.207,393.1
2630,0.621917,,0.662500,0.621917,,,0.136,393.3
2631,0.616683,,0.662500,0.621917,,,0.137,393.4
2632,0.618550,,0.662500,0.621917,,,0.137,393.5
2633,0.620617,,0.662500,0.621917,,,0.137,393.7
2634,0.618533,,0.662500,0.621917,,,0.137,393.8
2635,0.618033,,0.662500,0.621917,,,0.137,394.0
2636,0.617900,,0.662500,0.621917,,,0.136,394.1
2637,0.617583,,0.662500,0.621917,,,0.137,394.2
2638,0.619817,,0.662500,0.621917,,,0.136,394.4
2639,0.617017,,0.662500,0.621917,,,0.136,394.5
2640,0.619550,,0.662500,0.621917,,,0.137,394.6
2641,0.619333,,0.662500,0.621917,,,0.137,394.8
2642,0.621167,,0.662500,0.621917,,,0.136,394.9
2643,0.620650,,0.662500,0.621917,,,0.137,395.0
2644,0.618217,,0.662500,0.621917,,,0.203,395.3
2645,0.621800,,0.662500,0.621917,,,0.138,395.4
2646,0.619700,,0.662500,0.621917,,,0.161,395.5
2647,0.619300,,0.662500,0.621917,,,0.182,395.7
2648,0.619983,,0.662500,0.621917,,,0.136,395.9
2649,0.618400,,0.662500,0.621917,,,0.136,396.0
2650,0.618567,,0.662500,0.621917,,,0.137,396.1
2651,0.619467,,0.662500,0.621917,,,0.136,396.3
2652,0.618200,,0.662500,0.621917,,,0.138,396.4
2653,0.617133,,0.662500,0.621917,,,0.137,396.6
2654,0.618600,,0.662500,0.621917,,,0.136,396.7
2655,0.619267,,0.662500,0.621917,,,0.137,396.8
2656,0.619667,,0.662500,0.621917,,,0.137,397.0
2657,0.621083,,0.662500,0.621917,,,0.136,397.1
2658,0.619333,,0.662500,0.621917,,,0.169,397.3
2659,0.619967,,0.662500,0.621917,,,0.137,397.4
2660,0.619717,,0.662500,0.621917,,,0.138,397.5
2661,0.621750,,0.662500,0.621917,,,0.137,397.7
2662,0.617850,,0.662500,0.621917,,,0.136,397.8
2663,0.620467,,0.662500,0.621917,,,0.135,397.9
2664,0.619150,,0.662500,0.621917,,,0.138,398.1
2665,0.618250,,0.662500,0.621917,,,0.137,398.2
2666,0.619550,,0.662500,0.621917,,,0.133,398.4
2667,0.620683,,0.662500,0.621917,,,0.135,398.5
2668,0.621650,,0.662500,0.621917,,,0.138,398.6
2669,0.618333,,0.662500,0.621917,,,0.136,398.8
2670,0.621367,,0.662500,0.621917,,,0.136,398.9
2671,0.620033,,0.662500,0.621917,,,0.137,399.0
2672,0.617267,,0.662500,0.621917,,,0.136,399.2
2673,0.620083,,0.662500,0.621917,,,0.211,399.4
2674,0.619083,,0.662500,0.621917,,,0.135,399.5
2675,0.618350,,0.662500,0.621917,,,0.135,399.7
2676,0.622050,,0.662500,0.622050,,,0.135,399.8
2677,0.619483,,0.662500,0.622050,,,0.136,399.9
2678,0.620817,,0.662500,0.622050,,,0.135,400.1
2679,0.620767,,0.662500,0.622050,,,0.136,400.2
2680,0.619667,,0.662500,0.622050,,,0.137,400.3
2681,0.619483,,0.662500,0.622050,,,0.137,400.5
2682,0.620950,,0.662500,0.622050,,,0.136,400.6
2683,0.618700,,0.662500,0.622050,,,0.136,400.7
2684,0.619317,,0.662500,0.622050,,,0.137,400.9
2685,0.621217,,0.662500,0.622050,,,0.133,401.0
2686,0.619667,,0.662500,0.622050,,,0.136,401.2
2687,0.621117,,0.662500,0.622050,,,0.139,401.3
2688,0.619500,,0.662500,0.622050,,,0.203,401.5
2689,0.619917,,0.662500,0.622050,,,0.135,401.6
2690,0.618817,,0.662500,0.622050,,,0.136,401.8
2691,0.618317,,0.662500,0.622050,,,0.137,401.9
2692,0.619950,,0.662500,0.622050,,,0.137,402.0
2693,0.621600,,0.662500,0.622050,,,0.135,402.2
2694,0.621183,,0.662500,0.622050,,,0.135,402.3
2695,0.618150,,0.662500,0.622050,,,0.136,402.4
2696,0.622233,,0.662500,0.622233,,,0.138,402.6
2697,0.620717,,0.662500,0.622233,,,0.136,402.7
2698,0.622083,,0.662500,0.622233,,,0.135,402.9
2699,0.621433,,0.662500,0.622233,,,0.137,403.0
2700,0.620483,0.6665000319480896,0.666500,0.622233,0.0910901203751564,0.6374316215515137,0.440,403.4
2701,0.622000,,0.666500,0.622233,,,0.199,403.6
2702,0.617933,,0.666500,0.622233,,,0.138,403.8
2703,0.620800,,0.666500,0.622233,,,0.137,403.9
2704,0.620500,,0.666500,0.622233,,,0.136,404.0
2705,0.621300,,0.666500,0.622233,,,0.136,404.2
2706,0.622250,,0.666500,0.622250,,,0.135,404.3
2707,0.619533,,0.666500,0.622250,,,0.135,404.4
2708,0.620683,,0.666500,0.622250,,,0.137,404.6
2709,0.621317,,0.666500,0.622250,,,0.138,404.7
2710,0.620750,,0.666500,0.622250,,,0.137,404.9
2711,0.620317,,0.666500,0.622250,,,0.137,405.0
2712,0.619967,,0.666500,0.622250,,,0.137,405.1
2713,0.620283,,0.666500,0.622250,,,0.136,405.3
2714,0.618933,,0.666500,0.622250,,,0.138,405.4
2715,0.621367,,0.666500,0.622250,,,0.209,405.6
2716,0.619817,,0.666500,0.622250,,,0.138,405.8
2717,0.620900,,0.666500,0.622250,,,0.135,405.9
2718,0.619733,,0.666500,0.622250,,,0.137,406.0
2719,0.618200,,0.666500,0.622250,,,0.137,406.2
2720,0.620400,,0.666500,0.622250,,,0.136,406.3
2721,0.619967,,0.666500,0.622250,,,0.138,406.4
2722,0.619950,,0.666500,0.622250,,,0.137,406.6
2723,0.620433,,0.666500,0.622250,,,0.136,406.7
2724,0.620367,,0.666500,0.622250,,,0.137,406.8
2725,0.621350,,0.666500,0.622250,,,0.136,407.0
2726,0.621133,,0.666500,0.622250,,,0.137,407.1
2727,0.621217,,0.666500,0.622250,,,0.138,407.3
2728,0.620350,,0.666500,0.622250,,,0.138,407.4
2729,0.619267,,0.666500,0.622250,,,0.136,407.5
2730,0.620100,,0.666500,0.622250,,,0.200,407.7
2731,0.619217,,0.666500,0.622250,,,0.137,407.9
2732,0.621550,,0.666500,0.622250,,,0.137,408.0
2733,0.621833,,0.666500,0.622250,,,0.137,408.1
2734,0.618083,,0.666500,0.622250,,,0.138,408.3
2735,0.620850,,0.666500,0.622250,,,0.136,408.4
2736,0.622333,,0.666500,0.622333,,,0.137,408.6
2737,0.621633,,0.666500,0.622333,,,0.137,408.7
2738,0.619767,,0.666500,0.622333,,,0.138,408.8
2739,0.619983,,0.666500,0.622333,,,0.137,409.0
2740,0.618700,,0.666500,0.622333,,,0.137,409.1
2741,0.620100,,0.666500,0.622333,,,0.138,409.2
2742,0.622233,,0.666500,0.622333,,,0.136,409.4
2743,0.618967,,0.666500,0.622333,,,0.137,409.5
2744,0.620217,,0.666500,0.622333,,,0.139,409.7
2745,0.622950,,0.666500,0.622950,,,0.204,409.9
2746,0.620333,,0.666500,0.622950,,,0.136,410.0
2747,0.621150,,0.666500,0.622950,,,0.139,410.1
2748,0.620483,,0.666500,0.622950,,,0.136,410.3
2749,0.622033,,0.666500,0.622950,,,0.137,410.4
2750,0.619933,,0.666500,0.622950,,,0.137,410.5
2751,0.622367,,0.666500,0.622950,,,0.137,410.7
2752,0.619867,,0.666500,0.622950,,,0.136,410.8
2753,0.622833,,0.666500,0.622950,,,0.137,411.0
2754,0.620450,,0.666500,0.622950,,,0.137,411.1
2755,0.619533,,0.666500,0.622950,,,0.137,411.2
2756,0.621750,,0.666500,0.622950,,,0.136,411.4
2757,0.620683,,0.666500,0.622950,,,0.137,411.5
2758,0.622200,,0.666500,0.622950,,,0.135,411.6
2759,0.621767,,0.666500,0.622950,,,0.150,411.8
2760,0.619683,,0.666500,0.622950,,,0.203,412.0
2761,0.619333,,0.666500,0.622950,,,0.137,412.1
2762,0.621267,,0.666500,0.622950,,,0.136,412.3
2763,0.619933,,0.666500,0.622950,,,0.136,412.4
2764,0.620733,,0.666500,0.622950,,,0.136,412.5
2765,0.619517,,0.666500,0.622950,,,0.136,412.7
2766,0.619500,,0.666500,0.622950,,,0.136,412.8
2767,0.619583,,0.666500,0.622950,,,0.137,412.9
2768,0.618700,,0.666500,0.622950,,,0.137,413.1
2769,0.621567,,0.666500,0.622950,,,0.137,413.2
2770,0.620500,,0.666500,0.622950,,,0.137,413.4
2771,0.617967,,0.666500,0.622950,,,0.136,413.5
2772,0.620683,,0.666500,0.622950,,,0.136,413.6
2773,0.618433,,0.666500,0.622950,,,0.136,413.8
2774,0.621067,,0.666500,0.622950,,,0.136,413.9
2775,0.620417,,0.666500,0.622950,,,0.210,414.1
2776,0.620217,,0.666500,0.622950,,,0.138,414.2
2777,0.621050,,0.666500,0.622950,,,0.137,414.4
2778,0.619950,,0.666500,0.622950,,,0.136,414.5
2779,0.621117,,0.666500,0.622950,,,0.138,414.7
2780,0.620717,,0.666500,0.622950,,,0.136,414.8
2781,0.622383,,0.666500,0.622950,,,0.137,414.9
2782,0.621717,,0.666500,0.622950,,,0.137,415.1
2783,0.620967,,0.666500,0.622950,,,0.139,415.2
2784,0.622867,,0.666500,0.622950,,,0.136,415.3
2785,0.621367,,0.666500,0.622950,,,0.137,415.5
2786,0.617000,,0.666500,0.622950,,,0.137,415.6
2787,0.619883,,0.666500,0.622950,,,0.136,415.8
2788,0.619783,,0.666500,0.622950,,,0.136,415.9
2789,0.622067,,0.666500,0.622950,,,0.137,416.0
2790,0.624233,,0.666500,0.624233,,,0.202,416.2
2791,0.619267,,0.666500,0.624233,,,0.136,416.4
2792,0.621033,,0.666500,0.624233,,,0.137,416.5
2793,0.622000,,0.666500,0.624233,,,0.137,416.6
2794,0.621967,,0.666500,0.624233,,,0.136,416.8
2795,0.621067,,0.666500,0.624233,,,0.137,416.9
2796,0.620600,,0.666500,0.624233,,,0.137,417.0
2797,0.620083,,0.666500,0.624233,,,0.138,417.2
2798,0.621650,,0.666500,0.624233,,,0.136,417.3
2799,0.619717,,0.666500,0.624233,,,0.138,417.5
2800,0.621333,0.6660000085830688,0.666500,0.624233,0.0904042050242424,0.6383101344108582,0.438,417.9
2801,0.620500,,0.666500,0.624233,,,0.135,418.0
2802,0.618767,,0.666500,0.624233,,,0.139,418.2
2803,0.621067,,0.666500,0.624233,,,0.201,418.4
2804,0.621300,,0.666500,0.624233,,,0.139,418.5
2805,0.619917,,0.666500,0.624233,,,0.137,418.7
2806,0.625317,,0.666500,0.625317,,,0.138,418.8
2807,0.620600,,0.666500,0.625317,,,0.137,418.9
2808,0.621650,,0.666500,0.625317,,,0.137,419.1
2809,0.621867,,0.666500,0.625317,,,0.136,419.2
2810,0.621733,,0.666500,0.625317,,,0.136,419.3
2811,0.619750,,0.666500,0.625317,,,0.138,419.5
2812,0.621517,,0.666500,0.625317,,,0.138,419.6
2813,0.621417,,0.666500,0.625317,,,0.136,419.7
2814,0.623050,,0.666500,0.625317,,,0.137,419.9
2815,0.620250,,0.666500,0.625317,,,0.137,420.0
2816,0.621200,,0.666500,0.625317,,,0.137,420.2
2817,0.619833,,0.666500,0.625317,,,0.137,420.3
2818,0.618717,,0.666500,0.625317,,,0.198,420.5
2819,0.622583,,0.666500,0.625317,,,0.138,420.6
2820,0.621367,,0.666500,0.625317,,,0.136,420.8
2821,0.621033,,0.666500,0.625317,,,0.137,420.9
2822,0.622667,,0.666500,0.625317,,,0.137,421.0
2823,0.620983,,0.666500,0.625317,,,0.138,421.2
2824,0.621233,,0.666500,0.625317,,,0.138,421.3
2825,0.622250,,0.666500,0.625317,,,0.137,421.5
2826,0.620500,,0.666500,0.625317,,,0.136,421.6
2827,0.621183,,0.666500,0.625317,,,0.136,421.7
2828,0.621717,,0.666500,0.625317,,,0.137,421.9
2829,0.622617,,0.666500,0.625317,,,0.139,422.0
2830,0.623167,,0.666500,0.625317,,,0.137,422.1
2831,0.621033,,0.666500,0.625317,,,0.136,422.3
2832,0.621817,,0.666500,0.625317,,,0.184,422.5
2833,0.622483,,0.666500,0.625317,,,0.136,422.6
2834,0.621733,,0.666500,0.625317,,,0.137,422.7
2835,0.622667,,0.666500,0.625317,,,0.136,422.9
2836,0.620617,,0.666500,0.625317,,,0.137,423.0
2837,0.622100,,0.666500,0.625317,,,0.135,423.1
2838,0.621917,,0.666500,0.625317,,,0.137,423.3
2839,0.620117,,0.666500,0.625317,,,0.135,423.4
2840,0.620383,,0.666500,0.625317,,,0.137,423.5
2841,0.622650,,0.666500,0.625317,,,0.136,423.7
2842,0.622417,,0.666500,0.625317,,,0.137,423.8
2843,0.622383,,0.666500,0.625317,,,0.138,424.0
2844,0.621683,,0.666500,0.625317,,,0.137,424.1
2845,0.621383,,0.666500,0.625317,,,0.137,424.2
2846,0.621183,,0.666500,0.625317,,,0.137,424.4
2847,0.620467,,0.666500,0.625317,,,0.206,424.6
2848,0.623900,,0.666500,0.625317,,,0.137,424.7
2849,0.621617,,0.666500,0.625317,,,0.136,424.8
2850,0.622667,,0.666500,0.625317,,,0.137,425.0
2851,0.621317,,0.666500,0.625317,,,0.134,425.1
2852,0.621433,,0.666500,0.625317,,,0.137,425.3
2853,0.618117,,0.666500,0.625317,,,0.135,425.4
2854,0.622783,,0.666500,0.625317,,,0.136,425.5
2855,0.622833,,0.666500,0.625317,,,0.137,425.7
2856,0.621167,,0.666500,0.625317,,,0.135,425.8
2857,0.621133,,0.666500,0.625317,,,0.159,426.0
2858,0.620683,,0.666500,0.625317,,,0.177,426.1
2859,0.621933,,0.666500,0.625317,,,0.137,426.3
2860,0.621750,,0.666500,0.625317,,,0.137,426.4
2861,0.622217,,0.666500,0.625317,,,0.138,426.5
2862,0.619117,,0.666500,0.625317,,,0.138,426.7
2863,0.621500,,0.666500,0.625317,,,0.137,426.8
2864,0.625050,,0.666500,0.625317,,,0.135,427.0
2865,0.621917,,0.666500,0.625317,,,0.136,427.1
2866,0.623383,,0.666500,0.625317,,,0.137,427.2
2867,0.622017,,0.666500,0.625317,,,0.137,427.4
2868,0.621750,,0.666500,0.625317,,,0.134,427.5
2869,0.623883,,0.666500,0.625317,,,0.137,427.6
2870,0.622083,,0.666500,0.625317,,,0.133,427.8
2871,0.623000,,0.666500,0.625317,,,0.138,427.9
2872,0.622550,,0.666500,0.625317,,,0.136,428.0
2873,0.620100,,0.666500,0.625317,,,0.135,428.2
2874,0.622183,,0.666500,0.625317,,,0.136,428.3
2875,0.621083,,0.666500,0.625317,,,0.137,428.5
2876,0.623033,,0.666500,0.625317,,,0.202,428.7
2877,0.623833,,0.666500,0.625317,,,0.138,428.8
2878,0.622250,,0.666500,0.625317,,,0.136,428.9
2879,0.620500,,0.666500,0.625317,,,0.136,429.1
2880,0.621267,,0.666500,0.625317,,,0.158,429.2
2881,0.621550,,0.666500,0.625317,,,0.138,429.4
2882,0.621050,,0.666500,0.625317,,,0.139,429.5
2883,0.619833,,0.666500,0.625317,,,0.135,429.6
2884,0.622533,,0.666500,0.625317,,,0.137,429.8
2885,0.622117,,0.666500,0.625317,,,0.138,429.9
2886,0.619950,,0.666500,0.625317,,,0.136,430.0
2887,0.621067,,0.666500,0.625317,,,0.137,430.2
2888,0.622867,,0.666500,0.625317,,,0.135,430.3
2889,0.621000,,0.666500,0.625317,,,0.141,430.5
2890,0.622150,,0.666500,0.625317,,,0.138,430.6
2891,0.620350,,0.666500,0.625317,,,0.205,430.8
2892,0.623033,,0.666500,0.625317,,,0.136,430.9
2893,0.620033,,0.666500,0.625317,,,0.137,431.1
2894,0.621850,,0.666500,0.625317,,,0.137,431.2
2895,0.622233,,0.666500,0.625317,,,0.135,431.3
2896,0.621200,,0.666500,0.625317,,,0.136,431.5
2897,0.623933,,0.666500,0.625317,,,0.136,431.6
2898,0.621283,,0.666500,0.625317,,,0.137,431.8
2899,0.621883,,0.666500,0.625317,,,0.136,431.9
2900,0.624400,0.6655000448226929,0.666500,0.625317,0.09008808434009552,0.6409207582473755,0.435,432.3
2901,0.621300,,0.666500,0.625317,,,0.139,432.5
2902,0.622617,,0.666500,0.625317,,,0.138,432.6
2903,0.620983,,0.666500,0.625317,,,0.137,432.7
2904,0.620600,,0.666500,0.625317,,,0.204,432.9
2905,0.620050,,0.666500,0.625317,,,0.137,433.1
2906,0.621750,,0.666500,0.625317,,,0.135,433.2
2907,0.620200,,0.666500,0.625317,,,0.137,433.4
2908,0.622850,,0.666500,0.625317,,,0.135,433.5
2909,0.619650,,0.666500,0.625317,,,0.136,433.6
2910,0.621550,,0.666500,0.625317,,,0.136,433.8
2911,0.619767,,0.666500,0.625317,,,0.137,433.9
2912,0.619450,,0.666500,0.625317,,,0.141,434.0
2913,0.621350,,0.666500,0.625317,,,0.138,434.2
2914,0.622250,,0.666500,0.625317,,,0.138,434.3
2915,0.621083,,0.666500,0.625317,,,0.138,434.5
2916,0.624433,,0.666500,0.625317,,,0.137,434.6
2917,0.621483,,0.666500,0.625317,,,0.138,434.7
2918,0.622100,,0.666500,0.625317,,,0.138,434.9
2919,0.621000,,0.666500,0.625317,,,0.203,435.1
2920,0.620300,,0.666500,0.625317,,,0.136,435.2
2921,0.618600,,0.666500,0.625317,,,0.136,435.3
2922,0.621183,,0.666500,0.625317,,,0.136,435.5
2923,0.620500,,0.666500,0.625317,,,0.137,435.6
2924,0.621300,,0.666500,0.625317,,,0.137,435.8
2925,0.621883,,0.666500,0.625317,,,0.138,435.9
2926,0.621533,,0.666500,0.625317,,,0.136,436.0
2927,0.621800,,0.666500,0.625317,,,0.137,436.2
2928,0.621800,,0.666500,0.625317,,,0.136,436.3
2929,0.620200,,0.666500,0.625317,,,0.136,436.4
2930,0.623500,,0.666500,0.625317,,,0.135,436.6
2931,0.619683,,0.666500,0.625317,,,0.138,436.7
2932,0.621467,,0.666500,0.625317,,,0.138,436.8
2933,0.621683,,0.666500,0.625317,,,0.137,437.0
2934,0.623767,,0.666500,0.625317,,,0.203,437.2
2935,0.622367,,0.666500,0.625317,,,0.134,437.3
2936,0.621967,,0.666500,0.625317,,,0.138,437.5
2937,0.624117,,0.666500,0.625317,,,0.137,437.6
2938,0.621883,,0.666500,0.625317,,,0.136,437.7
2939,0.621467,,0.666500,0.625317,,,0.137,437.9
2940,0.620117,,0.666500,0.625317,,,0.136,438.0
2941,0.623033,,0.666500,0.625317,,,0.137,438.1
2942,0.621533,,0.666500,0.625317,,,0.138,438.3
2943,0.623550,,0.666500,0.625317,,,0.137,438.4
2944,0.621317,,0.666500,0.625317,,,0.135,438.6
2945,0.618833,,0.666500,0.625317,,,0.137,438.7
2946,0.619450,,0.666500,0.625317,,,0.137,438.8
2947,0.624267,,0.666500,0.625317,,,0.137,439.0
2948,0.622783,,0.666500,0.625317,,,0.137,439.1
2949,0.624350,,0.666500,0.625317,,,0.204,439.3
2950,0.622117,,0.666500,0.625317,,,0.137,439.4
2951,0.621217,,0.666500,0.625317,,,0.137,439.6
2952,0.622400,,0.666500,0.625317,,,0.136,439.7
2953,0.622067,,0.666500,0.625317,,,0.136,439.9
2954,0.620117,,0.666500,0.625317,,,0.136,440.0
2955,0.622950,,0.666500,0.625317,,,0.138,440.1
2956,0.621450,,0.666500,0.625317,,,0.136,440.3
2957,0.621483,,0.666500,0.625317,,,0.136,440.4
2958,0.620417,,0.666500,0.625317,,,0.136,440.5
2959,0.622283,,0.666500,0.625317,,,0.137,440.7
2960,0.622183,,0.666500,0.625317,,,0.137,440.8
2961,0.622167,,0.666500,0.625317,,,0.137,440.9
2962,0.621850,,0.666500,0.625317,,,0.136,441.1
2963,0.620150,,0.666500,0.625317,,,0.136,441.2
2964,0.620867,,0.666500,0.625317,,,0.203,441.4
2965,0.620483,,0.666500,0.625317,,,0.137,441.6
2966,0.623500,,0.666500,0.625317,,,0.135,441.7
2967,0.621550,,0.666500,0.625317,,,0.137,441.8
2968,0.620600,,0.666500,0.625317,,,0.135,442.0
2969,0.621067,,0.666500,0.625317,,,0.138,442.1
2970,0.620950,,0.666500,0.625317,,,0.138,442.2
2971,0.623867,,0.666500,0.625317,,,0.137,442.4
2972,0.621233,,0.666500,0.625317,,,0.133,442.5
2973,0.620033,,0.666500,0.625317,,,0.136,442.6
2974,0.624383,,0.666500,0.625317,,,0.138,442.8
2975,0.621800,,0.666500,0.625317,,,0.138,442.9
2976,0.621300,,0.666500,0.625317,,,0.136,443.1
2977,0.622600,,0.666500,0.625317,,,0.138,443.2
2978,0.621017,,0.666500,0.625317,,,0.136,443.3
2979,0.621867,,0.666500,0.625317,,,0.204,443.5
2980,0.622817,,0.666500,0.625317,,,0.136,443.7
2981,0.621650,,0.666500,0.625317,,,0.137,443.8
2982,0.623617,,0.666500,0.625317,,,0.137,443.9
2983,0.623683,,0.666500,0.625317,,,0.136,444.1
2984,0.622950,,0.666500,0.625317,,,0.137,444.2
2985,0.622317,,0.666500,0.625317,,,0.165,444.4
2986,0.621733,,0.666500,0.625317,,,0.151,444.5
2987,0.622017,,0.666500,0.625317,,,0.140,444.7
2988,0.623083,,0.666500,0.625317,,,0.182,444.9
2989,0.619717,,0.666500,0.625317,,,0.140,445.0
2990,0.620900,,0.666500,0.625317,,,0.138,445.1
2991,0.621533,,0.666500,0.625317,,,0.139,445.3
2992,0.622783,,0.666500,0.625317,,,0.138,445.4
2993,0.621900,,0.666500,0.625317,,,0.198,445.6
2994,0.622567,,0.666500,0.625317,,,0.141,445.7
2995,0.621400,,0.666500,0.625317,,,0.145,445.9
2996,0.622383,,0.666500,0.625317,,,0.139,446.0
2997,0.623617,,0.666500,0.625317,,,0.142,446.2
2998,0.621433,,0.666500,0.625317,,,0.141,446.3
2999,0.623933,0.6705000400543213,0.670500,0.625317,0.09069503843784332,0.636692464351654,0.446,446.8
