epoch,train_acc,val_acc,best_val,best_train,w_err,cos_o,epoch_time,cum_time
0,0.099167,0.08650000393390656,0.086500,0.099167,0.0,1.0,18.140,18.1
1,0.098450,,0.086500,0.099167,,,0.428,18.6
2,0.098300,,0.086500,0.099167,,,0.368,18.9
3,0.100083,,0.086500,0.100083,,,0.348,19.3
4,0.102517,,0.086500,0.102517,,,0.346,19.6
5,0.100017,,0.086500,0.102517,,,0.412,20.0
6,0.100267,,0.086500,0.102517,,,0.347,20.4
7,0.098833,,0.086500,0.102517,,,0.345,20.7
8,0.097333,,0.086500,0.102517,,,0.345,21.1
9,0.099017,,0.086500,0.102517,,,0.349,21.4
10,0.102117,,0.086500,0.102517,,,0.348,21.8
11,0.099850,,0.086500,0.102517,,,0.407,22.2
12,0.097667,,0.086500,0.102517,,,0.348,22.5
13,0.099383,,0.086500,0.102517,,,0.345,22.9
14,0.097967,,0.086500,0.102517,,,0.347,23.2
15,0.100867,,0.086500,0.102517,,,0.349,23.6
16,0.099717,,0.086500,0.102517,,,0.343,23.9
17,0.099700,,0.086500,0.102517,,,0.413,24.3
18,0.100267,,0.086500,0.102517,,,0.346,24.7
19,0.100950,,0.086500,0.102517,,,0.346,25.0
20,0.098783,,0.086500,0.102517,,,0.346,25.4
21,0.098883,,0.086500,0.102517,,,0.349,25.7
22,0.100033,,0.086500,0.102517,,,0.347,26.1
23,0.099400,,0.086500,0.102517,,,0.414,26.5
24,0.098633,,0.086500,0.102517,,,0.347,26.8
25,0.097967,,0.086500,0.102517,,,0.344,27.2
26,0.100600,,0.086500,0.102517,,,0.343,27.5
27,0.100417,,0.086500,0.102517,,,0.344,27.9
28,0.098333,,0.086500,0.102517,,,0.350,28.2
29,0.101033,,0.086500,0.102517,,,0.414,28.6
30,0.098583,,0.086500,0.102517,,,0.347,29.0
31,0.101983,,0.086500,0.102517,,,0.366,29.3
32,0.101750,,0.086500,0.102517,,,0.344,29.7
33,0.103417,,0.086500,0.103417,,,0.371,30.0
34,0.099600,,0.086500,0.103417,,,0.366,30.4
35,0.100833,,0.086500,0.103417,,,0.433,30.8
36,0.102633,,0.086500,0.103417,,,0.365,31.2
37,0.099100,,0.086500,0.103417,,,0.359,31.6
38,0.102633,,0.086500,0.103417,,,0.369,31.9
39,0.100300,,0.086500,0.103417,,,0.367,32.3
40,0.098917,,0.086500,0.103417,,,0.367,32.7
41,0.098467,,0.086500,0.103417,,,0.436,33.1
42,0.099517,,0.086500,0.103417,,,0.365,33.5
43,0.102250,,0.086500,0.103417,,,0.364,33.8
44,0.101150,,0.086500,0.103417,,,0.364,34.2
45,0.099717,,0.086500,0.103417,,,0.365,34.6
46,0.101383,,0.086500,0.103417,,,0.368,34.9
47,0.100200,,0.086500,0.103417,,,0.433,35.4
48,0.100817,,0.086500,0.103417,,,0.368,35.7
49,0.100533,,0.086500,0.103417,,,0.367,36.1
50,0.099217,,0.086500,0.103417,,,0.369,36.5
51,0.101067,,0.086500,0.103417,,,0.367,36.8
52,0.102867,,0.086500,0.103417,,,0.367,37.2
53,0.100100,,0.086500,0.103417,,,0.433,37.6
54,0.100033,,0.086500,0.103417,,,0.368,38.0
55,0.099083,,0.086500,0.103417,,,0.372,38.4
56,0.101167,,0.086500,0.103417,,,0.361,38.7
57,0.103300,,0.086500,0.103417,,,0.364,39.1
58,0.100233,,0.086500,0.103417,,,0.361,39.5
59,0.101850,,0.086500,0.103417,,,0.427,39.9
60,0.098417,,0.086500,0.103417,,,0.360,40.3
61,0.101917,,0.086500,0.103417,,,0.362,40.6
62,0.101483,,0.086500,0.103417,,,0.362,41.0
63,0.099417,,0.086500,0.103417,,,0.357,41.3
64,0.101650,,0.086500,0.103417,,,0.358,41.7
65,0.100300,,0.086500,0.103417,,,0.431,42.1
66,0.099400,,0.086500,0.103417,,,0.362,42.5
67,0.100183,,0.086500,0.103417,,,0.364,42.8
68,0.099633,,0.086500,0.103417,,,0.361,43.2
69,0.101367,,0.086500,0.103417,,,0.363,43.6
70,0.100483,,0.086500,0.103417,,,0.361,43.9
71,0.102983,,0.086500,0.103417,,,0.421,44.4
72,0.101067,,0.086500,0.103417,,,0.362,44.7
73,0.100567,,0.086500,0.103417,,,0.359,45.1
74,0.099283,,0.086500,0.103417,,,0.356,45.4
75,0.100883,,0.086500,0.103417,,,0.359,45.8
76,0.100967,,0.086500,0.103417,,,0.360,46.2
77,0.101017,,0.086500,0.103417,,,0.424,46.6
78,0.100733,,0.086500,0.103417,,,0.357,46.9
79,0.100850,,0.086500,0.103417,,,0.361,47.3
80,0.099817,,0.086500,0.103417,,,0.359,47.7
81,0.101700,,0.086500,0.103417,,,0.360,48.0
82,0.100383,,0.086500,0.103417,,,0.362,48.4
83,0.101333,,0.086500,0.103417,,,0.426,48.8
84,0.102167,,0.086500,0.103417,,,0.360,49.2
85,0.098300,,0.086500,0.103417,,,0.362,49.5
86,0.102567,,0.086500,0.103417,,,0.361,49.9
87,0.100983,,0.086500,0.103417,,,0.365,50.2
88,0.100900,,0.086500,0.103417,,,0.366,50.6
89,0.100033,,0.086500,0.103417,,,0.429,51.0
90,0.098850,,0.086500,0.103417,,,0.362,51.4
91,0.100217,,0.086500,0.103417,,,0.357,51.8
92,0.101350,,0.086500,0.103417,,,0.361,52.1
93,0.098517,,0.086500,0.103417,,,0.359,52.5
94,0.102383,,0.086500,0.103417,,,0.361,52.8
95,0.100433,,0.086500,0.103417,,,0.427,53.3
96,0.103683,,0.086500,0.103683,,,0.365,53.6
97,0.098350,,0.086500,0.103683,,,0.364,54.0
98,0.097817,,0.086500,0.103683,,,0.364,54.4
99,0.101100,,0.086500,0.103683,,,0.360,54.7
100,0.102150,,0.086500,0.103683,,,0.361,55.1
101,0.101700,,0.086500,0.103683,,,0.429,55.5
102,0.101817,,0.086500,0.103683,,,0.363,55.9
103,0.101817,,0.086500,0.103683,,,0.361,56.2
104,0.100783,,0.086500,0.103683,,,0.360,56.6
105,0.101383,,0.086500,0.103683,,,0.363,57.0
106,0.101567,,0.086500,0.103683,,,0.360,57.3
107,0.099650,,0.086500,0.103683,,,0.431,57.7
108,0.102167,,0.086500,0.103683,,,0.362,58.1
109,0.100800,,0.086500,0.103683,,,0.360,58.5
110,0.103533,,0.086500,0.103683,,,0.364,58.8
111,0.098617,,0.086500,0.103683,,,0.397,59.2
112,0.102950,,0.086500,0.103683,,,0.362,59.6
113,0.101250,,0.086500,0.103683,,,0.427,60.0
114,0.101533,,0.086500,0.103683,,,0.361,60.4
115,0.103083,,0.086500,0.103683,,,0.359,60.7
116,0.100117,,0.086500,0.103683,,,0.361,61.1
117,0.101050,,0.086500,0.103683,,,0.372,61.5
118,0.101600,,0.086500,0.103683,,,0.359,61.8
119,0.100583,,0.086500,0.103683,,,0.427,62.3
120,0.098450,,0.086500,0.103683,,,0.360,62.6
121,0.101383,,0.086500,0.103683,,,0.362,63.0
122,0.102800,,0.086500,0.103683,,,0.361,63.3
123,0.102383,,0.086500,0.103683,,,0.363,63.7
124,0.102567,,0.086500,0.103683,,,0.362,64.1
125,0.102267,,0.086500,0.103683,,,0.427,64.5
126,0.102200,,0.086500,0.103683,,,0.365,64.9
127,0.100600,,0.086500,0.103683,,,0.360,65.2
128,0.101583,,0.086500,0.103683,,,0.361,65.6
129,0.099633,,0.086500,0.103683,,,0.360,65.9
130,0.100850,,0.086500,0.103683,,,0.362,66.3
131,0.098733,,0.086500,0.103683,,,0.427,66.7
132,0.101183,,0.086500,0.103683,,,0.363,67.1
133,0.103383,,0.086500,0.103683,,,0.361,67.5
134,0.100517,,0.086500,0.103683,,,0.360,67.8
135,0.099133,,0.086500,0.103683,,,0.363,68.2
136,0.101550,,0.086500,0.103683,,,0.359,68.5
137,0.101117,,0.086500,0.103683,,,0.429,69.0
138,0.100050,,0.086500,0.103683,,,0.365,69.3
139,0.100667,,0.086500,0.103683,,,0.362,69.7
140,0.100050,,0.086500,0.103683,,,0.360,70.1
141,0.101500,,0.086500,0.103683,,,0.362,70.4
142,0.098133,,0.086500,0.103683,,,0.360,70.8
143,0.100633,,0.086500,0.103683,,,0.426,71.2
144,0.099483,,0.086500,0.103683,,,0.361,71.6
145,0.100583,,0.086500,0.103683,,,0.361,71.9
146,0.100367,,0.086500,0.103683,,,0.359,72.3
147,0.099300,,0.086500,0.103683,,,0.366,72.6
148,0.098567,,0.086500,0.103683,,,0.367,73.0
149,0.101700,,0.086500,0.103683,,,0.435,73.4
150,0.099583,,0.086500,0.103683,,,0.371,73.8
151,0.098300,,0.086500,0.103683,,,0.365,74.2
152,0.101300,,0.086500,0.103683,,,0.368,74.6
153,0.100917,,0.086500,0.103683,,,0.348,74.9
154,0.098767,,0.086500,0.103683,,,0.344,75.2
155,0.098267,,0.086500,0.103683,,,0.415,75.7
156,0.099200,,0.086500,0.103683,,,0.350,76.0
157,0.098050,,0.086500,0.103683,,,0.346,76.4
158,0.101083,,0.086500,0.103683,,,0.345,76.7
159,0.099233,,0.086500,0.103683,,,0.347,77.0
160,0.097917,,0.086500,0.103683,,,0.346,77.4
161,0.099867,,0.086500,0.103683,,,0.415,77.8
162,0.103283,,0.086500,0.103683,,,0.349,78.2
163,0.098683,,0.086500,0.103683,,,0.345,78.5
164,0.101350,,0.086500,0.103683,,,0.349,78.9
165,0.100433,,0.086500,0.103683,,,0.348,79.2
166,0.098400,,0.086500,0.103683,,,0.345,79.5
167,0.102933,,0.086500,0.103683,,,0.413,80.0
168,0.098700,,0.086500,0.103683,,,0.349,80.3
169,0.099233,,0.086500,0.103683,,,0.346,80.7
170,0.097733,,0.086500,0.103683,,,0.346,81.0
171,0.098000,,0.086500,0.103683,,,0.349,81.3
172,0.098267,,0.086500,0.103683,,,0.344,81.7
173,0.099333,,0.086500,0.103683,,,0.415,82.1
174,0.102550,,0.086500,0.103683,,,0.348,82.5
175,0.101433,,0.086500,0.103683,,,0.345,82.8
176,0.101833,,0.086500,0.103683,,,0.349,83.1
177,0.100217,,0.086500,0.103683,,,0.345,83.5
178,0.101150,,0.086500,0.103683,,,0.348,83.8
179,0.101000,,0.086500,0.103683,,,0.421,84.3
180,0.100367,,0.086500,0.103683,,,0.351,84.6
181,0.098283,,0.086500,0.103683,,,0.349,85.0
182,0.099650,,0.086500,0.103683,,,0.348,85.3
183,0.100883,,0.086500,0.103683,,,0.348,85.7
184,0.099300,,0.086500,0.103683,,,0.349,86.0
185,0.099883,,0.086500,0.103683,,,0.412,86.4
186,0.102033,,0.086500,0.103683,,,0.347,86.8
187,0.100983,,0.086500,0.103683,,,0.346,87.1
188,0.101583,,0.086500,0.103683,,,0.348,87.5
189,0.102417,,0.086500,0.103683,,,0.358,87.8
190,0.098350,,0.086500,0.103683,,,0.347,88.2
191,0.098750,,0.086500,0.103683,,,0.414,88.6
192,0.100533,,0.086500,0.103683,,,0.359,88.9
193,0.100017,,0.086500,0.103683,,,0.341,89.3
194,0.100083,,0.086500,0.103683,,,0.344,89.6
195,0.100683,,0.086500,0.103683,,,0.383,90.0
196,0.099117,,0.086500,0.103683,,,0.349,90.4
197,0.101517,,0.086500,0.103683,,,0.410,90.8
198,0.101483,,0.086500,0.103683,,,0.346,91.1
199,0.101183,,0.086500,0.103683,,,0.345,91.5
200,0.100550,,0.086500,0.103683,,,0.345,91.8
201,0.100300,,0.086500,0.103683,,,0.346,92.1
202,0.098117,,0.086500,0.103683,,,0.347,92.5
203,0.099683,,0.086500,0.103683,,,0.412,92.9
204,0.100967,,0.086500,0.103683,,,0.345,93.2
205,0.097450,,0.086500,0.103683,,,0.345,93.6
206,0.098983,,0.086500,0.103683,,,0.347,93.9
207,0.100150,,0.086500,0.103683,,,0.346,94.3
208,0.099883,,0.086500,0.103683,,,0.347,94.6
209,0.099267,,0.086500,0.103683,,,0.414,95.0
210,0.098850,,0.086500,0.103683,,,0.347,95.4
211,0.099883,,0.086500,0.103683,,,0.344,95.7
212,0.100750,,0.086500,0.103683,,,0.350,96.1
213,0.099733,,0.086500,0.103683,,,0.347,96.4
214,0.101600,,0.086500,0.103683,,,0.347,96.8
215,0.100800,,0.086500,0.103683,,,0.409,97.2
216,0.099400,,0.086500,0.103683,,,0.349,97.5
217,0.103000,,0.086500,0.103683,,,0.350,97.9
218,0.100817,,0.086500,0.103683,,,0.347,98.2
219,0.102233,,0.086500,0.103683,,,0.356,98.6
220,0.101000,,0.086500,0.103683,,,0.348,98.9
221,0.100033,,0.086500,0.103683,,,0.413,99.4
222,0.100000,,0.086500,0.103683,,,0.346,99.7
223,0.101833,,0.086500,0.103683,,,0.350,100.1
224,0.099200,,0.086500,0.103683,,,0.349,100.4
225,0.100883,,0.086500,0.103683,,,0.349,100.7
226,0.097800,,0.086500,0.103683,,,0.348,101.1
227,0.099383,,0.086500,0.103683,,,0.415,101.5
228,0.102383,,0.086500,0.103683,,,0.347,101.9
229,0.097883,,0.086500,0.103683,,,0.349,102.2
230,0.099667,,0.086500,0.103683,,,0.348,102.6
231,0.100183,,0.086500,0.103683,,,0.345,102.9
232,0.097833,,0.086500,0.103683,,,0.347,103.2
233,0.101367,,0.086500,0.103683,,,0.418,103.7
234,0.099900,,0.086500,0.103683,,,0.349,104.0
235,0.099617,,0.086500,0.103683,,,0.350,104.4
236,0.098700,,0.086500,0.103683,,,0.347,104.7
237,0.099800,,0.086500,0.103683,,,0.346,105.1
238,0.098200,,0.086500,0.103683,,,0.349,105.4
239,0.099717,,0.086500,0.103683,,,0.413,105.8
240,0.100533,,0.086500,0.103683,,,0.342,106.2
241,0.102467,,0.086500,0.103683,,,0.346,106.5
242,0.097883,,0.086500,0.103683,,,0.348,106.9
243,0.098767,,0.086500,0.103683,,,0.346,107.2
244,0.100017,,0.086500,0.103683,,,0.345,107.5
245,0.098150,,0.086500,0.103683,,,0.414,108.0
246,0.100250,,0.086500,0.103683,,,0.350,108.3
247,0.101083,,0.086500,0.103683,,,0.349,108.7
248,0.100133,,0.086500,0.103683,,,0.348,109.0
249,0.100650,,0.086500,0.103683,,,0.347,109.4
250,0.101483,,0.086500,0.103683,,,0.346,109.7
251,0.096983,,0.086500,0.103683,,,0.414,110.1
252,0.099400,,0.086500,0.103683,,,0.347,110.5
253,0.098517,,0.086500,0.103683,,,0.348,110.8
254,0.100000,,0.086500,0.103683,,,0.348,111.2
255,0.099867,,0.086500,0.103683,,,0.347,111.5
256,0.099700,,0.086500,0.103683,,,0.346,111.9
257,0.097917,,0.086500,0.103683,,,0.415,112.3
258,0.100167,,0.086500,0.103683,,,0.347,112.6
259,0.100717,,0.086500,0.103683,,,0.348,113.0
260,0.100617,,0.086500,0.103683,,,0.347,113.3
261,0.101033,,0.086500,0.103683,,,0.344,113.7
262,0.100983,,0.086500,0.103683,,,0.348,114.0
263,0.099233,,0.086500,0.103683,,,0.416,114.4
264,0.101617,,0.086500,0.103683,,,0.347,114.8
265,0.098617,,0.086500,0.103683,,,0.347,115.1
266,0.100283,,0.086500,0.103683,,,0.346,115.5
267,0.099350,,0.086500,0.103683,,,0.345,115.8
268,0.097683,,0.086500,0.103683,,,0.347,116.1
269,0.098950,,0.086500,0.103683,,,0.416,116.6
270,0.100417,,0.086500,0.103683,,,0.348,116.9
271,0.100950,,0.086500,0.103683,,,0.347,117.3
272,0.100917,,0.086500,0.103683,,,0.346,117.6
273,0.101633,,0.086500,0.103683,,,0.343,117.9
274,0.099650,,0.086500,0.103683,,,0.348,118.3
275,0.099833,,0.086500,0.103683,,,0.412,118.7
276,0.097300,,0.086500,0.103683,,,0.349,119.1
277,0.102467,,0.086500,0.103683,,,0.347,119.4
278,0.102283,,0.086500,0.103683,,,0.345,119.7
279,0.099217,,0.086500,0.103683,,,0.402,120.2
280,0.099667,,0.086500,0.103683,,,0.349,120.5
281,0.100050,,0.086500,0.103683,,,0.414,120.9
282,0.100700,,0.086500,0.103683,,,0.347,121.3
283,0.098117,,0.086500,0.103683,,,0.343,121.6
284,0.099717,,0.086500,0.103683,,,0.348,122.0
285,0.100550,,0.086500,0.103683,,,0.344,122.3
286,0.102017,,0.086500,0.103683,,,0.346,122.6
287,0.100300,,0.086500,0.103683,,,0.418,123.1
288,0.099067,,0.086500,0.103683,,,0.345,123.4
289,0.099933,,0.086500,0.103683,,,0.348,123.8
290,0.099700,,0.086500,0.103683,,,0.349,124.1
291,0.101983,,0.086500,0.103683,,,0.345,124.4
292,0.099983,,0.086500,0.103683,,,0.345,124.8
293,0.100900,,0.086500,0.103683,,,0.414,125.2
294,0.099667,,0.086500,0.103683,,,0.349,125.6
295,0.101650,,0.086500,0.103683,,,0.347,125.9
296,0.100783,,0.086500,0.103683,,,0.348,126.3
297,0.099967,,0.086500,0.103683,,,0.347,126.6
298,0.099100,,0.086500,0.103683,,,0.347,126.9
299,0.099367,,0.086500,0.103683,,,0.414,127.4
300,0.100750,,0.086500,0.103683,,,0.345,127.7
301,0.099183,,0.086500,0.103683,,,0.347,128.1
302,0.101100,,0.086500,0.103683,,,0.345,128.4
303,0.100317,,0.086500,0.103683,,,0.347,128.7
304,0.100467,,0.086500,0.103683,,,0.347,129.1
305,0.099450,,0.086500,0.103683,,,0.413,129.5
306,0.100733,,0.086500,0.103683,,,0.349,129.9
307,0.101033,,0.086500,0.103683,,,0.346,130.2
308,0.100550,,0.086500,0.103683,,,0.349,130.5
309,0.100567,,0.086500,0.103683,,,0.346,130.9
310,0.098017,,0.086500,0.103683,,,0.347,131.2
311,0.097833,,0.086500,0.103683,,,0.414,131.7
312,0.098500,,0.086500,0.103683,,,0.348,132.0
313,0.100033,,0.086500,0.103683,,,0.349,132.3
314,0.099600,,0.086500,0.103683,,,0.345,132.7
315,0.097950,,0.086500,0.103683,,,0.353,133.0
316,0.100000,,0.086500,0.103683,,,0.349,133.4
317,0.099700,,0.086500,0.103683,,,0.414,133.8
318,0.101117,,0.086500,0.103683,,,0.348,134.2
319,0.099417,,0.086500,0.103683,,,0.347,134.5
320,0.097900,,0.086500,0.103683,,,0.345,134.9
321,0.101367,,0.086500,0.103683,,,0.348,135.2
322,0.101633,,0.086500,0.103683,,,0.346,135.5
323,0.100450,,0.086500,0.103683,,,0.416,136.0
324,0.101933,,0.086500,0.103683,,,0.347,136.3
325,0.098583,,0.086500,0.103683,,,0.346,136.7
326,0.101350,,0.086500,0.103683,,,0.347,137.0
327,0.100450,,0.086500,0.103683,,,0.347,137.3
328,0.101217,,0.086500,0.103683,,,0.344,137.7
329,0.101183,,0.086500,0.103683,,,0.412,138.1
330,0.099500,,0.086500,0.103683,,,0.345,138.4
331,0.101517,,0.086500,0.103683,,,0.347,138.8
332,0.102267,,0.086500,0.103683,,,0.348,139.1
333,0.099750,,0.086500,0.103683,,,0.347,139.5
334,0.098850,,0.086500,0.103683,,,0.345,139.8
335,0.099167,,0.086500,0.103683,,,0.413,140.2
336,0.100000,,0.086500,0.103683,,,0.347,140.6
337,0.101467,,0.086500,0.103683,,,0.348,140.9
338,0.099567,,0.086500,0.103683,,,0.349,141.3
339,0.101933,,0.086500,0.103683,,,0.347,141.6
340,0.099000,,0.086500,0.103683,,,0.348,142.0
341,0.100367,,0.086500,0.103683,,,0.411,142.4
342,0.100300,,0.086500,0.103683,,,0.343,142.7
343,0.100433,,0.086500,0.103683,,,0.347,143.1
344,0.099750,,0.086500,0.103683,,,0.343,143.4
345,0.099950,,0.086500,0.103683,,,0.347,143.8
346,0.100000,,0.086500,0.103683,,,0.348,144.1
347,0.102300,,0.086500,0.103683,,,0.417,144.5
348,0.098417,,0.086500,0.103683,,,0.348,144.9
349,0.102267,,0.086500,0.103683,,,0.346,145.2
350,0.099933,,0.086500,0.103683,,,0.347,145.6
351,0.100333,,0.086500,0.103683,,,0.345,145.9
352,0.100983,,0.086500,0.103683,,,0.343,146.3
353,0.099450,,0.086500,0.103683,,,0.415,146.7
354,0.099550,,0.086500,0.103683,,,0.346,147.0
355,0.100500,,0.086500,0.103683,,,0.347,147.4
356,0.101167,,0.086500,0.103683,,,0.346,147.7
357,0.101483,,0.086500,0.103683,,,0.347,148.1
358,0.098600,,0.086500,0.103683,,,0.346,148.4
359,0.101283,,0.086500,0.103683,,,0.415,148.8
360,0.098850,,0.086500,0.103683,,,0.347,149.2
361,0.099617,,0.086500,0.103683,,,0.348,149.5
362,0.099467,,0.086500,0.103683,,,0.385,149.9
363,0.099767,,0.086500,0.103683,,,0.346,150.3
364,0.101467,,0.086500,0.103683,,,0.346,150.6
365,0.100183,,0.086500,0.103683,,,0.411,151.0
366,0.100017,,0.086500,0.103683,,,0.346,151.4
367,0.099183,,0.086500,0.103683,,,0.346,151.7
368,0.101350,,0.086500,0.103683,,,0.344,152.1
369,0.101517,,0.086500,0.103683,,,0.347,152.4
370,0.102883,,0.086500,0.103683,,,0.346,152.7
371,0.099767,,0.086500,0.103683,,,0.414,153.2
372,0.100450,,0.086500,0.103683,,,0.346,153.5
373,0.100683,,0.086500,0.103683,,,0.347,153.9
374,0.102217,,0.086500,0.103683,,,0.347,154.2
375,0.100317,,0.086500,0.103683,,,0.349,154.6
376,0.098417,,0.086500,0.103683,,,0.346,154.9
377,0.099750,,0.086500,0.103683,,,0.411,155.3
378,0.099650,,0.086500,0.103683,,,0.344,155.7
379,0.098733,,0.086500,0.103683,,,0.347,156.0
380,0.099667,,0.086500,0.103683,,,0.346,156.3
381,0.098600,,0.086500,0.103683,,,0.343,156.7
382,0.100400,,0.086500,0.103683,,,0.346,157.0
383,0.100450,,0.086500,0.103683,,,0.415,157.4
384,0.100450,,0.086500,0.103683,,,0.346,157.8
385,0.099900,,0.086500,0.103683,,,0.345,158.1
386,0.100767,,0.086500,0.103683,,,0.347,158.5
387,0.101483,,0.086500,0.103683,,,0.346,158.8
388,0.101367,,0.086500,0.103683,,,0.346,159.2
389,0.101667,,0.086500,0.103683,,,0.417,159.6
390,0.100733,,0.086500,0.103683,,,0.349,159.9
391,0.101533,,0.086500,0.103683,,,0.346,160.3
392,0.099567,,0.086500,0.103683,,,0.346,160.6
393,0.099433,,0.086500,0.103683,,,0.347,161.0
394,0.100433,,0.086500,0.103683,,,0.347,161.3
395,0.099733,,0.086500,0.103683,,,0.412,161.7
396,0.101300,,0.086500,0.103683,,,0.346,162.1
397,0.099200,,0.086500,0.103683,,,0.348,162.4
398,0.100433,,0.086500,0.103683,,,0.346,162.8
399,0.102750,,0.086500,0.103683,,,0.348,163.1
400,0.100217,,0.086500,0.103683,,,0.345,163.5
401,0.100883,,0.086500,0.103683,,,0.416,163.9
402,0.099850,,0.086500,0.103683,,,0.345,164.2
403,0.098450,,0.086500,0.103683,,,0.350,164.6
404,0.100517,,0.086500,0.103683,,,0.345,164.9
405,0.101867,,0.086500,0.103683,,,0.347,165.3
406,0.100250,,0.086500,0.103683,,,0.347,165.6
407,0.100200,,0.086500,0.103683,,,0.413,166.0
408,0.099867,,0.086500,0.103683,,,0.346,166.4
409,0.099533,,0.086500,0.103683,,,0.347,166.7
410,0.101717,,0.086500,0.103683,,,0.346,167.1
411,0.101100,,0.086500,0.103683,,,0.347,167.4
412,0.100900,,0.086500,0.103683,,,0.345,167.8
413,0.099600,,0.086500,0.103683,,,0.413,168.2
414,0.100900,,0.086500,0.103683,,,0.346,168.5
415,0.099533,,0.086500,0.103683,,,0.344,168.9
416,0.100500,,0.086500,0.103683,,,0.346,169.2
417,0.101283,,0.086500,0.103683,,,0.348,169.6
418,0.099683,,0.086500,0.103683,,,0.346,169.9
419,0.099950,,0.086500,0.103683,,,0.424,170.3
420,0.102233,,0.086500,0.103683,,,0.348,170.7
421,0.101533,,0.086500,0.103683,,,0.346,171.0
422,0.099217,,0.086500,0.103683,,,0.346,171.4
423,0.101600,,0.086500,0.103683,,,0.348,171.7
424,0.099550,,0.086500,0.103683,,,0.346,172.1
425,0.099717,,0.086500,0.103683,,,0.414,172.5
426,0.100233,,0.086500,0.103683,,,0.346,172.8
427,0.100033,,0.086500,0.103683,,,0.345,173.2
428,0.098800,,0.086500,0.103683,,,0.349,173.5
429,0.098983,,0.086500,0.103683,,,0.346,173.9
430,0.100267,,0.086500,0.103683,,,0.345,174.2
431,0.099333,,0.086500,0.103683,,,0.423,174.6
432,0.101800,,0.086500,0.103683,,,0.348,175.0
433,0.101283,,0.086500,0.103683,,,0.347,175.3
434,0.099367,,0.086500,0.103683,,,0.348,175.7
435,0.099650,,0.086500,0.103683,,,0.348,176.0
436,0.100317,,0.086500,0.103683,,,0.347,176.4
437,0.099800,,0.086500,0.103683,,,0.413,176.8
438,0.098483,,0.086500,0.103683,,,0.348,177.1
439,0.100067,,0.086500,0.103683,,,0.347,177.5
440,0.100067,,0.086500,0.103683,,,0.348,177.8
441,0.101850,,0.086500,0.103683,,,0.345,178.2
442,0.101017,,0.086500,0.103683,,,0.347,178.5
443,0.100083,,0.086500,0.103683,,,0.413,178.9
444,0.099483,,0.086500,0.103683,,,0.349,179.3
445,0.100433,,0.086500,0.103683,,,0.394,179.7
446,0.099633,,0.086500,0.103683,,,0.347,180.0
447,0.099033,,0.086500,0.103683,,,0.348,180.4
448,0.101683,,0.086500,0.103683,,,0.346,180.7
449,0.098733,,0.086500,0.103683,,,0.414,181.1
450,0.098650,,0.086500,0.103683,,,0.348,181.5
451,0.100317,,0.086500,0.103683,,,0.344,181.8
452,0.098167,,0.086500,0.103683,,,0.341,182.2
453,0.100533,,0.086500,0.103683,,,0.347,182.5
454,0.098350,,0.086500,0.103683,,,0.345,182.9
455,0.099083,,0.086500,0.103683,,,0.415,183.3
456,0.102450,,0.086500,0.103683,,,0.349,183.6
457,0.099567,,0.086500,0.103683,,,0.346,184.0
458,0.100417,,0.086500,0.103683,,,0.348,184.3
459,0.100967,,0.086500,0.103683,,,0.347,184.7
460,0.101233,,0.086500,0.103683,,,0.348,185.0
461,0.099483,,0.086500,0.103683,,,0.414,185.4
462,0.099083,,0.086500,0.103683,,,0.348,185.8
463,0.101067,,0.086500,0.103683,,,0.348,186.1
464,0.098300,,0.086500,0.103683,,,0.347,186.5
465,0.099433,,0.086500,0.103683,,,0.348,186.8
466,0.098667,,0.086500,0.103683,,,0.345,187.2
467,0.100967,,0.086500,0.103683,,,0.413,187.6
468,0.098300,,0.086500,0.103683,,,0.347,187.9
469,0.098917,,0.086500,0.103683,,,0.346,188.3
470,0.100683,,0.086500,0.103683,,,0.346,188.6
471,0.100117,,0.086500,0.103683,,,0.346,189.0
472,0.098217,,0.086500,0.103683,,,0.348,189.3
473,0.099083,,0.086500,0.103683,,,0.418,189.7
474,0.099050,,0.086500,0.103683,,,0.349,190.1
475,0.100383,,0.086500,0.103683,,,0.347,190.4
476,0.098350,,0.086500,0.103683,,,0.347,190.8
477,0.097750,,0.086500,0.103683,,,0.349,191.1
478,0.099350,,0.086500,0.103683,,,0.349,191.5
479,0.101167,,0.086500,0.103683,,,0.417,191.9
480,0.100500,,0.086500,0.103683,,,0.348,192.2
481,0.101217,,0.086500,0.103683,,,0.346,192.6
482,0.099433,,0.086500,0.103683,,,0.346,192.9
483,0.099617,,0.086500,0.103683,,,0.347,193.3
484,0.099083,,0.086500,0.103683,,,0.348,193.6
485,0.101250,,0.086500,0.103683,,,0.413,194.0
486,0.101850,,0.086500,0.103683,,,0.340,194.4
487,0.099867,,0.086500,0.103683,,,0.349,194.7
488,0.102400,,0.086500,0.103683,,,0.345,195.1
489,0.101150,,0.086500,0.103683,,,0.346,195.4
490,0.100250,,0.086500,0.103683,,,0.347,195.8
491,0.098700,,0.086500,0.103683,,,0.423,196.2
492,0.100883,,0.086500,0.103683,,,0.347,196.5
493,0.098717,,0.086500,0.103683,,,0.344,196.9
494,0.100417,,0.086500,0.103683,,,0.349,197.2
495,0.100017,,0.086500,0.103683,,,0.347,197.6
496,0.099250,,0.086500,0.103683,,,0.346,197.9
497,0.099150,,0.086500,0.103683,,,0.427,198.3
498,0.101433,,0.086500,0.103683,,,0.351,198.7
499,0.100333,,0.086500,0.103683,,,0.347,199.0
500,0.099700,,0.086500,0.103683,,,0.350,199.4
501,0.101283,,0.086500,0.103683,,,0.348,199.7
502,0.101050,,0.086500,0.103683,,,0.348,200.1
503,0.101567,,0.086500,0.103683,,,0.414,200.5
504,0.099883,,0.086500,0.103683,,,0.344,200.8
505,0.100983,,0.086500,0.103683,,,0.347,201.2
506,0.099350,,0.086500,0.103683,,,0.349,201.5
507,0.099367,,0.086500,0.103683,,,0.347,201.9
508,0.098717,,0.086500,0.103683,,,0.349,202.2
509,0.100033,,0.086500,0.103683,,,0.419,202.7
510,0.100017,,0.086500,0.103683,,,0.346,203.0
511,0.100667,,0.086500,0.103683,,,0.347,203.4
512,0.100350,,0.086500,0.103683,,,0.346,203.7
513,0.099533,,0.086500,0.103683,,,0.348,204.0
514,0.098483,,0.086500,0.103683,,,0.348,204.4
515,0.100217,,0.086500,0.103683,,,0.416,204.8
516,0.098500,,0.086500,0.103683,,,0.347,205.2
517,0.100650,,0.086500,0.103683,,,0.348,205.5
518,0.101367,,0.086500,0.103683,,,0.347,205.9
519,0.099800,,0.086500,0.103683,,,0.346,206.2
520,0.099700,,0.086500,0.103683,,,0.345,206.5
521,0.098833,,0.086500,0.103683,,,0.417,207.0
522,0.100933,,0.086500,0.103683,,,0.348,207.3
523,0.101117,,0.086500,0.103683,,,0.347,207.7
524,0.098317,,0.086500,0.103683,,,0.347,208.0
525,0.100217,,0.086500,0.103683,,,0.345,208.3
526,0.096417,,0.086500,0.103683,,,0.347,208.7
527,0.101367,,0.086500,0.103683,,,0.415,209.1
528,0.102367,,0.086500,0.103683,,,0.366,209.5
529,0.101067,,0.086500,0.103683,,,0.349,209.8
530,0.100600,,0.086500,0.103683,,,0.349,210.2
531,0.101483,,0.086500,0.103683,,,0.377,210.5
532,0.098367,,0.086500,0.103683,,,0.348,210.9
533,0.101133,,0.086500,0.103683,,,0.415,211.3
534,0.099100,,0.086500,0.103683,,,0.348,211.7
535,0.099667,,0.086500,0.103683,,,0.346,212.0
536,0.099217,,0.086500,0.103683,,,0.348,212.4
537,0.101800,,0.086500,0.103683,,,0.347,212.7
538,0.101750,,0.086500,0.103683,,,0.346,213.0
539,0.101283,,0.086500,0.103683,,,0.417,213.5
540,0.098500,,0.086500,0.103683,,,0.345,213.8
541,0.099767,,0.086500,0.103683,,,0.348,214.2
542,0.100967,,0.086500,0.103683,,,0.346,214.5
543,0.101933,,0.086500,0.103683,,,0.349,214.9
544,0.100867,,0.086500,0.103683,,,0.347,215.2
545,0.099883,,0.086500,0.103683,,,0.414,215.6
546,0.100233,,0.086500,0.103683,,,0.346,216.0
547,0.101217,,0.086500,0.103683,,,0.348,216.3
548,0.101100,,0.086500,0.103683,,,0.346,216.7
549,0.100867,,0.086500,0.103683,,,0.347,217.0
550,0.099950,,0.086500,0.103683,,,0.349,217.3
551,0.098000,,0.086500,0.103683,,,0.413,217.8
552,0.099300,,0.086500,0.103683,,,0.346,218.1
553,0.101317,,0.086500,0.103683,,,0.345,218.5
554,0.096667,,0.086500,0.103683,,,0.342,218.8
555,0.100433,,0.086500,0.103683,,,0.347,219.1
556,0.099217,,0.086500,0.103683,,,0.348,219.5
557,0.098467,,0.086500,0.103683,,,0.411,219.9
558,0.100883,,0.086500,0.103683,,,0.346,220.2
559,0.098817,,0.086500,0.103683,,,0.347,220.6
560,0.101400,,0.086500,0.103683,,,0.348,220.9
561,0.101250,,0.086500,0.103683,,,0.345,221.3
562,0.098833,,0.086500,0.103683,,,0.349,221.6
563,0.099383,,0.086500,0.103683,,,0.413,222.0
564,0.098850,,0.086500,0.103683,,,0.347,222.4
565,0.098050,,0.086500,0.103683,,,0.347,222.7
566,0.100550,,0.086500,0.103683,,,0.348,223.1
567,0.100233,,0.086500,0.103683,,,0.348,223.4
568,0.101117,,0.086500,0.103683,,,0.347,223.8
569,0.100250,,0.086500,0.103683,,,0.416,224.2
570,0.100800,,0.086500,0.103683,,,0.347,224.5
571,0.098667,,0.086500,0.103683,,,0.348,224.9
572,0.098150,,0.086500,0.103683,,,0.346,225.2
573,0.101267,,0.086500,0.103683,,,0.346,225.6
574,0.100583,,0.086500,0.103683,,,0.349,225.9
575,0.098767,,0.086500,0.103683,,,0.422,226.4
576,0.101883,,0.086500,0.103683,,,0.348,226.7
577,0.100950,,0.086500,0.103683,,,0.346,227.1
578,0.099500,,0.086500,0.103683,,,0.345,227.4
579,0.099167,,0.086500,0.103683,,,0.346,227.7
580,0.099583,,0.086500,0.103683,,,0.345,228.1
581,0.100833,,0.086500,0.103683,,,0.414,228.5
582,0.099867,,0.086500,0.103683,,,0.344,228.8
583,0.100683,,0.086500,0.103683,,,0.346,229.2
584,0.099583,,0.086500,0.103683,,,0.348,229.5
585,0.100700,,0.086500,0.103683,,,0.346,229.9
586,0.098683,,0.086500,0.103683,,,0.346,230.2
587,0.099317,,0.086500,0.103683,,,0.419,230.7
588,0.098950,,0.086500,0.103683,,,0.346,231.0
589,0.099917,,0.086500,0.103683,,,0.346,231.3
590,0.101617,,0.086500,0.103683,,,0.349,231.7
591,0.099500,,0.086500,0.103683,,,0.348,232.0
592,0.100233,,0.086500,0.103683,,,0.347,232.4
593,0.100750,,0.086500,0.103683,,,0.412,232.8
594,0.097967,,0.086500,0.103683,,,0.346,233.1
595,0.099200,,0.086500,0.103683,,,0.348,233.5
596,0.099550,,0.086500,0.103683,,,0.346,233.8
597,0.099167,,0.086500,0.103683,,,0.347,234.2
598,0.099183,,0.086500,0.103683,,,0.346,234.5
599,0.099500,,0.086500,0.103683,,,0.420,235.0
600,0.101033,,0.086500,0.103683,,,0.346,235.3
601,0.101367,,0.086500,0.103683,,,0.347,235.6
602,0.098067,,0.086500,0.103683,,,0.346,236.0
603,0.100767,,0.086500,0.103683,,,0.346,236.3
604,0.097383,,0.086500,0.103683,,,0.346,236.7
605,0.100617,,0.086500,0.103683,,,0.413,237.1
606,0.103017,,0.086500,0.103683,,,0.347,237.4
607,0.097783,,0.086500,0.103683,,,0.339,237.8
608,0.100833,,0.086500,0.103683,,,0.345,238.1
609,0.097783,,0.086500,0.103683,,,0.345,238.5
610,0.100483,,0.086500,0.103683,,,0.348,238.8
611,0.098017,,0.086500,0.103683,,,0.413,239.2
612,0.100083,,0.086500,0.103683,,,0.346,239.6
613,0.101867,,0.086500,0.103683,,,0.349,239.9
614,0.097617,,0.086500,0.103683,,,0.391,240.3
615,0.100267,,0.086500,0.103683,,,0.347,240.7
616,0.100600,,0.086500,0.103683,,,0.347,241.0
617,0.100750,,0.086500,0.103683,,,0.415,241.4
618,0.098467,,0.086500,0.103683,,,0.348,241.8
619,0.098100,,0.086500,0.103683,,,0.346,242.1
620,0.100933,,0.086500,0.103683,,,0.344,242.5
621,0.101100,,0.086500,0.103683,,,0.347,242.8
622,0.101200,,0.086500,0.103683,,,0.346,243.2
623,0.101350,,0.086500,0.103683,,,0.415,243.6
624,0.100617,,0.086500,0.103683,,,0.348,243.9
625,0.100550,,0.086500,0.103683,,,0.347,244.3
626,0.099567,,0.086500,0.103683,,,0.346,244.6
627,0.100333,,0.086500,0.103683,,,0.349,245.0
628,0.100100,,0.086500,0.103683,,,0.346,245.3
629,0.099683,,0.086500,0.103683,,,0.415,245.7
630,0.100617,,0.086500,0.103683,,,0.348,246.1
631,0.098567,,0.086500,0.103683,,,0.348,246.4
632,0.100583,,0.086500,0.103683,,,0.347,246.8
633,0.099467,,0.086500,0.103683,,,0.348,247.1
634,0.100883,,0.086500,0.103683,,,0.348,247.5
635,0.098483,,0.086500,0.103683,,,0.411,247.9
636,0.100517,,0.086500,0.103683,,,0.347,248.2
637,0.102517,,0.086500,0.103683,,,0.349,248.6
638,0.097917,,0.086500,0.103683,,,0.349,248.9
639,0.101700,,0.086500,0.103683,,,0.345,249.3
640,0.098417,,0.086500,0.103683,,,0.347,249.6
641,0.101717,,0.086500,0.103683,,,0.415,250.0
642,0.099683,,0.086500,0.103683,,,0.349,250.4
643,0.101133,,0.086500,0.103683,,,0.348,250.7
644,0.099867,,0.086500,0.103683,,,0.347,251.1
645,0.099900,,0.086500,0.103683,,,0.347,251.4
646,0.100200,,0.086500,0.103683,,,0.348,251.8
647,0.103033,,0.086500,0.103683,,,0.415,252.2
648,0.100017,,0.086500,0.103683,,,0.347,252.5
649,0.103033,,0.086500,0.103683,,,0.453,253.0
650,0.099550,,0.086500,0.103683,,,0.344,253.3
651,0.098900,,0.086500,0.103683,,,0.341,253.7
652,0.100533,,0.086500,0.103683,,,0.341,254.0
653,0.100617,,0.086500,0.103683,,,0.422,254.4
654,0.098367,,0.086500,0.103683,,,0.344,254.8
655,0.099267,,0.086500,0.103683,,,0.341,255.1
656,0.101183,,0.086500,0.103683,,,0.342,255.5
657,0.099483,,0.086500,0.103683,,,0.344,255.8
658,0.099333,,0.086500,0.103683,,,0.341,256.1
659,0.100000,,0.086500,0.103683,,,0.403,256.5
660,0.099317,,0.086500,0.103683,,,0.340,256.9
661,0.100800,,0.086500,0.103683,,,0.340,257.2
662,0.098417,,0.086500,0.103683,,,0.341,257.6
663,0.099217,,0.086500,0.103683,,,0.355,257.9
664,0.100433,,0.086500,0.103683,,,0.345,258.3
665,0.100383,,0.086500,0.103683,,,0.411,258.7
666,0.100167,,0.086500,0.103683,,,0.342,259.0
667,0.100800,,0.086500,0.103683,,,0.342,259.4
668,0.098367,,0.086500,0.103683,,,0.344,259.7
669,0.100033,,0.086500,0.103683,,,0.340,260.0
670,0.100967,,0.086500,0.103683,,,0.345,260.4
671,0.099483,,0.086500,0.103683,,,0.420,260.8
672,0.101650,,0.086500,0.103683,,,0.338,261.1
673,0.100383,,0.086500,0.103683,,,0.342,261.5
674,0.100450,,0.086500,0.103683,,,0.344,261.8
675,0.100033,,0.086500,0.103683,,,0.341,262.2
676,0.098983,,0.086500,0.103683,,,0.340,262.5
677,0.098817,,0.086500,0.103683,,,0.409,262.9
678,0.099650,,0.086500,0.103683,,,0.341,263.3
679,0.100150,,0.086500,0.103683,,,0.340,263.6
680,0.101083,,0.086500,0.103683,,,0.346,264.0
681,0.099450,,0.086500,0.103683,,,0.340,264.3
682,0.101933,,0.086500,0.103683,,,0.343,264.6
683,0.100650,,0.086500,0.103683,,,0.401,265.0
684,0.099983,,0.086500,0.103683,,,0.340,265.4
685,0.101483,,0.086500,0.103683,,,0.342,265.7
686,0.097533,,0.086500,0.103683,,,0.340,266.1
687,0.100000,,0.086500,0.103683,,,0.340,266.4
688,0.102583,,0.086500,0.103683,,,0.346,266.7
689,0.100300,,0.086500,0.103683,,,0.392,267.1
690,0.102117,,0.086500,0.103683,,,0.342,267.5
691,0.100900,,0.086500,0.103683,,,0.340,267.8
692,0.099017,,0.086500,0.103683,,,0.341,268.2
693,0.099200,,0.086500,0.103683,,,0.410,268.6
694,0.101133,,0.086500,0.103683,,,0.426,269.0
695,0.101400,,0.086500,0.103683,,,0.416,269.4
696,0.101533,,0.086500,0.103683,,,0.342,269.8
697,0.098967,,0.086500,0.103683,,,0.381,270.1
698,0.101083,,0.086500,0.103683,,,0.339,270.5
699,0.099667,,0.086500,0.103683,,,0.346,270.8
700,0.098200,,0.086500,0.103683,,,0.345,271.2
701,0.099300,,0.086500,0.103683,,,0.409,271.6
702,0.098617,,0.086500,0.103683,,,0.340,271.9
703,0.100583,,0.086500,0.103683,,,0.341,272.3
704,0.101317,,0.086500,0.103683,,,0.340,272.6
705,0.099500,,0.086500,0.103683,,,0.341,272.9
706,0.101817,,0.086500,0.103683,,,0.338,273.3
707,0.100133,,0.086500,0.103683,,,0.422,273.7
708,0.097617,,0.086500,0.103683,,,0.340,274.0
709,0.102200,,0.086500,0.103683,,,0.340,274.4
710,0.101083,,0.086500,0.103683,,,0.341,274.7
711,0.102533,,0.086500,0.103683,,,0.339,275.1
712,0.099783,,0.086500,0.103683,,,0.341,275.4
713,0.100517,,0.086500,0.103683,,,0.400,275.8
714,0.099800,,0.086500,0.103683,,,0.342,276.1
715,0.100567,,0.086500,0.103683,,,0.339,276.5
716,0.099783,,0.086500,0.103683,,,0.342,276.8
717,0.101933,,0.086500,0.103683,,,0.338,277.2
718,0.102733,,0.086500,0.103683,,,0.341,277.5
719,0.100117,,0.086500,0.103683,,,0.401,277.9
720,0.100083,,0.086500,0.103683,,,0.342,278.2
721,0.100150,,0.086500,0.103683,,,0.339,278.6
722,0.101183,,0.086500,0.103683,,,0.339,278.9
723,0.101533,,0.086500,0.103683,,,0.340,279.3
724,0.101650,,0.086500,0.103683,,,0.341,279.6
725,0.100950,,0.086500,0.103683,,,0.402,280.0
726,0.099983,,0.086500,0.103683,,,0.342,280.3
727,0.100767,,0.086500,0.103683,,,0.340,280.7
728,0.099583,,0.086500,0.103683,,,0.339,281.0
729,0.097183,,0.086500,0.103683,,,0.341,281.4
730,0.099717,,0.086500,0.103683,,,0.340,281.7
731,0.099667,,0.086500,0.103683,,,0.399,282.1
732,0.102333,,0.086500,0.103683,,,0.340,282.4
733,0.101117,,0.086500,0.103683,,,0.339,282.8
734,0.101000,,0.086500,0.103683,,,0.337,283.1
735,0.100133,,0.086500,0.103683,,,0.340,283.5
736,0.099567,,0.086500,0.103683,,,0.341,283.8
737,0.100767,,0.086500,0.103683,,,0.390,284.2
738,0.098583,,0.086500,0.103683,,,0.339,284.5
739,0.098917,,0.086500,0.103683,,,0.402,284.9
740,0.099850,,0.086500,0.103683,,,0.405,285.3
741,0.099683,,0.086500,0.103683,,,0.341,285.7
742,0.098950,,0.086500,0.103683,,,0.348,286.0
743,0.099367,,0.086500,0.103683,,,0.426,286.5
744,0.100900,,0.086500,0.103683,,,0.345,286.8
745,0.101567,,0.086500,0.103683,,,0.347,287.1
746,0.100383,,0.086500,0.103683,,,0.341,287.5
747,0.099250,,0.086500,0.103683,,,0.340,287.8
748,0.098867,,0.086500,0.103683,,,0.342,288.2
749,0.101633,,0.086500,0.103683,,,0.409,288.6
750,0.098350,,0.086500,0.103683,,,0.342,288.9
751,0.100583,,0.086500,0.103683,,,0.340,289.3
752,0.099550,,0.086500,0.103683,,,0.343,289.6
753,0.097850,,0.086500,0.103683,,,0.346,290.0
754,0.100900,,0.086500,0.103683,,,0.343,290.3
755,0.100933,,0.086500,0.103683,,,0.418,290.7
756,0.101017,,0.086500,0.103683,,,0.340,291.1
757,0.100533,,0.086500,0.103683,,,0.342,291.4
758,0.099933,,0.086500,0.103683,,,0.342,291.7
759,0.100300,,0.086500,0.103683,,,0.343,292.1
760,0.102400,,0.086500,0.103683,,,0.340,292.4
761,0.101733,,0.086500,0.103683,,,0.404,292.8
762,0.100267,,0.086500,0.103683,,,0.342,293.2
763,0.100933,,0.086500,0.103683,,,0.342,293.5
764,0.098450,,0.086500,0.103683,,,0.340,293.8
765,0.098783,,0.086500,0.103683,,,0.339,294.2
766,0.100650,,0.086500,0.103683,,,0.341,294.5
767,0.099700,,0.086500,0.103683,,,0.416,294.9
768,0.101467,,0.086500,0.103683,,,0.341,295.3
769,0.102783,,0.086500,0.103683,,,0.341,295.6
770,0.100750,,0.086500,0.103683,,,0.339,296.0
771,0.101967,,0.086500,0.103683,,,0.344,296.3
772,0.099267,,0.086500,0.103683,,,0.343,296.6
773,0.100767,,0.086500,0.103683,,,0.400,297.0
774,0.100450,,0.086500,0.103683,,,0.341,297.4
775,0.098767,,0.086500,0.103683,,,0.341,297.7
776,0.098117,,0.086500,0.103683,,,0.341,298.1
777,0.099817,,0.086500,0.103683,,,0.341,298.4
778,0.100950,,0.086500,0.103683,,,0.346,298.8
779,0.101167,,0.086500,0.103683,,,0.407,299.2
780,0.098250,,0.086500,0.103683,,,0.408,299.6
781,0.100150,,0.086500,0.103683,,,0.426,300.0
782,0.101000,,0.086500,0.103683,,,0.338,300.3
783,0.099633,,0.086500,0.103683,,,0.344,300.7
784,0.102100,,0.086500,0.103683,,,0.353,301.0
785,0.102517,,0.086500,0.103683,,,0.419,301.5
786,0.100883,,0.086500,0.103683,,,0.346,301.8
787,0.100667,,0.086500,0.103683,,,0.342,302.1
788,0.100050,,0.086500,0.103683,,,0.346,302.5
789,0.100917,,0.086500,0.103683,,,0.342,302.8
790,0.099217,,0.086500,0.103683,,,0.344,303.2
791,0.100267,,0.086500,0.103683,,,0.411,303.6
792,0.097800,,0.086500,0.103683,,,0.340,303.9
793,0.101233,,0.086500,0.103683,,,0.338,304.3
794,0.099083,,0.086500,0.103683,,,0.346,304.6
795,0.101233,,0.086500,0.103683,,,0.339,304.9
796,0.101083,,0.086500,0.103683,,,0.342,305.3
797,0.100983,,0.086500,0.103683,,,0.423,305.7
798,0.099917,,0.086500,0.103683,,,0.343,306.1
799,0.101567,,0.086500,0.103683,,,0.343,306.4
800,0.100333,,0.086500,0.103683,,,0.339,306.7
801,0.098867,,0.086500,0.103683,,,0.341,307.1
802,0.099600,,0.086500,0.103683,,,0.345,307.4
803,0.101483,,0.086500,0.103683,,,0.414,307.8
804,0.100850,,0.086500,0.103683,,,0.346,308.2
805,0.098433,,0.086500,0.103683,,,0.340,308.5
806,0.098433,,0.086500,0.103683,,,0.341,308.9
807,0.098283,,0.086500,0.103683,,,0.340,309.2
808,0.100333,,0.086500,0.103683,,,0.343,309.5
809,0.101967,,0.086500,0.103683,,,0.388,309.9
810,0.098250,,0.086500,0.103683,,,0.341,310.3
811,0.100850,,0.086500,0.103683,,,0.341,310.6
812,0.098567,,0.086500,0.103683,,,0.341,311.0
813,0.100067,,0.086500,0.103683,,,0.342,311.3
814,0.100167,,0.086500,0.103683,,,0.341,311.6
815,0.100783,,0.086500,0.103683,,,0.395,312.0
816,0.102600,,0.086500,0.103683,,,0.344,312.4
817,0.102417,,0.086500,0.103683,,,0.343,312.7
818,0.099167,,0.086500,0.103683,,,0.341,313.1
819,0.101517,,0.086500,0.103683,,,0.342,313.4
820,0.097950,,0.086500,0.103683,,,0.337,313.7
821,0.100983,,0.086500,0.103683,,,0.413,314.2
822,0.098167,,0.086500,0.103683,,,0.344,314.5
823,0.098317,,0.086500,0.103683,,,0.345,314.8
824,0.102133,,0.086500,0.103683,,,0.342,315.2
825,0.098450,,0.086500,0.103683,,,0.343,315.5
826,0.100317,,0.086500,0.103683,,,0.342,315.9
827,0.098800,,0.086500,0.103683,,,0.402,316.3
828,0.098733,,0.086500,0.103683,,,0.342,316.6
829,0.100067,,0.086500,0.103683,,,0.342,317.0
830,0.102600,,0.086500,0.103683,,,0.338,317.3
831,0.100017,,0.086500,0.103683,,,0.343,317.6
832,0.100000,,0.086500,0.103683,,,0.338,318.0
833,0.101833,,0.086500,0.103683,,,0.394,318.4
834,0.099783,,0.086500,0.103683,,,0.341,318.7
835,0.099150,,0.086500,0.103683,,,0.342,319.1
836,0.099033,,0.086500,0.103683,,,0.341,319.4
837,0.099950,,0.086500,0.103683,,,0.343,319.7
838,0.099500,,0.086500,0.103683,,,0.341,320.1
839,0.097550,,0.086500,0.103683,,,0.398,320.5
840,0.098983,,0.086500,0.103683,,,0.340,320.8
841,0.100450,,0.086500,0.103683,,,0.343,321.2
842,0.100633,,0.086500,0.103683,,,0.341,321.5
843,0.097883,,0.086500,0.103683,,,0.341,321.8
844,0.098650,,0.086500,0.103683,,,0.341,322.2
845,0.100650,,0.086500,0.103683,,,0.389,322.6
846,0.100917,,0.086500,0.103683,,,0.341,322.9
847,0.100983,,0.086500,0.103683,,,0.340,323.3
848,0.101167,,0.086500,0.103683,,,0.342,323.6
849,0.099150,,0.086500,0.103683,,,0.341,323.9
850,0.100783,,0.086500,0.103683,,,0.340,324.3
851,0.097517,,0.086500,0.103683,,,0.386,324.7
852,0.098533,,0.086500,0.103683,,,0.342,325.0
853,0.099433,,0.086500,0.103683,,,0.343,325.3
854,0.099467,,0.086500,0.103683,,,0.340,325.7
855,0.100717,,0.086500,0.103683,,,0.339,326.0
856,0.099550,,0.086500,0.103683,,,0.342,326.4
857,0.102233,,0.086500,0.103683,,,0.420,326.8
858,0.099800,,0.086500,0.103683,,,0.352,327.1
859,0.100300,,0.086500,0.103683,,,0.343,327.5
860,0.100650,,0.086500,0.103683,,,0.339,327.8
861,0.103067,,0.086500,0.103683,,,0.340,328.2
862,0.100050,,0.086500,0.103683,,,0.339,328.5
863,0.099533,,0.086500,0.103683,,,0.411,328.9
864,0.099967,,0.086500,0.103683,,,0.339,329.3
865,0.099650,,0.086500,0.103683,,,0.342,329.6
866,0.100550,,0.086500,0.103683,,,0.377,330.0
867,0.099383,,0.086500,0.103683,,,0.338,330.3
868,0.099617,,0.086500,0.103683,,,0.342,330.6
869,0.098933,,0.086500,0.103683,,,0.408,331.1
870,0.100350,,0.086500,0.103683,,,0.341,331.4
871,0.100000,,0.086500,0.103683,,,0.339,331.7
872,0.097450,,0.086500,0.103683,,,0.341,332.1
873,0.099700,,0.086500,0.103683,,,0.343,332.4
874,0.099100,,0.086500,0.103683,,,0.344,332.8
875,0.098817,,0.086500,0.103683,,,0.404,333.2
876,0.099583,,0.086500,0.103683,,,0.342,333.5
877,0.100467,,0.086500,0.103683,,,0.341,333.9
878,0.100717,,0.086500,0.103683,,,0.342,334.2
879,0.096700,,0.086500,0.103683,,,0.341,334.5
880,0.099783,,0.086500,0.103683,,,0.342,334.9
881,0.100717,,0.086500,0.103683,,,0.417,335.3
882,0.098700,,0.086500,0.103683,,,0.342,335.6
883,0.099933,,0.086500,0.103683,,,0.345,336.0
884,0.100067,,0.086500,0.103683,,,0.342,336.3
885,0.100333,,0.086500,0.103683,,,0.342,336.7
886,0.098017,,0.086500,0.103683,,,0.340,337.0
887,0.100417,,0.086500,0.103683,,,0.408,337.4
888,0.099267,,0.086500,0.103683,,,0.342,337.8
889,0.100067,,0.086500,0.103683,,,0.344,338.1
890,0.100667,,0.086500,0.103683,,,0.342,338.4
891,0.099817,,0.086500,0.103683,,,0.340,338.8
892,0.097967,,0.086500,0.103683,,,0.341,339.1
893,0.099633,,0.086500,0.103683,,,0.393,339.5
894,0.101717,,0.086500,0.103683,,,0.343,339.9
895,0.098833,,0.086500,0.103683,,,0.344,340.2
896,0.103133,,0.086500,0.103683,,,0.343,340.5
897,0.099767,,0.086500,0.103683,,,0.336,340.9
898,0.099833,,0.086500,0.103683,,,0.340,341.2
899,0.099083,,0.086500,0.103683,,,0.390,341.6
900,0.097783,,0.086500,0.103683,,,0.344,342.0
901,0.099683,,0.086500,0.103683,,,0.341,342.3
902,0.099000,,0.086500,0.103683,,,0.342,342.6
903,0.099083,,0.086500,0.103683,,,0.347,343.0
904,0.100100,,0.086500,0.103683,,,0.340,343.3
905,0.098900,,0.086500,0.103683,,,0.400,343.7
906,0.100800,,0.086500,0.103683,,,0.343,344.1
907,0.099817,,0.086500,0.103683,,,0.340,344.4
908,0.099550,,0.086500,0.103683,,,0.342,344.8
909,0.099733,,0.086500,0.103683,,,0.340,345.1
910,0.097967,,0.086500,0.103683,,,0.340,345.4
911,0.096983,,0.086500,0.103683,,,0.399,345.8
912,0.099267,,0.086500,0.103683,,,0.341,346.2
913,0.101233,,0.086500,0.103683,,,0.340,346.5
914,0.099850,,0.086500,0.103683,,,0.343,346.9
915,0.100817,,0.086500,0.103683,,,0.342,347.2
916,0.101950,,0.086500,0.103683,,,0.340,347.5
917,0.102133,,0.086500,0.103683,,,0.393,347.9
918,0.101100,,0.086500,0.103683,,,0.343,348.3
919,0.098167,,0.086500,0.103683,,,0.343,348.6
920,0.100600,,0.086500,0.103683,,,0.340,349.0
921,0.098600,,0.086500,0.103683,,,0.341,349.3
922,0.101167,,0.086500,0.103683,,,0.345,349.6
923,0.098900,,0.086500,0.103683,,,0.395,350.0
924,0.100467,,0.086500,0.103683,,,0.341,350.4
925,0.101300,,0.086500,0.103683,,,0.341,350.7
926,0.099950,,0.086500,0.103683,,,0.344,351.1
927,0.100117,,0.086500,0.103683,,,0.342,351.4
928,0.099850,,0.086500,0.103683,,,0.340,351.7
929,0.099300,,0.086500,0.103683,,,0.385,352.1
930,0.099783,,0.086500,0.103683,,,0.342,352.5
931,0.098567,,0.086500,0.103683,,,0.339,352.8
932,0.098400,,0.086500,0.103683,,,0.341,353.2
933,0.100967,,0.086500,0.103683,,,0.343,353.5
934,0.099150,,0.086500,0.103683,,,0.341,353.8
935,0.100817,,0.086500,0.103683,,,0.390,354.2
936,0.097683,,0.086500,0.103683,,,0.342,354.6
937,0.099950,,0.086500,0.103683,,,0.342,354.9
938,0.100500,,0.086500,0.103683,,,0.340,355.2
939,0.098450,,0.086500,0.103683,,,0.344,355.6
940,0.101533,,0.086500,0.103683,,,0.341,355.9
941,0.095700,,0.086500,0.103683,,,0.414,356.3
942,0.099783,,0.086500,0.103683,,,0.343,356.7
943,0.100733,,0.086500,0.103683,,,0.342,357.0
944,0.100483,,0.086500,0.103683,,,0.341,357.4
945,0.099917,,0.086500,0.103683,,,0.344,357.7
946,0.099633,,0.086500,0.103683,,,0.340,358.1
947,0.100633,,0.086500,0.103683,,,0.400,358.5
948,0.101067,,0.086500,0.103683,,,0.342,358.8
949,0.100500,,0.086500,0.103683,,,0.340,359.1
950,0.100250,,0.086500,0.103683,,,0.343,359.5
951,0.097967,,0.086500,0.103683,,,0.384,359.9
952,0.101433,,0.086500,0.103683,,,0.341,360.2
953,0.099283,,0.086500,0.103683,,,0.407,360.6
954,0.098767,,0.086500,0.103683,,,0.342,361.0
955,0.099267,,0.086500,0.103683,,,0.342,361.3
956,0.101550,,0.086500,0.103683,,,0.346,361.6
957,0.099667,,0.086500,0.103683,,,0.342,362.0
958,0.097650,,0.086500,0.103683,,,0.343,362.3
959,0.098933,,0.086500,0.103683,,,0.415,362.7
960,0.099917,,0.086500,0.103683,,,0.340,363.1
961,0.100383,,0.086500,0.103683,,,0.343,363.4
962,0.101567,,0.086500,0.103683,,,0.341,363.8
963,0.100700,,0.086500,0.103683,,,0.340,364.1
964,0.099583,,0.086500,0.103683,,,0.341,364.4
965,0.101300,,0.086500,0.103683,,,0.396,364.8
966,0.101567,,0.086500,0.103683,,,0.341,365.2
967,0.101017,,0.086500,0.103683,,,0.341,365.5
968,0.097317,,0.086500,0.103683,,,0.340,365.9
969,0.100750,,0.086500,0.103683,,,0.339,366.2
970,0.099817,,0.086500,0.103683,,,0.343,366.5
971,0.098033,,0.086500,0.103683,,,0.398,366.9
972,0.100367,,0.086500,0.103683,,,0.340,367.3
973,0.098100,,0.086500,0.103683,,,0.343,367.6
974,0.098083,,0.086500,0.103683,,,0.344,368.0
975,0.100617,,0.086500,0.103683,,,0.341,368.3
976,0.098200,,0.086500,0.103683,,,0.339,368.7
977,0.098283,,0.086500,0.103683,,,0.397,369.1
978,0.101033,,0.086500,0.103683,,,0.339,369.4
979,0.097450,,0.086500,0.103683,,,0.343,369.7
980,0.099383,,0.086500,0.103683,,,0.339,370.1
981,0.099567,,0.086500,0.103683,,,0.340,370.4
982,0.101217,,0.086500,0.103683,,,0.340,370.8
983,0.099100,,0.086500,0.103683,,,0.397,371.1
984,0.099700,,0.086500,0.103683,,,0.342,371.5
985,0.100167,,0.086500,0.103683,,,0.339,371.8
986,0.100033,,0.086500,0.103683,,,0.343,372.2
987,0.099567,,0.086500,0.103683,,,0.340,372.5
988,0.099867,,0.086500,0.103683,,,0.340,372.9
989,0.100767,,0.086500,0.103683,,,0.398,373.3
990,0.101867,,0.086500,0.103683,,,0.342,373.6
991,0.098833,,0.086500,0.103683,,,0.339,373.9
992,0.099300,,0.086500,0.103683,,,0.341,374.3
993,0.102800,,0.086500,0.103683,,,0.342,374.6
994,0.102483,,0.086500,0.103683,,,0.342,375.0
995,0.098333,,0.086500,0.103683,,,0.402,375.4
996,0.099883,,0.086500,0.103683,,,0.338,375.7
997,0.100783,,0.086500,0.103683,,,0.342,376.0
998,0.102767,,0.086500,0.103683,,,0.340,376.4
999,0.099717,,0.086500,0.103683,,,0.339,376.7
1000,0.102567,0.1210000067949295,0.121000,0.103683,0.0,1.0,0.413,377.1
1001,0.100767,,0.121000,0.103683,,,0.350,377.5
1002,0.100950,,0.121000,0.103683,,,0.342,377.8
1003,0.097550,,0.121000,0.103683,,,0.339,378.2
1004,0.099617,,0.121000,0.103683,,,0.339,378.5
1005,0.100267,,0.121000,0.103683,,,0.341,378.8
1006,0.100750,,0.121000,0.103683,,,0.344,379.2
1007,0.101017,,0.121000,0.103683,,,0.390,379.6
1008,0.100133,,0.121000,0.103683,,,0.343,379.9
1009,0.101350,,0.121000,0.103683,,,0.342,380.3
1010,0.097950,,0.121000,0.103683,,,0.343,380.6
1011,0.101433,,0.121000,0.103683,,,0.340,380.9
1012,0.100450,,0.121000,0.103683,,,0.341,381.3
1013,0.099350,,0.121000,0.103683,,,0.412,381.7
1014,0.099683,,0.121000,0.103683,,,0.341,382.0
1015,0.099133,,0.121000,0.103683,,,0.340,382.4
1016,0.099150,,0.121000,0.103683,,,0.340,382.7
1017,0.100183,,0.121000,0.103683,,,0.342,383.1
1018,0.100450,,0.121000,0.103683,,,0.340,383.4
1019,0.101250,,0.121000,0.103683,,,0.390,383.8
1020,0.098333,,0.121000,0.103683,,,0.339,384.1
1021,0.100250,,0.121000,0.103683,,,0.342,384.5
1022,0.100133,,0.121000,0.103683,,,0.339,384.8
1023,0.098567,,0.121000,0.103683,,,0.341,385.2
1024,0.099183,,0.121000,0.103683,,,0.339,385.5
1025,0.100750,,0.121000,0.103683,,,0.379,385.9
1026,0.098867,,0.121000,0.103683,,,0.343,386.2
1027,0.100733,,0.121000,0.103683,,,0.340,386.6
1028,0.102483,,0.121000,0.103683,,,0.344,386.9
1029,0.100917,,0.121000,0.103683,,,0.339,387.2
1030,0.102183,,0.121000,0.103683,,,0.342,387.6
1031,0.099950,,0.121000,0.103683,,,0.400,388.0
1032,0.101667,,0.121000,0.103683,,,0.340,388.3
1033,0.100050,,0.121000,0.103683,,,0.344,388.7
1034,0.102583,,0.121000,0.103683,,,0.341,389.0
1035,0.101133,,0.121000,0.103683,,,0.341,389.3
1036,0.101267,,0.121000,0.103683,,,0.392,389.7
1037,0.099500,,0.121000,0.103683,,,0.414,390.1
1038,0.097850,,0.121000,0.103683,,,0.343,390.5
1039,0.101700,,0.121000,0.103683,,,0.345,390.8
1040,0.101400,,0.121000,0.103683,,,0.341,391.2
1041,0.100050,,0.121000,0.103683,,,0.340,391.5
1042,0.097983,,0.121000,0.103683,,,0.342,391.9
1043,0.097933,,0.121000,0.103683,,,0.415,392.3
1044,0.100883,,0.121000,0.103683,,,0.343,392.6
1045,0.098350,,0.121000,0.103683,,,0.342,393.0
1046,0.100000,,0.121000,0.103683,,,0.343,393.3
1047,0.100817,,0.121000,0.103683,,,0.343,393.6
1048,0.099833,,0.121000,0.103683,,,0.343,394.0
1049,0.099950,,0.121000,0.103683,,,0.422,394.4
1050,0.098850,,0.121000,0.103683,,,0.342,394.8
1051,0.100133,,0.121000,0.103683,,,0.340,395.1
1052,0.099467,,0.121000,0.103683,,,0.342,395.4
1053,0.099117,,0.121000,0.103683,,,0.345,395.8
1054,0.099267,,0.121000,0.103683,,,0.344,396.1
1055,0.098250,,0.121000,0.103683,,,0.418,396.5
1056,0.101267,,0.121000,0.103683,,,0.344,396.9
1057,0.099000,,0.121000,0.103683,,,0.343,397.2
1058,0.101167,,0.121000,0.103683,,,0.339,397.6
1059,0.099850,,0.121000,0.103683,,,0.343,397.9
1060,0.099600,,0.121000,0.103683,,,0.342,398.3
1061,0.100350,,0.121000,0.103683,,,0.415,398.7
1062,0.100933,,0.121000,0.103683,,,0.341,399.0
1063,0.099733,,0.121000,0.103683,,,0.345,399.4
1064,0.100150,,0.121000,0.103683,,,0.346,399.7
1065,0.099367,,0.121000,0.103683,,,0.345,400.0
1066,0.100933,,0.121000,0.103683,,,0.340,400.4
1067,0.099317,,0.121000,0.103683,,,0.406,400.8
1068,0.098183,,0.121000,0.103683,,,0.341,401.1
1069,0.099883,,0.121000,0.103683,,,0.340,401.5
1070,0.101883,,0.121000,0.103683,,,0.344,401.8
1071,0.100050,,0.121000,0.103683,,,0.341,402.2
1072,0.098933,,0.121000,0.103683,,,0.342,402.5
1073,0.098217,,0.121000,0.103683,,,0.385,402.9
1074,0.099833,,0.121000,0.103683,,,0.340,403.2
1075,0.101983,,0.121000,0.103683,,,0.339,403.6
1076,0.100983,,0.121000,0.103683,,,0.344,403.9
1077,0.100133,,0.121000,0.103683,,,0.340,404.2
1078,0.098733,,0.121000,0.103683,,,0.346,404.6
1079,0.099333,,0.121000,0.103683,,,0.419,405.0
1080,0.099450,,0.121000,0.103683,,,0.343,405.4
1081,0.100533,,0.121000,0.103683,,,0.341,405.7
1082,0.101233,,0.121000,0.103683,,,0.341,406.0
1083,0.099317,,0.121000,0.103683,,,0.341,406.4
1084,0.101350,,0.121000,0.103683,,,0.340,406.7
1085,0.102017,,0.121000,0.103683,,,0.393,407.1
1086,0.102200,,0.121000,0.103683,,,0.340,407.5
1087,0.098183,,0.121000,0.103683,,,0.341,407.8
1088,0.099050,,0.121000,0.103683,,,0.344,408.1
1089,0.099333,,0.121000,0.103683,,,0.341,408.5
1090,0.101383,,0.121000,0.103683,,,0.342,408.8
1091,0.098883,,0.121000,0.103683,,,0.393,409.2
1092,0.098500,,0.121000,0.103683,,,0.342,409.6
1093,0.099083,,0.121000,0.103683,,,0.340,409.9
1094,0.098250,,0.121000,0.103683,,,0.344,410.2
1095,0.098433,,0.121000,0.103683,,,0.340,410.6
1096,0.101117,,0.121000,0.103683,,,0.341,410.9
1097,0.096567,,0.121000,0.103683,,,0.393,411.3
1098,0.100950,,0.121000,0.103683,,,0.343,411.7
1099,0.098983,,0.121000,0.103683,,,0.341,412.0
1100,0.099550,,0.121000,0.103683,,,0.342,412.3
1101,0.097900,,0.121000,0.103683,,,0.342,412.7
1102,0.101650,,0.121000,0.103683,,,0.342,413.0
1103,0.098817,,0.121000,0.103683,,,0.384,413.4
1104,0.097900,,0.121000,0.103683,,,0.341,413.7
1105,0.101333,,0.121000,0.103683,,,0.342,414.1
1106,0.099617,,0.121000,0.103683,,,0.344,414.4
1107,0.100550,,0.121000,0.103683,,,0.341,414.8
1108,0.099667,,0.121000,0.103683,,,0.340,415.1
1109,0.100617,,0.121000,0.103683,,,0.388,415.5
1110,0.097350,,0.121000,0.103683,,,0.342,415.8
1111,0.099250,,0.121000,0.103683,,,0.344,416.2
1112,0.099733,,0.121000,0.103683,,,0.340,416.5
1113,0.100500,,0.121000,0.103683,,,0.339,416.9
1114,0.100100,,0.121000,0.103683,,,0.340,417.2
1115,0.100533,,0.121000,0.103683,,,0.373,417.6
1116,0.098183,,0.121000,0.103683,,,0.341,417.9
1117,0.097933,,0.121000,0.103683,,,0.340,418.3
1118,0.100833,,0.121000,0.103683,,,0.343,418.6
1119,0.099517,,0.121000,0.103683,,,0.338,418.9
1120,0.100417,,0.121000,0.103683,,,0.342,419.3
1121,0.100217,,0.121000,0.103683,,,0.458,419.7
1122,0.099367,,0.121000,0.103683,,,0.342,420.1
1123,0.098583,,0.121000,0.103683,,,0.341,420.4
1124,0.100383,,0.121000,0.103683,,,0.341,420.8
1125,0.100217,,0.121000,0.103683,,,0.341,421.1
1126,0.099133,,0.121000,0.103683,,,0.342,421.5
1127,0.098383,,0.121000,0.103683,,,0.385,421.8
1128,0.100817,,0.121000,0.103683,,,0.343,422.2
1129,0.099167,,0.121000,0.103683,,,0.337,422.5
1130,0.098583,,0.121000,0.103683,,,0.343,422.9
1131,0.096167,,0.121000,0.103683,,,0.340,423.2
1132,0.098050,,0.121000,0.103683,,,0.337,423.5
1133,0.101583,,0.121000,0.103683,,,0.384,423.9
1134,0.100750,,0.121000,0.103683,,,0.341,424.3
1135,0.098517,,0.121000,0.103683,,,0.340,424.6
1136,0.099533,,0.121000,0.103683,,,0.340,424.9
1137,0.099650,,0.121000,0.103683,,,0.340,425.3
1138,0.097833,,0.121000,0.103683,,,0.342,425.6
1139,0.100317,,0.121000,0.103683,,,0.380,426.0
1140,0.099850,,0.121000,0.103683,,,0.343,426.3
1141,0.101567,,0.121000,0.103683,,,0.342,426.7
1142,0.098950,,0.121000,0.103683,,,0.344,427.0
1143,0.100600,,0.121000,0.103683,,,0.338,427.4
1144,0.101033,,0.121000,0.103683,,,0.339,427.7
1145,0.097317,,0.121000,0.103683,,,0.403,428.1
1146,0.100133,,0.121000,0.103683,,,0.340,428.5
1147,0.099450,,0.121000,0.103683,,,0.340,428.8
1148,0.099150,,0.121000,0.103683,,,0.341,429.1
1149,0.099333,,0.121000,0.103683,,,0.343,429.5
1150,0.102200,,0.121000,0.103683,,,0.341,429.8
1151,0.098417,,0.121000,0.103683,,,0.413,430.2
1152,0.099900,,0.121000,0.103683,,,0.341,430.6
1153,0.099050,,0.121000,0.103683,,,0.341,430.9
1154,0.099333,,0.121000,0.103683,,,0.340,431.3
1155,0.100633,,0.121000,0.103683,,,0.342,431.6
1156,0.098567,,0.121000,0.103683,,,0.342,431.9
1157,0.100067,,0.121000,0.103683,,,0.397,432.3
1158,0.101733,,0.121000,0.103683,,,0.342,432.7
1159,0.099417,,0.121000,0.103683,,,0.341,433.0
1160,0.101617,,0.121000,0.103683,,,0.342,433.4
1161,0.100900,,0.121000,0.103683,,,0.342,433.7
1162,0.098650,,0.121000,0.103683,,,0.341,434.0
1163,0.100050,,0.121000,0.103683,,,0.394,434.4
1164,0.098050,,0.121000,0.103683,,,0.345,434.8
1165,0.100767,,0.121000,0.103683,,,0.340,435.1
1166,0.100033,,0.121000,0.103683,,,0.342,435.5
1167,0.101050,,0.121000,0.103683,,,0.341,435.8
1168,0.101317,,0.121000,0.103683,,,0.340,436.1
1169,0.101150,,0.121000,0.103683,,,0.395,436.5
1170,0.101767,,0.121000,0.103683,,,0.344,436.9
1171,0.098817,,0.121000,0.103683,,,0.339,437.2
1172,0.099117,,0.121000,0.103683,,,0.338,437.6
1173,0.099450,,0.121000,0.103683,,,0.340,437.9
1174,0.101200,,0.121000,0.103683,,,0.343,438.2
1175,0.099867,,0.121000,0.103683,,,0.400,438.6
1176,0.099850,,0.121000,0.103683,,,0.338,439.0
1177,0.099300,,0.121000,0.103683,,,0.341,439.3
1178,0.100200,,0.121000,0.103683,,,0.340,439.7
1179,0.099083,,0.121000,0.103683,,,0.341,440.0
1180,0.099867,,0.121000,0.103683,,,0.341,440.3
1181,0.097117,,0.121000,0.103683,,,0.401,440.7
1182,0.100050,,0.121000,0.103683,,,0.345,441.1
1183,0.099583,,0.121000,0.103683,,,0.339,441.4
1184,0.098450,,0.121000,0.103683,,,0.341,441.8
1185,0.099250,,0.121000,0.103683,,,0.341,442.1
1186,0.099283,,0.121000,0.103683,,,0.341,442.5
1187,0.100617,,0.121000,0.103683,,,0.391,442.8
1188,0.100383,,0.121000,0.103683,,,0.341,443.2
1189,0.098567,,0.121000,0.103683,,,0.339,443.5
1190,0.099100,,0.121000,0.103683,,,0.342,443.9
1191,0.098233,,0.121000,0.103683,,,0.341,444.2
1192,0.100017,,0.121000,0.103683,,,0.342,444.5
1193,0.100017,,0.121000,0.103683,,,0.399,444.9
1194,0.100600,,0.121000,0.103683,,,0.340,445.3
1195,0.101250,,0.121000,0.103683,,,0.342,445.6
1196,0.100217,,0.121000,0.103683,,,0.340,446.0
1197,0.098100,,0.121000,0.103683,,,0.341,446.3
1198,0.098217,,0.121000,0.103683,,,0.343,446.7
1199,0.099117,,0.121000,0.103683,,,0.391,447.0
1200,0.100167,,0.121000,0.103683,,,0.342,447.4
1201,0.099617,,0.121000,0.103683,,,0.339,447.7
1202,0.099233,,0.121000,0.103683,,,0.337,448.1
1203,0.099600,,0.121000,0.103683,,,0.340,448.4
1204,0.100500,,0.121000,0.103683,,,0.340,448.7
1205,0.098150,,0.121000,0.103683,,,0.392,449.1
1206,0.099467,,0.121000,0.103683,,,0.404,449.5
1207,0.101317,,0.121000,0.103683,,,0.339,449.9
1208,0.100117,,0.121000,0.103683,,,0.338,450.2
1209,0.098083,,0.121000,0.103683,,,0.343,450.6
1210,0.100150,,0.121000,0.103683,,,0.343,450.9
1211,0.100833,,0.121000,0.103683,,,0.405,451.3
1212,0.099967,,0.121000,0.103683,,,0.347,451.7
1213,0.098633,,0.121000,0.103683,,,0.340,452.0
1214,0.100983,,0.121000,0.103683,,,0.339,452.3
1215,0.098367,,0.121000,0.103683,,,0.340,452.7
1216,0.099467,,0.121000,0.103683,,,0.343,453.0
1217,0.100617,,0.121000,0.103683,,,0.400,453.4
1218,0.096950,,0.121000,0.103683,,,0.342,453.8
1219,0.096917,,0.121000,0.103683,,,0.339,454.1
1220,0.098167,,0.121000,0.103683,,,0.338,454.4
1221,0.100267,,0.121000,0.103683,,,0.339,454.8
1222,0.098933,,0.121000,0.103683,,,0.339,455.1
1223,0.101650,,0.121000,0.103683,,,0.389,455.5
1224,0.099133,,0.121000,0.103683,,,0.341,455.8
1225,0.099983,,0.121000,0.103683,,,0.341,456.2
1226,0.100200,,0.121000,0.103683,,,0.339,456.5
1227,0.100483,,0.121000,0.103683,,,0.344,456.9
1228,0.098967,,0.121000,0.103683,,,0.341,457.2
1229,0.099417,,0.121000,0.103683,,,0.375,457.6
1230,0.101100,,0.121000,0.103683,,,0.342,457.9
1231,0.098867,,0.121000,0.103683,,,0.340,458.3
1232,0.098167,,0.121000,0.103683,,,0.341,458.6
1233,0.102233,,0.121000,0.103683,,,0.342,458.9
1234,0.101417,,0.121000,0.103683,,,0.341,459.3
1235,0.100467,,0.121000,0.103683,,,0.401,459.7
1236,0.099117,,0.121000,0.103683,,,0.341,460.0
1237,0.100717,,0.121000,0.103683,,,0.343,460.4
1238,0.101517,,0.121000,0.103683,,,0.339,460.7
1239,0.099933,,0.121000,0.103683,,,0.341,461.1
1240,0.101267,,0.121000,0.103683,,,0.340,461.4
1241,0.097817,,0.121000,0.103683,,,0.397,461.8
1242,0.100350,,0.121000,0.103683,,,0.342,462.1
1243,0.096933,,0.121000,0.103683,,,0.342,462.5
1244,0.100200,,0.121000,0.103683,,,0.342,462.8
1245,0.099200,,0.121000,0.103683,,,0.342,463.2
1246,0.101417,,0.121000,0.103683,,,0.342,463.5
1247,0.097483,,0.121000,0.103683,,,0.395,463.9
1248,0.098250,,0.121000,0.103683,,,0.340,464.2
1249,0.098533,,0.121000,0.103683,,,0.341,464.6
1250,0.098517,,0.121000,0.103683,,,0.339,464.9
1251,0.098683,,0.121000,0.103683,,,0.340,465.3
1252,0.102200,,0.121000,0.103683,,,0.343,465.6
1253,0.100083,,0.121000,0.103683,,,0.399,466.0
1254,0.101367,,0.121000,0.103683,,,0.341,466.3
1255,0.101900,,0.121000,0.103683,,,0.342,466.7
1256,0.098733,,0.121000,0.103683,,,0.340,467.0
1257,0.100400,,0.121000,0.103683,,,0.341,467.4
1258,0.100067,,0.121000,0.103683,,,0.338,467.7
1259,0.098550,,0.121000,0.103683,,,0.400,468.1
1260,0.099483,,0.121000,0.103683,,,0.341,468.4
1261,0.099983,,0.121000,0.103683,,,0.348,468.8
1262,0.102167,,0.121000,0.103683,,,0.343,469.1
1263,0.102000,,0.121000,0.103683,,,0.339,469.5
1264,0.098700,,0.121000,0.103683,,,0.339,469.8
1265,0.100700,,0.121000,0.103683,,,0.401,470.2
1266,0.100050,,0.121000,0.103683,,,0.342,470.6
1267,0.098467,,0.121000,0.103683,,,0.342,470.9
1268,0.100167,,0.121000,0.103683,,,0.338,471.2
1269,0.099317,,0.121000,0.103683,,,0.341,471.6
1270,0.099567,,0.121000,0.103683,,,0.343,471.9
1271,0.096867,,0.121000,0.103683,,,0.405,472.3
1272,0.100150,,0.121000,0.103683,,,0.341,472.7
1273,0.100200,,0.121000,0.103683,,,0.342,473.0
1274,0.099617,,0.121000,0.103683,,,0.341,473.3
1275,0.100500,,0.121000,0.103683,,,0.343,473.7
1276,0.099833,,0.121000,0.103683,,,0.341,474.0
1277,0.098733,,0.121000,0.103683,,,0.377,474.4
1278,0.102217,,0.121000,0.103683,,,0.341,474.7
1279,0.100417,,0.121000,0.103683,,,0.340,475.1
1280,0.099550,,0.121000,0.103683,,,0.340,475.4
1281,0.098383,,0.121000,0.103683,,,0.340,475.8
1282,0.099767,,0.121000,0.103683,,,0.341,476.1
1283,0.100367,,0.121000,0.103683,,,0.399,476.5
1284,0.102317,,0.121000,0.103683,,,0.343,476.9
1285,0.099533,,0.121000,0.103683,,,0.341,477.2
1286,0.100967,,0.121000,0.103683,,,0.341,477.5
1287,0.101333,,0.121000,0.103683,,,0.342,477.9
1288,0.101317,,0.121000,0.103683,,,0.339,478.2
1289,0.099767,,0.121000,0.103683,,,0.392,478.6
1290,0.101967,,0.121000,0.103683,,,0.341,478.9
1291,0.099367,,0.121000,0.103683,,,0.360,479.3
1292,0.100300,,0.121000,0.103683,,,0.342,479.6
1293,0.099483,,0.121000,0.103683,,,0.342,480.0
1294,0.099267,,0.121000,0.103683,,,0.371,480.4
1295,0.100283,,0.121000,0.103683,,,0.409,480.8
1296,0.101517,,0.121000,0.103683,,,0.340,481.1
1297,0.100367,,0.121000,0.103683,,,0.341,481.5
1298,0.102833,,0.121000,0.103683,,,0.338,481.8
1299,0.102083,,0.121000,0.103683,,,0.342,482.1
1300,0.100917,,0.121000,0.103683,,,0.341,482.5
1301,0.099383,,0.121000,0.103683,,,0.385,482.9
1302,0.100883,,0.121000,0.103683,,,0.342,483.2
1303,0.099950,,0.121000,0.103683,,,0.341,483.5
1304,0.097167,,0.121000,0.103683,,,0.340,483.9
1305,0.100917,,0.121000,0.103683,,,0.341,484.2
1306,0.100083,,0.121000,0.103683,,,0.341,484.6
1307,0.101133,,0.121000,0.103683,,,0.409,485.0
1308,0.098817,,0.121000,0.103683,,,0.342,485.3
1309,0.099200,,0.121000,0.103683,,,0.340,485.7
1310,0.100800,,0.121000,0.103683,,,0.339,486.0
1311,0.100700,,0.121000,0.103683,,,0.339,486.3
1312,0.101683,,0.121000,0.103683,,,0.342,486.7
1313,0.101150,,0.121000,0.103683,,,0.377,487.1
1314,0.100483,,0.121000,0.103683,,,0.343,487.4
1315,0.100000,,0.121000,0.103683,,,0.340,487.7
1316,0.099783,,0.121000,0.103683,,,0.342,488.1
1317,0.099433,,0.121000,0.103683,,,0.341,488.4
1318,0.098883,,0.121000,0.103683,,,0.344,488.8
1319,0.100833,,0.121000,0.103683,,,0.387,489.2
1320,0.102783,,0.121000,0.103683,,,0.341,489.5
1321,0.101083,,0.121000,0.103683,,,0.342,489.8
1322,0.100900,,0.121000,0.103683,,,0.341,490.2
1323,0.098583,,0.121000,0.103683,,,0.341,490.5
1324,0.099333,,0.121000,0.103683,,,0.339,490.9
1325,0.097850,,0.121000,0.103683,,,0.384,491.2
1326,0.099183,,0.121000,0.103683,,,0.341,491.6
1327,0.100400,,0.121000,0.103683,,,0.342,491.9
1328,0.101400,,0.121000,0.103683,,,0.341,492.3
1329,0.099483,,0.121000,0.103683,,,0.341,492.6
1330,0.102217,,0.121000,0.103683,,,0.340,492.9
1331,0.098200,,0.121000,0.103683,,,0.409,493.4
1332,0.100183,,0.121000,0.103683,,,0.344,493.7
1333,0.100883,,0.121000,0.103683,,,0.341,494.0
1334,0.099967,,0.121000,0.103683,,,0.342,494.4
1335,0.100900,,0.121000,0.103683,,,0.340,494.7
1336,0.099600,,0.121000,0.103683,,,0.344,495.1
1337,0.101367,,0.121000,0.103683,,,0.398,495.5
1338,0.100517,,0.121000,0.103683,,,0.341,495.8
1339,0.099083,,0.121000,0.103683,,,0.341,496.1
1340,0.100833,,0.121000,0.103683,,,0.342,496.5
1341,0.101583,,0.121000,0.103683,,,0.341,496.8
1342,0.099983,,0.121000,0.103683,,,0.342,497.2
1343,0.101650,,0.121000,0.103683,,,0.396,497.6
1344,0.099067,,0.121000,0.103683,,,0.344,497.9
1345,0.099500,,0.121000,0.103683,,,0.343,498.3
1346,0.096300,,0.121000,0.103683,,,0.341,498.6
1347,0.098650,,0.121000,0.103683,,,0.341,498.9
1348,0.100633,,0.121000,0.103683,,,0.339,499.3
1349,0.099333,,0.121000,0.103683,,,0.397,499.7
1350,0.100467,,0.121000,0.103683,,,0.344,500.0
1351,0.098800,,0.121000,0.103683,,,0.341,500.4
1352,0.101033,,0.121000,0.103683,,,0.339,500.7
1353,0.102167,,0.121000,0.103683,,,0.338,501.0
1354,0.099450,,0.121000,0.103683,,,0.341,501.4
1355,0.102533,,0.121000,0.103683,,,0.401,501.8
1356,0.100350,,0.121000,0.103683,,,0.342,502.1
1357,0.102383,,0.121000,0.103683,,,0.340,502.5
1358,0.100050,,0.121000,0.103683,,,0.344,502.8
1359,0.100500,,0.121000,0.103683,,,0.340,503.1
1360,0.098400,,0.121000,0.103683,,,0.341,503.5
1361,0.100367,,0.121000,0.103683,,,0.388,503.9
1362,0.100667,,0.121000,0.103683,,,0.344,504.2
1363,0.099150,,0.121000,0.103683,,,0.342,504.6
1364,0.097550,,0.121000,0.103683,,,0.342,504.9
1365,0.102550,,0.121000,0.103683,,,0.342,505.2
1366,0.101683,,0.121000,0.103683,,,0.340,505.6
1367,0.100117,,0.121000,0.103683,,,0.398,506.0
1368,0.099133,,0.121000,0.103683,,,0.341,506.3
1369,0.096867,,0.121000,0.103683,,,0.341,506.7
1370,0.100517,,0.121000,0.103683,,,0.340,507.0
1371,0.099983,,0.121000,0.103683,,,0.340,507.3
1372,0.100500,,0.121000,0.103683,,,0.343,507.7
1373,0.100100,,0.121000,0.103683,,,0.401,508.1
1374,0.100217,,0.121000,0.103683,,,0.340,508.4
1375,0.100733,,0.121000,0.103683,,,0.345,508.8
1376,0.099833,,0.121000,0.103683,,,0.343,509.1
1377,0.099700,,0.121000,0.103683,,,0.342,509.5
1378,0.100317,,0.121000,0.103683,,,0.343,509.8
1379,0.097317,,0.121000,0.103683,,,0.475,510.3
1380,0.099167,,0.121000,0.103683,,,0.339,510.6
1381,0.098867,,0.121000,0.103683,,,0.341,511.0
1382,0.100267,,0.121000,0.103683,,,0.341,511.3
1383,0.099317,,0.121000,0.103683,,,0.340,511.6
1384,0.101133,,0.121000,0.103683,,,0.338,512.0
1385,0.101417,,0.121000,0.103683,,,0.387,512.4
1386,0.099567,,0.121000,0.103683,,,0.340,512.7
1387,0.098833,,0.121000,0.103683,,,0.348,513.0
1388,0.098200,,0.121000,0.103683,,,0.338,513.4
1389,0.098983,,0.121000,0.103683,,,0.338,513.7
1390,0.102300,,0.121000,0.103683,,,0.340,514.1
1391,0.101083,,0.121000,0.103683,,,0.410,514.5
1392,0.100383,,0.121000,0.103683,,,0.341,514.8
1393,0.101917,,0.121000,0.103683,,,0.341,515.2
1394,0.098067,,0.121000,0.103683,,,0.340,515.5
1395,0.099467,,0.121000,0.103683,,,0.342,515.8
1396,0.101233,,0.121000,0.103683,,,0.342,516.2
1397,0.099050,,0.121000,0.103683,,,0.390,516.6
1398,0.101367,,0.121000,0.103683,,,0.339,516.9
1399,0.098917,,0.121000,0.103683,,,0.341,517.2
1400,0.100933,,0.121000,0.103683,,,0.341,517.6
1401,0.101500,,0.121000,0.103683,,,0.343,517.9
1402,0.100600,,0.121000,0.103683,,,0.343,518.3
1403,0.102617,,0.121000,0.103683,,,0.384,518.7
1404,0.100883,,0.121000,0.103683,,,0.340,519.0
1405,0.100733,,0.121000,0.103683,,,0.341,519.3
1406,0.099933,,0.121000,0.103683,,,0.341,519.7
1407,0.100283,,0.121000,0.103683,,,0.343,520.0
1408,0.101050,,0.121000,0.103683,,,0.337,520.4
1409,0.099000,,0.121000,0.103683,,,0.385,520.7
1410,0.099033,,0.121000,0.103683,,,0.339,521.1
1411,0.101450,,0.121000,0.103683,,,0.341,521.4
1412,0.099467,,0.121000,0.103683,,,0.340,521.8
1413,0.095833,,0.121000,0.103683,,,0.345,522.1
1414,0.099167,,0.121000,0.103683,,,0.342,522.5
1415,0.101200,,0.121000,0.103683,,,0.396,522.8
1416,0.098167,,0.121000,0.103683,,,0.342,523.2
1417,0.099200,,0.121000,0.103683,,,0.341,523.5
1418,0.099450,,0.121000,0.103683,,,0.341,523.9
1419,0.101867,,0.121000,0.103683,,,0.342,524.2
1420,0.100333,,0.121000,0.103683,,,0.340,524.6
1421,0.100883,,0.121000,0.103683,,,0.402,525.0
1422,0.102100,,0.121000,0.103683,,,0.345,525.3
1423,0.101583,,0.121000,0.103683,,,0.341,525.6
1424,0.101667,,0.121000,0.103683,,,0.354,526.0
1425,0.101083,,0.121000,0.103683,,,0.342,526.3
1426,0.099283,,0.121000,0.103683,,,0.342,526.7
1427,0.102250,,0.121000,0.103683,,,0.411,527.1
1428,0.099000,,0.121000,0.103683,,,0.341,527.4
1429,0.098567,,0.121000,0.103683,,,0.340,527.8
1430,0.099450,,0.121000,0.103683,,,0.342,528.1
1431,0.100017,,0.121000,0.103683,,,0.342,528.5
1432,0.100600,,0.121000,0.103683,,,0.341,528.8
1433,0.100733,,0.121000,0.103683,,,0.400,529.2
1434,0.098983,,0.121000,0.103683,,,0.341,529.5
1435,0.099433,,0.121000,0.103683,,,0.344,529.9
1436,0.100550,,0.121000,0.103683,,,0.339,530.2
1437,0.100250,,0.121000,0.103683,,,0.339,530.6
1438,0.099033,,0.121000,0.103683,,,0.338,530.9
1439,0.100050,,0.121000,0.103683,,,0.396,531.3
1440,0.101933,,0.121000,0.103683,,,0.340,531.6
1441,0.101850,,0.121000,0.103683,,,0.345,532.0
1442,0.100350,,0.121000,0.103683,,,0.343,532.3
1443,0.100950,,0.121000,0.103683,,,0.340,532.7
1444,0.100750,,0.121000,0.103683,,,0.341,533.0
1445,0.099617,,0.121000,0.103683,,,0.408,533.4
1446,0.099850,,0.121000,0.103683,,,0.342,533.8
1447,0.099017,,0.121000,0.103683,,,0.339,534.1
1448,0.100650,,0.121000,0.103683,,,0.342,534.4
1449,0.100467,,0.121000,0.103683,,,0.339,534.8
1450,0.100283,,0.121000,0.103683,,,0.343,535.1
1451,0.099250,,0.121000,0.103683,,,0.379,535.5
1452,0.100383,,0.121000,0.103683,,,0.342,535.8
1453,0.099833,,0.121000,0.103683,,,0.342,536.2
1454,0.101733,,0.121000,0.103683,,,0.341,536.5
1455,0.101183,,0.121000,0.103683,,,0.339,536.9
1456,0.099850,,0.121000,0.103683,,,0.340,537.2
1457,0.101017,,0.121000,0.103683,,,0.387,537.6
1458,0.100833,,0.121000,0.103683,,,0.342,537.9
1459,0.099917,,0.121000,0.103683,,,0.341,538.3
1460,0.099983,,0.121000,0.103683,,,0.339,538.6
1461,0.099050,,0.121000,0.103683,,,0.341,539.0
1462,0.101883,,0.121000,0.103683,,,0.345,539.3
1463,0.099967,,0.121000,0.103683,,,0.405,539.7
1464,0.100983,,0.121000,0.103683,,,0.393,540.1
1465,0.100850,,0.121000,0.103683,,,0.341,540.4
1466,0.102200,,0.121000,0.103683,,,0.339,540.8
1467,0.103433,,0.121000,0.103683,,,0.342,541.1
1468,0.099800,,0.121000,0.103683,,,0.341,541.5
1469,0.099167,,0.121000,0.103683,,,0.410,541.9
1470,0.101950,,0.121000,0.103683,,,0.343,542.2
1471,0.101317,,0.121000,0.103683,,,0.344,542.6
1472,0.098650,,0.121000,0.103683,,,0.342,542.9
1473,0.101217,,0.121000,0.103683,,,0.342,543.2
1474,0.098400,,0.121000,0.103683,,,0.344,543.6
1475,0.099650,,0.121000,0.103683,,,0.407,544.0
1476,0.099900,,0.121000,0.103683,,,0.342,544.3
1477,0.100250,,0.121000,0.103683,,,0.342,544.7
1478,0.098917,,0.121000,0.103683,,,0.345,545.0
1479,0.101283,,0.121000,0.103683,,,0.341,545.4
1480,0.102433,,0.121000,0.103683,,,0.341,545.7
1481,0.100783,,0.121000,0.103683,,,0.392,546.1
1482,0.098767,,0.121000,0.103683,,,0.341,546.4
1483,0.100867,,0.121000,0.103683,,,0.342,546.8
1484,0.099900,,0.121000,0.103683,,,0.341,547.1
1485,0.101783,,0.121000,0.103683,,,0.342,547.5
1486,0.100667,,0.121000,0.103683,,,0.340,547.8
1487,0.098467,,0.121000,0.103683,,,0.399,548.2
1488,0.101067,,0.121000,0.103683,,,0.342,548.5
1489,0.101550,,0.121000,0.103683,,,0.341,548.9
1490,0.101017,,0.121000,0.103683,,,0.341,549.2
1491,0.101083,,0.121000,0.103683,,,0.339,549.6
1492,0.099633,,0.121000,0.103683,,,0.342,549.9
1493,0.101417,,0.121000,0.103683,,,0.400,550.3
1494,0.100583,,0.121000,0.103683,,,0.340,550.6
1495,0.101217,,0.121000,0.103683,,,0.347,551.0
1496,0.101300,,0.121000,0.103683,,,0.340,551.3
1497,0.100917,,0.121000,0.103683,,,0.340,551.7
1498,0.101583,,0.121000,0.103683,,,0.340,552.0
1499,0.099067,,0.121000,0.103683,,,0.422,552.4
1500,0.102650,,0.121000,0.103683,,,0.339,552.8
1501,0.100750,,0.121000,0.103683,,,0.340,553.1
1502,0.098483,,0.121000,0.103683,,,0.340,553.5
1503,0.103050,,0.121000,0.103683,,,0.341,553.8
1504,0.100900,,0.121000,0.103683,,,0.344,554.1
1505,0.100050,,0.121000,0.103683,,,0.397,554.5
1506,0.100417,,0.121000,0.103683,,,0.342,554.9
1507,0.099667,,0.121000,0.103683,,,0.342,555.2
1508,0.101933,,0.121000,0.103683,,,0.344,555.6
1509,0.099933,,0.121000,0.103683,,,0.340,555.9
1510,0.099650,,0.121000,0.103683,,,0.342,556.2
1511,0.099417,,0.121000,0.103683,,,0.401,556.6
1512,0.100850,,0.121000,0.103683,,,0.341,557.0
1513,0.099850,,0.121000,0.103683,,,0.338,557.3
1514,0.097667,,0.121000,0.103683,,,0.341,557.7
1515,0.099067,,0.121000,0.103683,,,0.343,558.0
1516,0.099200,,0.121000,0.103683,,,0.338,558.3
1517,0.100133,,0.121000,0.103683,,,0.399,558.7
1518,0.100500,,0.121000,0.103683,,,0.342,559.1
1519,0.102617,,0.121000,0.103683,,,0.342,559.4
1520,0.104050,,0.121000,0.104050,,,0.340,559.8
1521,0.099300,,0.121000,0.104050,,,0.342,560.1
1522,0.101283,,0.121000,0.104050,,,0.338,560.5
1523,0.100033,,0.121000,0.104050,,,0.395,560.8
1524,0.101750,,0.121000,0.104050,,,0.342,561.2
1525,0.099850,,0.121000,0.104050,,,0.342,561.5
1526,0.099900,,0.121000,0.104050,,,0.342,561.9
1527,0.100917,,0.121000,0.104050,,,0.343,562.2
1528,0.100483,,0.121000,0.104050,,,0.342,562.6
1529,0.102267,,0.121000,0.104050,,,0.390,562.9
1530,0.099867,,0.121000,0.104050,,,0.342,563.3
1531,0.101817,,0.121000,0.104050,,,0.343,563.6
1532,0.102967,,0.121000,0.104050,,,0.341,564.0
1533,0.101867,,0.121000,0.104050,,,0.343,564.3
1534,0.099617,,0.121000,0.104050,,,0.341,564.7
1535,0.100783,,0.121000,0.104050,,,0.392,565.0
1536,0.100883,,0.121000,0.104050,,,0.341,565.4
1537,0.102683,,0.121000,0.104050,,,0.342,565.7
1538,0.100283,,0.121000,0.104050,,,0.341,566.1
1539,0.099683,,0.121000,0.104050,,,0.338,566.4
1540,0.101150,,0.121000,0.104050,,,0.340,566.8
1541,0.099967,,0.121000,0.104050,,,0.390,567.1
1542,0.101350,,0.121000,0.104050,,,0.343,567.5
1543,0.100383,,0.121000,0.104050,,,0.340,567.8
1544,0.099933,,0.121000,0.104050,,,0.342,568.2
1545,0.101483,,0.121000,0.104050,,,0.341,568.5
1546,0.100917,,0.121000,0.104050,,,0.342,568.9
1547,0.100000,,0.121000,0.104050,,,0.385,569.2
1548,0.100833,,0.121000,0.104050,,,0.340,569.6
1549,0.099100,,0.121000,0.104050,,,0.408,570.0
1550,0.099950,,0.121000,0.104050,,,0.340,570.3
1551,0.101950,,0.121000,0.104050,,,0.342,570.7
1552,0.099833,,0.121000,0.104050,,,0.341,571.0
1553,0.100750,,0.121000,0.104050,,,0.409,571.4
1554,0.102233,,0.121000,0.104050,,,0.341,571.8
1555,0.100300,,0.121000,0.104050,,,0.341,572.1
1556,0.100067,,0.121000,0.104050,,,0.339,572.4
1557,0.099667,,0.121000,0.104050,,,0.342,572.8
1558,0.100800,,0.121000,0.104050,,,0.342,573.1
1559,0.099950,,0.121000,0.104050,,,0.394,573.5
1560,0.100400,,0.121000,0.104050,,,0.340,573.9
1561,0.097783,,0.121000,0.104050,,,0.340,574.2
1562,0.101717,,0.121000,0.104050,,,0.344,574.5
1563,0.100600,,0.121000,0.104050,,,0.342,574.9
1564,0.097600,,0.121000,0.104050,,,0.342,575.2
1565,0.100900,,0.121000,0.104050,,,0.399,575.6
1566,0.101217,,0.121000,0.104050,,,0.345,576.0
1567,0.099367,,0.121000,0.104050,,,0.343,576.3
1568,0.099150,,0.121000,0.104050,,,0.340,576.7
1569,0.102850,,0.121000,0.104050,,,0.341,577.0
1570,0.100483,,0.121000,0.104050,,,0.341,577.3
1571,0.098483,,0.121000,0.104050,,,0.385,577.7
1572,0.101150,,0.121000,0.104050,,,0.344,578.1
1573,0.100667,,0.121000,0.104050,,,0.340,578.4
1574,0.097250,,0.121000,0.104050,,,0.340,578.7
1575,0.098383,,0.121000,0.104050,,,0.341,579.1
1576,0.100617,,0.121000,0.104050,,,0.343,579.4
1577,0.100833,,0.121000,0.104050,,,0.391,579.8
1578,0.101117,,0.121000,0.104050,,,0.341,580.2
1579,0.099783,,0.121000,0.104050,,,0.339,580.5
1580,0.099683,,0.121000,0.104050,,,0.338,580.8
1581,0.098550,,0.121000,0.104050,,,0.341,581.2
1582,0.100883,,0.121000,0.104050,,,0.341,581.5
1583,0.099167,,0.121000,0.104050,,,0.365,581.9
1584,0.098650,,0.121000,0.104050,,,0.342,582.2
1585,0.100383,,0.121000,0.104050,,,0.339,582.6
1586,0.098617,,0.121000,0.104050,,,0.341,582.9
1587,0.099833,,0.121000,0.104050,,,0.341,583.2
1588,0.099983,,0.121000,0.104050,,,0.343,583.6
1589,0.102250,,0.121000,0.104050,,,0.418,584.0
1590,0.099483,,0.121000,0.104050,,,0.342,584.3
1591,0.100233,,0.121000,0.104050,,,0.341,584.7
1592,0.100517,,0.121000,0.104050,,,0.344,585.0
1593,0.100417,,0.121000,0.104050,,,0.343,585.4
1594,0.099483,,0.121000,0.104050,,,0.342,585.7
1595,0.099783,,0.121000,0.104050,,,0.415,586.1
1596,0.099450,,0.121000,0.104050,,,0.343,586.5
1597,0.101250,,0.121000,0.104050,,,0.340,586.8
1598,0.102217,,0.121000,0.104050,,,0.343,587.2
1599,0.099600,,0.121000,0.104050,,,0.344,587.5
1600,0.100083,,0.121000,0.104050,,,0.340,587.8
1601,0.101800,,0.121000,0.104050,,,0.384,588.2
1602,0.098717,,0.121000,0.104050,,,0.350,588.6
1603,0.100283,,0.121000,0.104050,,,0.343,588.9
1604,0.097800,,0.121000,0.104050,,,0.341,589.3
1605,0.099550,,0.121000,0.104050,,,0.339,589.6
1606,0.100983,,0.121000,0.104050,,,0.340,589.9
1607,0.100417,,0.121000,0.104050,,,0.399,590.3
1608,0.098367,,0.121000,0.104050,,,0.340,590.7
1609,0.101833,,0.121000,0.104050,,,0.344,591.0
1610,0.097983,,0.121000,0.104050,,,0.343,591.4
1611,0.100567,,0.121000,0.104050,,,0.342,591.7
1612,0.101467,,0.121000,0.104050,,,0.343,592.1
1613,0.097517,,0.121000,0.104050,,,0.411,592.5
1614,0.097767,,0.121000,0.104050,,,0.343,592.8
1615,0.100650,,0.121000,0.104050,,,0.342,593.1
1616,0.100000,,0.121000,0.104050,,,0.341,593.5
1617,0.101717,,0.121000,0.104050,,,0.342,593.8
1618,0.100450,,0.121000,0.104050,,,0.342,594.2
1619,0.100933,,0.121000,0.104050,,,0.391,594.6
1620,0.098900,,0.121000,0.104050,,,0.341,594.9
1621,0.100383,,0.121000,0.104050,,,0.342,595.2
1622,0.103317,,0.121000,0.104050,,,0.342,595.6
1623,0.099450,,0.121000,0.104050,,,0.342,595.9
1624,0.099100,,0.121000,0.104050,,,0.341,596.3
1625,0.098667,,0.121000,0.104050,,,0.376,596.6
1626,0.100883,,0.121000,0.104050,,,0.344,597.0
1627,0.099483,,0.121000,0.104050,,,0.341,597.3
1628,0.098433,,0.121000,0.104050,,,0.342,597.7
1629,0.099533,,0.121000,0.104050,,,0.342,598.0
1630,0.102467,,0.121000,0.104050,,,0.344,598.4
1631,0.098650,,0.121000,0.104050,,,0.412,598.8
1632,0.099933,,0.121000,0.104050,,,0.341,599.1
1633,0.101733,,0.121000,0.104050,,,0.343,599.5
1634,0.101583,,0.121000,0.104050,,,0.387,599.8
1635,0.097850,,0.121000,0.104050,,,0.344,600.2
1636,0.101017,,0.121000,0.104050,,,0.342,600.5
1637,0.099033,,0.121000,0.104050,,,0.407,600.9
1638,0.101050,,0.121000,0.104050,,,0.342,601.3
1639,0.098450,,0.121000,0.104050,,,0.341,601.6
1640,0.099700,,0.121000,0.104050,,,0.344,602.0
1641,0.099900,,0.121000,0.104050,,,0.341,602.3
1642,0.098417,,0.121000,0.104050,,,0.338,602.6
1643,0.100433,,0.121000,0.104050,,,0.377,603.0
1644,0.101050,,0.121000,0.104050,,,0.344,603.4
1645,0.099517,,0.121000,0.104050,,,0.341,603.7
1646,0.098983,,0.121000,0.104050,,,0.344,604.0
1647,0.099017,,0.121000,0.104050,,,0.339,604.4
1648,0.099417,,0.121000,0.104050,,,0.341,604.7
1649,0.100800,,0.121000,0.104050,,,0.392,605.1
1650,0.096883,,0.121000,0.104050,,,0.340,605.5
1651,0.101917,,0.121000,0.104050,,,0.341,605.8
1652,0.100333,,0.121000,0.104050,,,0.344,606.1
1653,0.102350,,0.121000,0.104050,,,0.342,606.5
1654,0.098567,,0.121000,0.104050,,,0.342,606.8
1655,0.098883,,0.121000,0.104050,,,0.390,607.2
1656,0.100483,,0.121000,0.104050,,,0.343,607.6
1657,0.100150,,0.121000,0.104050,,,0.342,607.9
1658,0.098450,,0.121000,0.104050,,,0.342,608.2
1659,0.098600,,0.121000,0.104050,,,0.346,608.6
1660,0.100133,,0.121000,0.104050,,,0.342,608.9
1661,0.100617,,0.121000,0.104050,,,0.416,609.3
1662,0.098750,,0.121000,0.104050,,,0.342,609.7
1663,0.100683,,0.121000,0.104050,,,0.340,610.0
1664,0.100517,,0.121000,0.104050,,,0.343,610.4
1665,0.100067,,0.121000,0.104050,,,0.341,610.7
1666,0.099750,,0.121000,0.104050,,,0.341,611.1
1667,0.099650,,0.121000,0.104050,,,0.400,611.5
1668,0.099550,,0.121000,0.104050,,,0.341,611.8
1669,0.097050,,0.121000,0.104050,,,0.343,612.1
1670,0.101933,,0.121000,0.104050,,,0.340,612.5
1671,0.098400,,0.121000,0.104050,,,0.338,612.8
1672,0.099167,,0.121000,0.104050,,,0.340,613.2
1673,0.100333,,0.121000,0.104050,,,0.402,613.6
1674,0.098717,,0.121000,0.104050,,,0.341,613.9
1675,0.098717,,0.121000,0.104050,,,0.339,614.2
1676,0.098717,,0.121000,0.104050,,,0.340,614.6
1677,0.098717,,0.121000,0.104050,,,0.342,614.9
1678,0.098717,,0.121000,0.104050,,,0.343,615.3
1679,0.098717,,0.121000,0.104050,,,0.396,615.7
1680,0.098717,,0.121000,0.104050,,,0.339,616.0
1681,0.098717,,0.121000,0.104050,,,0.342,616.3
1682,0.098717,,0.121000,0.104050,,,0.340,616.7
1683,0.098717,,0.121000,0.104050,,,0.339,617.0
1684,0.098717,,0.121000,0.104050,,,0.340,617.4
1685,0.098717,,0.121000,0.104050,,,0.388,617.7
1686,0.098717,,0.121000,0.104050,,,0.338,618.1
1687,0.098717,,0.121000,0.104050,,,0.340,618.4
1688,0.098717,,0.121000,0.104050,,,0.339,618.8
1689,0.098717,,0.121000,0.104050,,,0.344,619.1
1690,0.098717,,0.121000,0.104050,,,0.340,619.4
1691,0.098717,,0.121000,0.104050,,,0.357,619.8
1692,0.098717,,0.121000,0.104050,,,0.342,620.1
1693,0.098717,,0.121000,0.104050,,,0.341,620.5
1694,0.098717,,0.121000,0.104050,,,0.341,620.8
1695,0.098717,,0.121000,0.104050,,,0.339,621.2
1696,0.098717,,0.121000,0.104050,,,0.340,621.5
1697,0.098717,,0.121000,0.104050,,,0.396,621.9
1698,0.098717,,0.121000,0.104050,,,0.343,622.2
1699,0.098717,,0.121000,0.104050,,,0.342,622.6
1700,0.098717,,0.121000,0.104050,,,0.342,622.9
1701,0.098717,,0.121000,0.104050,,,0.340,623.3
1702,0.098717,,0.121000,0.104050,,,0.339,623.6
1703,0.098717,,0.121000,0.104050,,,0.383,624.0
1704,0.098717,,0.121000,0.104050,,,0.342,624.3
1705,0.098717,,0.121000,0.104050,,,0.341,624.7
1706,0.098717,,0.121000,0.104050,,,0.341,625.0
1707,0.098717,,0.121000,0.104050,,,0.340,625.4
1708,0.098717,,0.121000,0.104050,,,0.336,625.7
1709,0.098717,,0.121000,0.104050,,,0.364,626.1
1710,0.098717,,0.121000,0.104050,,,0.339,626.4
1711,0.098717,,0.121000,0.104050,,,0.341,626.7
1712,0.098717,,0.121000,0.104050,,,0.345,627.1
1713,0.098717,,0.121000,0.104050,,,0.344,627.4
1714,0.098717,,0.121000,0.104050,,,0.337,627.8
1715,0.098717,,0.121000,0.104050,,,0.368,628.1
1716,0.098717,,0.121000,0.104050,,,0.341,628.5
1717,0.098717,,0.121000,0.104050,,,0.340,628.8
1718,0.098717,,0.121000,0.104050,,,0.341,629.2
1719,0.098717,,0.121000,0.104050,,,0.355,629.5
1720,0.098717,,0.121000,0.104050,,,0.341,629.9
1721,0.098717,,0.121000,0.104050,,,0.396,630.2
1722,0.098717,,0.121000,0.104050,,,0.342,630.6
1723,0.098717,,0.121000,0.104050,,,0.342,630.9
1724,0.098717,,0.121000,0.104050,,,0.342,631.3
1725,0.098717,,0.121000,0.104050,,,0.341,631.6
1726,0.098717,,0.121000,0.104050,,,0.339,632.0
1727,0.098717,,0.121000,0.104050,,,0.396,632.3
1728,0.098717,,0.121000,0.104050,,,0.340,632.7
1729,0.098717,,0.121000,0.104050,,,0.342,633.0
1730,0.098717,,0.121000,0.104050,,,0.341,633.4
1731,0.098717,,0.121000,0.104050,,,0.338,633.7
1732,0.098717,,0.121000,0.104050,,,0.340,634.1
1733,0.098717,,0.121000,0.104050,,,0.395,634.4
1734,0.098717,,0.121000,0.104050,,,0.340,634.8
1735,0.098717,,0.121000,0.104050,,,0.339,635.1
1736,0.098717,,0.121000,0.104050,,,0.338,635.5
1737,0.098717,,0.121000,0.104050,,,0.339,635.8
1738,0.098717,,0.121000,0.104050,,,0.341,636.1
1739,0.098717,,0.121000,0.104050,,,0.379,636.5
1740,0.098717,,0.121000,0.104050,,,0.339,636.9
1741,0.098717,,0.121000,0.104050,,,0.342,637.2
1742,0.098717,,0.121000,0.104050,,,0.341,637.5
1743,0.098717,,0.121000,0.104050,,,0.339,637.9
1744,0.098717,,0.121000,0.104050,,,0.344,638.2
1745,0.098717,,0.121000,0.104050,,,0.399,638.6
1746,0.098717,,0.121000,0.104050,,,0.340,639.0
1747,0.098717,,0.121000,0.104050,,,0.342,639.3
1748,0.098717,,0.121000,0.104050,,,0.339,639.6
1749,0.098717,,0.121000,0.104050,,,0.341,640.0
1750,0.098717,,0.121000,0.104050,,,0.340,640.3
1751,0.098717,,0.121000,0.104050,,,0.398,640.7
1752,0.098717,,0.121000,0.104050,,,0.342,641.1
1753,0.098717,,0.121000,0.104050,,,0.340,641.4
1754,0.098717,,0.121000,0.104050,,,0.337,641.7
1755,0.098717,,0.121000,0.104050,,,0.339,642.1
1756,0.098717,,0.121000,0.104050,,,0.341,642.4
1757,0.098717,,0.121000,0.104050,,,0.396,642.8
1758,0.098717,,0.121000,0.104050,,,0.342,643.2
1759,0.098717,,0.121000,0.104050,,,0.341,643.5
1760,0.098717,,0.121000,0.104050,,,0.341,643.8
1761,0.098717,,0.121000,0.104050,,,0.338,644.2
1762,0.098717,,0.121000,0.104050,,,0.340,644.5
1763,0.098717,,0.121000,0.104050,,,0.384,644.9
1764,0.098717,,0.121000,0.104050,,,0.340,645.2
1765,0.098717,,0.121000,0.104050,,,0.337,645.6
1766,0.098717,,0.121000,0.104050,,,0.340,645.9
1767,0.098717,,0.121000,0.104050,,,0.344,646.3
1768,0.098717,,0.121000,0.104050,,,0.341,646.6
1769,0.098717,,0.121000,0.104050,,,0.397,647.0
1770,0.098717,,0.121000,0.104050,,,0.341,647.3
1771,0.098717,,0.121000,0.104050,,,0.341,647.7
1772,0.098717,,0.121000,0.104050,,,0.338,648.0
1773,0.098717,,0.121000,0.104050,,,0.342,648.4
1774,0.098717,,0.121000,0.104050,,,0.340,648.7
1775,0.098717,,0.121000,0.104050,,,0.390,649.1
1776,0.098717,,0.121000,0.104050,,,0.345,649.4
1777,0.098717,,0.121000,0.104050,,,0.338,649.8
1778,0.098717,,0.121000,0.104050,,,0.341,650.1
1779,0.098717,,0.121000,0.104050,,,0.343,650.5
1780,0.098717,,0.121000,0.104050,,,0.341,650.8
1781,0.098717,,0.121000,0.104050,,,0.400,651.2
1782,0.098717,,0.121000,0.104050,,,0.348,651.6
1783,0.098717,,0.121000,0.104050,,,0.338,651.9
1784,0.098717,,0.121000,0.104050,,,0.343,652.2
1785,0.098717,,0.121000,0.104050,,,0.340,652.6
1786,0.098717,,0.121000,0.104050,,,0.341,652.9
1787,0.098717,,0.121000,0.104050,,,0.393,653.3
1788,0.098717,,0.121000,0.104050,,,0.344,653.7
1789,0.098717,,0.121000,0.104050,,,0.342,654.0
1790,0.098717,,0.121000,0.104050,,,0.341,654.3
1791,0.098717,,0.121000,0.104050,,,0.339,654.7
1792,0.098717,,0.121000,0.104050,,,0.340,655.0
1793,0.098717,,0.121000,0.104050,,,0.397,655.4
1794,0.098717,,0.121000,0.104050,,,0.339,655.8
1795,0.098717,,0.121000,0.104050,,,0.339,656.1
1796,0.098717,,0.121000,0.104050,,,0.341,656.4
1797,0.098717,,0.121000,0.104050,,,0.343,656.8
1798,0.098717,,0.121000,0.104050,,,0.340,657.1
1799,0.098717,,0.121000,0.104050,,,0.398,657.5
1800,0.098717,,0.121000,0.104050,,,0.340,657.9
1801,0.098717,,0.121000,0.104050,,,0.341,658.2
1802,0.098717,,0.121000,0.104050,,,0.342,658.5
1803,0.098717,,0.121000,0.104050,,,0.340,658.9
1804,0.098717,,0.121000,0.104050,,,0.340,659.2
1805,0.098717,,0.121000,0.104050,,,0.407,659.6
1806,0.098717,,0.121000,0.104050,,,0.342,660.0
1807,0.098717,,0.121000,0.104050,,,0.370,660.3
1808,0.098717,,0.121000,0.104050,,,0.342,660.7
1809,0.098717,,0.121000,0.104050,,,0.340,661.0
1810,0.098717,,0.121000,0.104050,,,0.342,661.4
1811,0.098717,,0.121000,0.104050,,,0.414,661.8
1812,0.098717,,0.121000,0.104050,,,0.340,662.1
1813,0.098717,,0.121000,0.104050,,,0.348,662.5
1814,0.098717,,0.121000,0.104050,,,0.339,662.8
1815,0.098717,,0.121000,0.104050,,,0.343,663.1
1816,0.098717,,0.121000,0.104050,,,0.342,663.5
1817,0.098717,,0.121000,0.104050,,,0.400,663.9
1818,0.098717,,0.121000,0.104050,,,0.339,664.2
1819,0.098717,,0.121000,0.104050,,,0.341,664.6
1820,0.098717,,0.121000,0.104050,,,0.338,664.9
1821,0.098717,,0.121000,0.104050,,,0.343,665.2
1822,0.098717,,0.121000,0.104050,,,0.341,665.6
1823,0.098717,,0.121000,0.104050,,,0.407,666.0
1824,0.098717,,0.121000,0.104050,,,0.344,666.3
1825,0.098717,,0.121000,0.104050,,,0.338,666.7
1826,0.098717,,0.121000,0.104050,,,0.342,667.0
1827,0.098717,,0.121000,0.104050,,,0.337,667.4
1828,0.098717,,0.121000,0.104050,,,0.341,667.7
1829,0.098717,,0.121000,0.104050,,,0.389,668.1
1830,0.098717,,0.121000,0.104050,,,0.344,668.4
1831,0.098717,,0.121000,0.104050,,,0.342,668.8
1832,0.098717,,0.121000,0.104050,,,0.340,669.1
1833,0.098717,,0.121000,0.104050,,,0.340,669.5
1834,0.098717,,0.121000,0.104050,,,0.342,669.8
1835,0.098717,,0.121000,0.104050,,,0.390,670.2
1836,0.098717,,0.121000,0.104050,,,0.338,670.5
1837,0.098717,,0.121000,0.104050,,,0.339,670.9
1838,0.098717,,0.121000,0.104050,,,0.340,671.2
1839,0.098717,,0.121000,0.104050,,,0.341,671.5
1840,0.098717,,0.121000,0.104050,,,0.339,671.9
1841,0.098717,,0.121000,0.104050,,,0.377,672.3
1842,0.098717,,0.121000,0.104050,,,0.344,672.6
1843,0.098717,,0.121000,0.104050,,,0.338,672.9
1844,0.098717,,0.121000,0.104050,,,0.339,673.3
1845,0.098717,,0.121000,0.104050,,,0.343,673.6
1846,0.098717,,0.121000,0.104050,,,0.341,674.0
1847,0.098717,,0.121000,0.104050,,,0.396,674.4
1848,0.098717,,0.121000,0.104050,,,0.339,674.7
1849,0.098717,,0.121000,0.104050,,,0.340,675.0
1850,0.098717,,0.121000,0.104050,,,0.342,675.4
1851,0.098717,,0.121000,0.104050,,,0.342,675.7
1852,0.098717,,0.121000,0.104050,,,0.340,676.1
1853,0.098717,,0.121000,0.104050,,,0.396,676.5
1854,0.098717,,0.121000,0.104050,,,0.340,676.8
1855,0.098717,,0.121000,0.104050,,,0.342,677.1
1856,0.098717,,0.121000,0.104050,,,0.341,677.5
1857,0.098717,,0.121000,0.104050,,,0.341,677.8
1858,0.098717,,0.121000,0.104050,,,0.339,678.2
1859,0.098717,,0.121000,0.104050,,,0.389,678.5
1860,0.098717,,0.121000,0.104050,,,0.339,678.9
1861,0.098717,,0.121000,0.104050,,,0.340,679.2
1862,0.098717,,0.121000,0.104050,,,0.341,679.6
1863,0.098717,,0.121000,0.104050,,,0.342,679.9
1864,0.098717,,0.121000,0.104050,,,0.343,680.3
1865,0.098717,,0.121000,0.104050,,,0.365,680.6
1866,0.098717,,0.121000,0.104050,,,0.340,681.0
1867,0.098717,,0.121000,0.104050,,,0.337,681.3
1868,0.098717,,0.121000,0.104050,,,0.339,681.6
1869,0.098717,,0.121000,0.104050,,,0.342,682.0
1870,0.098717,,0.121000,0.104050,,,0.340,682.3
1871,0.098717,,0.121000,0.104050,,,0.340,682.7
1872,0.098717,,0.121000,0.104050,,,0.342,683.0
1873,0.098717,,0.121000,0.104050,,,0.343,683.3
1874,0.098717,,0.121000,0.104050,,,0.341,683.7
1875,0.098717,,0.121000,0.104050,,,0.341,684.0
1876,0.098717,,0.121000,0.104050,,,0.341,684.4
1877,0.098717,,0.121000,0.104050,,,0.380,684.7
1878,0.098717,,0.121000,0.104050,,,0.342,685.1
1879,0.098717,,0.121000,0.104050,,,0.347,685.4
1880,0.098717,,0.121000,0.104050,,,0.341,685.8
1881,0.098717,,0.121000,0.104050,,,0.344,686.1
1882,0.098717,,0.121000,0.104050,,,0.342,686.5
1883,0.098717,,0.121000,0.104050,,,0.419,686.9
1884,0.098717,,0.121000,0.104050,,,0.340,687.2
1885,0.098717,,0.121000,0.104050,,,0.339,687.6
1886,0.098717,,0.121000,0.104050,,,0.337,687.9
1887,0.098717,,0.121000,0.104050,,,0.342,688.2
1888,0.098717,,0.121000,0.104050,,,0.340,688.6
1889,0.098717,,0.121000,0.104050,,,0.400,689.0
1890,0.098717,,0.121000,0.104050,,,0.339,689.3
1891,0.098717,,0.121000,0.104050,,,0.341,689.7
1892,0.098717,,0.121000,0.104050,,,0.344,690.0
1893,0.098717,,0.121000,0.104050,,,0.395,690.4
1894,0.098717,,0.121000,0.104050,,,0.340,690.7
1895,0.098717,,0.121000,0.104050,,,0.410,691.1
1896,0.098717,,0.121000,0.104050,,,0.338,691.5
1897,0.098717,,0.121000,0.104050,,,0.339,691.8
1898,0.098717,,0.121000,0.104050,,,0.338,692.2
1899,0.098717,,0.121000,0.104050,,,0.341,692.5
1900,0.098717,,0.121000,0.104050,,,0.340,692.8
1901,0.098717,,0.121000,0.104050,,,0.395,693.2
1902,0.098717,,0.121000,0.104050,,,0.342,693.6
1903,0.098717,,0.121000,0.104050,,,0.338,693.9
1904,0.098717,,0.121000,0.104050,,,0.337,694.3
1905,0.098717,,0.121000,0.104050,,,0.339,694.6
1906,0.098717,,0.121000,0.104050,,,0.340,694.9
1907,0.098717,,0.121000,0.104050,,,0.369,695.3
1908,0.098717,,0.121000,0.104050,,,0.343,695.6
1909,0.098717,,0.121000,0.104050,,,0.339,696.0
1910,0.098717,,0.121000,0.104050,,,0.339,696.3
1911,0.098717,,0.121000,0.104050,,,0.339,696.7
1912,0.098717,,0.121000,0.104050,,,0.338,697.0
1913,0.098717,,0.121000,0.104050,,,0.355,697.4
1914,0.098717,,0.121000,0.104050,,,0.340,697.7
1915,0.098717,,0.121000,0.104050,,,0.341,698.0
1916,0.098717,,0.121000,0.104050,,,0.339,698.4
1917,0.098717,,0.121000,0.104050,,,0.345,698.7
1918,0.098717,,0.121000,0.104050,,,0.332,699.1
1919,0.098717,,0.121000,0.104050,,,0.397,699.5
1920,0.098717,,0.121000,0.104050,,,0.341,699.8
1921,0.098717,,0.121000,0.104050,,,0.339,700.1
1922,0.098717,,0.121000,0.104050,,,0.344,700.5
1923,0.098717,,0.121000,0.104050,,,0.341,700.8
1924,0.098717,,0.121000,0.104050,,,0.341,701.2
1925,0.098717,,0.121000,0.104050,,,0.390,701.5
1926,0.098717,,0.121000,0.104050,,,0.339,701.9
1927,0.098717,,0.121000,0.104050,,,0.342,702.2
1928,0.098717,,0.121000,0.104050,,,0.340,702.6
1929,0.098717,,0.121000,0.104050,,,0.343,702.9
1930,0.098717,,0.121000,0.104050,,,0.341,703.3
1931,0.098717,,0.121000,0.104050,,,0.390,703.6
1932,0.098717,,0.121000,0.104050,,,0.341,704.0
1933,0.098717,,0.121000,0.104050,,,0.344,704.3
1934,0.098717,,0.121000,0.104050,,,0.340,704.7
1935,0.098717,,0.121000,0.104050,,,0.340,705.0
1936,0.098717,,0.121000,0.104050,,,0.341,705.3
1937,0.098717,,0.121000,0.104050,,,0.375,705.7
1938,0.098717,,0.121000,0.104050,,,0.338,706.1
1939,0.098717,,0.121000,0.104050,,,0.338,706.4
1940,0.098717,,0.121000,0.104050,,,0.341,706.7
1941,0.098717,,0.121000,0.104050,,,0.339,707.1
1942,0.098717,,0.121000,0.104050,,,0.341,707.4
1943,0.098717,,0.121000,0.104050,,,0.385,707.8
1944,0.098717,,0.121000,0.104050,,,0.340,708.1
1945,0.098717,,0.121000,0.104050,,,0.340,708.5
1946,0.098717,,0.121000,0.104050,,,0.342,708.8
1947,0.098717,,0.121000,0.104050,,,0.341,709.2
1948,0.098717,,0.121000,0.104050,,,0.341,709.5
1949,0.098717,,0.121000,0.104050,,,0.407,709.9
1950,0.098717,,0.121000,0.104050,,,0.341,710.3
1951,0.098717,,0.121000,0.104050,,,0.341,710.6
1952,0.098717,,0.121000,0.104050,,,0.340,710.9
1953,0.098717,,0.121000,0.104050,,,0.340,711.3
1954,0.098717,,0.121000,0.104050,,,0.341,711.6
1955,0.098717,,0.121000,0.104050,,,0.380,712.0
1956,0.098717,,0.121000,0.104050,,,0.341,712.3
1957,0.098717,,0.121000,0.104050,,,0.342,712.7
1958,0.098717,,0.121000,0.104050,,,0.343,713.0
1959,0.098717,,0.121000,0.104050,,,0.342,713.4
1960,0.098717,,0.121000,0.104050,,,0.349,713.7
1961,0.098717,,0.121000,0.104050,,,0.408,714.1
1962,0.098717,,0.121000,0.104050,,,0.339,714.5
1963,0.098717,,0.121000,0.104050,,,0.340,714.8
1964,0.098717,,0.121000,0.104050,,,0.343,715.2
1965,0.098717,,0.121000,0.104050,,,0.342,715.5
1966,0.098717,,0.121000,0.104050,,,0.339,715.8
1967,0.098717,,0.121000,0.104050,,,0.397,716.2
1968,0.098717,,0.121000,0.104050,,,0.342,716.6
1969,0.098717,,0.121000,0.104050,,,0.341,716.9
1970,0.098717,,0.121000,0.104050,,,0.342,717.3
1971,0.098717,,0.121000,0.104050,,,0.341,717.6
1972,0.098717,,0.121000,0.104050,,,0.340,717.9
1973,0.098717,,0.121000,0.104050,,,0.394,718.3
1974,0.098717,,0.121000,0.104050,,,0.343,718.7
1975,0.098717,,0.121000,0.104050,,,0.344,719.0
1976,0.098717,,0.121000,0.104050,,,0.341,719.4
1977,0.098717,,0.121000,0.104050,,,0.341,719.7
1978,0.098717,,0.121000,0.104050,,,0.368,720.1
1979,0.098717,,0.121000,0.104050,,,0.411,720.5
1980,0.098717,,0.121000,0.104050,,,0.339,720.8
1981,0.098717,,0.121000,0.104050,,,0.341,721.2
1982,0.098717,,0.121000,0.104050,,,0.338,721.5
1983,0.098717,,0.121000,0.104050,,,0.343,721.8
1984,0.098717,,0.121000,0.104050,,,0.337,722.2
1985,0.098717,,0.121000,0.104050,,,0.400,722.6
1986,0.098717,,0.121000,0.104050,,,0.341,722.9
1987,0.098717,,0.121000,0.104050,,,0.341,723.3
1988,0.098717,,0.121000,0.104050,,,0.341,723.6
1989,0.098717,,0.121000,0.104050,,,0.340,723.9
1990,0.098717,,0.121000,0.104050,,,0.338,724.3
1991,0.098717,,0.121000,0.104050,,,0.396,724.7
1992,0.098717,,0.121000,0.104050,,,0.341,725.0
1993,0.098717,,0.121000,0.104050,,,0.342,725.4
1994,0.098717,,0.121000,0.104050,,,0.341,725.7
1995,0.098717,,0.121000,0.104050,,,0.340,726.0
1996,0.098717,,0.121000,0.104050,,,0.340,726.4
1997,0.098717,,0.121000,0.104050,,,0.396,726.8
1998,0.098717,,0.121000,0.104050,,,0.340,727.1
1999,0.098717,,0.121000,0.104050,,,0.339,727.4
2000,0.098717,0.0860000029206276,0.121000,0.104050,0.0,1.0,0.413,727.9
2001,0.098717,,0.121000,0.104050,,,0.285,728.1
2002,0.098717,,0.121000,0.104050,,,0.339,728.5
2003,0.098717,,0.121000,0.104050,,,0.399,728.9
2004,0.098717,,0.121000,0.104050,,,0.341,729.2
2005,0.098717,,0.121000,0.104050,,,0.339,729.6
2006,0.098717,,0.121000,0.104050,,,0.340,729.9
2007,0.098717,,0.121000,0.104050,,,0.339,730.2
2008,0.098717,,0.121000,0.104050,,,0.341,730.6
2009,0.098717,,0.121000,0.104050,,,0.392,731.0
2010,0.098717,,0.121000,0.104050,,,0.337,731.3
2011,0.098717,,0.121000,0.104050,,,0.341,731.7
2012,0.098717,,0.121000,0.104050,,,0.342,732.0
2013,0.098717,,0.121000,0.104050,,,0.341,732.3
2014,0.098717,,0.121000,0.104050,,,0.338,732.7
2015,0.098717,,0.121000,0.104050,,,0.392,733.1
2016,0.098717,,0.121000,0.104050,,,0.344,733.4
2017,0.098717,,0.121000,0.104050,,,0.343,733.8
2018,0.098717,,0.121000,0.104050,,,0.341,734.1
2019,0.098717,,0.121000,0.104050,,,0.340,734.4
2020,0.098717,,0.121000,0.104050,,,0.341,734.8
2021,0.098717,,0.121000,0.104050,,,0.389,735.2
2022,0.098717,,0.121000,0.104050,,,0.343,735.5
2023,0.098717,,0.121000,0.104050,,,0.340,735.8
2024,0.098717,,0.121000,0.104050,,,0.340,736.2
2025,0.098717,,0.121000,0.104050,,,0.341,736.5
2026,0.098717,,0.121000,0.104050,,,0.340,736.9
2027,0.098717,,0.121000,0.104050,,,0.418,737.3
2028,0.098717,,0.121000,0.104050,,,0.339,737.6
2029,0.098717,,0.121000,0.104050,,,0.339,738.0
2030,0.098717,,0.121000,0.104050,,,0.340,738.3
2031,0.098717,,0.121000,0.104050,,,0.339,738.6
2032,0.098717,,0.121000,0.104050,,,0.341,739.0
2033,0.098717,,0.121000,0.104050,,,0.385,739.4
2034,0.098717,,0.121000,0.104050,,,0.342,739.7
2035,0.098717,,0.121000,0.104050,,,0.342,740.1
2036,0.098717,,0.121000,0.104050,,,0.341,740.4
2037,0.098717,,0.121000,0.104050,,,0.342,740.7
2038,0.098717,,0.121000,0.104050,,,0.340,741.1
2039,0.098717,,0.121000,0.104050,,,0.413,741.5
2040,0.098717,,0.121000,0.104050,,,0.342,741.8
2041,0.098717,,0.121000,0.104050,,,0.340,742.2
2042,0.098717,,0.121000,0.104050,,,0.340,742.5
2043,0.098717,,0.121000,0.104050,,,0.340,742.9
2044,0.098717,,0.121000,0.104050,,,0.341,743.2
2045,0.098717,,0.121000,0.104050,,,0.394,743.6
2046,0.098717,,0.121000,0.104050,,,0.343,743.9
2047,0.098717,,0.121000,0.104050,,,0.340,744.3
2048,0.098717,,0.121000,0.104050,,,0.344,744.6
2049,0.098717,,0.121000,0.104050,,,0.341,745.0
2050,0.098717,,0.121000,0.104050,,,0.342,745.3
2051,0.098717,,0.121000,0.104050,,,0.388,745.7
2052,0.098717,,0.121000,0.104050,,,0.343,746.0
2053,0.098717,,0.121000,0.104050,,,0.342,746.4
2054,0.098717,,0.121000,0.104050,,,0.340,746.7
2055,0.098717,,0.121000,0.104050,,,0.343,747.1
2056,0.098717,,0.121000,0.104050,,,0.339,747.4
2057,0.098717,,0.121000,0.104050,,,0.398,747.8
2058,0.098717,,0.121000,0.104050,,,0.341,748.1
2059,0.098717,,0.121000,0.104050,,,0.344,748.5
2060,0.098717,,0.121000,0.104050,,,0.338,748.8
2061,0.098717,,0.121000,0.104050,,,0.339,749.2
2062,0.098717,,0.121000,0.104050,,,0.342,749.5
2063,0.098717,,0.121000,0.104050,,,0.404,749.9
2064,0.098717,,0.121000,0.104050,,,0.340,750.2
2065,0.098717,,0.121000,0.104050,,,0.342,750.6
2066,0.098717,,0.121000,0.104050,,,0.378,751.0
2067,0.098717,,0.121000,0.104050,,,0.342,751.3
2068,0.098717,,0.121000,0.104050,,,0.342,751.6
2069,0.098717,,0.121000,0.104050,,,0.406,752.1
2070,0.098717,,0.121000,0.104050,,,0.340,752.4
2071,0.098717,,0.121000,0.104050,,,0.341,752.7
2072,0.098717,,0.121000,0.104050,,,0.342,753.1
2073,0.098717,,0.121000,0.104050,,,0.343,753.4
2074,0.098717,,0.121000,0.104050,,,0.340,753.8
2075,0.098717,,0.121000,0.104050,,,0.378,754.1
2076,0.098717,,0.121000,0.104050,,,0.343,754.5
2077,0.098717,,0.121000,0.104050,,,0.339,754.8
2078,0.098717,,0.121000,0.104050,,,0.341,755.2
2079,0.098717,,0.121000,0.104050,,,0.337,755.5
2080,0.098717,,0.121000,0.104050,,,0.339,755.8
2081,0.098717,,0.121000,0.104050,,,0.399,756.2
2082,0.098717,,0.121000,0.104050,,,0.341,756.6
2083,0.098717,,0.121000,0.104050,,,0.339,756.9
2084,0.098717,,0.121000,0.104050,,,0.340,757.3
2085,0.098717,,0.121000,0.104050,,,0.339,757.6
2086,0.098717,,0.121000,0.104050,,,0.342,757.9
2087,0.098717,,0.121000,0.104050,,,0.397,758.3
2088,0.098717,,0.121000,0.104050,,,0.340,758.7
2089,0.098717,,0.121000,0.104050,,,0.340,759.0
2090,0.098717,,0.121000,0.104050,,,0.342,759.4
2091,0.098717,,0.121000,0.104050,,,0.342,759.7
2092,0.098717,,0.121000,0.104050,,,0.341,760.0
2093,0.098717,,0.121000,0.104050,,,0.398,760.4
2094,0.098717,,0.121000,0.104050,,,0.339,760.8
2095,0.098717,,0.121000,0.104050,,,0.341,761.1
2096,0.098717,,0.121000,0.104050,,,0.344,761.5
2097,0.098717,,0.121000,0.104050,,,0.338,761.8
2098,0.098717,,0.121000,0.104050,,,0.342,762.1
2099,0.098717,,0.121000,0.104050,,,0.402,762.5
2100,0.098717,,0.121000,0.104050,,,0.343,762.9
2101,0.098717,,0.121000,0.104050,,,0.337,763.2
2102,0.098717,,0.121000,0.104050,,,0.339,763.6
2103,0.098717,,0.121000,0.104050,,,0.339,763.9
2104,0.098717,,0.121000,0.104050,,,0.341,764.2
2105,0.098717,,0.121000,0.104050,,,0.399,764.6
2106,0.098717,,0.121000,0.104050,,,0.341,765.0
2107,0.098717,,0.121000,0.104050,,,0.340,765.3
2108,0.098717,,0.121000,0.104050,,,0.340,765.7
2109,0.098717,,0.121000,0.104050,,,0.338,766.0
2110,0.098717,,0.121000,0.104050,,,0.340,766.3
2111,0.098717,,0.121000,0.104050,,,0.386,766.7
2112,0.098717,,0.121000,0.104050,,,0.339,767.1
2113,0.098717,,0.121000,0.104050,,,0.340,767.4
2114,0.098717,,0.121000,0.104050,,,0.337,767.7
2115,0.098717,,0.121000,0.104050,,,0.341,768.1
2116,0.098717,,0.121000,0.104050,,,0.339,768.4
2117,0.098717,,0.121000,0.104050,,,0.383,768.8
2118,0.098717,,0.121000,0.104050,,,0.340,769.1
2119,0.098717,,0.121000,0.104050,,,0.341,769.5
2120,0.098717,,0.121000,0.104050,,,0.340,769.8
2121,0.098717,,0.121000,0.104050,,,0.341,770.2
2122,0.098717,,0.121000,0.104050,,,0.345,770.5
2123,0.098717,,0.121000,0.104050,,,0.386,770.9
2124,0.098717,,0.121000,0.104050,,,0.340,771.2
2125,0.098717,,0.121000,0.104050,,,0.340,771.6
2126,0.098717,,0.121000,0.104050,,,0.341,771.9
2127,0.098717,,0.121000,0.104050,,,0.341,772.3
2128,0.098717,,0.121000,0.104050,,,0.340,772.6
2129,0.098717,,0.121000,0.104050,,,0.403,773.0
2130,0.098717,,0.121000,0.104050,,,0.341,773.3
2131,0.098717,,0.121000,0.104050,,,0.341,773.7
2132,0.098717,,0.121000,0.104050,,,0.339,774.0
2133,0.098717,,0.121000,0.104050,,,0.341,774.4
2134,0.098717,,0.121000,0.104050,,,0.341,774.7
2135,0.098717,,0.121000,0.104050,,,0.356,775.1
2136,0.098717,,0.121000,0.104050,,,0.339,775.4
2137,0.098717,,0.121000,0.104050,,,0.340,775.7
2138,0.098717,,0.121000,0.104050,,,0.340,776.1
2139,0.098717,,0.121000,0.104050,,,0.344,776.4
2140,0.098717,,0.121000,0.104050,,,0.342,776.8
2141,0.098717,,0.121000,0.104050,,,0.387,777.2
2142,0.098717,,0.121000,0.104050,,,0.341,777.5
2143,0.098717,,0.121000,0.104050,,,0.338,777.8
2144,0.098717,,0.121000,0.104050,,,0.340,778.2
2145,0.098717,,0.121000,0.104050,,,0.341,778.5
2146,0.098717,,0.121000,0.104050,,,0.341,778.9
2147,0.098717,,0.121000,0.104050,,,0.384,779.2
2148,0.098717,,0.121000,0.104050,,,0.339,779.6
2149,0.098717,,0.121000,0.104050,,,0.340,779.9
2150,0.098717,,0.121000,0.104050,,,0.340,780.3
2151,0.098717,,0.121000,0.104050,,,0.343,780.6
2152,0.098717,,0.121000,0.104050,,,0.379,781.0
2153,0.098717,,0.121000,0.104050,,,0.408,781.4
2154,0.098717,,0.121000,0.104050,,,0.340,781.7
2155,0.098717,,0.121000,0.104050,,,0.337,782.1
2156,0.098717,,0.121000,0.104050,,,0.337,782.4
2157,0.098717,,0.121000,0.104050,,,0.341,782.7
2158,0.098717,,0.121000,0.104050,,,0.340,783.1
2159,0.098717,,0.121000,0.104050,,,0.368,783.5
2160,0.098717,,0.121000,0.104050,,,0.341,783.8
2161,0.098717,,0.121000,0.104050,,,0.340,784.1
2162,0.098717,,0.121000,0.104050,,,0.339,784.5
2163,0.098717,,0.121000,0.104050,,,0.336,784.8
2164,0.098717,,0.121000,0.104050,,,0.342,785.2
2165,0.098717,,0.121000,0.104050,,,0.353,785.5
2166,0.098717,,0.121000,0.104050,,,0.340,785.8
2167,0.098717,,0.121000,0.104050,,,0.341,786.2
2168,0.098717,,0.121000,0.104050,,,0.341,786.5
2169,0.098717,,0.121000,0.104050,,,0.340,786.9
2170,0.098717,,0.121000,0.104050,,,0.340,787.2
2171,0.098717,,0.121000,0.104050,,,0.398,787.6
2172,0.098717,,0.121000,0.104050,,,0.341,787.9
2173,0.098717,,0.121000,0.104050,,,0.341,788.3
2174,0.098717,,0.121000,0.104050,,,0.341,788.6
2175,0.098717,,0.121000,0.104050,,,0.341,789.0
2176,0.098717,,0.121000,0.104050,,,0.338,789.3
2177,0.098717,,0.121000,0.104050,,,0.390,789.7
2178,0.098717,,0.121000,0.104050,,,0.342,790.0
2179,0.098717,,0.121000,0.104050,,,0.340,790.4
2180,0.098717,,0.121000,0.104050,,,0.338,790.7
2181,0.098717,,0.121000,0.104050,,,0.339,791.1
2182,0.098717,,0.121000,0.104050,,,0.338,791.4
2183,0.098717,,0.121000,0.104050,,,0.352,791.7
2184,0.098717,,0.121000,0.104050,,,0.341,792.1
2185,0.098717,,0.121000,0.104050,,,0.339,792.4
2186,0.098717,,0.121000,0.104050,,,0.339,792.8
2187,0.098717,,0.121000,0.104050,,,0.340,793.1
2188,0.098717,,0.121000,0.104050,,,0.339,793.4
2189,0.098717,,0.121000,0.104050,,,0.387,793.8
2190,0.098717,,0.121000,0.104050,,,0.341,794.2
2191,0.098717,,0.121000,0.104050,,,0.341,794.5
2192,0.098717,,0.121000,0.104050,,,0.339,794.9
2193,0.098717,,0.121000,0.104050,,,0.338,795.2
2194,0.098717,,0.121000,0.104050,,,0.339,795.5
2195,0.098717,,0.121000,0.104050,,,0.385,795.9
2196,0.098717,,0.121000,0.104050,,,0.340,796.3
2197,0.098717,,0.121000,0.104050,,,0.341,796.6
2198,0.098717,,0.121000,0.104050,,,0.340,796.9
2199,0.098717,,0.121000,0.104050,,,0.339,797.3
2200,0.098717,,0.121000,0.104050,,,0.341,797.6
2201,0.098717,,0.121000,0.104050,,,0.386,798.0
2202,0.098717,,0.121000,0.104050,,,0.344,798.3
2203,0.098717,,0.121000,0.104050,,,0.339,798.7
2204,0.098717,,0.121000,0.104050,,,0.341,799.0
2205,0.098717,,0.121000,0.104050,,,0.338,799.4
2206,0.098717,,0.121000,0.104050,,,0.339,799.7
2207,0.098717,,0.121000,0.104050,,,0.389,800.1
2208,0.098717,,0.121000,0.104050,,,0.343,800.4
2209,0.098717,,0.121000,0.104050,,,0.343,800.8
2210,0.098717,,0.121000,0.104050,,,0.339,801.1
2211,0.098717,,0.121000,0.104050,,,0.340,801.5
2212,0.098717,,0.121000,0.104050,,,0.341,801.8
2213,0.098717,,0.121000,0.104050,,,0.402,802.2
2214,0.098717,,0.121000,0.104050,,,0.344,802.5
2215,0.098717,,0.121000,0.104050,,,0.341,802.9
2216,0.098717,,0.121000,0.104050,,,0.338,803.2
2217,0.098717,,0.121000,0.104050,,,0.342,803.6
2218,0.098717,,0.121000,0.104050,,,0.339,803.9
2219,0.098717,,0.121000,0.104050,,,0.387,804.3
2220,0.098717,,0.121000,0.104050,,,0.342,804.6
2221,0.098717,,0.121000,0.104050,,,0.342,805.0
2222,0.098717,,0.121000,0.104050,,,0.338,805.3
2223,0.098717,,0.121000,0.104050,,,0.341,805.7
2224,0.098717,,0.121000,0.104050,,,0.340,806.0
2225,0.098717,,0.121000,0.104050,,,0.381,806.4
2226,0.098717,,0.121000,0.104050,,,0.341,806.7
2227,0.098717,,0.121000,0.104050,,,0.338,807.1
2228,0.098717,,0.121000,0.104050,,,0.339,807.4
2229,0.098717,,0.121000,0.104050,,,0.343,807.7
2230,0.098717,,0.121000,0.104050,,,0.342,808.1
2231,0.098717,,0.121000,0.104050,,,0.397,808.5
2232,0.098717,,0.121000,0.104050,,,0.341,808.8
2233,0.098717,,0.121000,0.104050,,,0.340,809.2
2234,0.098717,,0.121000,0.104050,,,0.339,809.5
2235,0.098717,,0.121000,0.104050,,,0.338,809.8
2236,0.098717,,0.121000,0.104050,,,0.338,810.2
2237,0.098717,,0.121000,0.104050,,,0.427,810.6
2238,0.098717,,0.121000,0.104050,,,0.342,810.9
2239,0.098717,,0.121000,0.104050,,,0.342,811.3
2240,0.098717,,0.121000,0.104050,,,0.341,811.6
2241,0.098717,,0.121000,0.104050,,,0.340,812.0
2242,0.098717,,0.121000,0.104050,,,0.341,812.3
2243,0.098717,,0.121000,0.104050,,,0.405,812.7
2244,0.098717,,0.121000,0.104050,,,0.341,813.1
2245,0.098717,,0.121000,0.104050,,,0.340,813.4
2246,0.098717,,0.121000,0.104050,,,0.340,813.7
2247,0.098717,,0.121000,0.104050,,,0.339,814.1
2248,0.098717,,0.121000,0.104050,,,0.340,814.4
2249,0.098717,,0.121000,0.104050,,,0.398,814.8
2250,0.098717,,0.121000,0.104050,,,0.339,815.1
2251,0.098717,,0.121000,0.104050,,,0.338,815.5
2252,0.098717,,0.121000,0.104050,,,0.343,815.8
2253,0.098717,,0.121000,0.104050,,,0.339,816.2
2254,0.098717,,0.121000,0.104050,,,0.340,816.5
2255,0.098717,,0.121000,0.104050,,,0.375,816.9
2256,0.098717,,0.121000,0.104050,,,0.339,817.2
2257,0.098717,,0.121000,0.104050,,,0.342,817.6
2258,0.098717,,0.121000,0.104050,,,0.340,817.9
2259,0.098717,,0.121000,0.104050,,,0.340,818.2
2260,0.098717,,0.121000,0.104050,,,0.340,818.6
2261,0.098717,,0.121000,0.104050,,,0.400,819.0
2262,0.098717,,0.121000,0.104050,,,0.341,819.3
2263,0.098717,,0.121000,0.104050,,,0.342,819.7
2264,0.098717,,0.121000,0.104050,,,0.341,820.0
2265,0.098717,,0.121000,0.104050,,,0.341,820.3
2266,0.098717,,0.121000,0.104050,,,0.344,820.7
2267,0.098717,,0.121000,0.104050,,,0.383,821.1
2268,0.098717,,0.121000,0.104050,,,0.341,821.4
2269,0.098717,,0.121000,0.104050,,,0.339,821.8
2270,0.098717,,0.121000,0.104050,,,0.340,822.1
2271,0.098717,,0.121000,0.104050,,,0.340,822.4
2272,0.098717,,0.121000,0.104050,,,0.339,822.8
2273,0.098717,,0.121000,0.104050,,,0.367,823.1
2274,0.098717,,0.121000,0.104050,,,0.354,823.5
2275,0.098717,,0.121000,0.104050,,,0.340,823.8
2276,0.098717,,0.121000,0.104050,,,0.339,824.2
2277,0.098717,,0.121000,0.104050,,,0.340,824.5
2278,0.098717,,0.121000,0.104050,,,0.344,824.9
2279,0.098717,,0.121000,0.104050,,,0.398,825.3
2280,0.098717,,0.121000,0.104050,,,0.342,825.6
2281,0.098717,,0.121000,0.104050,,,0.346,825.9
2282,0.098717,,0.121000,0.104050,,,0.342,826.3
2283,0.098717,,0.121000,0.104050,,,0.345,826.6
2284,0.098717,,0.121000,0.104050,,,0.341,827.0
2285,0.098717,,0.121000,0.104050,,,0.387,827.4
2286,0.098717,,0.121000,0.104050,,,0.344,827.7
2287,0.098717,,0.121000,0.104050,,,0.342,828.0
2288,0.098717,,0.121000,0.104050,,,0.342,828.4
2289,0.098717,,0.121000,0.104050,,,0.342,828.7
2290,0.098717,,0.121000,0.104050,,,0.341,829.1
2291,0.098717,,0.121000,0.104050,,,0.393,829.5
2292,0.098717,,0.121000,0.104050,,,0.337,829.8
2293,0.098717,,0.121000,0.104050,,,0.345,830.1
2294,0.098717,,0.121000,0.104050,,,0.339,830.5
2295,0.098717,,0.121000,0.104050,,,0.339,830.8
2296,0.098717,,0.121000,0.104050,,,0.341,831.2
2297,0.098717,,0.121000,0.104050,,,0.392,831.6
2298,0.098717,,0.121000,0.104050,,,0.344,831.9
2299,0.098717,,0.121000,0.104050,,,0.344,832.2
2300,0.098717,,0.121000,0.104050,,,0.340,832.6
2301,0.098717,,0.121000,0.104050,,,0.342,832.9
2302,0.098717,,0.121000,0.104050,,,0.339,833.3
2303,0.098717,,0.121000,0.104050,,,0.391,833.7
2304,0.098717,,0.121000,0.104050,,,0.343,834.0
2305,0.098717,,0.121000,0.104050,,,0.339,834.3
2306,0.098717,,0.121000,0.104050,,,0.341,834.7
2307,0.098717,,0.121000,0.104050,,,0.340,835.0
2308,0.098717,,0.121000,0.104050,,,0.342,835.4
2309,0.098717,,0.121000,0.104050,,,0.374,835.7
2310,0.098717,,0.121000,0.104050,,,0.342,836.1
2311,0.098717,,0.121000,0.104050,,,0.338,836.4
2312,0.098717,,0.121000,0.104050,,,0.340,836.8
2313,0.098717,,0.121000,0.104050,,,0.340,837.1
2314,0.098717,,0.121000,0.104050,,,0.339,837.4
2315,0.098717,,0.121000,0.104050,,,0.385,837.8
2316,0.098717,,0.121000,0.104050,,,0.343,838.2
2317,0.098717,,0.121000,0.104050,,,0.342,838.5
2318,0.098717,,0.121000,0.104050,,,0.340,838.8
2319,0.098717,,0.121000,0.104050,,,0.341,839.2
2320,0.098717,,0.121000,0.104050,,,0.339,839.5
2321,0.098717,,0.121000,0.104050,,,0.410,839.9
2322,0.098717,,0.121000,0.104050,,,0.340,840.3
2323,0.098717,,0.121000,0.104050,,,0.383,840.7
2324,0.098717,,0.121000,0.104050,,,0.338,841.0
2325,0.098717,,0.121000,0.104050,,,0.338,841.3
2326,0.098717,,0.121000,0.104050,,,0.338,841.7
2327,0.098717,,0.121000,0.104050,,,0.419,842.1
2328,0.098717,,0.121000,0.104050,,,0.339,842.4
2329,0.098717,,0.121000,0.104050,,,0.346,842.8
2330,0.098717,,0.121000,0.104050,,,0.343,843.1
2331,0.098717,,0.121000,0.104050,,,0.342,843.5
2332,0.098717,,0.121000,0.104050,,,0.340,843.8
2333,0.098717,,0.121000,0.104050,,,0.411,844.2
2334,0.098717,,0.121000,0.104050,,,0.341,844.5
2335,0.098717,,0.121000,0.104050,,,0.341,844.9
2336,0.098717,,0.121000,0.104050,,,0.345,845.2
2337,0.098717,,0.121000,0.104050,,,0.339,845.6
2338,0.098717,,0.121000,0.104050,,,0.342,845.9
2339,0.098717,,0.121000,0.104050,,,0.386,846.3
2340,0.098717,,0.121000,0.104050,,,0.341,846.6
2341,0.098717,,0.121000,0.104050,,,0.340,847.0
2342,0.098717,,0.121000,0.104050,,,0.338,847.3
2343,0.098717,,0.121000,0.104050,,,0.341,847.7
2344,0.098717,,0.121000,0.104050,,,0.341,848.0
2345,0.098717,,0.121000,0.104050,,,0.375,848.4
2346,0.098717,,0.121000,0.104050,,,0.339,848.7
2347,0.098717,,0.121000,0.104050,,,0.339,849.1
2348,0.098717,,0.121000,0.104050,,,0.340,849.4
2349,0.098717,,0.121000,0.104050,,,0.345,849.7
2350,0.098717,,0.121000,0.104050,,,0.343,850.1
2351,0.098717,,0.121000,0.104050,,,0.400,850.5
2352,0.098717,,0.121000,0.104050,,,0.342,850.8
2353,0.098717,,0.121000,0.104050,,,0.339,851.2
2354,0.098717,,0.121000,0.104050,,,0.341,851.5
2355,0.098717,,0.121000,0.104050,,,0.340,851.8
2356,0.098717,,0.121000,0.104050,,,0.339,852.2
2357,0.098717,,0.121000,0.104050,,,0.401,852.6
2358,0.098717,,0.121000,0.104050,,,0.341,852.9
2359,0.098717,,0.121000,0.104050,,,0.339,853.3
2360,0.098717,,0.121000,0.104050,,,0.342,853.6
2361,0.098717,,0.121000,0.104050,,,0.339,853.9
2362,0.098717,,0.121000,0.104050,,,0.341,854.3
2363,0.098717,,0.121000,0.104050,,,0.384,854.7
2364,0.098717,,0.121000,0.104050,,,0.339,855.0
2365,0.098717,,0.121000,0.104050,,,0.341,855.4
2366,0.098717,,0.121000,0.104050,,,0.340,855.7
2367,0.098717,,0.121000,0.104050,,,0.340,856.0
2368,0.098717,,0.121000,0.104050,,,0.342,856.4
2369,0.098717,,0.121000,0.104050,,,0.352,856.7
2370,0.098717,,0.121000,0.104050,,,0.339,857.1
2371,0.098717,,0.121000,0.104050,,,0.343,857.4
2372,0.098717,,0.121000,0.104050,,,0.341,857.7
2373,0.098717,,0.121000,0.104050,,,0.337,858.1
2374,0.098717,,0.121000,0.104050,,,0.346,858.4
2375,0.098717,,0.121000,0.104050,,,0.383,858.8
2376,0.098717,,0.121000,0.104050,,,0.332,859.1
2377,0.098717,,0.121000,0.104050,,,0.342,859.5
2378,0.098717,,0.121000,0.104050,,,0.343,859.8
2379,0.098717,,0.121000,0.104050,,,0.342,860.2
2380,0.098717,,0.121000,0.104050,,,0.342,860.5
2381,0.098717,,0.121000,0.104050,,,0.391,860.9
2382,0.098717,,0.121000,0.104050,,,0.342,861.2
2383,0.098717,,0.121000,0.104050,,,0.339,861.6
2384,0.098717,,0.121000,0.104050,,,0.342,861.9
2385,0.098717,,0.121000,0.104050,,,0.340,862.3
2386,0.098717,,0.121000,0.104050,,,0.339,862.6
2387,0.098717,,0.121000,0.104050,,,0.365,863.0
2388,0.098717,,0.121000,0.104050,,,0.341,863.3
2389,0.098717,,0.121000,0.104050,,,0.341,863.7
2390,0.098717,,0.121000,0.104050,,,0.343,864.0
2391,0.098717,,0.121000,0.104050,,,0.340,864.3
2392,0.098717,,0.121000,0.104050,,,0.340,864.7
2393,0.098717,,0.121000,0.104050,,,0.414,865.1
2394,0.098717,,0.121000,0.104050,,,0.341,865.4
2395,0.098717,,0.121000,0.104050,,,0.341,865.8
2396,0.098717,,0.121000,0.104050,,,0.341,866.1
2397,0.098717,,0.121000,0.104050,,,0.340,866.5
2398,0.098717,,0.121000,0.104050,,,0.340,866.8
2399,0.098717,,0.121000,0.104050,,,0.394,867.2
2400,0.098717,,0.121000,0.104050,,,0.344,867.5
2401,0.098717,,0.121000,0.104050,,,0.339,867.9
2402,0.098717,,0.121000,0.104050,,,0.339,868.2
2403,0.098717,,0.121000,0.104050,,,0.350,868.6
2404,0.098717,,0.121000,0.104050,,,0.339,868.9
2405,0.098717,,0.121000,0.104050,,,0.394,869.3
2406,0.098717,,0.121000,0.104050,,,0.341,869.6
2407,0.098717,,0.121000,0.104050,,,0.341,870.0
2408,0.098717,,0.121000,0.104050,,,0.368,870.3
2409,0.098717,,0.121000,0.104050,,,0.344,870.7
2410,0.098717,,0.121000,0.104050,,,0.339,871.0
2411,0.098717,,0.121000,0.104050,,,0.408,871.4
2412,0.098717,,0.121000,0.104050,,,0.338,871.8
2413,0.098717,,0.121000,0.104050,,,0.343,872.1
2414,0.098717,,0.121000,0.104050,,,0.343,872.5
2415,0.098717,,0.121000,0.104050,,,0.340,872.8
2416,0.098717,,0.121000,0.104050,,,0.340,873.1
2417,0.098717,,0.121000,0.104050,,,0.390,873.5
2418,0.098717,,0.121000,0.104050,,,0.340,873.9
2419,0.098717,,0.121000,0.104050,,,0.340,874.2
2420,0.098717,,0.121000,0.104050,,,0.339,874.5
2421,0.098717,,0.121000,0.104050,,,0.342,874.9
2422,0.098717,,0.121000,0.104050,,,0.339,875.2
2423,0.098717,,0.121000,0.104050,,,0.391,875.6
2424,0.098717,,0.121000,0.104050,,,0.344,876.0
2425,0.098717,,0.121000,0.104050,,,0.340,876.3
2426,0.098717,,0.121000,0.104050,,,0.341,876.6
2427,0.098717,,0.121000,0.104050,,,0.340,877.0
2428,0.098717,,0.121000,0.104050,,,0.339,877.3
2429,0.098717,,0.121000,0.104050,,,0.375,877.7
2430,0.098717,,0.121000,0.104050,,,0.336,878.0
2431,0.098717,,0.121000,0.104050,,,0.339,878.4
2432,0.098717,,0.121000,0.104050,,,0.340,878.7
2433,0.098717,,0.121000,0.104050,,,0.341,879.1
2434,0.098717,,0.121000,0.104050,,,0.342,879.4
2435,0.098717,,0.121000,0.104050,,,0.384,879.8
2436,0.098717,,0.121000,0.104050,,,0.340,880.1
2437,0.098717,,0.121000,0.104050,,,0.341,880.5
2438,0.098717,,0.121000,0.104050,,,0.342,880.8
2439,0.098717,,0.121000,0.104050,,,0.341,881.1
2440,0.098717,,0.121000,0.104050,,,0.341,881.5
2441,0.098717,,0.121000,0.104050,,,0.404,881.9
2442,0.098717,,0.121000,0.104050,,,0.344,882.2
2443,0.098717,,0.121000,0.104050,,,0.341,882.6
2444,0.098717,,0.121000,0.104050,,,0.342,882.9
2445,0.098717,,0.121000,0.104050,,,0.339,883.3
2446,0.098717,,0.121000,0.104050,,,0.340,883.6
2447,0.098717,,0.121000,0.104050,,,0.416,884.0
2448,0.098717,,0.121000,0.104050,,,0.341,884.4
2449,0.098717,,0.121000,0.104050,,,0.341,884.7
2450,0.098717,,0.121000,0.104050,,,0.341,885.0
2451,0.098717,,0.121000,0.104050,,,0.338,885.4
2452,0.098717,,0.121000,0.104050,,,0.339,885.7
2453,0.098717,,0.121000,0.104050,,,0.402,886.1
2454,0.098717,,0.121000,0.104050,,,0.341,886.5
2455,0.098717,,0.121000,0.104050,,,0.341,886.8
2456,0.098717,,0.121000,0.104050,,,0.340,887.1
2457,0.098717,,0.121000,0.104050,,,0.339,887.5
2458,0.098717,,0.121000,0.104050,,,0.343,887.8
2459,0.098717,,0.121000,0.104050,,,0.389,888.2
2460,0.098717,,0.121000,0.104050,,,0.341,888.5
2461,0.098717,,0.121000,0.104050,,,0.342,888.9
2462,0.098717,,0.121000,0.104050,,,0.340,889.2
2463,0.098717,,0.121000,0.104050,,,0.343,889.6
2464,0.098717,,0.121000,0.104050,,,0.339,889.9
2465,0.098717,,0.121000,0.104050,,,0.391,890.3
2466,0.098717,,0.121000,0.104050,,,0.340,890.6
2467,0.098717,,0.121000,0.104050,,,0.343,891.0
2468,0.098717,,0.121000,0.104050,,,0.339,891.3
2469,0.098717,,0.121000,0.104050,,,0.344,891.7
2470,0.098717,,0.121000,0.104050,,,0.341,892.0
2471,0.098717,,0.121000,0.104050,,,0.380,892.4
2472,0.098717,,0.121000,0.104050,,,0.342,892.7
2473,0.098717,,0.121000,0.104050,,,0.339,893.1
2474,0.098717,,0.121000,0.104050,,,0.341,893.4
2475,0.098717,,0.121000,0.104050,,,0.342,893.8
2476,0.098717,,0.121000,0.104050,,,0.340,894.1
2477,0.098717,,0.121000,0.104050,,,0.386,894.5
2478,0.098717,,0.121000,0.104050,,,0.340,894.8
2479,0.098717,,0.121000,0.104050,,,0.338,895.2
2480,0.098717,,0.121000,0.104050,,,0.339,895.5
2481,0.098717,,0.121000,0.104050,,,0.342,895.8
2482,0.098717,,0.121000,0.104050,,,0.343,896.2
2483,0.098717,,0.121000,0.104050,,,0.385,896.6
2484,0.098717,,0.121000,0.104050,,,0.341,896.9
2485,0.098717,,0.121000,0.104050,,,0.341,897.3
2486,0.098717,,0.121000,0.104050,,,0.340,897.6
2487,0.098717,,0.121000,0.104050,,,0.341,897.9
2488,0.098717,,0.121000,0.104050,,,0.340,898.3
2489,0.098717,,0.121000,0.104050,,,0.411,898.7
2490,0.098717,,0.121000,0.104050,,,0.339,899.0
2491,0.098717,,0.121000,0.104050,,,0.339,899.4
2492,0.098717,,0.121000,0.104050,,,0.344,899.7
2493,0.098717,,0.121000,0.104050,,,0.343,900.0
2494,0.098717,,0.121000,0.104050,,,0.365,900.4
2495,0.098717,,0.121000,0.104050,,,0.419,900.8
2496,0.098717,,0.121000,0.104050,,,0.341,901.2
2497,0.098717,,0.121000,0.104050,,,0.344,901.5
2498,0.098717,,0.121000,0.104050,,,0.340,901.9
2499,0.098717,,0.121000,0.104050,,,0.341,902.2
2500,0.098717,,0.121000,0.104050,,,0.339,902.5
2501,0.098717,,0.121000,0.104050,,,0.389,902.9
2502,0.098717,,0.121000,0.104050,,,0.340,903.3
2503,0.098717,,0.121000,0.104050,,,0.342,903.6
2504,0.098717,,0.121000,0.104050,,,0.338,903.9
2505,0.098717,,0.121000,0.104050,,,0.339,904.3
2506,0.098717,,0.121000,0.104050,,,0.339,904.6
2507,0.098717,,0.121000,0.104050,,,0.381,905.0
2508,0.098717,,0.121000,0.104050,,,0.341,905.3
2509,0.098717,,0.121000,0.104050,,,0.340,905.7
2510,0.098717,,0.121000,0.104050,,,0.339,906.0
2511,0.098717,,0.121000,0.104050,,,0.343,906.4
2512,0.098717,,0.121000,0.104050,,,0.339,906.7
2513,0.098717,,0.121000,0.104050,,,0.396,907.1
2514,0.098717,,0.121000,0.104050,,,0.342,907.4
2515,0.098717,,0.121000,0.104050,,,0.344,907.8
2516,0.098717,,0.121000,0.104050,,,0.342,908.1
2517,0.098717,,0.121000,0.104050,,,0.338,908.5
2518,0.098717,,0.121000,0.104050,,,0.342,908.8
2519,0.098717,,0.121000,0.104050,,,0.814,909.6
2520,0.098717,,0.121000,0.104050,,,0.355,910.0
2521,0.098717,,0.121000,0.104050,,,0.342,910.3
2522,0.098717,,0.121000,0.104050,,,0.347,910.7
2523,0.098717,,0.121000,0.104050,,,0.344,911.0
2524,0.098717,,0.121000,0.104050,,,0.342,911.4
2525,0.098717,,0.121000,0.104050,,,0.416,911.8
2526,0.098717,,0.121000,0.104050,,,0.346,912.1
2527,0.098717,,0.121000,0.104050,,,0.342,912.5
2528,0.098717,,0.121000,0.104050,,,0.341,912.8
2529,0.098717,,0.121000,0.104050,,,0.341,913.1
2530,0.098717,,0.121000,0.104050,,,0.344,913.5
2531,0.098717,,0.121000,0.104050,,,0.412,913.9
2532,0.098717,,0.121000,0.104050,,,0.346,914.2
2533,0.098717,,0.121000,0.104050,,,0.341,914.6
2534,0.098717,,0.121000,0.104050,,,0.337,914.9
2535,0.098717,,0.121000,0.104050,,,0.341,915.3
2536,0.098717,,0.121000,0.104050,,,0.341,915.6
2537,0.098717,,0.121000,0.104050,,,0.418,916.0
2538,0.098717,,0.121000,0.104050,,,0.339,916.4
2539,0.098717,,0.121000,0.104050,,,0.338,916.7
2540,0.098717,,0.121000,0.104050,,,0.340,917.0
2541,0.098717,,0.121000,0.104050,,,0.342,917.4
2542,0.098717,,0.121000,0.104050,,,0.345,917.7
2543,0.098717,,0.121000,0.104050,,,0.394,918.1
2544,0.098717,,0.121000,0.104050,,,0.343,918.5
2545,0.098717,,0.121000,0.104050,,,0.343,918.8
2546,0.098717,,0.121000,0.104050,,,0.340,919.1
2547,0.098717,,0.121000,0.104050,,,0.341,919.5
2548,0.098717,,0.121000,0.104050,,,0.343,919.8
2549,0.098717,,0.121000,0.104050,,,0.384,920.2
2550,0.098717,,0.121000,0.104050,,,0.342,920.6
2551,0.098717,,0.121000,0.104050,,,0.343,920.9
2552,0.098717,,0.121000,0.104050,,,0.340,921.2
2553,0.098717,,0.121000,0.104050,,,0.342,921.6
2554,0.098717,,0.121000,0.104050,,,0.340,921.9
2555,0.098717,,0.121000,0.104050,,,0.381,922.3
2556,0.098717,,0.121000,0.104050,,,0.340,922.6
2557,0.098717,,0.121000,0.104050,,,0.340,923.0
2558,0.098717,,0.121000,0.104050,,,0.339,923.3
2559,0.098717,,0.121000,0.104050,,,0.339,923.7
2560,0.098717,,0.121000,0.104050,,,0.338,924.0
2561,0.098717,,0.121000,0.104050,,,0.394,924.4
2562,0.098717,,0.121000,0.104050,,,0.342,924.7
2563,0.098717,,0.121000,0.104050,,,0.343,925.1
2564,0.098717,,0.121000,0.104050,,,0.340,925.4
2565,0.098717,,0.121000,0.104050,,,0.341,925.8
2566,0.098717,,0.121000,0.104050,,,0.337,926.1
2567,0.098717,,0.121000,0.104050,,,0.392,926.5
2568,0.098717,,0.121000,0.104050,,,0.340,926.8
2569,0.098717,,0.121000,0.104050,,,0.342,927.2
2570,0.098717,,0.121000,0.104050,,,0.339,927.5
2571,0.098717,,0.121000,0.104050,,,0.344,927.8
2572,0.098717,,0.121000,0.104050,,,0.339,928.2
2573,0.098717,,0.121000,0.104050,,,0.368,928.6
2574,0.098717,,0.121000,0.104050,,,0.340,928.9
2575,0.098717,,0.121000,0.104050,,,0.343,929.2
2576,0.098717,,0.121000,0.104050,,,0.339,929.6
2577,0.098717,,0.121000,0.104050,,,0.341,929.9
2578,0.098717,,0.121000,0.104050,,,0.364,930.3
2579,0.098717,,0.121000,0.104050,,,0.414,930.7
2580,0.098717,,0.121000,0.104050,,,0.345,931.0
2581,0.098717,,0.121000,0.104050,,,0.340,931.4
2582,0.098717,,0.121000,0.104050,,,0.342,931.7
2583,0.098717,,0.121000,0.104050,,,0.340,932.1
2584,0.098717,,0.121000,0.104050,,,0.340,932.4
2585,0.098717,,0.121000,0.104050,,,0.400,932.8
2586,0.098717,,0.121000,0.104050,,,0.344,933.1
2587,0.098717,,0.121000,0.104050,,,0.337,933.5
2588,0.098717,,0.121000,0.104050,,,0.340,933.8
2589,0.098717,,0.121000,0.104050,,,0.340,934.2
2590,0.098717,,0.121000,0.104050,,,0.342,934.5
2591,0.098717,,0.121000,0.104050,,,0.392,934.9
2592,0.098717,,0.121000,0.104050,,,0.341,935.2
2593,0.098717,,0.121000,0.104050,,,0.344,935.6
2594,0.098717,,0.121000,0.104050,,,0.341,935.9
2595,0.098717,,0.121000,0.104050,,,0.340,936.3
2596,0.098717,,0.121000,0.104050,,,0.339,936.6
2597,0.098717,,0.121000,0.104050,,,0.388,937.0
2598,0.098717,,0.121000,0.104050,,,0.343,937.3
2599,0.098717,,0.121000,0.104050,,,0.342,937.7
2600,0.098717,,0.121000,0.104050,,,0.342,938.0
2601,0.098717,,0.121000,0.104050,,,0.341,938.4
2602,0.098717,,0.121000,0.104050,,,0.341,938.7
2603,0.098717,,0.121000,0.104050,,,0.416,939.1
2604,0.098717,,0.121000,0.104050,,,0.337,939.5
2605,0.098717,,0.121000,0.104050,,,0.338,939.8
2606,0.098717,,0.121000,0.104050,,,0.342,940.1
2607,0.098717,,0.121000,0.104050,,,0.340,940.5
2608,0.098717,,0.121000,0.104050,,,0.342,940.8
2609,0.098717,,0.121000,0.104050,,,0.388,941.2
2610,0.098717,,0.121000,0.104050,,,0.343,941.5
2611,0.098717,,0.121000,0.104050,,,0.340,941.9
2612,0.098717,,0.121000,0.104050,,,0.347,942.2
2613,0.098717,,0.121000,0.104050,,,0.340,942.6
2614,0.098717,,0.121000,0.104050,,,0.341,942.9
2615,0.098717,,0.121000,0.104050,,,0.401,943.3
2616,0.098717,,0.121000,0.104050,,,0.338,943.7
2617,0.098717,,0.121000,0.104050,,,0.341,944.0
2618,0.098717,,0.121000,0.104050,,,0.341,944.3
2619,0.098717,,0.121000,0.104050,,,0.341,944.7
2620,0.098717,,0.121000,0.104050,,,0.342,945.0
2621,0.098717,,0.121000,0.104050,,,0.391,945.4
2622,0.098717,,0.121000,0.104050,,,0.343,945.8
2623,0.098717,,0.121000,0.104050,,,0.341,946.1
2624,0.098717,,0.121000,0.104050,,,0.342,946.4
2625,0.098717,,0.121000,0.104050,,,0.342,946.8
2626,0.098717,,0.121000,0.104050,,,0.341,947.1
2627,0.098717,,0.121000,0.104050,,,0.400,947.5
2628,0.098717,,0.121000,0.104050,,,0.343,947.9
2629,0.098717,,0.121000,0.104050,,,0.341,948.2
2630,0.098717,,0.121000,0.104050,,,0.340,948.5
2631,0.098717,,0.121000,0.104050,,,0.340,948.9
2632,0.098717,,0.121000,0.104050,,,0.339,949.2
2633,0.098717,,0.121000,0.104050,,,0.394,949.6
2634,0.098717,,0.121000,0.104050,,,0.340,950.0
2635,0.098717,,0.121000,0.104050,,,0.342,950.3
2636,0.098717,,0.121000,0.104050,,,0.342,950.6
2637,0.098717,,0.121000,0.104050,,,0.340,951.0
2638,0.098717,,0.121000,0.104050,,,0.340,951.3
2639,0.098717,,0.121000,0.104050,,,0.391,951.7
2640,0.098717,,0.121000,0.104050,,,0.343,952.1
2641,0.098717,,0.121000,0.104050,,,0.342,952.4
2642,0.098717,,0.121000,0.104050,,,0.339,952.7
2643,0.098717,,0.121000,0.104050,,,0.342,953.1
2644,0.098717,,0.121000,0.104050,,,0.340,953.4
2645,0.098717,,0.121000,0.104050,,,0.379,953.8
2646,0.098717,,0.121000,0.104050,,,0.338,954.1
2647,0.098717,,0.121000,0.104050,,,0.342,954.5
2648,0.098717,,0.121000,0.104050,,,0.337,954.8
2649,0.098717,,0.121000,0.104050,,,0.341,955.2
2650,0.098717,,0.121000,0.104050,,,0.341,955.5
2651,0.098717,,0.121000,0.104050,,,0.399,955.9
2652,0.098717,,0.121000,0.104050,,,0.339,956.2
2653,0.098717,,0.121000,0.104050,,,0.341,956.6
2654,0.098717,,0.121000,0.104050,,,0.339,956.9
2655,0.098717,,0.121000,0.104050,,,0.341,957.3
2656,0.098717,,0.121000,0.104050,,,0.338,957.6
2657,0.098717,,0.121000,0.104050,,,0.387,958.0
2658,0.098717,,0.121000,0.104050,,,0.340,958.3
2659,0.098717,,0.121000,0.104050,,,0.342,958.7
2660,0.098717,,0.121000,0.104050,,,0.344,959.0
2661,0.098717,,0.121000,0.104050,,,0.339,959.3
2662,0.098717,,0.121000,0.104050,,,0.341,959.7
2663,0.098717,,0.121000,0.104050,,,0.384,960.1
2664,0.098717,,0.121000,0.104050,,,0.339,960.4
2665,0.098717,,0.121000,0.104050,,,0.338,960.7
2666,0.098717,,0.121000,0.104050,,,0.375,961.1
2667,0.098717,,0.121000,0.104050,,,0.339,961.5
2668,0.098717,,0.121000,0.104050,,,0.342,961.8
2669,0.098717,,0.121000,0.104050,,,0.407,962.2
2670,0.098717,,0.121000,0.104050,,,0.339,962.5
2671,0.098717,,0.121000,0.104050,,,0.343,962.9
2672,0.098717,,0.121000,0.104050,,,0.341,963.2
2673,0.098717,,0.121000,0.104050,,,0.342,963.6
2674,0.098717,,0.121000,0.104050,,,0.340,963.9
2675,0.098717,,0.121000,0.104050,,,0.397,964.3
2676,0.098717,,0.121000,0.104050,,,0.343,964.7
2677,0.098717,,0.121000,0.104050,,,0.342,965.0
2678,0.098717,,0.121000,0.104050,,,0.343,965.3
2679,0.098717,,0.121000,0.104050,,,0.342,965.7
2680,0.098717,,0.121000,0.104050,,,0.342,966.0
2681,0.098717,,0.121000,0.104050,,,0.413,966.4
2682,0.098717,,0.121000,0.104050,,,0.342,966.8
2683,0.098717,,0.121000,0.104050,,,0.341,967.1
2684,0.098717,,0.121000,0.104050,,,0.340,967.5
2685,0.098717,,0.121000,0.104050,,,0.339,967.8
2686,0.098717,,0.121000,0.104050,,,0.341,968.1
2687,0.098717,,0.121000,0.104050,,,0.385,968.5
2688,0.098717,,0.121000,0.104050,,,0.341,968.9
2689,0.098717,,0.121000,0.104050,,,0.340,969.2
2690,0.098717,,0.121000,0.104050,,,0.339,969.5
2691,0.098717,,0.121000,0.104050,,,0.340,969.9
2692,0.098717,,0.121000,0.104050,,,0.340,970.2
2693,0.098717,,0.121000,0.104050,,,0.349,970.6
2694,0.098717,,0.121000,0.104050,,,0.341,970.9
2695,0.098717,,0.121000,0.104050,,,0.338,971.2
2696,0.098717,,0.121000,0.104050,,,0.340,971.6
2697,0.098717,,0.121000,0.104050,,,0.341,971.9
2698,0.098717,,0.121000,0.104050,,,0.339,972.3
2699,0.098717,,0.121000,0.104050,,,0.376,972.6
2700,0.098717,,0.121000,0.104050,,,0.341,973.0
2701,0.098717,,0.121000,0.104050,,,0.340,973.3
2702,0.098717,,0.121000,0.104050,,,0.339,973.7
2703,0.098717,,0.121000,0.104050,,,0.342,974.0
2704,0.098717,,0.121000,0.104050,,,0.342,974.3
2705,0.098717,,0.121000,0.104050,,,0.403,974.8
2706,0.098717,,0.121000,0.104050,,,0.340,975.1
2707,0.098717,,0.121000,0.104050,,,0.338,975.4
2708,0.098717,,0.121000,0.104050,,,0.337,975.8
2709,0.098717,,0.121000,0.104050,,,0.340,976.1
2710,0.098717,,0.121000,0.104050,,,0.338,976.4
2711,0.098717,,0.121000,0.104050,,,0.381,976.8
2712,0.098717,,0.121000,0.104050,,,0.339,977.2
2713,0.098717,,0.121000,0.104050,,,0.341,977.5
2714,0.098717,,0.121000,0.104050,,,0.342,977.8
2715,0.098717,,0.121000,0.104050,,,0.342,978.2
2716,0.098717,,0.121000,0.104050,,,0.342,978.5
2717,0.098717,,0.121000,0.104050,,,0.405,978.9
2718,0.098717,,0.121000,0.104050,,,0.342,979.3
2719,0.098717,,0.121000,0.104050,,,0.340,979.6
2720,0.098717,,0.121000,0.104050,,,0.342,980.0
2721,0.098717,,0.121000,0.104050,,,0.341,980.3
2722,0.098717,,0.121000,0.104050,,,0.340,980.6
2723,0.098717,,0.121000,0.104050,,,0.379,981.0
2724,0.098717,,0.121000,0.104050,,,0.342,981.4
2725,0.098717,,0.121000,0.104050,,,0.341,981.7
2726,0.098717,,0.121000,0.104050,,,0.342,982.0
2727,0.098717,,0.121000,0.104050,,,0.336,982.4
2728,0.098717,,0.121000,0.104050,,,0.341,982.7
2729,0.098717,,0.121000,0.104050,,,0.401,983.1
2730,0.098717,,0.121000,0.104050,,,0.343,983.5
2731,0.098717,,0.121000,0.104050,,,0.338,983.8
2732,0.098717,,0.121000,0.104050,,,0.340,984.1
2733,0.098717,,0.121000,0.104050,,,0.341,984.5
2734,0.098717,,0.121000,0.104050,,,0.341,984.8
2735,0.098717,,0.121000,0.104050,,,0.393,985.2
2736,0.098717,,0.121000,0.104050,,,0.338,985.6
2737,0.098717,,0.121000,0.104050,,,0.342,985.9
2738,0.098717,,0.121000,0.104050,,,0.339,986.2
2739,0.098717,,0.121000,0.104050,,,0.338,986.6
2740,0.098717,,0.121000,0.104050,,,0.339,986.9
2741,0.098717,,0.121000,0.104050,,,0.377,987.3
2742,0.098717,,0.121000,0.104050,,,0.341,987.6
2743,0.098717,,0.121000,0.104050,,,0.340,988.0
2744,0.098717,,0.121000,0.104050,,,0.341,988.3
2745,0.098717,,0.121000,0.104050,,,0.340,988.7
2746,0.098717,,0.121000,0.104050,,,0.338,989.0
2747,0.098717,,0.121000,0.104050,,,0.398,989.4
2748,0.098717,,0.121000,0.104050,,,0.339,989.7
2749,0.098717,,0.121000,0.104050,,,0.340,990.1
2750,0.098717,,0.121000,0.104050,,,0.343,990.4
2751,0.098717,,0.121000,0.104050,,,0.367,990.8
2752,0.098717,,0.121000,0.104050,,,0.339,991.1
2753,0.098717,,0.121000,0.104050,,,0.416,991.5
2754,0.098717,,0.121000,0.104050,,,0.342,991.9
2755,0.098717,,0.121000,0.104050,,,0.342,992.2
2756,0.098717,,0.121000,0.104050,,,0.337,992.6
2757,0.098717,,0.121000,0.104050,,,0.340,992.9
2758,0.098717,,0.121000,0.104050,,,0.340,993.2
2759,0.098717,,0.121000,0.104050,,,0.383,993.6
2760,0.098717,,0.121000,0.104050,,,0.342,994.0
2761,0.098717,,0.121000,0.104050,,,0.340,994.3
2762,0.098717,,0.121000,0.104050,,,0.350,994.7
2763,0.098717,,0.121000,0.104050,,,0.340,995.0
2764,0.098717,,0.121000,0.104050,,,0.342,995.3
2765,0.098717,,0.121000,0.104050,,,0.392,995.7
2766,0.098717,,0.121000,0.104050,,,0.340,996.1
2767,0.098717,,0.121000,0.104050,,,0.343,996.4
2768,0.098717,,0.121000,0.104050,,,0.336,996.8
2769,0.098717,,0.121000,0.104050,,,0.339,997.1
2770,0.098717,,0.121000,0.104050,,,0.339,997.4
2771,0.098717,,0.121000,0.104050,,,0.370,997.8
2772,0.098717,,0.121000,0.104050,,,0.342,998.1
2773,0.098717,,0.121000,0.104050,,,0.343,998.5
2774,0.098717,,0.121000,0.104050,,,0.340,998.8
2775,0.098717,,0.121000,0.104050,,,0.339,999.2
2776,0.098717,,0.121000,0.104050,,,0.340,999.5
2777,0.098717,,0.121000,0.104050,,,0.391,999.9
2778,0.098717,,0.121000,0.104050,,,0.343,1000.2
2779,0.098717,,0.121000,0.104050,,,0.340,1000.6
2780,0.098717,,0.121000,0.104050,,,0.339,1000.9
2781,0.098717,,0.121000,0.104050,,,0.340,1001.3
2782,0.098717,,0.121000,0.104050,,,0.337,1001.6
2783,0.098717,,0.121000,0.104050,,,0.420,1002.0
2784,0.098717,,0.121000,0.104050,,,0.341,1002.4
2785,0.098717,,0.121000,0.104050,,,0.340,1002.7
2786,0.098717,,0.121000,0.104050,,,0.342,1003.0
2787,0.098717,,0.121000,0.104050,,,0.341,1003.4
2788,0.098717,,0.121000,0.104050,,,0.343,1003.7
2789,0.098717,,0.121000,0.104050,,,0.407,1004.1
2790,0.098717,,0.121000,0.104050,,,0.340,1004.5
2791,0.098717,,0.121000,0.104050,,,0.340,1004.8
2792,0.098717,,0.121000,0.104050,,,0.342,1005.1
2793,0.098717,,0.121000,0.104050,,,0.339,1005.5
2794,0.098717,,0.121000,0.104050,,,0.341,1005.8
2795,0.098717,,0.121000,0.104050,,,0.422,1006.3
2796,0.098717,,0.121000,0.104050,,,0.341,1006.6
2797,0.098717,,0.121000,0.104050,,,0.340,1006.9
2798,0.098717,,0.121000,0.104050,,,0.339,1007.3
2799,0.098717,,0.121000,0.104050,,,0.341,1007.6
2800,0.098717,,0.121000,0.104050,,,0.339,1008.0
2801,0.098717,,0.121000,0.104050,,,0.403,1008.4
2802,0.098717,,0.121000,0.104050,,,0.340,1008.7
2803,0.098717,,0.121000,0.104050,,,0.341,1009.0
2804,0.098717,,0.121000,0.104050,,,0.344,1009.4
2805,0.098717,,0.121000,0.104050,,,0.340,1009.7
2806,0.098717,,0.121000,0.104050,,,0.339,1010.1
2807,0.098717,,0.121000,0.104050,,,0.406,1010.5
2808,0.098717,,0.121000,0.104050,,,0.343,1010.8
2809,0.098717,,0.121000,0.104050,,,0.341,1011.1
2810,0.098717,,0.121000,0.104050,,,0.340,1011.5
2811,0.098717,,0.121000,0.104050,,,0.339,1011.8
2812,0.098717,,0.121000,0.104050,,,0.339,1012.2
2813,0.098717,,0.121000,0.104050,,,0.361,1012.5
2814,0.098717,,0.121000,0.104050,,,0.342,1012.9
2815,0.098717,,0.121000,0.104050,,,0.342,1013.2
2816,0.098717,,0.121000,0.104050,,,0.340,1013.6
2817,0.098717,,0.121000,0.104050,,,0.341,1013.9
2818,0.098717,,0.121000,0.104050,,,0.342,1014.2
2819,0.098717,,0.121000,0.104050,,,0.406,1014.6
2820,0.098717,,0.121000,0.104050,,,0.343,1015.0
2821,0.098717,,0.121000,0.104050,,,0.344,1015.3
2822,0.098717,,0.121000,0.104050,,,0.342,1015.7
2823,0.098717,,0.121000,0.104050,,,0.340,1016.0
2824,0.098717,,0.121000,0.104050,,,0.339,1016.3
2825,0.098717,,0.121000,0.104050,,,0.380,1016.7
2826,0.098717,,0.121000,0.104050,,,0.341,1017.1
2827,0.098717,,0.121000,0.104050,,,0.343,1017.4
2828,0.098717,,0.121000,0.104050,,,0.340,1017.8
2829,0.098717,,0.121000,0.104050,,,0.340,1018.1
2830,0.098717,,0.121000,0.104050,,,0.340,1018.4
2831,0.098717,,0.121000,0.104050,,,0.392,1018.8
2832,0.098717,,0.121000,0.104050,,,0.338,1019.2
2833,0.098717,,0.121000,0.104050,,,0.341,1019.5
2834,0.098717,,0.121000,0.104050,,,0.341,1019.8
2835,0.098717,,0.121000,0.104050,,,0.342,1020.2
2836,0.098717,,0.121000,0.104050,,,0.366,1020.6
2837,0.098717,,0.121000,0.104050,,,0.412,1021.0
2838,0.098717,,0.121000,0.104050,,,0.344,1021.3
2839,0.098717,,0.121000,0.104050,,,0.340,1021.6
2840,0.098717,,0.121000,0.104050,,,0.344,1022.0
2841,0.098717,,0.121000,0.104050,,,0.342,1022.3
2842,0.098717,,0.121000,0.104050,,,0.339,1022.7
2843,0.098717,,0.121000,0.104050,,,0.409,1023.1
2844,0.098717,,0.121000,0.104050,,,0.342,1023.4
2845,0.098717,,0.121000,0.104050,,,0.346,1023.8
2846,0.098717,,0.121000,0.104050,,,0.339,1024.1
2847,0.098717,,0.121000,0.104050,,,0.339,1024.4
2848,0.098717,,0.121000,0.104050,,,0.345,1024.8
2849,0.098717,,0.121000,0.104050,,,0.397,1025.2
2850,0.098717,,0.121000,0.104050,,,0.340,1025.5
2851,0.098717,,0.121000,0.104050,,,0.340,1025.9
2852,0.098717,,0.121000,0.104050,,,0.340,1026.2
2853,0.098717,,0.121000,0.104050,,,0.342,1026.5
2854,0.098717,,0.121000,0.104050,,,0.342,1026.9
2855,0.098717,,0.121000,0.104050,,,0.395,1027.3
2856,0.098717,,0.121000,0.104050,,,0.341,1027.6
2857,0.098717,,0.121000,0.104050,,,0.344,1028.0
2858,0.098717,,0.121000,0.104050,,,0.342,1028.3
2859,0.098717,,0.121000,0.104050,,,0.338,1028.7
2860,0.098717,,0.121000,0.104050,,,0.343,1029.0
2861,0.098717,,0.121000,0.104050,,,0.394,1029.4
2862,0.098717,,0.121000,0.104050,,,0.338,1029.7
2863,0.098717,,0.121000,0.104050,,,0.343,1030.1
2864,0.098717,,0.121000,0.104050,,,0.340,1030.4
2865,0.098717,,0.121000,0.104050,,,0.343,1030.8
2866,0.098717,,0.121000,0.104050,,,0.341,1031.1
2867,0.098717,,0.121000,0.104050,,,0.391,1031.5
2868,0.098717,,0.121000,0.104050,,,0.342,1031.8
2869,0.098717,,0.121000,0.104050,,,0.342,1032.2
2870,0.098717,,0.121000,0.104050,,,0.340,1032.5
2871,0.098717,,0.121000,0.104050,,,0.341,1032.9
2872,0.098717,,0.121000,0.104050,,,0.343,1033.2
2873,0.098717,,0.121000,0.104050,,,0.380,1033.6
2874,0.098717,,0.121000,0.104050,,,0.339,1033.9
2875,0.098717,,0.121000,0.104050,,,0.341,1034.3
2876,0.098717,,0.121000,0.104050,,,0.338,1034.6
2877,0.098717,,0.121000,0.104050,,,0.340,1034.9
2878,0.098717,,0.121000,0.104050,,,0.339,1035.3
2879,0.098717,,0.121000,0.104050,,,0.402,1035.7
2880,0.098717,,0.121000,0.104050,,,0.341,1036.0
2881,0.098717,,0.121000,0.104050,,,0.342,1036.4
2882,0.098717,,0.121000,0.104050,,,0.341,1036.7
2883,0.098717,,0.121000,0.104050,,,0.343,1037.0
2884,0.098717,,0.121000,0.104050,,,0.340,1037.4
2885,0.098717,,0.121000,0.104050,,,0.385,1037.8
2886,0.098717,,0.121000,0.104050,,,0.342,1038.1
2887,0.098717,,0.121000,0.104050,,,0.340,1038.4
2888,0.098717,,0.121000,0.104050,,,0.338,1038.8
2889,0.098717,,0.121000,0.104050,,,0.341,1039.1
2890,0.098717,,0.121000,0.104050,,,0.341,1039.5
2891,0.098717,,0.121000,0.104050,,,0.377,1039.8
2892,0.098717,,0.121000,0.104050,,,0.342,1040.2
2893,0.098717,,0.121000,0.104050,,,0.343,1040.5
2894,0.098717,,0.121000,0.104050,,,0.342,1040.9
2895,0.098717,,0.121000,0.104050,,,0.343,1041.2
2896,0.098717,,0.121000,0.104050,,,0.340,1041.6
2897,0.098717,,0.121000,0.104050,,,0.394,1041.9
2898,0.098717,,0.121000,0.104050,,,0.343,1042.3
2899,0.098717,,0.121000,0.104050,,,0.341,1042.6
2900,0.098717,,0.121000,0.104050,,,0.342,1043.0
2901,0.098717,,0.121000,0.104050,,,0.340,1043.3
2902,0.098717,,0.121000,0.104050,,,0.341,1043.7
2903,0.098717,,0.121000,0.104050,,,0.402,1044.1
2904,0.098717,,0.121000,0.104050,,,0.340,1044.4
2905,0.098717,,0.121000,0.104050,,,0.340,1044.7
2906,0.098717,,0.121000,0.104050,,,0.340,1045.1
2907,0.098717,,0.121000,0.104050,,,0.337,1045.4
2908,0.098717,,0.121000,0.104050,,,0.341,1045.8
2909,0.098717,,0.121000,0.104050,,,0.385,1046.1
2910,0.098717,,0.121000,0.104050,,,0.342,1046.5
2911,0.098717,,0.121000,0.104050,,,0.338,1046.8
2912,0.098717,,0.121000,0.104050,,,0.340,1047.2
2913,0.098717,,0.121000,0.104050,,,0.341,1047.5
2914,0.098717,,0.121000,0.104050,,,0.341,1047.8
2915,0.098717,,0.121000,0.104050,,,0.377,1048.2
2916,0.098717,,0.121000,0.104050,,,0.341,1048.6
2917,0.098717,,0.121000,0.104050,,,0.339,1048.9
2918,0.098717,,0.121000,0.104050,,,0.341,1049.2
2919,0.098717,,0.121000,0.104050,,,0.341,1049.6
2920,0.098717,,0.121000,0.104050,,,0.339,1049.9
2921,0.098717,,0.121000,0.104050,,,0.399,1050.3
2922,0.098717,,0.121000,0.104050,,,0.380,1050.7
2923,0.098717,,0.121000,0.104050,,,0.340,1051.0
2924,0.098717,,0.121000,0.104050,,,0.343,1051.4
2925,0.098717,,0.121000,0.104050,,,0.339,1051.7
2926,0.098717,,0.121000,0.104050,,,0.341,1052.1
2927,0.098717,,0.121000,0.104050,,,0.409,1052.5
2928,0.098717,,0.121000,0.104050,,,0.339,1052.8
2929,0.098717,,0.121000,0.104050,,,0.340,1053.1
2930,0.098717,,0.121000,0.104050,,,0.344,1053.5
2931,0.098717,,0.121000,0.104050,,,0.341,1053.8
2932,0.098717,,0.121000,0.104050,,,0.339,1054.2
2933,0.098717,,0.121000,0.104050,,,0.411,1054.6
2934,0.098717,,0.121000,0.104050,,,0.343,1054.9
2935,0.098717,,0.121000,0.104050,,,0.342,1055.3
2936,0.098717,,0.121000,0.104050,,,0.337,1055.6
2937,0.098717,,0.121000,0.104050,,,0.341,1055.9
2938,0.098717,,0.121000,0.104050,,,0.341,1056.3
2939,0.098717,,0.121000,0.104050,,,0.406,1056.7
2940,0.098717,,0.121000,0.104050,,,0.338,1057.0
2941,0.098717,,0.121000,0.104050,,,0.339,1057.4
2942,0.098717,,0.121000,0.104050,,,0.340,1057.7
2943,0.098717,,0.121000,0.104050,,,0.344,1058.1
2944,0.098717,,0.121000,0.104050,,,0.340,1058.4
2945,0.098717,,0.121000,0.104050,,,0.407,1058.8
2946,0.098717,,0.121000,0.104050,,,0.340,1059.1
2947,0.098717,,0.121000,0.104050,,,0.340,1059.5
2948,0.098717,,0.121000,0.104050,,,0.339,1059.8
2949,0.098717,,0.121000,0.104050,,,0.347,1060.2
2950,0.098717,,0.121000,0.104050,,,0.341,1060.5
2951,0.098717,,0.121000,0.104050,,,0.418,1060.9
2952,0.098717,,0.121000,0.104050,,,0.339,1061.3
2953,0.098717,,0.121000,0.104050,,,0.343,1061.6
2954,0.098717,,0.121000,0.104050,,,0.338,1061.9
2955,0.098717,,0.121000,0.104050,,,0.342,1062.3
2956,0.098717,,0.121000,0.104050,,,0.339,1062.6
2957,0.098717,,0.121000,0.104050,,,0.391,1063.0
2958,0.098717,,0.121000,0.104050,,,0.340,1063.4
2959,0.098717,,0.121000,0.104050,,,0.341,1063.7
2960,0.098717,,0.121000,0.104050,,,0.341,1064.0
2961,0.098717,,0.121000,0.104050,,,0.341,1064.4
2962,0.098717,,0.121000,0.104050,,,0.341,1064.7
2963,0.098717,,0.121000,0.104050,,,0.392,1065.1
2964,0.098717,,0.121000,0.104050,,,0.342,1065.5
2965,0.098717,,0.121000,0.104050,,,0.342,1065.8
2966,0.098717,,0.121000,0.104050,,,0.342,1066.1
2967,0.098717,,0.121000,0.104050,,,0.344,1066.5
2968,0.098717,,0.121000,0.104050,,,0.343,1066.8
2969,0.098717,,0.121000,0.104050,,,0.392,1067.2
2970,0.098717,,0.121000,0.104050,,,0.339,1067.6
2971,0.098717,,0.121000,0.104050,,,0.341,1067.9
2972,0.098717,,0.121000,0.104050,,,0.340,1068.2
2973,0.098717,,0.121000,0.104050,,,0.342,1068.6
2974,0.098717,,0.121000,0.104050,,,0.340,1068.9
2975,0.098717,,0.121000,0.104050,,,0.369,1069.3
2976,0.098717,,0.121000,0.104050,,,0.341,1069.6
2977,0.098717,,0.121000,0.104050,,,0.339,1070.0
2978,0.098717,,0.121000,0.104050,,,0.338,1070.3
2979,0.098717,,0.121000,0.104050,,,0.341,1070.6
2980,0.098717,,0.121000,0.104050,,,0.340,1071.0
2981,0.098717,,0.121000,0.104050,,,0.362,1071.3
2982,0.098717,,0.121000,0.104050,,,0.342,1071.7
2983,0.098717,,0.121000,0.104050,,,0.346,1072.0
2984,0.098717,,0.121000,0.104050,,,0.339,1072.4
2985,0.098717,,0.121000,0.104050,,,0.340,1072.7
2986,0.098717,,0.121000,0.104050,,,0.343,1073.1
2987,0.098717,,0.121000,0.104050,,,0.416,1073.5
2988,0.098717,,0.121000,0.104050,,,0.339,1073.8
2989,0.098717,,0.121000,0.104050,,,0.340,1074.2
2990,0.098717,,0.121000,0.104050,,,0.342,1074.5
2991,0.098717,,0.121000,0.104050,,,0.340,1074.8
2992,0.098717,,0.121000,0.104050,,,0.341,1075.2
2993,0.098717,,0.121000,0.104050,,,0.387,1075.6
2994,0.098717,,0.121000,0.104050,,,0.339,1075.9
2995,0.098717,,0.121000,0.104050,,,0.342,1076.2
2996,0.098717,,0.121000,0.104050,,,0.344,1076.6
2997,0.098717,,0.121000,0.104050,,,0.342,1076.9
2998,0.098717,,0.121000,0.104050,,,0.343,1077.3
2999,0.098717,0.0860000029206276,0.121000,0.104050,0.0,1.0,0.469,1077.7
