epoch,train_acc,val_acc,best_val,best_train,epoch_time,cum_time
0,0.086500,0.09800000488758087,0.098000,0.086500,5.620,5.6
1,0.085917,,0.098000,0.086500,4.405,10.0
2,0.084817,,0.098000,0.086500,0.116,10.1
3,0.085200,,0.098000,0.086500,0.106,10.2
4,0.086133,,0.098000,0.086500,0.104,10.4
5,0.083317,,0.098000,0.086500,0.104,10.5
6,0.083350,,0.098000,0.086500,0.108,10.6
7,0.084433,,0.098000,0.086500,0.121,10.7
8,0.083783,,0.098000,0.086500,0.103,10.8
9,0.083550,,0.098000,0.086500,0.103,10.9
10,0.084633,,0.098000,0.086500,0.103,11.0
11,0.084967,,0.098000,0.086500,0.104,11.1
12,0.084517,,0.098000,0.086500,0.105,11.2
13,0.086100,,0.098000,0.086500,0.105,11.3
14,0.087300,,0.098000,0.087300,0.104,11.4
15,0.085733,,0.098000,0.087300,0.104,11.5
16,0.086233,,0.098000,0.087300,0.110,11.6
17,0.086617,,0.098000,0.087300,0.106,11.7
18,0.089233,,0.098000,0.089233,0.105,11.8
19,0.086583,,0.098000,0.089233,0.103,11.9
20,0.088350,,0.098000,0.089233,0.104,12.0
21,0.088150,,0.098000,0.089233,0.103,12.1
22,0.091033,,0.098000,0.091033,0.103,12.2
23,0.089900,,0.098000,0.091033,0.102,12.4
24,0.092750,,0.098000,0.092750,0.105,12.5
25,0.092250,,0.098000,0.092750,0.103,12.6
26,0.095450,,0.098000,0.095450,0.106,12.7
27,0.096967,,0.098000,0.096967,0.123,12.8
28,0.097917,,0.098000,0.097917,0.105,12.9
29,0.099817,,0.098000,0.099817,0.108,13.0
30,0.102900,,0.098000,0.102900,0.106,13.1
31,0.103550,,0.098000,0.103550,0.117,13.2
32,0.103500,,0.098000,0.103550,0.114,13.3
33,0.102567,,0.098000,0.103550,0.114,13.5
34,0.107350,,0.098000,0.107350,0.115,13.6
35,0.108450,,0.098000,0.108450,0.116,13.7
36,0.107117,,0.098000,0.108450,0.116,13.8
37,0.108983,,0.098000,0.108983,0.119,13.9
38,0.110350,,0.098000,0.110350,0.131,14.0
39,0.112433,,0.098000,0.112433,0.122,14.2
40,0.110683,,0.098000,0.112433,0.106,14.3
41,0.113100,,0.098000,0.113100,0.115,14.4
42,0.113167,,0.098000,0.113167,0.105,14.5
43,0.113700,,0.098000,0.113700,0.104,14.6
44,0.115217,,0.098000,0.115217,0.104,14.7
45,0.114517,,0.098000,0.115217,0.105,14.8
46,0.114550,,0.098000,0.115217,0.108,14.9
47,0.113933,,0.098000,0.115217,0.104,15.0
48,0.115400,,0.098000,0.115400,0.104,15.1
49,0.116417,,0.098000,0.116417,0.104,15.2
50,0.115550,0.0989999920129776,0.099000,0.116417,0.135,15.4
51,0.117083,,0.099000,0.117083,0.114,15.5
52,0.117850,,0.099000,0.117850,0.105,15.6
53,0.117567,,0.099000,0.117850,0.104,15.7
54,0.118917,,0.099000,0.118917,0.103,15.8
55,0.120833,,0.099000,0.120833,0.105,15.9
56,0.118050,,0.099000,0.120833,0.103,16.0
57,0.121583,,0.099000,0.121583,0.106,16.1
58,0.119633,,0.099000,0.121583,0.112,16.2
59,0.121133,,0.099000,0.121583,0.107,16.3
60,0.121250,,0.099000,0.121583,0.100,16.4
61,0.121983,,0.099000,0.121983,0.120,16.5
62,0.120100,,0.099000,0.121983,0.105,16.6
63,0.122417,,0.099000,0.122417,0.108,16.8
64,0.123783,,0.099000,0.123783,0.103,16.9
65,0.123183,,0.099000,0.123783,0.106,17.0
66,0.121983,,0.099000,0.123783,0.103,17.1
67,0.123400,,0.099000,0.123783,0.104,17.2
68,0.122100,,0.099000,0.123783,0.105,17.3
69,0.124133,,0.099000,0.124133,0.103,17.4
70,0.123567,,0.099000,0.124133,0.104,17.5
71,0.125733,,0.099000,0.125733,0.104,17.6
72,0.125017,,0.099000,0.125733,0.114,17.7
73,0.122617,,0.099000,0.125733,0.121,17.8
74,0.124783,,0.099000,0.125733,0.108,17.9
75,0.124850,,0.099000,0.125733,0.121,18.1
76,0.125233,,0.099000,0.125733,0.103,18.2
77,0.124333,,0.099000,0.125733,0.106,18.3
78,0.124717,,0.099000,0.125733,0.108,18.4
79,0.124667,,0.099000,0.125733,0.110,18.5
80,0.125333,,0.099000,0.125733,0.108,18.6
81,0.126633,,0.099000,0.126633,0.108,18.7
82,0.126750,,0.099000,0.126750,0.104,18.8
83,0.124433,,0.099000,0.126750,0.106,18.9
84,0.126650,,0.099000,0.126750,0.103,19.0
85,0.126867,,0.099000,0.126867,0.105,19.1
86,0.127250,,0.099000,0.127250,0.102,19.2
87,0.127383,,0.099000,0.127383,0.104,19.3
88,0.128117,,0.099000,0.128117,0.103,19.4
89,0.129167,,0.099000,0.129167,0.103,19.5
90,0.129450,,0.099000,0.129450,0.104,19.6
91,0.129000,,0.099000,0.129450,0.110,19.7
92,0.128717,,0.099000,0.129450,0.106,19.8
93,0.128200,,0.099000,0.129450,0.102,19.9
94,0.129667,,0.099000,0.129667,0.111,20.1
95,0.130800,,0.099000,0.130800,0.105,20.2
96,0.130917,,0.099000,0.130917,0.106,20.3
97,0.131000,,0.099000,0.131000,0.110,20.4
98,0.131300,,0.099000,0.131300,0.099,20.5
99,0.132317,,0.099000,0.132317,0.103,20.6
100,0.131283,0.10450000315904617,0.104500,0.132317,0.127,20.7
101,0.134550,,0.104500,0.134550,0.100,20.8
102,0.133000,,0.104500,0.134550,0.104,20.9
103,0.133883,,0.104500,0.134550,0.106,21.0
104,0.135567,,0.104500,0.135567,0.121,21.1
105,0.135200,,0.104500,0.135567,0.106,21.2
106,0.136533,,0.104500,0.136533,0.102,21.3
107,0.137033,,0.104500,0.137033,0.103,21.5
108,0.138433,,0.104500,0.138433,0.101,21.6
109,0.139100,,0.104500,0.139100,0.103,21.7
110,0.138667,,0.104500,0.139100,0.102,21.8
111,0.138667,,0.104500,0.139100,0.103,21.9
112,0.138967,,0.104500,0.139100,0.104,22.0
113,0.141433,,0.104500,0.141433,0.101,22.1
114,0.141367,,0.104500,0.141433,0.103,22.2
115,0.142050,,0.104500,0.142050,0.104,22.3
116,0.143100,,0.104500,0.143100,0.106,22.4
117,0.143517,,0.104500,0.143517,0.120,22.5
118,0.144083,,0.104500,0.144083,0.103,22.6
119,0.145417,,0.104500,0.145417,0.105,22.7
120,0.145117,,0.104500,0.145417,0.102,22.8
121,0.145783,,0.104500,0.145783,0.105,22.9
122,0.147633,,0.104500,0.147633,0.103,23.0
123,0.151867,,0.104500,0.151867,0.102,23.1
124,0.150733,,0.104500,0.151867,0.104,23.2
125,0.152200,,0.104500,0.152200,0.105,23.3
126,0.153683,,0.104500,0.153683,0.120,23.4
127,0.155283,,0.104500,0.155283,0.102,23.6
128,0.156533,,0.104500,0.156533,0.110,23.7
129,0.156800,,0.104500,0.156800,0.103,23.8
130,0.158550,,0.104500,0.158550,0.104,23.9
131,0.159883,,0.104500,0.159883,0.102,24.0
132,0.162050,,0.104500,0.162050,0.104,24.1
133,0.163700,,0.104500,0.163700,0.104,24.2
134,0.165817,,0.104500,0.165817,0.104,24.3
135,0.167967,,0.104500,0.167967,0.103,24.4
136,0.168683,,0.104500,0.168683,0.106,24.5
137,0.169700,,0.104500,0.169700,0.102,24.6
138,0.172033,,0.104500,0.172033,0.104,24.7
139,0.173850,,0.104500,0.173850,0.103,24.8
140,0.175117,,0.104500,0.175117,0.107,24.9
141,0.177567,,0.104500,0.177567,0.120,25.0
142,0.180567,,0.104500,0.180567,0.103,25.1
143,0.180583,,0.104500,0.180583,0.105,25.2
144,0.182483,,0.104500,0.182483,0.103,25.3
145,0.183900,,0.104500,0.183900,0.102,25.4
146,0.185450,,0.104500,0.185450,0.107,25.5
147,0.187633,,0.104500,0.187633,0.103,25.7
148,0.189950,,0.104500,0.189950,0.103,25.8
149,0.190383,,0.104500,0.190383,0.103,25.9
150,0.193750,0.21230000257492065,0.212300,0.193750,0.129,26.0
151,0.196833,,0.212300,0.196833,0.100,26.1
152,0.197033,,0.212300,0.197033,0.101,26.2
153,0.200100,,0.212300,0.200100,0.104,26.3
154,0.202617,,0.212300,0.202617,0.103,26.4
155,0.202033,,0.212300,0.202617,0.103,26.5
156,0.205867,,0.212300,0.205867,0.105,26.6
157,0.205983,,0.212300,0.205983,0.104,26.7
158,0.208617,,0.212300,0.208617,0.105,26.8
159,0.208367,,0.212300,0.208617,0.101,26.9
160,0.211967,,0.212300,0.211967,0.104,27.0
161,0.215067,,0.212300,0.215067,0.106,27.1
162,0.218500,,0.212300,0.218500,0.115,27.2
163,0.219583,,0.212300,0.219583,0.103,27.3
164,0.222167,,0.212300,0.222167,0.102,27.4
165,0.223250,,0.212300,0.223250,0.103,27.5
166,0.224617,,0.212300,0.224617,0.105,27.6
167,0.227367,,0.212300,0.227367,0.101,27.8
168,0.228050,,0.212300,0.228050,0.103,27.9
169,0.232383,,0.212300,0.232383,0.103,28.0
170,0.232767,,0.212300,0.232767,0.103,28.1
171,0.234200,,0.212300,0.234200,0.102,28.2
172,0.236183,,0.212300,0.236183,0.103,28.3
173,0.240900,,0.212300,0.240900,0.103,28.4
174,0.242783,,0.212300,0.242783,0.103,28.5
175,0.242683,,0.212300,0.242783,0.104,28.6
176,0.246917,,0.212300,0.246917,0.106,28.7
177,0.247883,,0.212300,0.247883,0.105,28.8
178,0.249533,,0.212300,0.249533,0.110,28.9
179,0.252633,,0.212300,0.252633,0.106,29.0
180,0.255900,,0.212300,0.255900,0.121,29.1
181,0.259633,,0.212300,0.259633,0.104,29.2
182,0.259683,,0.212300,0.259683,0.104,29.3
183,0.262517,,0.212300,0.262517,0.103,29.4
184,0.264383,,0.212300,0.264383,0.105,29.5
185,0.268033,,0.212300,0.268033,0.104,29.6
186,0.270850,,0.212300,0.270850,0.105,29.7
187,0.271967,,0.212300,0.271967,0.105,29.9
188,0.277183,,0.212300,0.277183,0.103,30.0
189,0.278467,,0.212300,0.278467,0.103,30.1
190,0.280550,,0.212300,0.280550,0.104,30.2
191,0.285300,,0.212300,0.285300,0.104,30.3
192,0.284550,,0.212300,0.285300,0.103,30.4
193,0.292817,,0.212300,0.292817,0.110,30.5
194,0.290350,,0.212300,0.292817,0.105,30.6
195,0.296200,,0.212300,0.296200,0.103,30.7
196,0.300150,,0.212300,0.300150,0.104,30.8
197,0.300483,,0.212300,0.300483,0.108,30.9
198,0.301867,,0.212300,0.301867,0.121,31.0
199,0.307567,,0.212300,0.307567,0.105,31.1
200,0.312933,0.417199969291687,0.417200,0.312933,0.126,31.3
201,0.314900,,0.417200,0.314900,0.101,31.4
202,0.315367,,0.417200,0.315367,0.102,31.5
203,0.320700,,0.417200,0.320700,0.105,31.6
204,0.323317,,0.417200,0.323317,0.104,31.7
205,0.326917,,0.417200,0.326917,0.103,31.8
206,0.330950,,0.417200,0.330950,0.105,31.9
207,0.332567,,0.417200,0.332567,0.104,32.0
208,0.335383,,0.417200,0.335383,0.103,32.1
209,0.338700,,0.417200,0.338700,0.103,32.2
210,0.343383,,0.417200,0.343383,0.103,32.3
211,0.345350,,0.417200,0.345350,0.103,32.4
212,0.352200,,0.417200,0.352200,0.104,32.5
213,0.353900,,0.417200,0.353900,0.102,32.6
214,0.357817,,0.417200,0.357817,0.103,32.7
215,0.361733,,0.417200,0.361733,0.105,32.8
216,0.363683,,0.417200,0.363683,0.104,32.9
217,0.366883,,0.417200,0.366883,0.104,33.0
218,0.366267,,0.417200,0.366883,0.103,33.1
219,0.374850,,0.417200,0.374850,0.104,33.2
220,0.376650,,0.417200,0.376650,0.104,33.3
221,0.376917,,0.417200,0.376917,0.103,33.4
222,0.384183,,0.417200,0.384183,0.104,33.5
223,0.388383,,0.417200,0.388383,0.101,33.6
224,0.387800,,0.417200,0.388383,0.103,33.7
225,0.394217,,0.417200,0.394217,0.102,33.8
226,0.392467,,0.417200,0.394217,0.103,33.9
227,0.398683,,0.417200,0.398683,0.104,34.0
228,0.403467,,0.417200,0.403467,0.103,34.1
229,0.404517,,0.417200,0.404517,0.104,34.2
230,0.407433,,0.417200,0.407433,0.109,34.4
231,0.412917,,0.417200,0.412917,0.104,34.5
232,0.414150,,0.417200,0.414150,0.102,34.6
233,0.417133,,0.417200,0.417133,0.103,34.7
234,0.421667,,0.417200,0.421667,0.104,34.8
235,0.427950,,0.417200,0.427950,0.103,34.9
236,0.429983,,0.417200,0.429983,0.104,35.0
237,0.434917,,0.417200,0.434917,0.103,35.1
238,0.433517,,0.417200,0.434917,0.104,35.2
239,0.440500,,0.417200,0.440500,0.102,35.3
240,0.441700,,0.417200,0.441700,0.105,35.4
241,0.446233,,0.417200,0.446233,0.104,35.5
242,0.448567,,0.417200,0.448567,0.103,35.6
243,0.451467,,0.417200,0.451467,0.103,35.7
244,0.456617,,0.417200,0.456617,0.104,35.8
245,0.461950,,0.417200,0.461950,0.102,35.9
246,0.465517,,0.417200,0.465517,0.102,36.0
247,0.468800,,0.417200,0.468800,0.110,36.1
248,0.472567,,0.417200,0.472567,0.105,36.2
249,0.478450,,0.417200,0.478450,0.102,36.3
250,0.482783,0.6929999589920044,0.693000,0.482783,0.124,36.5
251,0.484867,,0.693000,0.484867,0.098,36.5
252,0.489883,,0.693000,0.489883,0.103,36.7
253,0.495833,,0.693000,0.495833,0.104,36.8
254,0.496150,,0.693000,0.496150,0.102,36.9
255,0.504300,,0.693000,0.504300,0.104,37.0
256,0.506633,,0.693000,0.506633,0.102,37.1
257,0.511350,,0.693000,0.511350,0.110,37.2
258,0.516283,,0.693000,0.516283,0.104,37.3
259,0.519567,,0.693000,0.519567,0.102,37.4
260,0.521617,,0.693000,0.521617,0.103,37.5
261,0.529633,,0.693000,0.529633,0.103,37.6
262,0.531300,,0.693000,0.531300,0.115,37.7
263,0.534733,,0.693000,0.534733,0.104,37.8
264,0.535883,,0.693000,0.535883,0.104,37.9
265,0.543150,,0.693000,0.543150,0.104,38.0
266,0.544800,,0.693000,0.544800,0.103,38.1
267,0.547083,,0.693000,0.547083,0.104,38.2
268,0.552500,,0.693000,0.552500,0.106,38.3
269,0.551500,,0.693000,0.552500,0.104,38.4
270,0.554517,,0.693000,0.554517,0.105,38.5
271,0.559417,,0.693000,0.559417,0.106,38.6
272,0.560350,,0.693000,0.560350,0.114,38.8
273,0.562083,,0.693000,0.562083,0.104,38.9
274,0.563633,,0.693000,0.563633,0.103,39.0
275,0.568033,,0.693000,0.568033,0.107,39.1
276,0.571933,,0.693000,0.571933,0.129,39.2
277,0.570517,,0.693000,0.571933,0.119,39.3
278,0.575167,,0.693000,0.575167,0.104,39.4
279,0.578867,,0.693000,0.578867,0.104,39.5
280,0.577583,,0.693000,0.578867,0.104,39.6
281,0.579867,,0.693000,0.579867,0.104,39.7
282,0.585967,,0.693000,0.585967,0.102,39.8
283,0.581750,,0.693000,0.585967,0.104,39.9
284,0.587833,,0.693000,0.587833,0.107,40.0
285,0.589333,,0.693000,0.589333,0.104,40.1
286,0.589967,,0.693000,0.589967,0.102,40.3
287,0.593400,,0.693000,0.593400,0.104,40.4
288,0.596650,,0.693000,0.596650,0.104,40.5
289,0.595533,,0.693000,0.596650,0.102,40.6
290,0.599200,,0.693000,0.599200,0.105,40.7
291,0.597317,,0.693000,0.599200,0.102,40.8
292,0.602133,,0.693000,0.602133,0.103,40.9
293,0.602150,,0.693000,0.602150,0.103,41.0
294,0.606517,,0.693000,0.606517,0.104,41.1
295,0.605733,,0.693000,0.606517,0.103,41.2
296,0.609867,,0.693000,0.609867,0.103,41.3
297,0.612733,,0.693000,0.612733,0.102,41.4
298,0.613417,,0.693000,0.613417,0.104,41.5
299,0.616533,,0.693000,0.616533,0.102,41.6
300,0.614600,0.7781999111175537,0.778200,0.616533,0.124,41.7
301,0.622500,,0.778200,0.622500,0.102,41.8
302,0.622583,,0.778200,0.622583,0.104,41.9
303,0.620917,,0.778200,0.622583,0.103,42.0
304,0.625767,,0.778200,0.625767,0.113,42.1
305,0.625217,,0.778200,0.625767,0.104,42.2
306,0.627617,,0.778200,0.627617,0.104,42.3
307,0.628883,,0.778200,0.628883,0.104,42.4
308,0.626883,,0.778200,0.628883,0.104,42.6
309,0.630700,,0.778200,0.630700,0.103,42.7
310,0.630317,,0.778200,0.630700,0.104,42.8
311,0.634317,,0.778200,0.634317,0.104,42.9
312,0.635000,,0.778200,0.635000,0.103,43.0
313,0.637950,,0.778200,0.637950,0.103,43.1
314,0.638283,,0.778200,0.638283,0.104,43.2
315,0.642133,,0.778200,0.642133,0.101,43.3
316,0.642533,,0.778200,0.642533,0.104,43.4
317,0.645033,,0.778200,0.645033,0.104,43.5
318,0.643317,,0.778200,0.645033,0.103,43.6
319,0.646350,,0.778200,0.646350,0.102,43.7
320,0.646050,,0.778200,0.646350,0.102,43.8
321,0.648800,,0.778200,0.648800,0.103,43.9
322,0.647933,,0.778200,0.648800,0.104,44.0
323,0.652033,,0.778200,0.652033,0.104,44.1
324,0.652067,,0.778200,0.652067,0.106,44.2
325,0.652517,,0.778200,0.652517,0.105,44.3
326,0.655833,,0.778200,0.655833,0.104,44.4
327,0.653267,,0.778200,0.655833,0.104,44.5
328,0.654383,,0.778200,0.655833,0.104,44.6
329,0.657017,,0.778200,0.657017,0.107,44.7
330,0.655367,,0.778200,0.657017,0.105,44.8
331,0.659900,,0.778200,0.659900,0.104,44.9
332,0.659683,,0.778200,0.659900,0.103,45.0
333,0.661867,,0.778200,0.661867,0.103,45.1
334,0.663350,,0.778200,0.663350,0.104,45.3
335,0.665083,,0.778200,0.665083,0.106,45.4
336,0.661450,,0.778200,0.665083,0.106,45.5
337,0.665050,,0.778200,0.665083,0.104,45.6
338,0.664750,,0.778200,0.665083,0.104,45.7
339,0.669300,,0.778200,0.669300,0.104,45.8
340,0.671400,,0.778200,0.671400,0.104,45.9
341,0.668733,,0.778200,0.671400,0.104,46.0
342,0.673283,,0.778200,0.673283,0.104,46.1
343,0.673283,,0.778200,0.673283,0.105,46.2
344,0.671867,,0.778200,0.673283,0.105,46.3
345,0.676350,,0.778200,0.676350,0.103,46.4
346,0.672300,,0.778200,0.676350,0.105,46.5
347,0.677083,,0.778200,0.677083,0.105,46.6
348,0.678283,,0.778200,0.678283,0.106,46.7
349,0.677900,,0.778200,0.678283,0.104,46.8
350,0.678500,0.8100999593734741,0.810100,0.678500,0.125,46.9
351,0.681433,,0.810100,0.681433,0.102,47.0
352,0.679483,,0.810100,0.681433,0.104,47.2
353,0.681633,,0.810100,0.681633,0.104,47.3
354,0.682583,,0.810100,0.682583,0.103,47.4
355,0.683833,,0.810100,0.683833,0.104,47.5
356,0.684667,,0.810100,0.684667,0.106,47.6
357,0.684517,,0.810100,0.684667,0.104,47.7
358,0.685300,,0.810100,0.685300,0.105,47.8
359,0.686633,,0.810100,0.686633,0.106,47.9
360,0.688733,,0.810100,0.688733,0.104,48.0
361,0.684833,,0.810100,0.688733,0.107,48.1
362,0.689567,,0.810100,0.689567,0.123,48.2
363,0.693200,,0.810100,0.693200,0.103,48.3
364,0.690717,,0.810100,0.693200,0.104,48.4
365,0.689967,,0.810100,0.693200,0.105,48.5
366,0.692200,,0.810100,0.693200,0.107,48.6
367,0.693133,,0.810100,0.693200,0.103,48.7
368,0.693967,,0.810100,0.693967,0.104,48.8
369,0.693283,,0.810100,0.693967,0.104,48.9
370,0.694417,,0.810100,0.694417,0.104,49.1
371,0.698183,,0.810100,0.698183,0.103,49.2
372,0.694400,,0.810100,0.698183,0.103,49.3
373,0.698667,,0.810100,0.698667,0.104,49.4
374,0.699983,,0.810100,0.699983,0.104,49.5
375,0.699917,,0.810100,0.699983,0.109,49.6
376,0.700850,,0.810100,0.700850,0.120,49.7
377,0.698617,,0.810100,0.700850,0.103,49.8
378,0.703200,,0.810100,0.703200,0.105,49.9
379,0.703800,,0.810100,0.703800,0.107,50.0
380,0.703833,,0.810100,0.703833,0.107,50.1
381,0.704133,,0.810100,0.704133,0.121,50.2
382,0.704600,,0.810100,0.704600,0.108,50.3
383,0.704267,,0.810100,0.704600,0.124,50.5
384,0.705700,,0.810100,0.705700,0.121,50.6
385,0.706383,,0.810100,0.706383,0.105,50.7
386,0.706417,,0.810100,0.706417,0.105,50.8
387,0.707850,,0.810100,0.707850,0.105,50.9
388,0.710783,,0.810100,0.710783,0.104,51.0
389,0.709600,,0.810100,0.710783,0.106,51.1
390,0.711000,,0.810100,0.711000,0.103,51.2
391,0.708850,,0.810100,0.711000,0.103,51.3
392,0.713450,,0.810100,0.713450,0.103,51.4
393,0.709767,,0.810100,0.713450,0.105,51.5
394,0.709300,,0.810100,0.713450,0.110,51.6
395,0.710633,,0.810100,0.713450,0.104,51.7
396,0.712850,,0.810100,0.713450,0.102,51.8
397,0.714717,,0.810100,0.714717,0.107,52.0
398,0.711317,,0.810100,0.714717,0.119,52.1
399,0.717050,,0.810100,0.717050,0.107,52.2
400,0.715900,0.8311000466346741,0.831100,0.717050,0.124,52.3
401,0.715917,,0.831100,0.717050,0.098,52.4
402,0.715300,,0.831100,0.717050,0.103,52.5
403,0.718700,,0.831100,0.718700,0.103,52.6
404,0.718500,,0.831100,0.718700,0.102,52.7
405,0.719283,,0.831100,0.719283,0.103,52.8
406,0.720200,,0.831100,0.720200,0.105,52.9
407,0.720817,,0.831100,0.720817,0.104,53.0
408,0.720050,,0.831100,0.720817,0.103,53.1
409,0.720517,,0.831100,0.720817,0.104,53.2
410,0.721867,,0.831100,0.721867,0.103,53.3
411,0.723883,,0.831100,0.723883,0.102,53.4
412,0.722150,,0.831100,0.723883,0.104,53.5
413,0.721700,,0.831100,0.723883,0.102,53.6
414,0.723600,,0.831100,0.723883,0.102,53.7
415,0.726117,,0.831100,0.726117,0.102,53.8
416,0.725300,,0.831100,0.726117,0.104,53.9
417,0.724500,,0.831100,0.726117,0.102,54.1
418,0.728467,,0.831100,0.728467,0.103,54.2
419,0.727517,,0.831100,0.728467,0.104,54.3
420,0.728533,,0.831100,0.728533,0.103,54.4
421,0.731033,,0.831100,0.731033,0.103,54.5
422,0.726283,,0.831100,0.731033,0.103,54.6
423,0.727800,,0.831100,0.731033,0.104,54.7
424,0.730917,,0.831100,0.731033,0.103,54.8
425,0.732467,,0.831100,0.732467,0.106,54.9
426,0.732033,,0.831100,0.732467,0.120,55.0
427,0.730533,,0.831100,0.732467,0.102,55.1
428,0.732717,,0.831100,0.732717,0.104,55.2
429,0.733067,,0.831100,0.733067,0.105,55.3
430,0.733167,,0.831100,0.733167,0.114,55.4
431,0.735783,,0.831100,0.735783,0.120,55.5
432,0.735450,,0.831100,0.735783,0.106,55.7
433,0.737633,,0.831100,0.737633,0.119,55.8
434,0.735367,,0.831100,0.737633,0.104,55.9
435,0.735550,,0.831100,0.737633,0.104,56.0
436,0.737200,,0.831100,0.737633,0.102,56.1
437,0.737467,,0.831100,0.737633,0.103,56.2
438,0.739683,,0.831100,0.739683,0.105,56.3
439,0.741433,,0.831100,0.741433,0.104,56.4
440,0.737017,,0.831100,0.741433,0.103,56.5
441,0.739967,,0.831100,0.741433,0.103,56.6
442,0.743033,,0.831100,0.743033,0.102,56.7
443,0.740383,,0.831100,0.743033,0.104,56.8
444,0.743450,,0.831100,0.743450,0.105,56.9
445,0.743133,,0.831100,0.743450,0.104,57.0
446,0.742133,,0.831100,0.743450,0.102,57.1
447,0.743117,,0.831100,0.743450,0.107,57.2
448,0.743800,,0.831100,0.743800,0.118,57.3
449,0.743700,,0.831100,0.743800,0.106,57.4
450,0.746733,0.8466999530792236,0.846700,0.746733,0.142,57.6
451,0.743833,,0.846700,0.746733,0.100,57.7
452,0.747683,,0.846700,0.747683,0.103,57.8
453,0.746133,,0.846700,0.747683,0.104,57.9
454,0.747550,,0.846700,0.747683,0.103,58.0
455,0.746783,,0.846700,0.747683,0.103,58.1
456,0.747367,,0.846700,0.747683,0.106,58.2
457,0.747900,,0.846700,0.747900,0.103,58.3
458,0.749667,,0.846700,0.749667,0.103,58.4
459,0.747267,,0.846700,0.749667,0.104,58.5
460,0.749533,,0.846700,0.749667,0.104,58.6
461,0.749733,,0.846700,0.749733,0.105,58.7
462,0.751450,,0.846700,0.751450,0.104,58.8
463,0.753733,,0.846700,0.753733,0.103,58.9
464,0.754283,,0.846700,0.754283,0.103,59.0
465,0.751900,,0.846700,0.754283,0.104,59.1
466,0.753633,,0.846700,0.754283,0.103,59.2
467,0.754500,,0.846700,0.754500,0.103,59.3
468,0.755050,,0.846700,0.755050,0.102,59.4
469,0.754850,,0.846700,0.755050,0.104,59.6
470,0.757350,,0.846700,0.757350,0.103,59.7
471,0.755250,,0.846700,0.757350,0.103,59.8
472,0.757667,,0.846700,0.757667,0.104,59.9
473,0.755133,,0.846700,0.757667,0.103,60.0
474,0.759117,,0.846700,0.759117,0.102,60.1
475,0.756733,,0.846700,0.759117,0.102,60.2
476,0.755983,,0.846700,0.759117,0.102,60.3
477,0.756733,,0.846700,0.759117,0.103,60.4
478,0.758900,,0.846700,0.759117,0.103,60.5
479,0.760633,,0.846700,0.760633,0.104,60.6
480,0.757300,,0.846700,0.760633,0.106,60.7
481,0.759167,,0.846700,0.760633,0.103,60.8
482,0.759667,,0.846700,0.760633,0.107,60.9
483,0.760500,,0.846700,0.760633,0.112,61.0
484,0.758683,,0.846700,0.760633,0.105,61.1
485,0.760367,,0.846700,0.760633,0.106,61.2
486,0.760600,,0.846700,0.760633,0.104,61.3
487,0.761633,,0.846700,0.761633,0.104,61.4
488,0.760350,,0.846700,0.761633,0.105,61.5
489,0.760100,,0.846700,0.761633,0.102,61.6
490,0.761450,,0.846700,0.761633,0.106,61.7
491,0.760833,,0.846700,0.761633,0.103,61.8
492,0.765050,,0.846700,0.765050,0.104,61.9
493,0.761317,,0.846700,0.765050,0.103,62.1
494,0.763333,,0.846700,0.765050,0.104,62.2
495,0.761600,,0.846700,0.765050,0.102,62.3
496,0.761700,,0.846700,0.765050,0.105,62.4
497,0.762550,,0.846700,0.765050,0.103,62.5
498,0.764517,,0.846700,0.765050,0.103,62.6
499,0.763750,,0.846700,0.765050,0.103,62.7
500,0.763500,0.8552999496459961,0.855300,0.765050,0.124,62.8
501,0.763250,,0.855300,0.765050,0.101,62.9
502,0.765433,,0.855300,0.765433,0.103,63.0
503,0.764700,,0.855300,0.765433,0.105,63.1
504,0.765533,,0.855300,0.765533,0.103,63.2
505,0.764633,,0.855300,0.765533,0.103,63.3
506,0.766733,,0.855300,0.766733,0.103,63.4
507,0.767467,,0.855300,0.767467,0.108,63.5
508,0.767800,,0.855300,0.767800,0.122,63.6
509,0.768550,,0.855300,0.768550,0.105,63.7
510,0.768050,,0.855300,0.768550,0.107,63.9
511,0.767967,,0.855300,0.768550,0.105,64.0
512,0.770050,,0.855300,0.770050,0.120,64.1
513,0.767800,,0.855300,0.770050,0.104,64.2
514,0.768883,,0.855300,0.770050,0.103,64.3
515,0.770583,,0.855300,0.770583,0.103,64.4
516,0.770567,,0.855300,0.770583,0.103,64.5
517,0.771817,,0.855300,0.771817,0.104,64.6
518,0.769717,,0.855300,0.771817,0.117,64.7
519,0.770333,,0.855300,0.771817,0.104,64.8
520,0.770500,,0.855300,0.771817,0.106,64.9
521,0.770833,,0.855300,0.771817,0.114,65.0
522,0.773117,,0.855300,0.773117,0.102,65.1
523,0.769917,,0.855300,0.773117,0.103,65.2
524,0.771400,,0.855300,0.773117,0.103,65.3
525,0.772617,,0.855300,0.773117,0.101,65.4
526,0.770433,,0.855300,0.773117,0.102,65.5
527,0.770150,,0.855300,0.773117,0.106,65.7
528,0.771667,,0.855300,0.773117,0.118,65.8
529,0.770350,,0.855300,0.773117,0.104,65.9
530,0.770967,,0.855300,0.773117,0.103,66.0
531,0.772900,,0.855300,0.773117,0.104,66.1
532,0.773000,,0.855300,0.773117,0.103,66.2
533,0.774650,,0.855300,0.774650,0.104,66.3
534,0.772900,,0.855300,0.774650,0.102,66.4
535,0.773800,,0.855300,0.774650,0.104,66.5
536,0.774650,,0.855300,0.774650,0.104,66.6
537,0.776117,,0.855300,0.776117,0.104,66.7
538,0.775217,,0.855300,0.776117,0.103,66.8
539,0.775950,,0.855300,0.776117,0.106,66.9
540,0.774683,,0.855300,0.776117,0.119,67.0
541,0.776117,,0.855300,0.776117,0.105,67.1
542,0.775183,,0.855300,0.776117,0.103,67.2
543,0.777933,,0.855300,0.777933,0.103,67.3
544,0.776550,,0.855300,0.777933,0.103,67.4
545,0.778967,,0.855300,0.778967,0.102,67.5
546,0.775917,,0.855300,0.778967,0.105,67.7
547,0.777417,,0.855300,0.778967,0.102,67.8
548,0.776900,,0.855300,0.778967,0.104,67.9
549,0.777283,,0.855300,0.778967,0.102,68.0
550,0.776033,0.8628999590873718,0.862900,0.778967,0.123,68.1
551,0.776200,,0.862900,0.778967,0.110,68.2
552,0.776567,,0.862900,0.778967,0.104,68.3
553,0.779967,,0.862900,0.779967,0.104,68.4
554,0.777433,,0.862900,0.779967,0.104,68.5
555,0.779167,,0.862900,0.779967,0.105,68.6
556,0.778817,,0.862900,0.779967,0.105,68.7
557,0.777183,,0.862900,0.779967,0.105,68.8
558,0.777533,,0.862900,0.779967,0.104,68.9
559,0.776150,,0.862900,0.779967,0.103,69.0
560,0.780617,,0.862900,0.780617,0.105,69.1
561,0.778600,,0.862900,0.780617,0.108,69.2
562,0.780517,,0.862900,0.780617,0.105,69.3
563,0.781850,,0.862900,0.781850,0.105,69.5
564,0.780117,,0.862900,0.781850,0.105,69.6
565,0.780967,,0.862900,0.781850,0.105,69.7
566,0.779767,,0.862900,0.781850,0.102,69.8
567,0.782600,,0.862900,0.782600,0.106,69.9
568,0.781450,,0.862900,0.782600,0.123,70.0
569,0.780367,,0.862900,0.782600,0.104,70.1
570,0.781200,,0.862900,0.782600,0.105,70.2
571,0.784100,,0.862900,0.784100,0.104,70.3
572,0.781600,,0.862900,0.784100,0.104,70.4
573,0.783467,,0.862900,0.784100,0.105,70.5
574,0.784100,,0.862900,0.784100,0.104,70.6
575,0.784883,,0.862900,0.784883,0.105,70.7
576,0.784717,,0.862900,0.784883,0.105,70.8
577,0.785583,,0.862900,0.785583,0.104,70.9
578,0.782100,,0.862900,0.785583,0.108,71.0
579,0.786400,,0.862900,0.786400,0.122,71.2
580,0.786933,,0.862900,0.786933,0.104,71.3
581,0.784150,,0.862900,0.786933,0.106,71.4
582,0.787100,,0.862900,0.787100,0.107,71.5
583,0.789633,,0.862900,0.789633,0.116,71.6
584,0.785900,,0.862900,0.789633,0.103,71.7
585,0.787317,,0.862900,0.789633,0.106,71.8
586,0.786667,,0.862900,0.789633,0.103,71.9
587,0.788767,,0.862900,0.789633,0.104,72.0
588,0.787267,,0.862900,0.789633,0.103,72.1
589,0.786967,,0.862900,0.789633,0.104,72.2
590,0.789467,,0.862900,0.789633,0.105,72.3
591,0.789383,,0.862900,0.789633,0.102,72.4
592,0.787683,,0.862900,0.789633,0.103,72.5
593,0.788867,,0.862900,0.789633,0.102,72.6
594,0.789567,,0.862900,0.789633,0.103,72.7
595,0.787700,,0.862900,0.789633,0.103,72.8
596,0.788467,,0.862900,0.789633,0.103,72.9
597,0.790117,,0.862900,0.790117,0.104,73.0
598,0.790483,,0.862900,0.790483,0.104,73.2
599,0.791717,,0.862900,0.791717,0.103,73.3
600,0.791967,0.8703000545501709,0.870300,0.791967,0.125,73.4
601,0.791000,,0.870300,0.791967,0.102,73.5
602,0.790400,,0.870300,0.791967,0.107,73.6
603,0.792383,,0.870300,0.792383,0.119,73.7
604,0.794350,,0.870300,0.794350,0.104,73.8
605,0.792583,,0.870300,0.794350,0.104,73.9
606,0.792133,,0.870300,0.794350,0.103,74.0
607,0.793133,,0.870300,0.794350,0.104,74.1
608,0.792233,,0.870300,0.794350,0.106,74.2
609,0.793233,,0.870300,0.794350,0.102,74.3
610,0.792450,,0.870300,0.794350,0.103,74.4
611,0.795000,,0.870300,0.795000,0.104,74.5
612,0.791567,,0.870300,0.795000,0.104,74.6
613,0.792683,,0.870300,0.795000,0.107,74.8
614,0.793450,,0.870300,0.795000,0.122,74.9
615,0.795967,,0.870300,0.795967,0.104,75.0
616,0.793767,,0.870300,0.795967,0.105,75.1
617,0.795883,,0.870300,0.795967,0.105,75.2
618,0.793533,,0.870300,0.795967,0.103,75.3
619,0.793383,,0.870300,0.795967,0.104,75.4
620,0.791283,,0.870300,0.795967,0.104,75.5
621,0.795150,,0.870300,0.795967,0.107,75.6
622,0.792917,,0.870300,0.795967,0.106,75.7
623,0.795950,,0.870300,0.795967,0.113,75.8
624,0.793267,,0.870300,0.795967,0.104,75.9
625,0.793950,,0.870300,0.795967,0.103,76.0
626,0.796100,,0.870300,0.796100,0.104,76.1
627,0.793400,,0.870300,0.796100,0.103,76.2
628,0.795767,,0.870300,0.796100,0.105,76.3
629,0.798300,,0.870300,0.798300,0.103,76.4
630,0.795250,,0.870300,0.798300,0.103,76.5
631,0.797617,,0.870300,0.798300,0.105,76.7
632,0.794750,,0.870300,0.798300,0.104,76.8
633,0.796100,,0.870300,0.798300,0.103,76.9
634,0.797533,,0.870300,0.798300,0.105,77.0
635,0.798700,,0.870300,0.798700,0.103,77.1
636,0.796150,,0.870300,0.798700,0.103,77.2
637,0.795733,,0.870300,0.798700,0.103,77.3
638,0.798333,,0.870300,0.798700,0.103,77.4
639,0.798217,,0.870300,0.798700,0.105,77.5
640,0.800083,,0.870300,0.800083,0.102,77.6
641,0.801017,,0.870300,0.801017,0.104,77.7
642,0.800300,,0.870300,0.801017,0.110,77.8
643,0.801567,,0.870300,0.801567,0.105,77.9
644,0.795700,,0.870300,0.801567,0.104,78.0
645,0.799517,,0.870300,0.801567,0.105,78.1
646,0.800533,,0.870300,0.801567,0.103,78.2
647,0.801633,,0.870300,0.801633,0.103,78.3
648,0.800017,,0.870300,0.801633,0.103,78.4
649,0.800300,,0.870300,0.801633,0.116,78.5
650,0.803217,0.8747999668121338,0.874800,0.803217,0.127,78.7
651,0.800867,,0.874800,0.803217,0.099,78.8
652,0.799150,,0.874800,0.803217,0.107,78.9
653,0.801233,,0.874800,0.803217,0.126,79.0
654,0.800733,,0.874800,0.803217,0.107,79.1
655,0.801150,,0.874800,0.803217,0.105,79.2
656,0.804333,,0.874800,0.804333,0.105,79.3
657,0.800317,,0.874800,0.804333,0.104,79.4
658,0.800583,,0.874800,0.804333,0.105,79.5
659,0.802283,,0.874800,0.804333,0.104,79.6
660,0.802900,,0.874800,0.804333,0.105,79.7
661,0.802733,,0.874800,0.804333,0.105,79.8
662,0.803000,,0.874800,0.804333,0.105,79.9
663,0.802300,,0.874800,0.804333,0.106,80.0
664,0.800650,,0.874800,0.804333,0.104,80.1
665,0.803133,,0.874800,0.804333,0.107,80.3
666,0.801333,,0.874800,0.804333,0.107,80.4
667,0.800850,,0.874800,0.804333,0.105,80.5
668,0.800617,,0.874800,0.804333,0.114,80.6
669,0.799783,,0.874800,0.804333,0.105,80.7
670,0.805050,,0.874800,0.805050,0.111,80.8
671,0.801233,,0.874800,0.805050,0.123,80.9
672,0.802017,,0.874800,0.805050,0.103,81.0
673,0.804550,,0.874800,0.805050,0.107,81.1
674,0.800583,,0.874800,0.805050,0.107,81.2
675,0.802433,,0.874800,0.805050,0.106,81.3
676,0.802500,,0.874800,0.805050,0.107,81.5
677,0.803117,,0.874800,0.805050,0.106,81.6
678,0.804417,,0.874800,0.805050,0.105,81.7
679,0.805167,,0.874800,0.805167,0.102,81.8
680,0.803267,,0.874800,0.805167,0.106,81.9
681,0.804900,,0.874800,0.805167,0.111,82.0
682,0.804683,,0.874800,0.805167,0.108,82.1
683,0.804400,,0.874800,0.805167,0.108,82.2
684,0.803883,,0.874800,0.805167,0.107,82.3
685,0.806650,,0.874800,0.806650,0.104,82.4
686,0.804283,,0.874800,0.806650,0.110,82.5
687,0.804600,,0.874800,0.806650,0.110,82.6
688,0.806683,,0.874800,0.806683,0.110,82.7
689,0.807100,,0.874800,0.807100,0.116,82.9
690,0.805800,,0.874800,0.807100,0.123,83.0
691,0.805033,,0.874800,0.807100,0.113,83.1
692,0.808867,,0.874800,0.808867,0.113,83.2
693,0.807567,,0.874800,0.808867,0.112,83.3
694,0.808817,,0.874800,0.808867,0.110,83.4
695,0.806333,,0.874800,0.808867,0.110,83.5
696,0.808700,,0.874800,0.808867,0.105,83.6
697,0.806433,,0.874800,0.808867,0.105,83.7
698,0.806917,,0.874800,0.808867,0.103,83.9
699,0.806400,,0.874800,0.808867,0.104,84.0
700,0.808167,0.8767999410629272,0.876800,0.808867,0.124,84.1
701,0.805233,,0.876800,0.808867,0.104,84.2
702,0.806167,,0.876800,0.808867,0.102,84.3
703,0.805150,,0.876800,0.808867,0.104,84.4
704,0.806250,,0.876800,0.808867,0.112,84.5
705,0.807433,,0.876800,0.808867,0.112,84.6
706,0.808950,,0.876800,0.808950,0.104,84.7
707,0.806817,,0.876800,0.808950,0.102,84.8
708,0.807650,,0.876800,0.808950,0.103,84.9
709,0.808533,,0.876800,0.808950,0.103,85.0
710,0.808333,,0.876800,0.808950,0.104,85.1
711,0.808483,,0.876800,0.808950,0.113,85.2
712,0.805917,,0.876800,0.808950,0.103,85.3
713,0.806817,,0.876800,0.808950,0.103,85.4
714,0.809000,,0.876800,0.809000,0.102,85.6
715,0.810033,,0.876800,0.810033,0.103,85.7
716,0.808383,,0.876800,0.810033,0.107,85.8
717,0.810150,,0.876800,0.810150,0.121,85.9
718,0.810133,,0.876800,0.810150,0.102,86.0
719,0.808900,,0.876800,0.810150,0.106,86.1
720,0.809417,,0.876800,0.810150,0.104,86.2
721,0.810450,,0.876800,0.810450,0.104,86.3
722,0.811817,,0.876800,0.811817,0.108,86.4
723,0.808717,,0.876800,0.811817,0.107,86.5
724,0.809150,,0.876800,0.811817,0.122,86.6
725,0.812700,,0.876800,0.812700,0.106,86.7
726,0.811983,,0.876800,0.812700,0.122,86.9
727,0.812033,,0.876800,0.812700,0.107,87.0
728,0.812150,,0.876800,0.812700,0.121,87.1
729,0.810650,,0.876800,0.812700,0.107,87.2
730,0.812117,,0.876800,0.812700,0.120,87.3
731,0.811133,,0.876800,0.812700,0.104,87.4
732,0.812617,,0.876800,0.812700,0.105,87.5
733,0.813117,,0.876800,0.813117,0.103,87.6
734,0.811850,,0.876800,0.813117,0.107,87.7
735,0.813617,,0.876800,0.813617,0.121,87.9
736,0.812717,,0.876800,0.813617,0.104,88.0
737,0.812717,,0.876800,0.813617,0.104,88.1
738,0.811883,,0.876800,0.813617,0.108,88.2
739,0.813200,,0.876800,0.813617,0.120,88.3
740,0.813300,,0.876800,0.813617,0.105,88.4
741,0.813617,,0.876800,0.813617,0.105,88.5
742,0.815633,,0.876800,0.815633,0.104,88.6
743,0.814867,,0.876800,0.815633,0.104,88.7
744,0.815750,,0.876800,0.815750,0.103,88.8
745,0.814017,,0.876800,0.815750,0.106,88.9
746,0.814483,,0.876800,0.815750,0.106,89.0
747,0.814483,,0.876800,0.815750,0.105,89.1
748,0.814233,,0.876800,0.815750,0.106,89.2
749,0.814600,,0.876800,0.815750,0.103,89.3
750,0.815133,0.880899965763092,0.880900,0.815750,0.129,89.5
751,0.815750,,0.880900,0.815750,0.099,89.6
752,0.815117,,0.880900,0.815750,0.103,89.7
753,0.815883,,0.880900,0.815883,0.103,89.8
754,0.815300,,0.880900,0.815883,0.104,89.9
755,0.817133,,0.880900,0.817133,0.104,90.0
756,0.815700,,0.880900,0.817133,0.107,90.1
757,0.815467,,0.880900,0.817133,0.120,90.2
758,0.817250,,0.880900,0.817250,0.107,90.3
759,0.814833,,0.880900,0.817250,0.119,90.4
760,0.816033,,0.880900,0.817250,0.105,90.5
761,0.818550,,0.880900,0.818550,0.106,90.6
762,0.817900,,0.880900,0.818550,0.102,90.7
763,0.817017,,0.880900,0.818550,0.104,90.9
764,0.817150,,0.880900,0.818550,0.105,91.0
765,0.814700,,0.880900,0.818550,0.103,91.1
766,0.816183,,0.880900,0.818550,0.104,91.2
767,0.817817,,0.880900,0.818550,0.104,91.3
768,0.817233,,0.880900,0.818550,0.104,91.4
769,0.816583,,0.880900,0.818550,0.106,91.5
770,0.814383,,0.880900,0.818550,0.122,91.6
771,0.818183,,0.880900,0.818550,0.105,91.7
772,0.816800,,0.880900,0.818550,0.122,91.8
773,0.819067,,0.880900,0.819067,0.107,91.9
774,0.819817,,0.880900,0.819817,0.121,92.1
775,0.819117,,0.880900,0.819817,0.104,92.2
776,0.817567,,0.880900,0.819817,0.104,92.3
777,0.816600,,0.880900,0.819817,0.103,92.4
778,0.817600,,0.880900,0.819817,0.104,92.5
779,0.818850,,0.880900,0.819817,0.104,92.6
780,0.818700,,0.880900,0.819817,0.105,92.7
781,0.818800,,0.880900,0.819817,0.102,92.8
782,0.818783,,0.880900,0.819817,0.107,92.9
783,0.817250,,0.880900,0.819817,0.121,93.0
784,0.820700,,0.880900,0.820700,0.106,93.1
785,0.819800,,0.880900,0.820700,0.121,93.2
786,0.819067,,0.880900,0.820700,0.105,93.3
787,0.820200,,0.880900,0.820700,0.104,93.4
788,0.820633,,0.880900,0.820700,0.103,93.5
789,0.819400,,0.880900,0.820700,0.108,93.7
790,0.819950,,0.880900,0.820700,0.123,93.8
791,0.818667,,0.880900,0.820700,0.124,93.9
792,0.821850,,0.880900,0.821850,0.121,94.0
793,0.821383,,0.880900,0.821850,0.105,94.1
794,0.818900,,0.880900,0.821850,0.104,94.2
795,0.818233,,0.880900,0.821850,0.105,94.3
796,0.819783,,0.880900,0.821850,0.104,94.4
797,0.819233,,0.880900,0.821850,0.107,94.5
798,0.822467,,0.880900,0.822467,0.121,94.7
799,0.821867,,0.880900,0.822467,0.105,94.8
800,0.818600,0.8826999664306641,0.882700,0.822467,0.126,94.9
801,0.821700,,0.882700,0.822467,0.099,95.0
802,0.820350,,0.882700,0.822467,0.106,95.1
803,0.820367,,0.882700,0.822467,0.120,95.2
804,0.819683,,0.882700,0.822467,0.104,95.3
805,0.819467,,0.882700,0.822467,0.106,95.4
806,0.817683,,0.882700,0.822467,0.103,95.5
807,0.819167,,0.882700,0.822467,0.106,95.6
808,0.820867,,0.882700,0.822467,0.121,95.8
809,0.820833,,0.882700,0.822467,0.108,95.9
810,0.820700,,0.882700,0.822467,0.121,96.0
811,0.823750,,0.882700,0.823750,0.103,96.1
812,0.821100,,0.882700,0.823750,0.104,96.2
813,0.819583,,0.882700,0.823750,0.107,96.3
814,0.820967,,0.882700,0.823750,0.120,96.4
815,0.819500,,0.882700,0.823750,0.108,96.5
816,0.822550,,0.882700,0.823750,0.119,96.7
817,0.821183,,0.882700,0.823750,0.106,96.8
818,0.822733,,0.882700,0.823750,0.105,96.9
819,0.821783,,0.882700,0.823750,0.104,97.0
820,0.820617,,0.882700,0.823750,0.103,97.1
821,0.820183,,0.882700,0.823750,0.105,97.2
822,0.820433,,0.882700,0.823750,0.103,97.3
823,0.822083,,0.882700,0.823750,0.104,97.4
824,0.822100,,0.882700,0.823750,0.107,97.5
825,0.825083,,0.882700,0.825083,0.122,97.6
826,0.824383,,0.882700,0.825083,0.103,97.7
827,0.825367,,0.882700,0.825367,0.105,97.8
828,0.822217,,0.882700,0.825367,0.105,97.9
829,0.822983,,0.882700,0.825367,0.103,98.0
830,0.822467,,0.882700,0.825367,0.103,98.1
831,0.823933,,0.882700,0.825367,0.104,98.2
832,0.821383,,0.882700,0.825367,0.103,98.3
833,0.823200,,0.882700,0.825367,0.105,98.4
834,0.823650,,0.882700,0.825367,0.102,98.6
835,0.822100,,0.882700,0.825367,0.103,98.7
836,0.823033,,0.882700,0.825367,0.104,98.8
837,0.824950,,0.882700,0.825367,0.107,98.9
838,0.825100,,0.882700,0.825367,0.125,99.0
839,0.823917,,0.882700,0.825367,0.121,99.1
840,0.822900,,0.882700,0.825367,0.104,99.2
841,0.823917,,0.882700,0.825367,0.104,99.3
842,0.822150,,0.882700,0.825367,0.108,99.4
843,0.824450,,0.882700,0.825367,0.121,99.5
844,0.822717,,0.882700,0.825367,0.104,99.7
845,0.827200,,0.882700,0.827200,0.104,99.8
846,0.825233,,0.882700,0.827200,0.104,99.9
847,0.823150,,0.882700,0.827200,0.102,100.0
848,0.822683,,0.882700,0.827200,0.104,100.1
849,0.825483,,0.882700,0.827200,0.103,100.2
850,0.822617,0.8841999769210815,0.884200,0.827200,0.129,100.3
851,0.823767,,0.884200,0.827200,0.120,100.4
852,0.824117,,0.884200,0.827200,0.124,100.5
853,0.824000,,0.884200,0.827200,0.120,100.7
854,0.824317,,0.884200,0.827200,0.104,100.8
855,0.823750,,0.884200,0.827200,0.103,100.9
856,0.825283,,0.884200,0.827200,0.108,101.0
857,0.826700,,0.884200,0.827200,0.121,101.1
858,0.826483,,0.884200,0.827200,0.108,101.2
859,0.827117,,0.884200,0.827200,0.120,101.3
860,0.824867,,0.884200,0.827200,0.104,101.4
861,0.826167,,0.884200,0.827200,0.106,101.5
862,0.827383,,0.884200,0.827383,0.107,101.6
863,0.824833,,0.884200,0.827383,0.121,101.8
864,0.827733,,0.884200,0.827733,0.103,101.9
865,0.826033,,0.884200,0.827733,0.104,102.0
866,0.825850,,0.884200,0.827733,0.103,102.1
867,0.826967,,0.884200,0.827733,0.104,102.2
868,0.827433,,0.884200,0.827733,0.106,102.3
869,0.829950,,0.884200,0.829950,0.103,102.4
870,0.827383,,0.884200,0.829950,0.103,102.5
871,0.828567,,0.884200,0.829950,0.107,102.6
872,0.828067,,0.884200,0.829950,0.122,102.7
873,0.827300,,0.884200,0.829950,0.105,102.8
874,0.828950,,0.884200,0.829950,0.104,102.9
875,0.827367,,0.884200,0.829950,0.120,103.0
876,0.828283,,0.884200,0.829950,0.121,103.2
877,0.827350,,0.884200,0.829950,0.106,103.3
878,0.828150,,0.884200,0.829950,0.121,103.4
879,0.830500,,0.884200,0.830500,0.104,103.5
880,0.828550,,0.884200,0.830500,0.106,103.6
881,0.828900,,0.884200,0.830500,0.120,103.7
882,0.830267,,0.884200,0.830500,0.106,103.8
883,0.828600,,0.884200,0.830500,0.120,104.0
884,0.831417,,0.884200,0.831417,0.103,104.1
885,0.829750,,0.884200,0.831417,0.107,104.2
886,0.831500,,0.884200,0.831500,0.123,104.3
887,0.830433,,0.884200,0.831500,0.122,104.4
888,0.829583,,0.884200,0.831500,0.108,104.5
889,0.830150,,0.884200,0.831500,0.121,104.6
890,0.830300,,0.884200,0.831500,0.104,104.7
891,0.831083,,0.884200,0.831500,0.107,104.8
892,0.832250,,0.884200,0.832250,0.122,105.0
893,0.829900,,0.884200,0.832250,0.103,105.1
894,0.829567,,0.884200,0.832250,0.104,105.2
895,0.831767,,0.884200,0.832250,0.103,105.3
896,0.830200,,0.884200,0.832250,0.105,105.4
897,0.831350,,0.884200,0.832250,0.106,105.5
898,0.830533,,0.884200,0.832250,0.115,105.6
899,0.831583,,0.884200,0.832250,0.107,105.7
900,0.831617,0.8876000046730042,0.887600,0.832250,0.146,105.9
901,0.829550,,0.887600,0.832250,0.099,106.0
902,0.832850,,0.887600,0.832850,0.104,106.1
903,0.830367,,0.887600,0.832850,0.106,106.2
904,0.831467,,0.887600,0.832850,0.122,106.3
905,0.829733,,0.887600,0.832850,0.103,106.4
906,0.833050,,0.887600,0.833050,0.105,106.5
907,0.830950,,0.887600,0.833050,0.103,106.6
908,0.831750,,0.887600,0.833050,0.117,106.7
909,0.832933,,0.887600,0.833050,0.120,106.8
910,0.832733,,0.887600,0.833050,0.107,106.9
911,0.830883,,0.887600,0.833050,0.119,107.1
912,0.832733,,0.887600,0.833050,0.104,107.2
913,0.831483,,0.887600,0.833050,0.107,107.3
914,0.834267,,0.887600,0.834267,0.119,107.4
915,0.832333,,0.887600,0.834267,0.107,107.5
916,0.831367,,0.887600,0.834267,0.119,107.6
917,0.832583,,0.887600,0.834267,0.105,107.7
918,0.831933,,0.887600,0.834267,0.107,107.8
919,0.832800,,0.887600,0.834267,0.118,107.9
920,0.833683,,0.887600,0.834267,0.104,108.1
921,0.830750,,0.887600,0.834267,0.104,108.2
922,0.832533,,0.887600,0.834267,0.105,108.3
923,0.830633,,0.887600,0.834267,0.106,108.4
924,0.831683,,0.887600,0.834267,0.124,108.5
925,0.832417,,0.887600,0.834267,0.116,108.6
926,0.833283,,0.887600,0.834267,0.108,108.7
927,0.834383,,0.887600,0.834383,0.119,108.8
928,0.834000,,0.887600,0.834383,0.103,108.9
929,0.833033,,0.887600,0.834383,0.113,109.1
930,0.832683,,0.887600,0.834383,0.120,109.2
931,0.834633,,0.887600,0.834633,0.106,109.3
932,0.832583,,0.887600,0.834633,0.119,109.4
933,0.833333,,0.887600,0.834633,0.103,109.5
934,0.833867,,0.887600,0.834633,0.106,109.6
935,0.834200,,0.887600,0.834633,0.120,109.7
936,0.833433,,0.887600,0.834633,0.104,109.8
937,0.833350,,0.887600,0.834633,0.104,109.9
938,0.833983,,0.887600,0.834633,0.104,110.0
939,0.834083,,0.887600,0.834633,0.106,110.1
940,0.834133,,0.887600,0.834633,0.103,110.2
941,0.831400,,0.887600,0.834633,0.103,110.4
942,0.835633,,0.887600,0.835633,0.105,110.5
943,0.833650,,0.887600,0.835633,0.107,110.6
944,0.832217,,0.887600,0.835633,0.121,110.7
945,0.833500,,0.887600,0.835633,0.107,110.8
946,0.833400,,0.887600,0.835633,0.103,110.9
947,0.835250,,0.887600,0.835633,0.118,111.0
948,0.832467,,0.887600,0.835633,0.106,111.1
949,0.833350,,0.887600,0.835633,0.118,111.2
950,0.833450,0.88919997215271,0.889200,0.835633,0.128,111.4
951,0.834633,,0.889200,0.835633,0.118,111.5
952,0.833033,,0.889200,0.835633,0.103,111.6
953,0.834483,,0.889200,0.835633,0.106,111.7
954,0.834900,,0.889200,0.835633,0.117,111.8
955,0.834550,,0.889200,0.835633,0.107,111.9
956,0.834250,,0.889200,0.835633,0.121,112.0
957,0.834517,,0.889200,0.835633,0.105,112.1
958,0.834783,,0.889200,0.835633,0.119,112.3
959,0.833583,,0.889200,0.835633,0.106,112.4
960,0.834317,,0.889200,0.835633,0.120,112.5
961,0.832650,,0.889200,0.835633,0.107,112.6
962,0.835317,,0.889200,0.835633,0.122,112.7
963,0.833483,,0.889200,0.835633,0.118,112.8
964,0.834217,,0.889200,0.835633,0.106,112.9
965,0.836733,,0.889200,0.836733,0.104,113.0
966,0.835700,,0.889200,0.836733,0.104,113.1
967,0.833250,,0.889200,0.836733,0.103,113.3
968,0.835167,,0.889200,0.836733,0.106,113.4
969,0.832600,,0.889200,0.836733,0.122,113.5
970,0.836283,,0.889200,0.836733,0.107,113.6
971,0.838617,,0.889200,0.838617,0.120,113.7
972,0.834133,,0.889200,0.838617,0.106,113.8
973,0.832833,,0.889200,0.838617,0.122,113.9
974,0.833383,,0.889200,0.838617,0.120,114.1
975,0.837883,,0.889200,0.838617,0.105,114.2
976,0.835417,,0.889200,0.838617,0.104,114.3
977,0.833533,,0.889200,0.838617,0.104,114.4
978,0.835000,,0.889200,0.838617,0.107,114.5
979,0.835033,,0.889200,0.838617,0.119,114.6
980,0.834717,,0.889200,0.838617,0.103,114.7
981,0.836317,,0.889200,0.838617,0.103,114.8
982,0.834850,,0.889200,0.838617,0.103,114.9
983,0.835950,,0.889200,0.838617,0.106,115.0
984,0.835333,,0.889200,0.838617,0.106,115.1
985,0.836033,,0.889200,0.838617,0.106,115.2
986,0.836217,,0.889200,0.838617,0.121,115.3
987,0.834600,,0.889200,0.838617,0.104,115.4
988,0.834867,,0.889200,0.838617,0.104,115.5
989,0.835850,,0.889200,0.838617,0.104,115.7
990,0.835917,,0.889200,0.838617,0.106,115.8
991,0.833733,,0.889200,0.838617,0.103,115.9
992,0.836033,,0.889200,0.838617,0.105,116.0
993,0.835983,,0.889200,0.838617,0.107,116.1
994,0.836967,,0.889200,0.838617,0.122,116.2
995,0.836300,,0.889200,0.838617,0.106,116.3
996,0.836200,,0.889200,0.838617,0.121,116.4
997,0.835683,,0.889200,0.838617,0.106,116.5
998,0.837633,,0.889200,0.838617,0.121,116.6
999,0.837350,,0.889200,0.838617,0.107,116.8
1000,0.836417,0.8887999653816223,0.889200,0.838617,0.141,116.9
1001,0.838233,,0.889200,0.838617,0.104,117.0
1002,0.836150,,0.889200,0.838617,0.120,117.1
1003,0.836633,,0.889200,0.838617,0.105,117.2
1004,0.836417,,0.889200,0.838617,0.109,117.3
1005,0.836283,,0.889200,0.838617,0.121,117.5
1006,0.836433,,0.889200,0.838617,0.105,117.6
1007,0.833333,,0.889200,0.838617,0.108,117.7
1008,0.837150,,0.889200,0.838617,0.121,117.8
1009,0.835767,,0.889200,0.838617,0.105,117.9
1010,0.837417,,0.889200,0.838617,0.104,118.0
1011,0.836050,,0.889200,0.838617,0.102,118.1
1012,0.836983,,0.889200,0.838617,0.108,118.2
1013,0.837100,,0.889200,0.838617,0.126,118.3
1014,0.838867,,0.889200,0.838867,0.122,118.5
1015,0.838367,,0.889200,0.838867,0.107,118.6
1016,0.838517,,0.889200,0.838867,0.123,118.7
1017,0.839483,,0.889200,0.839483,0.122,118.8
1018,0.838600,,0.889200,0.839483,0.103,118.9
1019,0.838550,,0.889200,0.839483,0.106,119.0
1020,0.839067,,0.889200,0.839483,0.108,119.1
1021,0.837117,,0.889200,0.839483,0.121,119.2
1022,0.837533,,0.889200,0.839483,0.107,119.4
1023,0.838600,,0.889200,0.839483,0.112,119.5
1024,0.840467,,0.889200,0.840467,0.122,119.6
1025,0.841100,,0.889200,0.841100,0.104,119.7
1026,0.837650,,0.889200,0.841100,0.105,119.8
1027,0.839000,,0.889200,0.841100,0.120,119.9
1028,0.839850,,0.889200,0.841100,0.106,120.0
1029,0.839317,,0.889200,0.841100,0.120,120.1
1030,0.838350,,0.889200,0.841100,0.103,120.2
1031,0.838817,,0.889200,0.841100,0.105,120.4
1032,0.839383,,0.889200,0.841100,0.108,120.5
1033,0.836100,,0.889200,0.841100,0.123,120.6
1034,0.840350,,0.889200,0.841100,0.123,120.7
1035,0.839983,,0.889200,0.841100,0.120,120.8
1036,0.838567,,0.889200,0.841100,0.107,120.9
1037,0.838033,,0.889200,0.841100,0.123,121.1
1038,0.839033,,0.889200,0.841100,0.122,121.2
1039,0.839150,,0.889200,0.841100,0.123,121.3
1040,0.839600,,0.889200,0.841100,0.121,121.4
1041,0.840167,,0.889200,0.841100,0.124,121.5
1042,0.839867,,0.889200,0.841100,0.123,121.7
1043,0.838917,,0.889200,0.841100,0.120,121.8
1044,0.839967,,0.889200,0.841100,0.104,121.9
1045,0.838367,,0.889200,0.841100,0.114,122.0
1046,0.839117,,0.889200,0.841100,0.106,122.1
1047,0.838900,,0.889200,0.841100,0.107,122.2
1048,0.838417,,0.889200,0.841100,0.120,122.3
1049,0.838700,,0.889200,0.841100,0.108,122.4
1050,0.840750,0.8900999426841736,0.890100,0.841100,0.125,122.6
1051,0.839683,,0.890100,0.841100,0.103,122.7
1052,0.838900,,0.890100,0.841100,0.120,122.8
1053,0.839367,,0.890100,0.841100,0.106,122.9
1054,0.840717,,0.890100,0.841100,0.118,123.0
1055,0.841533,,0.890100,0.841533,0.106,123.1
1056,0.840017,,0.890100,0.841533,0.119,123.2
1057,0.840317,,0.890100,0.841533,0.103,123.3
1058,0.838600,,0.890100,0.841533,0.104,123.4
1059,0.839883,,0.890100,0.841533,0.105,123.6
1060,0.840650,,0.890100,0.841533,0.107,123.7
1061,0.839267,,0.890100,0.841533,0.120,123.8
1062,0.841483,,0.890100,0.841533,0.107,123.9
1063,0.839367,,0.890100,0.841533,0.120,124.0
1064,0.839200,,0.890100,0.841533,0.107,124.1
1065,0.839267,,0.890100,0.841533,0.120,124.2
1066,0.840317,,0.890100,0.841533,0.104,124.3
1067,0.840767,,0.890100,0.841533,0.104,124.4
1068,0.840150,,0.890100,0.841533,0.104,124.5
1069,0.841100,,0.890100,0.841533,0.112,124.7
1070,0.840317,,0.890100,0.841533,0.106,124.8
1071,0.840800,,0.890100,0.841533,0.119,124.9
1072,0.840867,,0.890100,0.841533,0.107,125.0
1073,0.840267,,0.890100,0.841533,0.120,125.1
1074,0.840833,,0.890100,0.841533,0.103,125.2
1075,0.841583,,0.890100,0.841583,0.104,125.3
1076,0.842067,,0.890100,0.842067,0.107,125.4
1077,0.842750,,0.890100,0.842750,0.121,125.5
1078,0.841767,,0.890100,0.842750,0.105,125.7
1079,0.842283,,0.890100,0.842750,0.105,125.8
1080,0.842483,,0.890100,0.842750,0.102,125.9
1081,0.843267,,0.890100,0.843267,0.105,126.0
1082,0.841183,,0.890100,0.843267,0.102,126.1
1083,0.840833,,0.890100,0.843267,0.103,126.2
1084,0.842933,,0.890100,0.843267,0.100,126.3
1085,0.840433,,0.890100,0.843267,0.103,126.4
1086,0.841717,,0.890100,0.843267,0.102,126.5
1087,0.843083,,0.890100,0.843267,0.104,126.6
1088,0.841167,,0.890100,0.843267,0.107,126.7
1089,0.840833,,0.890100,0.843267,0.124,126.8
1090,0.840883,,0.890100,0.843267,0.122,126.9
1091,0.842300,,0.890100,0.843267,0.117,127.0
1092,0.840583,,0.890100,0.843267,0.106,127.2
1093,0.842483,,0.890100,0.843267,0.119,127.3
1094,0.841100,,0.890100,0.843267,0.103,127.4
1095,0.843800,,0.890100,0.843800,0.103,127.5
1096,0.840600,,0.890100,0.843800,0.105,127.6
1097,0.843283,,0.890100,0.843800,0.120,127.7
1098,0.843400,,0.890100,0.843800,0.106,127.8
1099,0.842300,,0.890100,0.843800,0.120,127.9
1100,0.842433,0.8937999606132507,0.893800,0.843800,0.129,128.1
1101,0.841600,,0.893800,0.843800,0.098,128.2
1102,0.844333,,0.893800,0.844333,0.105,128.3
1103,0.843250,,0.893800,0.844333,0.124,128.4
1104,0.844467,,0.893800,0.844467,0.119,128.5
1105,0.844350,,0.893800,0.844467,0.103,128.6
1106,0.845183,,0.893800,0.845183,0.105,128.7
1107,0.842317,,0.893800,0.845183,0.105,128.8
1108,0.844517,,0.893800,0.845183,0.119,128.9
1109,0.844367,,0.893800,0.845183,0.114,129.1
1110,0.844300,,0.893800,0.845183,0.120,129.2
1111,0.842233,,0.893800,0.845183,0.104,129.3
1112,0.841667,,0.893800,0.845183,0.107,129.4
1113,0.841800,,0.893800,0.845183,0.120,129.5
1114,0.843400,,0.893800,0.845183,0.103,129.6
1115,0.843433,,0.893800,0.845183,0.107,129.7
1116,0.842150,,0.893800,0.845183,0.119,129.8
1117,0.843017,,0.893800,0.845183,0.102,129.9
1118,0.843950,,0.893800,0.845183,0.105,130.0
1119,0.843600,,0.893800,0.845183,0.103,130.1
1120,0.842883,,0.893800,0.845183,0.102,130.2
1121,0.844300,,0.893800,0.845183,0.104,130.3
1122,0.842517,,0.893800,0.845183,0.103,130.5
1123,0.843350,,0.893800,0.845183,0.106,130.6
1124,0.843683,,0.893800,0.845183,0.124,130.7
1125,0.843983,,0.893800,0.845183,0.119,130.8
1126,0.844400,,0.893800,0.845183,0.102,130.9
1127,0.842867,,0.893800,0.845183,0.110,131.0
1128,0.844717,,0.893800,0.845183,0.108,131.1
1129,0.843517,,0.893800,0.845183,0.124,131.2
1130,0.845600,,0.893800,0.845600,0.118,131.4
1131,0.845983,,0.893800,0.845983,0.113,131.5
1132,0.843717,,0.893800,0.845983,0.106,131.6
1133,0.844183,,0.893800,0.845983,0.104,131.7
1134,0.843450,,0.893800,0.845983,0.104,131.8
1135,0.844383,,0.893800,0.845983,0.104,131.9
1136,0.846117,,0.893800,0.846117,0.106,132.0
1137,0.846083,,0.893800,0.846117,0.121,132.1
1138,0.844917,,0.893800,0.846117,0.104,132.2
1139,0.846583,,0.893800,0.846583,0.107,132.3
1140,0.844083,,0.893800,0.846583,0.121,132.5
1141,0.844117,,0.893800,0.846583,0.107,132.6
1142,0.843917,,0.893800,0.846583,0.122,132.7
1143,0.844217,,0.893800,0.846583,0.122,132.8
1144,0.845350,,0.893800,0.846583,0.120,132.9
1145,0.846683,,0.893800,0.846683,0.105,133.0
1146,0.844617,,0.893800,0.846683,0.112,133.1
1147,0.843750,,0.893800,0.846683,0.108,133.2
1148,0.842267,,0.893800,0.846683,0.120,133.4
1149,0.842400,,0.893800,0.846683,0.105,133.5
1150,0.845950,0.8981000185012817,0.898100,0.846683,0.129,133.6
1151,0.846200,,0.898100,0.846683,0.102,133.7
1152,0.844100,,0.898100,0.846683,0.103,133.8
1153,0.845733,,0.898100,0.846683,0.106,133.9
1154,0.845850,,0.898100,0.846683,0.103,134.0
1155,0.844483,,0.898100,0.846683,0.106,134.1
1156,0.846117,,0.898100,0.846683,0.123,134.2
1157,0.845817,,0.898100,0.846683,0.121,134.4
1158,0.845467,,0.898100,0.846683,0.103,134.5
1159,0.846100,,0.898100,0.846683,0.107,134.6
1160,0.848967,,0.898100,0.848967,0.121,134.7
1161,0.846567,,0.898100,0.848967,0.122,134.8
1162,0.846583,,0.898100,0.848967,0.119,134.9
1163,0.846883,,0.898100,0.848967,0.108,135.0
1164,0.846350,,0.898100,0.848967,0.123,135.2
1165,0.846250,,0.898100,0.848967,0.118,135.3
1166,0.847800,,0.898100,0.848967,0.105,135.4
1167,0.846100,,0.898100,0.848967,0.105,135.5
1168,0.847133,,0.898100,0.848967,0.103,135.6
1169,0.848133,,0.898100,0.848967,0.106,135.7
1170,0.844850,,0.898100,0.848967,0.120,135.8
1171,0.845583,,0.898100,0.848967,0.103,135.9
1172,0.846117,,0.898100,0.848967,0.108,136.0
1173,0.846167,,0.898100,0.848967,0.120,136.2
1174,0.846533,,0.898100,0.848967,0.107,136.3
1175,0.846133,,0.898100,0.848967,0.119,136.4
1176,0.845967,,0.898100,0.848967,0.105,136.5
1177,0.847317,,0.898100,0.848967,0.106,136.6
1178,0.846317,,0.898100,0.848967,0.121,136.7
1179,0.845967,,0.898100,0.848967,0.107,136.8
1180,0.846133,,0.898100,0.848967,0.119,136.9
1181,0.847117,,0.898100,0.848967,0.107,137.0
1182,0.848117,,0.898100,0.848967,0.121,137.2
1183,0.847067,,0.898100,0.848967,0.119,137.3
1184,0.845833,,0.898100,0.848967,0.105,137.4
1185,0.847150,,0.898100,0.848967,0.107,137.5
1186,0.846517,,0.898100,0.848967,0.119,137.6
1187,0.847783,,0.898100,0.848967,0.103,137.7
1188,0.848950,,0.898100,0.848967,0.104,137.8
1189,0.847333,,0.898100,0.848967,0.107,137.9
1190,0.847933,,0.898100,0.848967,0.118,138.0
1191,0.847117,,0.898100,0.848967,0.103,138.1
1192,0.848717,,0.898100,0.848967,0.105,138.3
1193,0.849800,,0.898100,0.849800,0.120,138.4
1194,0.847083,,0.898100,0.849800,0.107,138.5
1195,0.849283,,0.898100,0.849800,0.122,138.6
1196,0.848300,,0.898100,0.849800,0.106,138.7
1197,0.847917,,0.898100,0.849800,0.120,138.8
1198,0.847433,,0.898100,0.849800,0.112,138.9
1199,0.847350,,0.898100,0.849800,0.109,139.1
1200,0.846750,0.8974000215530396,0.898100,0.849800,0.133,139.2
1201,0.847067,,0.898100,0.849800,0.104,139.3
1202,0.848717,,0.898100,0.849800,0.106,139.4
1203,0.848250,,0.898100,0.849800,0.107,139.5
1204,0.849050,,0.898100,0.849800,0.117,139.6
1205,0.849717,,0.898100,0.849800,0.127,139.7
1206,0.847550,,0.898100,0.849800,0.124,139.9
1207,0.848700,,0.898100,0.849800,0.108,140.0
1208,0.847750,,0.898100,0.849800,0.109,140.1
1209,0.850400,,0.898100,0.850400,0.107,140.2
1210,0.848633,,0.898100,0.850400,0.110,140.3
1211,0.851050,,0.898100,0.851050,0.124,140.4
1212,0.849150,,0.898100,0.851050,0.109,140.5
1213,0.850000,,0.898100,0.851050,0.115,140.6
1214,0.848533,,0.898100,0.851050,0.102,140.8
1215,0.848067,,0.898100,0.851050,0.106,140.9
1216,0.850450,,0.898100,0.851050,0.125,141.0
1217,0.849650,,0.898100,0.851050,0.123,141.1
1218,0.850100,,0.898100,0.851050,0.126,141.2
1219,0.849450,,0.898100,0.851050,0.120,141.4
1220,0.850183,,0.898100,0.851050,0.115,141.5
1221,0.848650,,0.898100,0.851050,0.123,141.6
1222,0.847817,,0.898100,0.851050,0.127,141.7
1223,0.850467,,0.898100,0.851050,0.112,141.8
1224,0.848550,,0.898100,0.851050,0.123,142.0
1225,0.849933,,0.898100,0.851050,0.111,142.1
1226,0.848383,,0.898100,0.851050,0.118,142.2
1227,0.847900,,0.898100,0.851050,0.123,142.3
1228,0.848800,,0.898100,0.851050,0.104,142.4
1229,0.850533,,0.898100,0.851050,0.110,142.5
1230,0.850633,,0.898100,0.851050,0.106,142.6
1231,0.849117,,0.898100,0.851050,0.111,142.7
1232,0.849050,,0.898100,0.851050,0.121,142.9
1233,0.847767,,0.898100,0.851050,0.106,143.0
1234,0.849617,,0.898100,0.851050,0.108,143.1
1235,0.848800,,0.898100,0.851050,0.112,143.2
1236,0.850900,,0.898100,0.851050,0.125,143.3
1237,0.850683,,0.898100,0.851050,0.127,143.4
1238,0.849967,,0.898100,0.851050,0.112,143.5
1239,0.850850,,0.898100,0.851050,0.129,143.7
1240,0.851367,,0.898100,0.851367,0.127,143.8
1241,0.848783,,0.898100,0.851367,0.124,143.9
1242,0.850217,,0.898100,0.851367,0.120,144.0
1243,0.848267,,0.898100,0.851367,0.106,144.2
1244,0.850133,,0.898100,0.851367,0.105,144.3
1245,0.849933,,0.898100,0.851367,0.102,144.4
1246,0.848233,,0.898100,0.851367,0.104,144.5
1247,0.850217,,0.898100,0.851367,0.107,144.6
1248,0.851500,,0.898100,0.851500,0.122,144.7
1249,0.850633,,0.898100,0.851500,0.107,144.8
1250,0.849083,0.9008000493049622,0.900800,0.851500,0.142,144.9
1251,0.851317,,0.900800,0.851500,0.103,145.0
1252,0.849750,,0.900800,0.851500,0.104,145.2
1253,0.850983,,0.900800,0.851500,0.104,145.3
1254,0.849733,,0.900800,0.851500,0.102,145.4
1255,0.852217,,0.900800,0.852217,0.106,145.5
1256,0.849967,,0.900800,0.852217,0.110,145.6
1257,0.851417,,0.900800,0.852217,0.102,145.7
1258,0.851083,,0.900800,0.852217,0.110,145.8
1259,0.851133,,0.900800,0.852217,0.113,145.9
1260,0.851933,,0.900800,0.852217,0.106,146.0
1261,0.849750,,0.900800,0.852217,0.104,146.1
1262,0.851783,,0.900800,0.852217,0.104,146.2
1263,0.853633,,0.900800,0.853633,0.105,146.3
1264,0.850517,,0.900800,0.853633,0.103,146.4
1265,0.850417,,0.900800,0.853633,0.104,146.5
1266,0.850867,,0.900800,0.853633,0.105,146.6
1267,0.852783,,0.900800,0.853633,0.120,146.7
1268,0.851917,,0.900800,0.853633,0.116,146.9
1269,0.851867,,0.900800,0.853633,0.122,147.0
1270,0.852550,,0.900800,0.853633,0.112,147.1
1271,0.852167,,0.900800,0.853633,0.127,147.2
1272,0.852400,,0.900800,0.853633,0.121,147.3
1273,0.851983,,0.900800,0.853633,0.105,147.5
1274,0.854583,,0.900800,0.854583,0.105,147.6
1275,0.853250,,0.900800,0.854583,0.105,147.7
1276,0.851200,,0.900800,0.854583,0.108,147.8
1277,0.851400,,0.900800,0.854583,0.123,147.9
1278,0.851917,,0.900800,0.854583,0.120,148.0
1279,0.852383,,0.900800,0.854583,0.119,148.1
1280,0.854433,,0.900800,0.854583,0.120,148.3
1281,0.853200,,0.900800,0.854583,0.108,148.4
1282,0.854017,,0.900800,0.854583,0.121,148.5
1283,0.852533,,0.900800,0.854583,0.105,148.6
1284,0.851900,,0.900800,0.854583,0.107,148.7
1285,0.850633,,0.900800,0.854583,0.120,148.8
1286,0.853600,,0.900800,0.854583,0.102,148.9
1287,0.853350,,0.900800,0.854583,0.106,149.0
1288,0.853167,,0.900800,0.854583,0.105,149.1
1289,0.854617,,0.900800,0.854617,0.105,149.2
1290,0.852733,,0.900800,0.854617,0.103,149.3
1291,0.851683,,0.900800,0.854617,0.106,149.4
1292,0.852900,,0.900800,0.854617,0.105,149.5
1293,0.852633,,0.900800,0.854617,0.103,149.6
1294,0.851433,,0.900800,0.854617,0.102,149.7
1295,0.852700,,0.900800,0.854617,0.115,149.9
1296,0.852900,,0.900800,0.854617,0.105,150.0
1297,0.851900,,0.900800,0.854617,0.104,150.1
1298,0.852800,,0.900800,0.854617,0.106,150.2
1299,0.855467,,0.900800,0.855467,0.105,150.3
1300,0.855483,0.9009000062942505,0.900900,0.855483,0.130,150.4
1301,0.852750,,0.900900,0.855483,0.105,150.5
1302,0.853017,,0.900900,0.855483,0.122,150.6
1303,0.852717,,0.900900,0.855483,0.104,150.7
1304,0.853183,,0.900900,0.855483,0.107,150.9
1305,0.854083,,0.900900,0.855483,0.106,151.0
1306,0.854183,,0.900900,0.855483,0.109,151.1
1307,0.854133,,0.900900,0.855483,0.108,151.2
1308,0.854167,,0.900900,0.855483,0.107,151.3
1309,0.853617,,0.900900,0.855483,0.105,151.4
1310,0.854100,,0.900900,0.855483,0.105,151.5
1311,0.853633,,0.900900,0.855483,0.103,151.6
1312,0.854500,,0.900900,0.855483,0.103,151.7
1313,0.854617,,0.900900,0.855483,0.106,151.8
1314,0.857767,,0.900900,0.857767,0.105,151.9
1315,0.855917,,0.900900,0.857767,0.106,152.0
1316,0.853900,,0.900900,0.857767,0.105,152.1
1317,0.854200,,0.900900,0.857767,0.106,152.2
1318,0.853850,,0.900900,0.857767,0.105,152.3
1319,0.855300,,0.900900,0.857767,0.105,152.4
1320,0.854750,,0.900900,0.857767,0.104,152.5
1321,0.853817,,0.900900,0.857767,0.105,152.6
1322,0.855933,,0.900900,0.857767,0.106,152.8
1323,0.853250,,0.900900,0.857767,0.106,152.9
1324,0.855017,,0.900900,0.857767,0.104,153.0
1325,0.854350,,0.900900,0.857767,0.106,153.1
1326,0.853483,,0.900900,0.857767,0.103,153.2
1327,0.855017,,0.900900,0.857767,0.104,153.3
1328,0.852833,,0.900900,0.857767,0.108,153.4
1329,0.853467,,0.900900,0.857767,0.120,153.5
1330,0.853500,,0.900900,0.857767,0.107,153.6
1331,0.855117,,0.900900,0.857767,0.108,153.7
1332,0.854117,,0.900900,0.857767,0.105,153.8
1333,0.854750,,0.900900,0.857767,0.107,153.9
1334,0.853933,,0.900900,0.857767,0.105,154.0
1335,0.853517,,0.900900,0.857767,0.104,154.1
1336,0.857800,,0.900900,0.857800,0.110,154.2
1337,0.855567,,0.900900,0.857800,0.122,154.4
1338,0.854067,,0.900900,0.857800,0.108,154.5
1339,0.855533,,0.900900,0.857800,0.105,154.6
1340,0.856150,,0.900900,0.857800,0.105,154.7
1341,0.856467,,0.900900,0.857800,0.105,154.8
1342,0.856183,,0.900900,0.857800,0.105,154.9
1343,0.854567,,0.900900,0.857800,0.108,155.0
1344,0.855717,,0.900900,0.857800,0.105,155.1
1345,0.855417,,0.900900,0.857800,0.105,155.2
1346,0.853633,,0.900900,0.857800,0.105,155.3
1347,0.855217,,0.900900,0.857800,0.107,155.4
1348,0.856417,,0.900900,0.857800,0.123,155.5
1349,0.857050,,0.900900,0.857800,0.107,155.7
1350,0.855033,0.901199996471405,0.901200,0.857800,0.131,155.8
1351,0.856750,,0.901200,0.857800,0.102,155.9
1352,0.856883,,0.901200,0.857800,0.106,156.0
1353,0.855067,,0.901200,0.857800,0.106,156.1
1354,0.856900,,0.901200,0.857800,0.104,156.2
1355,0.855933,,0.901200,0.857800,0.104,156.3
1356,0.858517,,0.901200,0.858517,0.104,156.4
1357,0.856050,,0.901200,0.858517,0.106,156.5
1358,0.856683,,0.901200,0.858517,0.108,156.6
1359,0.855967,,0.901200,0.858517,0.122,156.7
1360,0.857133,,0.901200,0.858517,0.110,156.9
1361,0.854600,,0.901200,0.858517,0.123,157.0
1362,0.854067,,0.901200,0.858517,0.106,157.1
1363,0.856817,,0.901200,0.858517,0.110,157.2
1364,0.857033,,0.901200,0.858517,0.122,157.3
1365,0.858183,,0.901200,0.858517,0.105,157.4
1366,0.855617,,0.901200,0.858517,0.105,157.5
1367,0.856267,,0.901200,0.858517,0.105,157.6
1368,0.856417,,0.901200,0.858517,0.106,157.7
1369,0.855050,,0.901200,0.858517,0.104,157.8
1370,0.856533,,0.901200,0.858517,0.105,157.9
1371,0.856433,,0.901200,0.858517,0.106,158.1
1372,0.855600,,0.901200,0.858517,0.103,158.2
1373,0.854967,,0.901200,0.858517,0.109,158.3
1374,0.855417,,0.901200,0.858517,0.123,158.4
1375,0.858000,,0.901200,0.858517,0.119,158.5
1376,0.855467,,0.901200,0.858517,0.109,158.6
1377,0.855317,,0.901200,0.858517,0.123,158.7
1378,0.857700,,0.901200,0.858517,0.107,158.8
1379,0.856867,,0.901200,0.858517,0.105,159.0
1380,0.856267,,0.901200,0.858517,0.106,159.1
1381,0.858283,,0.901200,0.858517,0.104,159.2
1382,0.857633,,0.901200,0.858517,0.105,159.3
1383,0.857133,,0.901200,0.858517,0.104,159.4
1384,0.855600,,0.901200,0.858517,0.106,159.5
1385,0.856367,,0.901200,0.858517,0.106,159.6
1386,0.855850,,0.901200,0.858517,0.106,159.7
1387,0.857700,,0.901200,0.858517,0.106,159.8
1388,0.856000,,0.901200,0.858517,0.106,159.9
1389,0.856717,,0.901200,0.858517,0.103,160.0
1390,0.857400,,0.901200,0.858517,0.106,160.1
1391,0.856333,,0.901200,0.858517,0.103,160.2
1392,0.856933,,0.901200,0.858517,0.107,160.3
1393,0.858333,,0.901200,0.858517,0.103,160.4
1394,0.857567,,0.901200,0.858517,0.105,160.5
1395,0.858783,,0.901200,0.858783,0.102,160.6
1396,0.858667,,0.901200,0.858783,0.104,160.7
1397,0.857783,,0.901200,0.858783,0.106,160.8
1398,0.858433,,0.901200,0.858783,0.106,160.9
1399,0.857517,,0.901200,0.858783,0.104,161.1
1400,0.857750,0.9019999504089355,0.902000,0.858783,0.130,161.2
1401,0.858417,,0.902000,0.858783,0.101,161.3
1402,0.857483,,0.902000,0.858783,0.103,161.4
1403,0.858533,,0.902000,0.858783,0.104,161.5
1404,0.856667,,0.902000,0.858783,0.103,161.6
1405,0.857367,,0.902000,0.858783,0.104,161.7
1406,0.859467,,0.902000,0.859467,0.105,161.8
1407,0.858983,,0.902000,0.859467,0.107,161.9
1408,0.856950,,0.902000,0.859467,0.106,162.0
1409,0.858883,,0.902000,0.859467,0.105,162.1
1410,0.856117,,0.902000,0.859467,0.104,162.2
1411,0.857783,,0.902000,0.859467,0.105,162.3
1412,0.857783,,0.902000,0.859467,0.105,162.4
1413,0.858333,,0.902000,0.859467,0.106,162.5
1414,0.859267,,0.902000,0.859467,0.104,162.6
1415,0.859833,,0.902000,0.859833,0.105,162.7
1416,0.857283,,0.902000,0.859833,0.108,162.9
1417,0.856850,,0.902000,0.859833,0.120,163.0
1418,0.859300,,0.902000,0.859833,0.107,163.1
1419,0.856750,,0.902000,0.859833,0.107,163.2
1420,0.859150,,0.902000,0.859833,0.105,163.3
1421,0.857300,,0.902000,0.859833,0.105,163.4
1422,0.858683,,0.902000,0.859833,0.105,163.5
1423,0.858000,,0.902000,0.859833,0.105,163.6
1424,0.857483,,0.902000,0.859833,0.103,163.7
1425,0.858200,,0.902000,0.859833,0.104,163.8
1426,0.857050,,0.902000,0.859833,0.103,163.9
1427,0.858167,,0.902000,0.859833,0.105,164.0
1428,0.860100,,0.902000,0.860100,0.105,164.1
1429,0.857217,,0.902000,0.860100,0.105,164.2
1430,0.858233,,0.902000,0.860100,0.108,164.3
1431,0.859450,,0.902000,0.860100,0.126,164.5
1432,0.857667,,0.902000,0.860100,0.121,164.6
1433,0.858783,,0.902000,0.860100,0.107,164.7
1434,0.857883,,0.902000,0.860100,0.106,164.8
1435,0.859617,,0.902000,0.860100,0.106,164.9
1436,0.859667,,0.902000,0.860100,0.106,165.0
1437,0.857700,,0.902000,0.860100,0.106,165.1
1438,0.858300,,0.902000,0.860100,0.107,165.2
1439,0.859933,,0.902000,0.860100,0.105,165.3
1440,0.857117,,0.902000,0.860100,0.105,165.4
1441,0.857850,,0.902000,0.860100,0.105,165.5
1442,0.858983,,0.902000,0.860100,0.105,165.6
1443,0.859500,,0.902000,0.860100,0.109,165.8
1444,0.858317,,0.902000,0.860100,0.122,165.9
1445,0.859633,,0.902000,0.860100,0.105,166.0
1446,0.859317,,0.902000,0.860100,0.109,166.1
1447,0.858017,,0.902000,0.860100,0.121,166.2
1448,0.858233,,0.902000,0.860100,0.107,166.3
1449,0.858150,,0.902000,0.860100,0.108,166.4
1450,0.856100,0.9026999473571777,0.902700,0.860100,0.146,166.6
1451,0.858383,,0.902700,0.860100,0.110,166.7
1452,0.858217,,0.902700,0.860100,0.108,166.8
1453,0.858217,,0.902700,0.860100,0.121,166.9
1454,0.858183,,0.902700,0.860100,0.105,167.0
1455,0.858583,,0.902700,0.860100,0.103,167.1
1456,0.857850,,0.902700,0.860100,0.104,167.2
1457,0.858583,,0.902700,0.860100,0.104,167.3
1458,0.858767,,0.902700,0.860100,0.103,167.4
1459,0.859567,,0.902700,0.860100,0.102,167.5
1460,0.860000,,0.902700,0.860100,0.104,167.6
1461,0.859667,,0.902700,0.860100,0.103,167.7
1462,0.858550,,0.902700,0.860100,0.104,167.8
1463,0.859100,,0.902700,0.860100,0.104,168.0
1464,0.857417,,0.902700,0.860100,0.103,168.1
1465,0.859700,,0.902700,0.860100,0.105,168.2
1466,0.859833,,0.902700,0.860100,0.105,168.3
1467,0.858950,,0.902700,0.860100,0.108,168.4
1468,0.858883,,0.902700,0.860100,0.104,168.5
1469,0.859550,,0.902700,0.860100,0.106,168.6
1470,0.859533,,0.902700,0.860100,0.103,168.7
1471,0.860817,,0.902700,0.860817,0.104,168.8
1472,0.858733,,0.902700,0.860817,0.105,168.9
1473,0.861750,,0.902700,0.861750,0.106,169.0
1474,0.858900,,0.902700,0.861750,0.102,169.1
1475,0.859883,,0.902700,0.861750,0.105,169.2
1476,0.859883,,0.902700,0.861750,0.106,169.3
1477,0.859650,,0.902700,0.861750,0.122,169.4
1478,0.859367,,0.902700,0.861750,0.103,169.5
1479,0.859283,,0.902700,0.861750,0.103,169.6
1480,0.860717,,0.902700,0.861750,0.105,169.7
1481,0.858583,,0.902700,0.861750,0.117,169.9
1482,0.860067,,0.902700,0.861750,0.106,170.0
1483,0.860133,,0.902700,0.861750,0.102,170.1
1484,0.857983,,0.902700,0.861750,0.106,170.2
1485,0.858767,,0.902700,0.861750,0.105,170.3
1486,0.858483,,0.902700,0.861750,0.114,170.4
1487,0.860483,,0.902700,0.861750,0.106,170.5
1488,0.859383,,0.902700,0.861750,0.105,170.6
1489,0.858500,,0.902700,0.861750,0.103,170.7
1490,0.861033,,0.902700,0.861750,0.112,170.8
1491,0.859050,,0.902700,0.861750,0.123,170.9
1492,0.860600,,0.902700,0.861750,0.120,171.1
1493,0.859150,,0.902700,0.861750,0.104,171.2
1494,0.860017,,0.902700,0.861750,0.104,171.3
1495,0.860133,,0.902700,0.861750,0.102,171.4
1496,0.859517,,0.902700,0.861750,0.103,171.5
1497,0.860850,,0.902700,0.861750,0.106,171.6
1498,0.860567,,0.902700,0.861750,0.102,171.7
1499,0.861417,,0.902700,0.861750,0.106,171.8
1500,0.860300,0.9006999731063843,0.902700,0.861750,0.126,171.9
1501,0.860717,,0.902700,0.861750,0.100,172.0
1502,0.861200,,0.902700,0.861750,0.102,172.1
1503,0.858833,,0.902700,0.861750,0.105,172.2
1504,0.861983,,0.902700,0.861983,0.105,172.3
1505,0.859717,,0.902700,0.861983,0.105,172.4
1506,0.860200,,0.902700,0.861983,0.101,172.5
1507,0.860533,,0.902700,0.861983,0.106,172.6
1508,0.861417,,0.902700,0.861983,0.102,172.7
1509,0.862033,,0.902700,0.862033,0.114,172.9
1510,0.859600,,0.902700,0.862033,0.105,173.0
1511,0.860000,,0.902700,0.862033,0.103,173.1
1512,0.860483,,0.902700,0.862033,0.102,173.2
1513,0.859650,,0.902700,0.862033,0.104,173.3
1514,0.861983,,0.902700,0.862033,0.103,173.4
1515,0.860383,,0.902700,0.862033,0.103,173.5
1516,0.860550,,0.902700,0.862033,0.104,173.6
1517,0.860783,,0.902700,0.862033,0.105,173.7
1518,0.859833,,0.902700,0.862033,0.103,173.8
1519,0.859750,,0.902700,0.862033,0.104,173.9
1520,0.860117,,0.902700,0.862033,0.103,174.0
1521,0.860717,,0.902700,0.862033,0.103,174.1
1522,0.861733,,0.902700,0.862033,0.102,174.2
1523,0.860217,,0.902700,0.862033,0.106,174.3
1524,0.860783,,0.902700,0.862033,0.104,174.4
1525,0.858883,,0.902700,0.862033,0.107,174.5
1526,0.861600,,0.902700,0.862033,0.104,174.6
1527,0.860750,,0.902700,0.862033,0.109,174.7
1528,0.861183,,0.902700,0.862033,0.124,174.9
1529,0.859467,,0.902700,0.862033,0.124,175.0
1530,0.860883,,0.902700,0.862033,0.123,175.1
1531,0.859550,,0.902700,0.862033,0.118,175.2
1532,0.859467,,0.902700,0.862033,0.104,175.3
1533,0.859950,,0.902700,0.862033,0.103,175.4
1534,0.860217,,0.902700,0.862033,0.105,175.5
1535,0.861400,,0.902700,0.862033,0.103,175.6
1536,0.860450,,0.902700,0.862033,0.102,175.7
1537,0.860767,,0.902700,0.862033,0.104,175.8
1538,0.861183,,0.902700,0.862033,0.103,175.9
1539,0.860783,,0.902700,0.862033,0.104,176.0
1540,0.861783,,0.902700,0.862033,0.106,176.2
1541,0.859817,,0.902700,0.862033,0.119,176.3
1542,0.860033,,0.902700,0.862033,0.104,176.4
1543,0.861017,,0.902700,0.862033,0.108,176.5
1544,0.861117,,0.902700,0.862033,0.104,176.6
1545,0.861433,,0.902700,0.862033,0.108,176.7
1546,0.862600,,0.902700,0.862600,0.119,176.8
1547,0.861050,,0.902700,0.862600,0.106,176.9
1548,0.862767,,0.902700,0.862767,0.104,177.0
1549,0.862483,,0.902700,0.862767,0.105,177.1
1550,0.859767,0.903499960899353,0.903500,0.862767,0.126,177.3
1551,0.862450,,0.903500,0.862767,0.101,177.4
1552,0.862533,,0.903500,0.862767,0.104,177.5
1553,0.860033,,0.903500,0.862767,0.104,177.6
1554,0.862583,,0.903500,0.862767,0.103,177.7
1555,0.861233,,0.903500,0.862767,0.104,177.8
1556,0.862233,,0.903500,0.862767,0.103,177.9
1557,0.861683,,0.903500,0.862767,0.103,178.0
1558,0.861567,,0.903500,0.862767,0.103,178.1
1559,0.861517,,0.903500,0.862767,0.109,178.2
1560,0.859917,,0.903500,0.862767,0.119,178.3
1561,0.860833,,0.903500,0.862767,0.103,178.4
1562,0.861833,,0.903500,0.862767,0.104,178.5
1563,0.861817,,0.903500,0.862767,0.104,178.6
1564,0.862100,,0.903500,0.862767,0.103,178.7
1565,0.861283,,0.903500,0.862767,0.104,178.8
1566,0.862117,,0.903500,0.862767,0.104,178.9
1567,0.861250,,0.903500,0.862767,0.104,179.0
1568,0.861433,,0.903500,0.862767,0.104,179.1
1569,0.861667,,0.903500,0.862767,0.120,179.3
1570,0.862633,,0.903500,0.862767,0.103,179.4
1571,0.860167,,0.903500,0.862767,0.105,179.5
1572,0.861150,,0.903500,0.862767,0.104,179.6
1573,0.860833,,0.903500,0.862767,0.105,179.7
1574,0.861017,,0.903500,0.862767,0.103,179.8
1575,0.862767,,0.903500,0.862767,0.103,179.9
1576,0.863900,,0.903500,0.863900,0.102,180.0
1577,0.861817,,0.903500,0.863900,0.106,180.1
1578,0.860917,,0.903500,0.863900,0.104,180.2
1579,0.862900,,0.903500,0.863900,0.103,180.3
1580,0.862950,,0.903500,0.863900,0.101,180.4
1581,0.862783,,0.903500,0.863900,0.104,180.5
1582,0.862050,,0.903500,0.863900,0.103,180.6
1583,0.860867,,0.903500,0.863900,0.103,180.7
1584,0.863717,,0.903500,0.863900,0.103,180.8
1585,0.863167,,0.903500,0.863900,0.105,180.9
1586,0.861283,,0.903500,0.863900,0.104,181.0
1587,0.861867,,0.903500,0.863900,0.104,181.1
1588,0.863517,,0.903500,0.863900,0.103,181.2
1589,0.863300,,0.903500,0.863900,0.104,181.3
1590,0.862483,,0.903500,0.863900,0.106,181.4
1591,0.861767,,0.903500,0.863900,0.120,181.6
1592,0.864933,,0.903500,0.864933,0.103,181.7
1593,0.863500,,0.903500,0.864933,0.104,181.8
1594,0.862367,,0.903500,0.864933,0.104,181.9
1595,0.862367,,0.903500,0.864933,0.105,182.0
1596,0.861950,,0.903500,0.864933,0.101,182.1
1597,0.865200,,0.903500,0.865200,0.104,182.2
1598,0.862383,,0.903500,0.865200,0.104,182.3
1599,0.861817,,0.903500,0.865200,0.103,182.4
1600,0.864733,0.9025000333786011,0.903500,0.865200,0.125,182.5
1601,0.862983,,0.903500,0.865200,0.102,182.6
1602,0.863767,,0.903500,0.865200,0.103,182.7
1603,0.861400,,0.903500,0.865200,0.103,182.8
1604,0.862283,,0.903500,0.865200,0.102,182.9
1605,0.863850,,0.903500,0.865200,0.105,183.0
1606,0.864300,,0.903500,0.865200,0.104,183.1
1607,0.863983,,0.903500,0.865200,0.105,183.2
1608,0.862233,,0.903500,0.865200,0.104,183.3
1609,0.863133,,0.903500,0.865200,0.103,183.4
1610,0.862450,,0.903500,0.865200,0.105,183.5
1611,0.863150,,0.903500,0.865200,0.103,183.7
1612,0.861217,,0.903500,0.865200,0.102,183.8
1613,0.863617,,0.903500,0.865200,0.103,183.9
1614,0.864383,,0.903500,0.865200,0.102,184.0
1615,0.863333,,0.903500,0.865200,0.106,184.1
1616,0.863533,,0.903500,0.865200,0.102,184.2
1617,0.862450,,0.903500,0.865200,0.105,184.3
1618,0.863900,,0.903500,0.865200,0.106,184.4
1619,0.864033,,0.903500,0.865200,0.104,184.5
1620,0.861783,,0.903500,0.865200,0.103,184.6
1621,0.864167,,0.903500,0.865200,0.107,184.7
1622,0.863383,,0.903500,0.865200,0.121,184.8
1623,0.863567,,0.903500,0.865200,0.104,184.9
1624,0.865150,,0.903500,0.865200,0.108,185.0
1625,0.862633,,0.903500,0.865200,0.109,185.1
1626,0.862433,,0.903500,0.865200,0.105,185.2
1627,0.863400,,0.903500,0.865200,0.106,185.3
1628,0.862067,,0.903500,0.865200,0.123,185.5
1629,0.863850,,0.903500,0.865200,0.105,185.6
1630,0.864650,,0.903500,0.865200,0.103,185.7
1631,0.862950,,0.903500,0.865200,0.106,185.8
1632,0.862817,,0.903500,0.865200,0.106,185.9
1633,0.861033,,0.903500,0.865200,0.104,186.0
1634,0.863133,,0.903500,0.865200,0.104,186.1
1635,0.863050,,0.903500,0.865200,0.106,186.2
1636,0.864000,,0.903500,0.865200,0.103,186.3
1637,0.865050,,0.903500,0.865200,0.105,186.4
1638,0.862583,,0.903500,0.865200,0.106,186.5
1639,0.864450,,0.903500,0.865200,0.104,186.6
1640,0.863433,,0.903500,0.865200,0.115,186.7
1641,0.863817,,0.903500,0.865200,0.106,186.8
1642,0.864133,,0.903500,0.865200,0.101,186.9
1643,0.863133,,0.903500,0.865200,0.106,187.0
1644,0.862467,,0.903500,0.865200,0.103,187.1
1645,0.865783,,0.903500,0.865783,0.104,187.3
1646,0.865283,,0.903500,0.865783,0.102,187.4
1647,0.863650,,0.903500,0.865783,0.103,187.5
1648,0.863450,,0.903500,0.865783,0.105,187.6
1649,0.863950,,0.903500,0.865783,0.101,187.7
1650,0.862483,0.9031999707221985,0.903500,0.865783,0.133,187.8
1651,0.865200,,0.903500,0.865783,0.102,187.9
1652,0.864283,,0.903500,0.865783,0.106,188.0
1653,0.862000,,0.903500,0.865783,0.120,188.1
1654,0.865050,,0.903500,0.865783,0.103,188.2
1655,0.864067,,0.903500,0.865783,0.103,188.3
1656,0.862833,,0.903500,0.865783,0.105,188.4
1657,0.864550,,0.903500,0.865783,0.104,188.5
1658,0.864100,,0.903500,0.865783,0.104,188.6
1659,0.864000,,0.903500,0.865783,0.103,188.7
1660,0.863100,,0.903500,0.865783,0.106,188.9
1661,0.864300,,0.903500,0.865783,0.105,189.0
1662,0.864033,,0.903500,0.865783,0.107,189.1
1663,0.866000,,0.903500,0.866000,0.118,189.2
1664,0.864800,,0.903500,0.866000,0.106,189.3
1665,0.863050,,0.903500,0.866000,0.103,189.4
1666,0.863800,,0.903500,0.866000,0.104,189.5
1667,0.866050,,0.903500,0.866050,0.103,189.6
1668,0.865050,,0.903500,0.866050,0.103,189.7
1669,0.862983,,0.903500,0.866050,0.107,189.8
1670,0.866167,,0.903500,0.866167,0.103,189.9
1671,0.863667,,0.903500,0.866167,0.106,190.0
1672,0.864633,,0.903500,0.866167,0.120,190.1
1673,0.865367,,0.903500,0.866167,0.104,190.2
1674,0.864783,,0.903500,0.866167,0.105,190.3
1675,0.865567,,0.903500,0.866167,0.105,190.5
1676,0.864067,,0.903500,0.866167,0.104,190.6
1677,0.864233,,0.903500,0.866167,0.103,190.7
1678,0.865650,,0.903500,0.866167,0.104,190.8
1679,0.865117,,0.903500,0.866167,0.103,190.9
1680,0.864733,,0.903500,0.866167,0.102,191.0
1681,0.863167,,0.903500,0.866167,0.102,191.1
1682,0.865217,,0.903500,0.866167,0.102,191.2
1683,0.864783,,0.903500,0.866167,0.104,191.3
1684,0.863883,,0.903500,0.866167,0.102,191.4
1685,0.864383,,0.903500,0.866167,0.116,191.5
1686,0.865383,,0.903500,0.866167,0.104,191.6
1687,0.863883,,0.903500,0.866167,0.104,191.7
1688,0.864333,,0.903500,0.866167,0.108,191.8
1689,0.865800,,0.903500,0.866167,0.103,191.9
1690,0.866183,,0.903500,0.866183,0.104,192.0
1691,0.866150,,0.903500,0.866183,0.103,192.1
1692,0.864683,,0.903500,0.866183,0.104,192.2
1693,0.864217,,0.903500,0.866183,0.101,192.3
1694,0.866133,,0.903500,0.866183,0.103,192.4
1695,0.864267,,0.903500,0.866183,0.104,192.5
1696,0.866517,,0.903500,0.866517,0.105,192.6
1697,0.864950,,0.903500,0.866517,0.102,192.7
1698,0.865200,,0.903500,0.866517,0.105,192.8
1699,0.865150,,0.903500,0.866517,0.102,192.9
1700,0.864083,0.9023999571800232,0.903500,0.866517,0.129,193.1
1701,0.864100,,0.903500,0.866517,0.100,193.2
1702,0.865450,,0.903500,0.866517,0.107,193.3
1703,0.863967,,0.903500,0.866517,0.120,193.4
1704,0.865683,,0.903500,0.866517,0.105,193.5
1705,0.863867,,0.903500,0.866517,0.103,193.6
1706,0.864983,,0.903500,0.866517,0.112,193.7
1707,0.866150,,0.903500,0.866517,0.107,193.8
1708,0.864567,,0.903500,0.866517,0.121,193.9
1709,0.866133,,0.903500,0.866517,0.103,194.1
1710,0.866100,,0.903500,0.866517,0.105,194.2
1711,0.864950,,0.903500,0.866517,0.105,194.3
1712,0.865683,,0.903500,0.866517,0.103,194.4
1713,0.866733,,0.903500,0.866733,0.103,194.5
1714,0.864633,,0.903500,0.866733,0.105,194.6
1715,0.864900,,0.903500,0.866733,0.104,194.7
1716,0.864433,,0.903500,0.866733,0.106,194.8
1717,0.864383,,0.903500,0.866733,0.105,194.9
1718,0.865583,,0.903500,0.866733,0.108,195.0
1719,0.865950,,0.903500,0.866733,0.122,195.1
1720,0.865650,,0.903500,0.866733,0.103,195.2
1721,0.865033,,0.903500,0.866733,0.104,195.3
1722,0.863617,,0.903500,0.866733,0.103,195.4
1723,0.865600,,0.903500,0.866733,0.103,195.5
1724,0.865350,,0.903500,0.866733,0.103,195.6
1725,0.866817,,0.903500,0.866817,0.103,195.7
1726,0.865950,,0.903500,0.866817,0.104,195.8
1727,0.866333,,0.903500,0.866817,0.103,195.9
1728,0.867233,,0.903500,0.867233,0.105,196.0
1729,0.865917,,0.903500,0.867233,0.104,196.2
1730,0.865767,,0.903500,0.867233,0.104,196.3
1731,0.865433,,0.903500,0.867233,0.103,196.4
1732,0.867033,,0.903500,0.867233,0.103,196.5
1733,0.865450,,0.903500,0.867233,0.104,196.6
1734,0.865533,,0.903500,0.867233,0.105,196.7
1735,0.867200,,0.903500,0.867233,0.104,196.8
1736,0.864483,,0.903500,0.867233,0.103,196.9
1737,0.866250,,0.903500,0.867233,0.105,197.0
1738,0.865000,,0.903500,0.867233,0.105,197.1
1739,0.867033,,0.903500,0.867233,0.103,197.2
1740,0.864583,,0.903500,0.867233,0.103,197.3
1741,0.866733,,0.903500,0.867233,0.103,197.4
1742,0.865167,,0.903500,0.867233,0.103,197.5
1743,0.866067,,0.903500,0.867233,0.104,197.6
1744,0.867800,,0.903500,0.867800,0.102,197.7
1745,0.865867,,0.903500,0.867800,0.104,197.8
1746,0.866750,,0.903500,0.867800,0.103,197.9
1747,0.867217,,0.903500,0.867800,0.104,198.0
1748,0.867833,,0.903500,0.867833,0.103,198.1
1749,0.867283,,0.903500,0.867833,0.107,198.2
1750,0.868217,0.9054999947547913,0.905500,0.868217,0.126,198.4
1751,0.865983,,0.905500,0.868217,0.102,198.5
1752,0.865600,,0.905500,0.868217,0.105,198.6
1753,0.868483,,0.905500,0.868483,0.106,198.7
1754,0.868150,,0.905500,0.868483,0.102,198.8
1755,0.866167,,0.905500,0.868483,0.103,198.9
1756,0.866583,,0.905500,0.868483,0.103,199.0
1757,0.867333,,0.905500,0.868483,0.106,199.1
1758,0.868050,,0.905500,0.868483,0.121,199.2
1759,0.867317,,0.905500,0.868483,0.124,199.3
1760,0.869583,,0.905500,0.869583,0.114,199.4
1761,0.867800,,0.905500,0.869583,0.120,199.6
1762,0.867517,,0.905500,0.869583,0.104,199.7
1763,0.868183,,0.905500,0.869583,0.104,199.8
1764,0.868017,,0.905500,0.869583,0.104,199.9
1765,0.866367,,0.905500,0.869583,0.103,200.0
1766,0.867467,,0.905500,0.869583,0.103,200.1
1767,0.868167,,0.905500,0.869583,0.103,200.2
1768,0.868617,,0.905500,0.869583,0.106,200.3
1769,0.867283,,0.905500,0.869583,0.123,200.4
1770,0.867317,,0.905500,0.869583,0.107,200.5
1771,0.866517,,0.905500,0.869583,0.120,200.6
1772,0.865817,,0.905500,0.869583,0.102,200.7
1773,0.867067,,0.905500,0.869583,0.107,200.8
1774,0.866267,,0.905500,0.869583,0.119,201.0
1775,0.866183,,0.905500,0.869583,0.104,201.1
1776,0.867417,,0.905500,0.869583,0.103,201.2
1777,0.867967,,0.905500,0.869583,0.107,201.3
1778,0.867483,,0.905500,0.869583,0.124,201.4
1779,0.868850,,0.905500,0.869583,0.121,201.5
1780,0.866567,,0.905500,0.869583,0.106,201.6
1781,0.868167,,0.905500,0.869583,0.118,201.7
1782,0.866633,,0.905500,0.869583,0.108,201.9
1783,0.867033,,0.905500,0.869583,0.120,202.0
1784,0.867950,,0.905500,0.869583,0.103,202.1
1785,0.867450,,0.905500,0.869583,0.102,202.2
1786,0.868333,,0.905500,0.869583,0.105,202.3
1787,0.866000,,0.905500,0.869583,0.103,202.4
1788,0.867667,,0.905500,0.869583,0.103,202.5
1789,0.866150,,0.905500,0.869583,0.105,202.6
1790,0.867133,,0.905500,0.869583,0.104,202.7
1791,0.867000,,0.905500,0.869583,0.104,202.8
1792,0.868183,,0.905500,0.869583,0.104,202.9
1793,0.866383,,0.905500,0.869583,0.104,203.0
1794,0.867283,,0.905500,0.869583,0.104,203.1
1795,0.866800,,0.905500,0.869583,0.103,203.2
1796,0.868400,,0.905500,0.869583,0.104,203.3
1797,0.868333,,0.905500,0.869583,0.102,203.4
1798,0.866967,,0.905500,0.869583,0.104,203.5
1799,0.867633,,0.905500,0.869583,0.102,203.6
1800,0.868533,0.9054000377655029,0.905500,0.869583,0.127,203.8
1801,0.867617,,0.905500,0.869583,0.100,203.9
1802,0.867850,,0.905500,0.869583,0.105,204.0
1803,0.866317,,0.905500,0.869583,0.103,204.1
1804,0.868750,,0.905500,0.869583,0.103,204.2
1805,0.867283,,0.905500,0.869583,0.102,204.3
1806,0.866567,,0.905500,0.869583,0.104,204.4
1807,0.868517,,0.905500,0.869583,0.102,204.5
1808,0.867467,,0.905500,0.869583,0.107,204.6
1809,0.869033,,0.905500,0.869583,0.102,204.7
1810,0.869917,,0.905500,0.869917,0.104,204.8
1811,0.868100,,0.905500,0.869917,0.101,204.9
1812,0.868800,,0.905500,0.869917,0.105,205.0
1813,0.868150,,0.905500,0.869917,0.101,205.1
1814,0.868800,,0.905500,0.869917,0.107,205.2
1815,0.866800,,0.905500,0.869917,0.123,205.3
1816,0.869783,,0.905500,0.869917,0.119,205.4
1817,0.868533,,0.905500,0.869917,0.101,205.5
1818,0.868933,,0.905500,0.869917,0.106,205.6
1819,0.870183,,0.905500,0.870183,0.104,205.8
1820,0.869767,,0.905500,0.870183,0.104,205.9
1821,0.868417,,0.905500,0.870183,0.104,206.0
1822,0.868783,,0.905500,0.870183,0.103,206.1
1823,0.869400,,0.905500,0.870183,0.103,206.2
1824,0.868417,,0.905500,0.870183,0.105,206.3
1825,0.868250,,0.905500,0.870183,0.102,206.4
1826,0.869350,,0.905500,0.870183,0.107,206.5
1827,0.867867,,0.905500,0.870183,0.120,206.6
1828,0.868067,,0.905500,0.870183,0.108,206.7
1829,0.867833,,0.905500,0.870183,0.121,206.8
1830,0.867683,,0.905500,0.870183,0.109,206.9
1831,0.867867,,0.905500,0.870183,0.120,207.1
1832,0.869150,,0.905500,0.870183,0.105,207.2
1833,0.867217,,0.905500,0.870183,0.120,207.3
1834,0.870000,,0.905500,0.870183,0.103,207.4
1835,0.868483,,0.905500,0.870183,0.103,207.5
1836,0.868517,,0.905500,0.870183,0.105,207.6
1837,0.867650,,0.905500,0.870183,0.106,207.7
1838,0.869450,,0.905500,0.870183,0.107,207.8
1839,0.870200,,0.905500,0.870200,0.121,207.9
1840,0.866867,,0.905500,0.870200,0.108,208.0
1841,0.867450,,0.905500,0.870200,0.110,208.1
1842,0.869450,,0.905500,0.870200,0.105,208.3
1843,0.868267,,0.905500,0.870200,0.105,208.4
1844,0.869150,,0.905500,0.870200,0.104,208.5
1845,0.870050,,0.905500,0.870200,0.103,208.6
1846,0.866967,,0.905500,0.870200,0.105,208.7
1847,0.867967,,0.905500,0.870200,0.123,208.8
1848,0.867717,,0.905500,0.870200,0.126,208.9
1849,0.868417,,0.905500,0.870200,0.122,209.0
1850,0.868467,0.906000018119812,0.906000,0.870200,0.129,209.2
1851,0.868367,,0.906000,0.870200,0.102,209.3
1852,0.868933,,0.906000,0.870200,0.109,209.4
1853,0.868733,,0.906000,0.870200,0.120,209.5
1854,0.869633,,0.906000,0.870200,0.105,209.6
1855,0.867900,,0.906000,0.870200,0.105,209.7
1856,0.868100,,0.906000,0.870200,0.102,209.8
1857,0.868917,,0.906000,0.870200,0.107,209.9
1858,0.869533,,0.906000,0.870200,0.108,210.0
1859,0.867600,,0.906000,0.870200,0.101,210.1
1860,0.867733,,0.906000,0.870200,0.103,210.2
1861,0.870583,,0.906000,0.870583,0.105,210.3
1862,0.868383,,0.906000,0.870583,0.106,210.4
1863,0.868783,,0.906000,0.870583,0.108,210.6
1864,0.868650,,0.906000,0.870583,0.120,210.7
1865,0.870667,,0.906000,0.870667,0.108,210.8
1866,0.868200,,0.906000,0.870667,0.121,210.9
1867,0.869217,,0.906000,0.870667,0.106,211.0
1868,0.868850,,0.906000,0.870667,0.107,211.1
1869,0.867833,,0.906000,0.870667,0.105,211.2
1870,0.869850,,0.906000,0.870667,0.104,211.3
1871,0.867633,,0.906000,0.870667,0.105,211.4
1872,0.868883,,0.906000,0.870667,0.106,211.5
1873,0.869433,,0.906000,0.870667,0.107,211.6
1874,0.869183,,0.906000,0.870667,0.114,211.8
1875,0.869733,,0.906000,0.870667,0.109,211.9
1876,0.868167,,0.906000,0.870667,0.106,212.0
1877,0.868817,,0.906000,0.870667,0.109,212.1
1878,0.870983,,0.906000,0.870983,0.118,212.2
1879,0.869133,,0.906000,0.870983,0.114,212.3
1880,0.868583,,0.906000,0.870983,0.113,212.4
1881,0.869367,,0.906000,0.870983,0.110,212.5
1882,0.867200,,0.906000,0.870983,0.103,212.6
1883,0.867967,,0.906000,0.870983,0.113,212.8
1884,0.868983,,0.906000,0.870983,0.121,212.9
1885,0.870300,,0.906000,0.870983,0.104,213.0
1886,0.867783,,0.906000,0.870983,0.105,213.1
1887,0.869417,,0.906000,0.870983,0.104,213.2
1888,0.869033,,0.906000,0.870983,0.113,213.3
1889,0.869967,,0.906000,0.870983,0.110,213.4
1890,0.869917,,0.906000,0.870983,0.104,213.5
1891,0.868417,,0.906000,0.870983,0.102,213.6
1892,0.870833,,0.906000,0.870983,0.106,213.7
1893,0.868150,,0.906000,0.870983,0.119,213.8
1894,0.870167,,0.906000,0.870983,0.104,213.9
1895,0.871517,,0.906000,0.871517,0.102,214.0
1896,0.868450,,0.906000,0.871517,0.104,214.1
1897,0.869900,,0.906000,0.871517,0.104,214.3
1898,0.869883,,0.906000,0.871517,0.103,214.4
1899,0.869983,,0.906000,0.871517,0.104,214.5
1900,0.869583,0.9050999879837036,0.906000,0.871517,0.126,214.6
1901,0.869500,,0.906000,0.871517,0.102,214.7
1902,0.871717,,0.906000,0.871717,0.103,214.8
1903,0.869433,,0.906000,0.871717,0.105,214.9
1904,0.869833,,0.906000,0.871717,0.105,215.0
1905,0.868433,,0.906000,0.871717,0.102,215.1
1906,0.868867,,0.906000,0.871717,0.105,215.2
1907,0.870683,,0.906000,0.871717,0.122,215.3
1908,0.871317,,0.906000,0.871717,0.104,215.4
1909,0.869767,,0.906000,0.871717,0.103,215.5
1910,0.868900,,0.906000,0.871717,0.105,215.6
1911,0.870450,,0.906000,0.871717,0.103,215.7
1912,0.871633,,0.906000,0.871717,0.103,215.8
1913,0.868583,,0.906000,0.871717,0.102,216.0
1914,0.869600,,0.906000,0.871717,0.104,216.1
1915,0.869217,,0.906000,0.871717,0.104,216.2
1916,0.870550,,0.906000,0.871717,0.103,216.3
1917,0.868683,,0.906000,0.871717,0.104,216.4
1918,0.869067,,0.906000,0.871717,0.113,216.5
1919,0.868933,,0.906000,0.871717,0.103,216.6
1920,0.870567,,0.906000,0.871717,0.114,216.7
1921,0.867867,,0.906000,0.871717,0.104,216.8
1922,0.870983,,0.906000,0.871717,0.102,216.9
1923,0.870733,,0.906000,0.871717,0.103,217.0
1924,0.871267,,0.906000,0.871717,0.103,217.1
1925,0.870467,,0.906000,0.871717,0.103,217.2
1926,0.870883,,0.906000,0.871717,0.102,217.3
1927,0.869950,,0.906000,0.871717,0.105,217.4
1928,0.871600,,0.906000,0.871717,0.104,217.5
1929,0.871583,,0.906000,0.871717,0.103,217.6
1930,0.871400,,0.906000,0.871717,0.105,217.7
1931,0.870933,,0.906000,0.871717,0.102,217.8
1932,0.871167,,0.906000,0.871717,0.103,217.9
1933,0.869800,,0.906000,0.871717,0.102,218.0
1934,0.871167,,0.906000,0.871717,0.101,218.1
1935,0.869767,,0.906000,0.871717,0.103,218.2
1936,0.869500,,0.906000,0.871717,0.115,218.4
1937,0.869983,,0.906000,0.871717,0.121,218.5
1938,0.871633,,0.906000,0.871717,0.104,218.6
1939,0.869867,,0.906000,0.871717,0.104,218.7
1940,0.871800,,0.906000,0.871800,0.104,218.8
1941,0.870850,,0.906000,0.871800,0.104,218.9
1942,0.871783,,0.906000,0.871800,0.104,219.0
1943,0.870167,,0.906000,0.871800,0.103,219.1
1944,0.868767,,0.906000,0.871800,0.104,219.2
1945,0.869667,,0.906000,0.871800,0.104,219.3
1946,0.870850,,0.906000,0.871800,0.103,219.4
1947,0.870083,,0.906000,0.871800,0.104,219.5
1948,0.870000,,0.906000,0.871800,0.103,219.6
1949,0.870767,,0.906000,0.871800,0.104,219.7
1950,0.869867,0.9075999855995178,0.907600,0.871800,0.127,219.8
1951,0.869317,,0.907600,0.871800,0.098,219.9
1952,0.870450,,0.907600,0.871800,0.103,220.1
1953,0.870667,,0.907600,0.871800,0.104,220.2
1954,0.869817,,0.907600,0.871800,0.107,220.3
1955,0.870950,,0.907600,0.871800,0.119,220.4
1956,0.870450,,0.907600,0.871800,0.113,220.5
1957,0.869033,,0.907600,0.871800,0.104,220.6
1958,0.870950,,0.907600,0.871800,0.103,220.7
1959,0.869550,,0.907600,0.871800,0.104,220.8
1960,0.872067,,0.907600,0.872067,0.105,220.9
1961,0.870700,,0.907600,0.872067,0.103,221.0
1962,0.869667,,0.907600,0.872067,0.104,221.1
1963,0.870100,,0.907600,0.872067,0.100,221.2
1964,0.869483,,0.907600,0.872067,0.103,221.3
1965,0.870767,,0.907600,0.872067,0.102,221.4
1966,0.869717,,0.907600,0.872067,0.105,221.5
1967,0.870350,,0.907600,0.872067,0.103,221.6
1968,0.871683,,0.907600,0.872067,0.107,221.7
1969,0.869983,,0.907600,0.872067,0.103,221.8
1970,0.872583,,0.907600,0.872583,0.104,221.9
1971,0.870200,,0.907600,0.872583,0.106,222.0
1972,0.869283,,0.907600,0.872583,0.119,222.2
1973,0.870383,,0.907600,0.872583,0.104,222.3
1974,0.870267,,0.907600,0.872583,0.103,222.4
1975,0.871667,,0.907600,0.872583,0.104,222.5
1976,0.872817,,0.907600,0.872817,0.103,222.6
1977,0.870967,,0.907600,0.872817,0.105,222.7
1978,0.869333,,0.907600,0.872817,0.105,222.8
1979,0.870617,,0.907600,0.872817,0.109,222.9
1980,0.869650,,0.907600,0.872817,0.103,223.0
1981,0.868900,,0.907600,0.872817,0.103,223.1
1982,0.870267,,0.907600,0.872817,0.106,223.2
1983,0.871483,,0.907600,0.872817,0.120,223.3
1984,0.871217,,0.907600,0.872817,0.113,223.4
1985,0.870683,,0.907600,0.872817,0.105,223.6
1986,0.871883,,0.907600,0.872817,0.119,223.7
1987,0.873433,,0.907600,0.873433,0.104,223.8
1988,0.872333,,0.907600,0.873433,0.120,223.9
1989,0.871067,,0.907600,0.873433,0.105,224.0
1990,0.869833,,0.907600,0.873433,0.106,224.1
1991,0.872283,,0.907600,0.873433,0.104,224.2
1992,0.871050,,0.907600,0.873433,0.106,224.3
1993,0.871833,,0.907600,0.873433,0.104,224.4
1994,0.872583,,0.907600,0.873433,0.106,224.5
1995,0.870600,,0.907600,0.873433,0.107,224.6
1996,0.870600,,0.907600,0.873433,0.114,224.7
1997,0.871317,,0.907600,0.873433,0.106,224.9
1998,0.872150,,0.907600,0.873433,0.104,225.0
1999,0.871617,,0.907600,0.873433,0.102,225.1
2000,0.872733,0.9067000150680542,0.907600,0.873433,0.124,225.2
2001,0.870700,,0.907600,0.873433,0.099,225.3
2002,0.872300,,0.907600,0.873433,0.102,225.4
2003,0.870650,,0.907600,0.873433,0.107,225.5
2004,0.871567,,0.907600,0.873433,0.119,225.6
2005,0.873517,,0.907600,0.873517,0.107,225.7
2006,0.871533,,0.907600,0.873517,0.121,225.8
2007,0.872000,,0.907600,0.873517,0.123,226.0
2008,0.871583,,0.907600,0.873517,0.121,226.1
2009,0.872633,,0.907600,0.873517,0.122,226.2
2010,0.870983,,0.907600,0.873517,0.119,226.3
2011,0.872900,,0.907600,0.873517,0.106,226.4
2012,0.871150,,0.907600,0.873517,0.121,226.6
2013,0.871433,,0.907600,0.873517,0.101,226.7
2014,0.871400,,0.907600,0.873517,0.107,226.8
2015,0.870400,,0.907600,0.873517,0.120,226.9
2016,0.874133,,0.907600,0.874133,0.105,227.0
2017,0.871767,,0.907600,0.874133,0.107,227.1
2018,0.870917,,0.907600,0.874133,0.106,227.2
2019,0.871550,,0.907600,0.874133,0.104,227.3
2020,0.870600,,0.907600,0.874133,0.108,227.4
2021,0.872150,,0.907600,0.874133,0.122,227.5
2022,0.871317,,0.907600,0.874133,0.105,227.6
2023,0.871383,,0.907600,0.874133,0.105,227.7
2024,0.871450,,0.907600,0.874133,0.105,227.8
2025,0.872700,,0.907600,0.874133,0.105,228.0
2026,0.872517,,0.907600,0.874133,0.106,228.1
2027,0.871183,,0.907600,0.874133,0.107,228.2
2028,0.871717,,0.907600,0.874133,0.105,228.3
2029,0.873833,,0.907600,0.874133,0.104,228.4
2030,0.872400,,0.907600,0.874133,0.105,228.5
2031,0.871567,,0.907600,0.874133,0.103,228.6
2032,0.872050,,0.907600,0.874133,0.106,228.7
2033,0.872617,,0.907600,0.874133,0.105,228.8
2034,0.872183,,0.907600,0.874133,0.103,228.9
2035,0.874217,,0.907600,0.874217,0.103,229.0
2036,0.873183,,0.907600,0.874217,0.106,229.1
2037,0.874517,,0.907600,0.874517,0.106,229.2
2038,0.873317,,0.907600,0.874517,0.105,229.3
2039,0.873150,,0.907600,0.874517,0.104,229.4
2040,0.871483,,0.907600,0.874517,0.105,229.5
2041,0.874017,,0.907600,0.874517,0.106,229.6
2042,0.872083,,0.907600,0.874517,0.107,229.7
2043,0.872900,,0.907600,0.874517,0.104,229.8
2044,0.872267,,0.907600,0.874517,0.104,229.9
2045,0.872150,,0.907600,0.874517,0.103,230.0
2046,0.871583,,0.907600,0.874517,0.105,230.2
2047,0.872917,,0.907600,0.874517,0.107,230.3
2048,0.873450,,0.907600,0.874517,0.107,230.4
2049,0.874067,,0.907600,0.874517,0.104,230.5
2050,0.872917,0.9067999720573425,0.907600,0.874517,0.128,230.6
2051,0.873483,,0.907600,0.874517,0.101,230.7
2052,0.873733,,0.907600,0.874517,0.107,230.8
2053,0.872017,,0.907600,0.874517,0.114,230.9
2054,0.873333,,0.907600,0.874517,0.105,231.0
2055,0.873150,,0.907600,0.874517,0.103,231.1
2056,0.873433,,0.907600,0.874517,0.107,231.2
2057,0.873167,,0.907600,0.874517,0.104,231.3
2058,0.874217,,0.907600,0.874517,0.112,231.5
2059,0.872933,,0.907600,0.874517,0.104,231.6
2060,0.873817,,0.907600,0.874517,0.106,231.7
2061,0.873700,,0.907600,0.874517,0.121,231.8
2062,0.872117,,0.907600,0.874517,0.108,231.9
2063,0.873150,,0.907600,0.874517,0.121,232.0
2064,0.873433,,0.907600,0.874517,0.108,232.1
2065,0.872333,,0.907600,0.874517,0.119,232.2
2066,0.874083,,0.907600,0.874517,0.105,232.3
2067,0.872950,,0.907600,0.874517,0.104,232.4
2068,0.873550,,0.907600,0.874517,0.103,232.6
2069,0.871717,,0.907600,0.874517,0.105,232.7
2070,0.873333,,0.907600,0.874517,0.103,232.8
2071,0.872600,,0.907600,0.874517,0.103,232.9
2072,0.873917,,0.907600,0.874517,0.108,233.0
2073,0.872567,,0.907600,0.874517,0.120,233.1
2074,0.872850,,0.907600,0.874517,0.106,233.2
2075,0.872667,,0.907600,0.874517,0.122,233.3
2076,0.872433,,0.907600,0.874517,0.125,233.4
2077,0.874183,,0.907600,0.874517,0.121,233.6
2078,0.874067,,0.907600,0.874517,0.104,233.7
2079,0.870867,,0.907600,0.874517,0.106,233.8
2080,0.872817,,0.907600,0.874517,0.120,233.9
2081,0.872150,,0.907600,0.874517,0.103,234.0
2082,0.872883,,0.907600,0.874517,0.103,234.1
2083,0.872100,,0.907600,0.874517,0.105,234.2
2084,0.873667,,0.907600,0.874517,0.102,234.3
2085,0.873367,,0.907600,0.874517,0.105,234.4
2086,0.873517,,0.907600,0.874517,0.118,234.5
2087,0.872683,,0.907600,0.874517,0.107,234.6
2088,0.873750,,0.907600,0.874517,0.104,234.7
2089,0.872150,,0.907600,0.874517,0.104,234.8
2090,0.874500,,0.907600,0.874517,0.104,235.0
2091,0.872900,,0.907600,0.874517,0.105,235.1
2092,0.873933,,0.907600,0.874517,0.103,235.2
2093,0.874317,,0.907600,0.874517,0.106,235.3
2094,0.874683,,0.907600,0.874683,0.104,235.4
2095,0.873883,,0.907600,0.874683,0.113,235.5
2096,0.873050,,0.907600,0.874683,0.106,235.6
2097,0.873250,,0.907600,0.874683,0.105,235.7
2098,0.874617,,0.907600,0.874683,0.107,235.8
2099,0.874333,,0.907600,0.874683,0.121,235.9
2100,0.874317,0.9056999683380127,0.907600,0.874683,0.125,236.0
2101,0.873083,,0.907600,0.874683,0.102,236.1
2102,0.873717,,0.907600,0.874683,0.104,236.3
2103,0.875467,,0.907600,0.875467,0.103,236.4
2104,0.874833,,0.907600,0.875467,0.105,236.5
2105,0.874183,,0.907600,0.875467,0.111,236.6
2106,0.873617,,0.907600,0.875467,0.121,236.7
2107,0.874400,,0.907600,0.875467,0.108,236.8
2108,0.875950,,0.907600,0.875950,0.120,236.9
2109,0.875233,,0.907600,0.875950,0.109,237.0
2110,0.873167,,0.907600,0.875950,0.119,237.1
2111,0.872917,,0.907600,0.875950,0.103,237.2
2112,0.874100,,0.907600,0.875950,0.109,237.4
2113,0.874917,,0.907600,0.875950,0.122,237.5
2114,0.875067,,0.907600,0.875950,0.103,237.6
2115,0.872700,,0.907600,0.875950,0.106,237.7
2116,0.874733,,0.907600,0.875950,0.103,237.8
2117,0.873650,,0.907600,0.875950,0.114,237.9
2118,0.874850,,0.907600,0.875950,0.105,238.0
2119,0.877217,,0.907600,0.877217,0.103,238.1
2120,0.873450,,0.907600,0.877217,0.104,238.2
2121,0.875000,,0.907600,0.877217,0.107,238.3
2122,0.873550,,0.907600,0.877217,0.120,238.4
2123,0.874550,,0.907600,0.877217,0.107,238.6
2124,0.875567,,0.907600,0.877217,0.120,238.7
2125,0.873883,,0.907600,0.877217,0.112,238.8
2126,0.876867,,0.907600,0.877217,0.119,238.9
2127,0.875067,,0.907600,0.877217,0.108,239.0
2128,0.875433,,0.907600,0.877217,0.119,239.1
2129,0.873600,,0.907600,0.877217,0.103,239.2
2130,0.874100,,0.907600,0.877217,0.104,239.3
2131,0.872717,,0.907600,0.877217,0.105,239.4
2132,0.874383,,0.907600,0.877217,0.103,239.5
2133,0.875350,,0.907600,0.877217,0.105,239.7
2134,0.875817,,0.907600,0.877217,0.105,239.8
2135,0.874283,,0.907600,0.877217,0.104,239.9
2136,0.874467,,0.907600,0.877217,0.106,240.0
2137,0.875683,,0.907600,0.877217,0.121,240.1
2138,0.876200,,0.907600,0.877217,0.104,240.2
2139,0.875267,,0.907600,0.877217,0.102,240.3
2140,0.874933,,0.907600,0.877217,0.102,240.4
2141,0.875517,,0.907600,0.877217,0.104,240.5
2142,0.877500,,0.907600,0.877500,0.103,240.6
2143,0.874000,,0.907600,0.877500,0.103,240.7
2144,0.875650,,0.907600,0.877500,0.102,240.8
2145,0.875083,,0.907600,0.877500,0.117,240.9
2146,0.873833,,0.907600,0.877500,0.114,241.0
2147,0.876483,,0.907600,0.877500,0.103,241.1
2148,0.876183,,0.907600,0.877500,0.102,241.2
2149,0.875900,,0.907600,0.877500,0.105,241.3
2150,0.876383,0.9076999425888062,0.907700,0.877500,0.125,241.5
2151,0.873433,,0.907700,0.877500,0.097,241.6
2152,0.875200,,0.907700,0.877500,0.104,241.7
2153,0.874083,,0.907700,0.877500,0.103,241.8
2154,0.876883,,0.907700,0.877500,0.108,241.9
2155,0.875267,,0.907700,0.877500,0.121,242.0
2156,0.876300,,0.907700,0.877500,0.104,242.1
2157,0.873933,,0.907700,0.877500,0.103,242.2
2158,0.876517,,0.907700,0.877500,0.104,242.3
2159,0.874417,,0.907700,0.877500,0.104,242.4
2160,0.874650,,0.907700,0.877500,0.103,242.5
2161,0.875700,,0.907700,0.877500,0.102,242.6
2162,0.876317,,0.907700,0.877500,0.102,242.7
2163,0.874867,,0.907700,0.877500,0.102,242.8
2164,0.874250,,0.907700,0.877500,0.106,242.9
2165,0.874750,,0.907700,0.877500,0.105,243.0
2166,0.873767,,0.907700,0.877500,0.105,243.1
2167,0.873817,,0.907700,0.877500,0.118,243.3
2168,0.875600,,0.907700,0.877500,0.105,243.4
2169,0.874950,,0.907700,0.877500,0.106,243.5
2170,0.875533,,0.907700,0.877500,0.121,243.6
2171,0.875550,,0.907700,0.877500,0.106,243.7
2172,0.874933,,0.907700,0.877500,0.120,243.8
2173,0.875983,,0.907700,0.877500,0.104,243.9
2174,0.876283,,0.907700,0.877500,0.104,244.0
2175,0.874583,,0.907700,0.877500,0.103,244.1
2176,0.874617,,0.907700,0.877500,0.101,244.2
2177,0.875767,,0.907700,0.877500,0.104,244.3
2178,0.876233,,0.907700,0.877500,0.104,244.4
2179,0.873933,,0.907700,0.877500,0.105,244.5
2180,0.876967,,0.907700,0.877500,0.104,244.7
2181,0.874917,,0.907700,0.877500,0.103,244.8
2182,0.875550,,0.907700,0.877500,0.107,244.9
2183,0.875967,,0.907700,0.877500,0.120,245.0
2184,0.875317,,0.907700,0.877500,0.108,245.1
2185,0.875650,,0.907700,0.877500,0.119,245.2
2186,0.875250,,0.907700,0.877500,0.103,245.3
2187,0.876333,,0.907700,0.877500,0.107,245.4
2188,0.875417,,0.907700,0.877500,0.105,245.5
2189,0.876317,,0.907700,0.877500,0.107,245.6
2190,0.876550,,0.907700,0.877500,0.105,245.7
2191,0.877050,,0.907700,0.877500,0.107,245.8
2192,0.877083,,0.907700,0.877500,0.108,246.0
2193,0.877683,,0.907700,0.877683,0.105,246.1
2194,0.877550,,0.907700,0.877683,0.106,246.2
2195,0.876050,,0.907700,0.877683,0.122,246.3
2196,0.875600,,0.907700,0.877683,0.105,246.4
2197,0.874867,,0.907700,0.877683,0.107,246.5
2198,0.877100,,0.907700,0.877683,0.104,246.6
2199,0.878550,,0.907700,0.878550,0.102,246.7
2200,0.876433,0.908799946308136,0.908800,0.878550,0.124,246.8
2201,0.875100,,0.908800,0.878550,0.100,246.9
2202,0.876883,,0.908800,0.878550,0.103,247.0
2203,0.875833,,0.908800,0.878550,0.103,247.1
2204,0.877200,,0.908800,0.878550,0.104,247.2
2205,0.877200,,0.908800,0.878550,0.103,247.3
2206,0.876117,,0.908800,0.878550,0.103,247.4
2207,0.876850,,0.908800,0.878550,0.103,247.5
2208,0.876767,,0.908800,0.878550,0.103,247.7
2209,0.878000,,0.908800,0.878550,0.103,247.8
2210,0.876683,,0.908800,0.878550,0.104,247.9
2211,0.877217,,0.908800,0.878550,0.106,248.0
2212,0.875217,,0.908800,0.878550,0.120,248.1
2213,0.876317,,0.908800,0.878550,0.105,248.2
2214,0.876800,,0.908800,0.878550,0.104,248.3
2215,0.875867,,0.908800,0.878550,0.104,248.4
2216,0.876783,,0.908800,0.878550,0.104,248.5
2217,0.877683,,0.908800,0.878550,0.102,248.6
2218,0.875833,,0.908800,0.878550,0.103,248.7
2219,0.877050,,0.908800,0.878550,0.104,248.8
2220,0.875733,,0.908800,0.878550,0.104,248.9
2221,0.875467,,0.908800,0.878550,0.102,249.0
2222,0.875750,,0.908800,0.878550,0.103,249.1
2223,0.877767,,0.908800,0.878550,0.106,249.2
2224,0.877800,,0.908800,0.878550,0.105,249.3
2225,0.877217,,0.908800,0.878550,0.104,249.4
2226,0.878100,,0.908800,0.878550,0.105,249.5
2227,0.879083,,0.908800,0.879083,0.103,249.6
2228,0.876500,,0.908800,0.879083,0.105,249.7
2229,0.877750,,0.908800,0.879083,0.104,249.9
2230,0.876733,,0.908800,0.879083,0.104,250.0
2231,0.876567,,0.908800,0.879083,0.102,250.1
2232,0.875567,,0.908800,0.879083,0.104,250.2
2233,0.876350,,0.908800,0.879083,0.103,250.3
2234,0.878100,,0.908800,0.879083,0.102,250.4
2235,0.876483,,0.908800,0.879083,0.105,250.5
2236,0.877050,,0.908800,0.879083,0.104,250.6
2237,0.876683,,0.908800,0.879083,0.102,250.7
2238,0.876533,,0.908800,0.879083,0.104,250.8
2239,0.876917,,0.908800,0.879083,0.103,250.9
2240,0.878167,,0.908800,0.879083,0.103,251.0
2241,0.877650,,0.908800,0.879083,0.102,251.1
2242,0.876550,,0.908800,0.879083,0.103,251.2
2243,0.876717,,0.908800,0.879083,0.104,251.3
2244,0.875433,,0.908800,0.879083,0.111,251.4
2245,0.880500,,0.908800,0.880500,0.108,251.5
2246,0.878117,,0.908800,0.880500,0.120,251.6
2247,0.876850,,0.908800,0.880500,0.104,251.7
2248,0.876733,,0.908800,0.880500,0.103,251.8
2249,0.877767,,0.908800,0.880500,0.103,251.9
2250,0.877800,0.9060999751091003,0.908800,0.880500,0.124,252.1
2251,0.877950,,0.908800,0.880500,0.101,252.2
2252,0.877833,,0.908800,0.880500,0.116,252.3
2253,0.876383,,0.908800,0.880500,0.104,252.4
2254,0.877183,,0.908800,0.880500,0.110,252.5
2255,0.877683,,0.908800,0.880500,0.123,252.6
2256,0.877483,,0.908800,0.880500,0.106,252.7
2257,0.879167,,0.908800,0.880500,0.103,252.8
2258,0.876683,,0.908800,0.880500,0.107,252.9
2259,0.878083,,0.908800,0.880500,0.105,253.0
2260,0.875217,,0.908800,0.880500,0.103,253.1
2261,0.877767,,0.908800,0.880500,0.103,253.3
2262,0.877550,,0.908800,0.880500,0.109,253.4
2263,0.876950,,0.908800,0.880500,0.121,253.5
2264,0.877200,,0.908800,0.880500,0.105,253.6
2265,0.878383,,0.908800,0.880500,0.109,253.7
2266,0.876800,,0.908800,0.880500,0.124,253.8
2267,0.877300,,0.908800,0.880500,0.106,253.9
2268,0.877100,,0.908800,0.880500,0.105,254.0
2269,0.876667,,0.908800,0.880500,0.105,254.1
2270,0.877917,,0.908800,0.880500,0.105,254.2
2271,0.876883,,0.908800,0.880500,0.108,254.4
2272,0.879683,,0.908800,0.880500,0.122,254.5
2273,0.876767,,0.908800,0.880500,0.107,254.6
2274,0.876867,,0.908800,0.880500,0.106,254.7
2275,0.877317,,0.908800,0.880500,0.104,254.8
2276,0.876067,,0.908800,0.880500,0.108,254.9
2277,0.877583,,0.908800,0.880500,0.123,255.0
2278,0.876717,,0.908800,0.880500,0.106,255.1
2279,0.877767,,0.908800,0.880500,0.105,255.2
2280,0.876350,,0.908800,0.880500,0.105,255.3
2281,0.876817,,0.908800,0.880500,0.114,255.5
2282,0.877967,,0.908800,0.880500,0.107,255.6
2283,0.877017,,0.908800,0.880500,0.113,255.7
2284,0.877000,,0.908800,0.880500,0.111,255.8
2285,0.877583,,0.908800,0.880500,0.126,255.9
2286,0.876550,,0.908800,0.880500,0.122,256.0
2287,0.876800,,0.908800,0.880500,0.108,256.1
2288,0.877417,,0.908800,0.880500,0.122,256.3
2289,0.877767,,0.908800,0.880500,0.105,256.4
2290,0.876983,,0.908800,0.880500,0.105,256.5
2291,0.876667,,0.908800,0.880500,0.105,256.6
2292,0.877883,,0.908800,0.880500,0.107,256.7
2293,0.877450,,0.908800,0.880500,0.104,256.8
2294,0.878483,,0.908800,0.880500,0.112,256.9
2295,0.878100,,0.908800,0.880500,0.105,257.0
2296,0.877867,,0.908800,0.880500,0.104,257.1
2297,0.877050,,0.908800,0.880500,0.104,257.2
2298,0.878800,,0.908800,0.880500,0.105,257.3
2299,0.879750,,0.908800,0.880500,0.105,257.4
2300,0.876783,0.9093000292778015,0.909300,0.880500,0.124,257.5
2301,0.876867,,0.909300,0.880500,0.099,257.6
2302,0.878400,,0.909300,0.880500,0.104,257.7
2303,0.877483,,0.909300,0.880500,0.102,257.9
2304,0.879000,,0.909300,0.880500,0.104,258.0
2305,0.877817,,0.909300,0.880500,0.102,258.1
2306,0.877900,,0.909300,0.880500,0.103,258.2
2307,0.879517,,0.909300,0.880500,0.104,258.3
2308,0.879333,,0.909300,0.880500,0.102,258.4
2309,0.878783,,0.909300,0.880500,0.104,258.5
2310,0.880283,,0.909300,0.880500,0.105,258.6
2311,0.879817,,0.909300,0.880500,0.104,258.7
2312,0.878567,,0.909300,0.880500,0.103,258.8
2313,0.878917,,0.909300,0.880500,0.106,258.9
2314,0.876883,,0.909300,0.880500,0.104,259.0
2315,0.878583,,0.909300,0.880500,0.104,259.1
2316,0.879183,,0.909300,0.880500,0.103,259.2
2317,0.879200,,0.909300,0.880500,0.102,259.3
2318,0.880933,,0.909300,0.880933,0.104,259.4
2319,0.878833,,0.909300,0.880933,0.104,259.5
2320,0.879350,,0.909300,0.880933,0.103,259.6
2321,0.879767,,0.909300,0.880933,0.104,259.7
2322,0.878150,,0.909300,0.880933,0.104,259.8
2323,0.879733,,0.909300,0.880933,0.103,259.9
2324,0.878733,,0.909300,0.880933,0.104,260.0
2325,0.878317,,0.909300,0.880933,0.103,260.1
2326,0.879183,,0.909300,0.880933,0.103,260.2
2327,0.878933,,0.909300,0.880933,0.102,260.3
2328,0.877500,,0.909300,0.880933,0.104,260.4
2329,0.879117,,0.909300,0.880933,0.106,260.5
2330,0.879383,,0.909300,0.880933,0.104,260.6
2331,0.878700,,0.909300,0.880933,0.104,260.8
2332,0.876783,,0.909300,0.880933,0.102,260.9
2333,0.879083,,0.909300,0.880933,0.104,261.0
2334,0.879733,,0.909300,0.880933,0.103,261.1
2335,0.878950,,0.909300,0.880933,0.106,261.2
2336,0.879133,,0.909300,0.880933,0.104,261.3
2337,0.879217,,0.909300,0.880933,0.109,261.4
2338,0.880317,,0.909300,0.880933,0.104,261.5
2339,0.878450,,0.909300,0.880933,0.103,261.6
2340,0.879533,,0.909300,0.880933,0.105,261.7
2341,0.879550,,0.909300,0.880933,0.103,261.8
2342,0.879833,,0.909300,0.880933,0.105,261.9
2343,0.878950,,0.909300,0.880933,0.105,262.0
2344,0.880550,,0.909300,0.880933,0.120,262.1
2345,0.880267,,0.909300,0.880933,0.104,262.2
2346,0.879250,,0.909300,0.880933,0.106,262.3
2347,0.878433,,0.909300,0.880933,0.104,262.4
2348,0.878217,,0.909300,0.880933,0.102,262.5
2349,0.879983,,0.909300,0.880933,0.104,262.6
2350,0.878383,0.9103000164031982,0.910300,0.880933,0.128,262.8
2351,0.879517,,0.910300,0.880933,0.117,262.9
2352,0.877567,,0.910300,0.880933,0.104,263.0
2353,0.878783,,0.910300,0.880933,0.105,263.1
2354,0.878883,,0.910300,0.880933,0.103,263.2
2355,0.879983,,0.910300,0.880933,0.104,263.3
2356,0.879417,,0.910300,0.880933,0.107,263.4
2357,0.879550,,0.910300,0.880933,0.120,263.5
2358,0.878150,,0.910300,0.880933,0.105,263.6
2359,0.879467,,0.910300,0.880933,0.106,263.7
2360,0.880950,,0.910300,0.880950,0.123,263.9
2361,0.878283,,0.910300,0.880950,0.118,264.0
2362,0.877983,,0.910300,0.880950,0.104,264.1
2363,0.880600,,0.910300,0.880950,0.102,264.2
2364,0.878900,,0.910300,0.880950,0.104,264.3
2365,0.878833,,0.910300,0.880950,0.106,264.4
2366,0.881267,,0.910300,0.881267,0.103,264.5
2367,0.877700,,0.910300,0.881267,0.103,264.6
2368,0.879117,,0.910300,0.881267,0.103,264.7
2369,0.879633,,0.910300,0.881267,0.103,264.8
2370,0.879517,,0.910300,0.881267,0.103,264.9
2371,0.880817,,0.910300,0.881267,0.102,265.0
2372,0.878367,,0.910300,0.881267,0.105,265.1
2373,0.880600,,0.910300,0.881267,0.103,265.2
2374,0.878450,,0.910300,0.881267,0.105,265.3
2375,0.879183,,0.910300,0.881267,0.107,265.4
2376,0.880350,,0.910300,0.881267,0.119,265.6
2377,0.878817,,0.910300,0.881267,0.104,265.7
2378,0.881050,,0.910300,0.881267,0.120,265.8
2379,0.879100,,0.910300,0.881267,0.121,265.9
2380,0.879967,,0.910300,0.881267,0.106,266.0
2381,0.880750,,0.910300,0.881267,0.119,266.1
2382,0.880333,,0.910300,0.881267,0.104,266.2
2383,0.879067,,0.910300,0.881267,0.104,266.3
2384,0.878800,,0.910300,0.881267,0.105,266.4
2385,0.879883,,0.910300,0.881267,0.103,266.5
2386,0.879450,,0.910300,0.881267,0.104,266.6
2387,0.879233,,0.910300,0.881267,0.104,266.7
2388,0.879783,,0.910300,0.881267,0.103,266.9
2389,0.881050,,0.910300,0.881267,0.103,267.0
2390,0.879583,,0.910300,0.881267,0.104,267.1
2391,0.880450,,0.910300,0.881267,0.103,267.2
2392,0.878817,,0.910300,0.881267,0.105,267.3
2393,0.882100,,0.910300,0.882100,0.103,267.4
2394,0.881417,,0.910300,0.882100,0.104,267.5
2395,0.880333,,0.910300,0.882100,0.104,267.6
2396,0.881417,,0.910300,0.882100,0.107,267.7
2397,0.880100,,0.910300,0.882100,0.121,267.8
2398,0.880850,,0.910300,0.882100,0.104,267.9
2399,0.880033,,0.910300,0.882100,0.105,268.0
2400,0.879533,0.9084999561309814,0.910300,0.882100,0.125,268.1
2401,0.880017,,0.910300,0.882100,0.102,268.2
2402,0.879167,,0.910300,0.882100,0.103,268.3
2403,0.880733,,0.910300,0.882100,0.111,268.5
2404,0.880550,,0.910300,0.882100,0.105,268.6
2405,0.879800,,0.910300,0.882100,0.105,268.7
2406,0.879983,,0.910300,0.882100,0.105,268.8
2407,0.879533,,0.910300,0.882100,0.116,268.9
2408,0.880000,,0.910300,0.882100,0.104,269.0
2409,0.881300,,0.910300,0.882100,0.103,269.1
2410,0.881933,,0.910300,0.882100,0.103,269.2
2411,0.879433,,0.910300,0.882100,0.103,269.3
2412,0.881600,,0.910300,0.882100,0.107,269.4
2413,0.880117,,0.910300,0.882100,0.119,269.5
2414,0.878983,,0.910300,0.882100,0.106,269.6
2415,0.881150,,0.910300,0.882100,0.101,269.7
2416,0.880167,,0.910300,0.882100,0.104,269.8
2417,0.880567,,0.910300,0.882100,0.104,269.9
2418,0.879567,,0.910300,0.882100,0.105,270.0
2419,0.880400,,0.910300,0.882100,0.107,270.2
2420,0.880050,,0.910300,0.882100,0.121,270.3
2421,0.879817,,0.910300,0.882100,0.103,270.4
2422,0.881033,,0.910300,0.882100,0.105,270.5
2423,0.879183,,0.910300,0.882100,0.102,270.6
2424,0.881650,,0.910300,0.882100,0.108,270.7
2425,0.878983,,0.910300,0.882100,0.121,270.8
2426,0.880117,,0.910300,0.882100,0.108,270.9
2427,0.881233,,0.910300,0.882100,0.119,271.0
2428,0.880783,,0.910300,0.882100,0.107,271.1
2429,0.881067,,0.910300,0.882100,0.119,271.3
2430,0.879783,,0.910300,0.882100,0.105,271.4
2431,0.881283,,0.910300,0.882100,0.103,271.5
2432,0.879883,,0.910300,0.882100,0.103,271.6
2433,0.879183,,0.910300,0.882100,0.103,271.7
2434,0.881017,,0.910300,0.882100,0.106,271.8
2435,0.879750,,0.910300,0.882100,0.102,271.9
2436,0.881333,,0.910300,0.882100,0.105,272.0
2437,0.881133,,0.910300,0.882100,0.102,272.1
2438,0.879700,,0.910300,0.882100,0.101,272.2
2439,0.878983,,0.910300,0.882100,0.107,272.3
2440,0.880783,,0.910300,0.882100,0.121,272.4
2441,0.882200,,0.910300,0.882200,0.113,272.5
2442,0.881133,,0.910300,0.882200,0.104,272.6
2443,0.880700,,0.910300,0.882200,0.126,272.8
2444,0.881567,,0.910300,0.882200,0.124,272.9
2445,0.881383,,0.910300,0.882200,0.102,273.0
2446,0.882183,,0.910300,0.882200,0.103,273.1
2447,0.881517,,0.910300,0.882200,0.103,273.2
2448,0.881667,,0.910300,0.882200,0.103,273.3
2449,0.881517,,0.910300,0.882200,0.103,273.4
2450,0.881067,0.9107999801635742,0.910800,0.882200,0.127,273.5
2451,0.882483,,0.910800,0.882483,0.101,273.6
2452,0.880983,,0.910800,0.882483,0.103,273.7
2453,0.881817,,0.910800,0.882483,0.104,273.8
2454,0.882433,,0.910800,0.882483,0.103,273.9
2455,0.881933,,0.910800,0.882483,0.100,274.0
2456,0.882500,,0.910800,0.882500,0.106,274.1
2457,0.881850,,0.910800,0.882500,0.103,274.2
2458,0.881550,,0.910800,0.882500,0.103,274.4
2459,0.882967,,0.910800,0.882967,0.106,274.5
2460,0.882200,,0.910800,0.882967,0.120,274.6
2461,0.881800,,0.910800,0.882967,0.104,274.7
2462,0.882383,,0.910800,0.882967,0.105,274.8
2463,0.881833,,0.910800,0.882967,0.106,274.9
2464,0.880700,,0.910800,0.882967,0.121,275.0
2465,0.882450,,0.910800,0.882967,0.102,275.1
2466,0.881833,,0.910800,0.882967,0.104,275.2
2467,0.879733,,0.910800,0.882967,0.103,275.3
2468,0.884350,,0.910800,0.884350,0.103,275.4
2469,0.881417,,0.910800,0.884350,0.106,275.5
2470,0.882267,,0.910800,0.884350,0.113,275.6
2471,0.881767,,0.910800,0.884350,0.103,275.7
2472,0.883167,,0.910800,0.884350,0.103,275.8
2473,0.879800,,0.910800,0.884350,0.104,276.0
2474,0.881883,,0.910800,0.884350,0.107,276.1
2475,0.880983,,0.910800,0.884350,0.102,276.2
2476,0.883400,,0.910800,0.884350,0.103,276.3
2477,0.880633,,0.910800,0.884350,0.119,276.4
2478,0.881883,,0.910800,0.884350,0.104,276.5
2479,0.881700,,0.910800,0.884350,0.107,276.6
2480,0.882167,,0.910800,0.884350,0.104,276.7
2481,0.881783,,0.910800,0.884350,0.104,276.8
2482,0.879667,,0.910800,0.884350,0.105,276.9
2483,0.882117,,0.910800,0.884350,0.120,277.0
2484,0.881250,,0.910800,0.884350,0.106,277.1
2485,0.881183,,0.910800,0.884350,0.104,277.2
2486,0.880367,,0.910800,0.884350,0.104,277.3
2487,0.880983,,0.910800,0.884350,0.104,277.4
2488,0.882200,,0.910800,0.884350,0.105,277.6
2489,0.881183,,0.910800,0.884350,0.113,277.7
2490,0.881583,,0.910800,0.884350,0.104,277.8
2491,0.881800,,0.910800,0.884350,0.104,277.9
2492,0.881817,,0.910800,0.884350,0.104,278.0
2493,0.881633,,0.910800,0.884350,0.108,278.1
2494,0.881367,,0.910800,0.884350,0.122,278.2
2495,0.882583,,0.910800,0.884350,0.104,278.3
2496,0.881233,,0.910800,0.884350,0.122,278.4
2497,0.880817,,0.910800,0.884350,0.121,278.6
2498,0.881017,,0.910800,0.884350,0.105,278.7
2499,0.881067,,0.910800,0.884350,0.120,278.8
2500,0.881250,0.909500002861023,0.910800,0.884350,0.126,278.9
2501,0.880500,,0.910800,0.884350,0.099,279.0
2502,0.880183,,0.910800,0.884350,0.107,279.1
2503,0.880967,,0.910800,0.884350,0.120,279.2
2504,0.882383,,0.910800,0.884350,0.104,279.3
2505,0.879100,,0.910800,0.884350,0.117,279.5
2506,0.880983,,0.910800,0.884350,0.120,279.6
2507,0.881183,,0.910800,0.884350,0.105,279.7
2508,0.880950,,0.910800,0.884350,0.106,279.8
2509,0.881067,,0.910800,0.884350,0.121,279.9
2510,0.880817,,0.910800,0.884350,0.105,280.0
2511,0.880717,,0.910800,0.884350,0.105,280.1
2512,0.881267,,0.910800,0.884350,0.106,280.2
2513,0.880367,,0.910800,0.884350,0.108,280.3
2514,0.881850,,0.910800,0.884350,0.103,280.4
2515,0.880867,,0.910800,0.884350,0.103,280.5
2516,0.880933,,0.910800,0.884350,0.104,280.6
2517,0.882267,,0.910800,0.884350,0.104,280.7
2518,0.882617,,0.910800,0.884350,0.108,280.8
2519,0.881650,,0.910800,0.884350,0.123,281.0
2520,0.880350,,0.910800,0.884350,0.120,281.1
2521,0.881167,,0.910800,0.884350,0.103,281.2
2522,0.882183,,0.910800,0.884350,0.104,281.3
2523,0.881950,,0.910800,0.884350,0.106,281.4
2524,0.880733,,0.910800,0.884350,0.106,281.5
2525,0.882150,,0.910800,0.884350,0.124,281.6
2526,0.881850,,0.910800,0.884350,0.112,281.7
2527,0.882267,,0.910800,0.884350,0.104,281.8
2528,0.880917,,0.910800,0.884350,0.103,282.0
2529,0.881467,,0.910800,0.884350,0.104,282.1
2530,0.880183,,0.910800,0.884350,0.102,282.2
2531,0.880717,,0.910800,0.884350,0.102,282.3
2532,0.880800,,0.910800,0.884350,0.106,282.4
2533,0.881900,,0.910800,0.884350,0.106,282.5
2534,0.880867,,0.910800,0.884350,0.104,282.6
2535,0.882167,,0.910800,0.884350,0.107,282.7
2536,0.880783,,0.910800,0.884350,0.118,282.8
2537,0.881567,,0.910800,0.884350,0.105,282.9
2538,0.880167,,0.910800,0.884350,0.105,283.0
2539,0.880833,,0.910800,0.884350,0.120,283.1
2540,0.881617,,0.910800,0.884350,0.103,283.2
2541,0.881083,,0.910800,0.884350,0.106,283.3
2542,0.882467,,0.910800,0.884350,0.120,283.5
2543,0.880967,,0.910800,0.884350,0.107,283.6
2544,0.880133,,0.910800,0.884350,0.120,283.7
2545,0.881683,,0.910800,0.884350,0.104,283.8
2546,0.882667,,0.910800,0.884350,0.104,283.9
2547,0.882733,,0.910800,0.884350,0.103,284.0
2548,0.882783,,0.910800,0.884350,0.106,284.1
2549,0.880950,,0.910800,0.884350,0.119,284.2
2550,0.882933,0.9128000140190125,0.912800,0.884350,0.128,284.4
2551,0.881950,,0.912800,0.884350,0.116,284.5
2552,0.882800,,0.912800,0.884350,0.106,284.6
2553,0.882983,,0.912800,0.884350,0.105,284.7
2554,0.882300,,0.912800,0.884350,0.103,284.8
2555,0.881700,,0.912800,0.884350,0.102,284.9
2556,0.881867,,0.912800,0.884350,0.103,285.0
2557,0.882717,,0.912800,0.884350,0.102,285.1
2558,0.880283,,0.912800,0.884350,0.105,285.2
2559,0.882833,,0.912800,0.884350,0.104,285.3
2560,0.882017,,0.912800,0.884350,0.106,285.4
2561,0.881583,,0.912800,0.884350,0.123,285.5
2562,0.882533,,0.912800,0.884350,0.125,285.7
2563,0.881967,,0.912800,0.884350,0.119,285.8
2564,0.884617,,0.912800,0.884617,0.104,285.9
2565,0.881067,,0.912800,0.884617,0.103,286.0
2566,0.881100,,0.912800,0.884617,0.107,286.1
2567,0.883150,,0.912800,0.884617,0.118,286.2
2568,0.880600,,0.912800,0.884617,0.102,286.3
2569,0.881367,,0.912800,0.884617,0.107,286.4
2570,0.882733,,0.912800,0.884617,0.119,286.5
2571,0.882483,,0.912800,0.884617,0.107,286.6
2572,0.881183,,0.912800,0.884617,0.120,286.8
2573,0.882100,,0.912800,0.884617,0.106,286.9
2574,0.881767,,0.912800,0.884617,0.122,287.0
2575,0.881633,,0.912800,0.884617,0.120,287.1
2576,0.882850,,0.912800,0.884617,0.118,287.2
2577,0.883450,,0.912800,0.884617,0.104,287.3
2578,0.881433,,0.912800,0.884617,0.104,287.4
2579,0.882967,,0.912800,0.884617,0.105,287.5
2580,0.883650,,0.912800,0.884617,0.108,287.6
2581,0.881767,,0.912800,0.884617,0.120,287.8
2582,0.882850,,0.912800,0.884617,0.105,287.9
2583,0.882533,,0.912800,0.884617,0.103,288.0
2584,0.883333,,0.912800,0.884617,0.103,288.1
2585,0.883133,,0.912800,0.884617,0.103,288.2
2586,0.881067,,0.912800,0.884617,0.111,288.3
2587,0.882450,,0.912800,0.884617,0.107,288.4
2588,0.881467,,0.912800,0.884617,0.108,288.5
2589,0.883183,,0.912800,0.884617,0.121,288.6
2590,0.882950,,0.912800,0.884617,0.103,288.7
2591,0.882917,,0.912800,0.884617,0.115,288.8
2592,0.882733,,0.912800,0.884617,0.104,288.9
2593,0.881767,,0.912800,0.884617,0.106,289.1
2594,0.882583,,0.912800,0.884617,0.119,289.2
2595,0.882450,,0.912800,0.884617,0.104,289.3
2596,0.882183,,0.912800,0.884617,0.104,289.4
2597,0.881750,,0.912800,0.884617,0.102,289.5
2598,0.882567,,0.912800,0.884617,0.103,289.6
2599,0.883383,,0.912800,0.884617,0.103,289.7
2600,0.881767,0.90829998254776,0.912800,0.884617,0.128,289.8
2601,0.882767,,0.912800,0.884617,0.101,289.9
2602,0.882283,,0.912800,0.884617,0.105,290.0
2603,0.880800,,0.912800,0.884617,0.107,290.1
2604,0.880850,,0.912800,0.884617,0.122,290.3
2605,0.883350,,0.912800,0.884617,0.119,290.4
2606,0.882317,,0.912800,0.884617,0.106,290.5
2607,0.881783,,0.912800,0.884617,0.120,290.6
2608,0.883550,,0.912800,0.884617,0.104,290.7
2609,0.883433,,0.912800,0.884617,0.104,290.8
2610,0.882533,,0.912800,0.884617,0.104,290.9
2611,0.882917,,0.912800,0.884617,0.104,291.0
2612,0.881717,,0.912800,0.884617,0.102,291.1
2613,0.881033,,0.912800,0.884617,0.113,291.2
2614,0.880950,,0.912800,0.884617,0.104,291.3
2615,0.882717,,0.912800,0.884617,0.106,291.4
2616,0.882750,,0.912800,0.884617,0.120,291.6
2617,0.882200,,0.912800,0.884617,0.103,291.7
2618,0.881150,,0.912800,0.884617,0.107,291.8
2619,0.882800,,0.912800,0.884617,0.119,291.9
2620,0.882117,,0.912800,0.884617,0.104,292.0
2621,0.883017,,0.912800,0.884617,0.104,292.1
2622,0.883733,,0.912800,0.884617,0.103,292.2
2623,0.882017,,0.912800,0.884617,0.105,292.3
2624,0.882283,,0.912800,0.884617,0.107,292.4
2625,0.883117,,0.912800,0.884617,0.121,292.5
2626,0.882517,,0.912800,0.884617,0.107,292.6
2627,0.881233,,0.912800,0.884617,0.120,292.8
2628,0.882850,,0.912800,0.884617,0.104,292.9
2629,0.883667,,0.912800,0.884617,0.105,293.0
2630,0.882983,,0.912800,0.884617,0.106,293.1
2631,0.882800,,0.912800,0.884617,0.106,293.2
2632,0.882733,,0.912800,0.884617,0.102,293.3
2633,0.882883,,0.912800,0.884617,0.108,293.4
2634,0.884133,,0.912800,0.884617,0.121,293.5
2635,0.883133,,0.912800,0.884617,0.106,293.6
2636,0.883650,,0.912800,0.884617,0.119,293.7
2637,0.882783,,0.912800,0.884617,0.104,293.8
2638,0.883933,,0.912800,0.884617,0.106,293.9
2639,0.883483,,0.912800,0.884617,0.121,294.1
2640,0.884017,,0.912800,0.884617,0.104,294.2
2641,0.883050,,0.912800,0.884617,0.106,294.3
2642,0.882917,,0.912800,0.884617,0.120,294.4
2643,0.882017,,0.912800,0.884617,0.106,294.5
2644,0.884000,,0.912800,0.884617,0.120,294.6
2645,0.883300,,0.912800,0.884617,0.106,294.7
2646,0.883033,,0.912800,0.884617,0.119,294.8
2647,0.883950,,0.912800,0.884617,0.102,294.9
2648,0.881333,,0.912800,0.884617,0.104,295.1
2649,0.883217,,0.912800,0.884617,0.103,295.2
2650,0.883550,0.9102000594139099,0.912800,0.884617,0.127,295.3
2651,0.884300,,0.912800,0.884617,0.100,295.4
2652,0.883000,,0.912800,0.884617,0.104,295.5
2653,0.883000,,0.912800,0.884617,0.104,295.6
2654,0.882750,,0.912800,0.884617,0.103,295.7
2655,0.884217,,0.912800,0.884617,0.102,295.8
2656,0.884333,,0.912800,0.884617,0.104,295.9
2657,0.881867,,0.912800,0.884617,0.103,296.0
2658,0.884533,,0.912800,0.884617,0.104,296.1
2659,0.882950,,0.912800,0.884617,0.106,296.2
2660,0.883050,,0.912800,0.884617,0.126,296.3
2661,0.884367,,0.912800,0.884617,0.119,296.5
2662,0.884500,,0.912800,0.884617,0.103,296.6
2663,0.885050,,0.912800,0.885050,0.105,296.7
2664,0.882933,,0.912800,0.885050,0.103,296.8
2665,0.882333,,0.912800,0.885050,0.104,296.9
2666,0.884600,,0.912800,0.885050,0.103,297.0
2667,0.883500,,0.912800,0.885050,0.103,297.1
2668,0.884217,,0.912800,0.885050,0.105,297.2
2669,0.882850,,0.912800,0.885050,0.119,297.3
2670,0.885217,,0.912800,0.885217,0.108,297.4
2671,0.883183,,0.912800,0.885217,0.105,297.5
2672,0.885450,,0.912800,0.885450,0.103,297.6
2673,0.883933,,0.912800,0.885450,0.108,297.7
2674,0.882733,,0.912800,0.885450,0.124,297.9
2675,0.883900,,0.912800,0.885450,0.117,298.0
2676,0.883267,,0.912800,0.885450,0.106,298.1
2677,0.885217,,0.912800,0.885450,0.123,298.2
2678,0.885533,,0.912800,0.885533,0.122,298.3
2679,0.883617,,0.912800,0.885533,0.120,298.4
2680,0.883217,,0.912800,0.885533,0.107,298.5
2681,0.883717,,0.912800,0.885533,0.119,298.7
2682,0.884467,,0.912800,0.885533,0.107,298.8
2683,0.883900,,0.912800,0.885533,0.118,298.9
2684,0.882967,,0.912800,0.885533,0.105,299.0
2685,0.884550,,0.912800,0.885533,0.104,299.1
2686,0.881950,,0.912800,0.885533,0.105,299.2
2687,0.884183,,0.912800,0.885533,0.105,299.3
2688,0.884750,,0.912800,0.885533,0.107,299.4
2689,0.884550,,0.912800,0.885533,0.126,299.5
2690,0.884067,,0.912800,0.885533,0.125,299.7
2691,0.884433,,0.912800,0.885533,0.119,299.8
2692,0.884217,,0.912800,0.885533,0.103,299.9
2693,0.885183,,0.912800,0.885533,0.106,300.0
2694,0.883883,,0.912800,0.885533,0.120,300.1
2695,0.884350,,0.912800,0.885533,0.104,300.2
2696,0.883317,,0.912800,0.885533,0.104,300.3
2697,0.883400,,0.912800,0.885533,0.103,300.4
2698,0.884033,,0.912800,0.885533,0.103,300.5
2699,0.883600,,0.912800,0.885533,0.105,300.6
2700,0.884050,0.9131999611854553,0.913200,0.885533,0.128,300.8
2701,0.884533,,0.913200,0.885533,0.120,300.9
2702,0.884000,,0.913200,0.885533,0.104,301.0
2703,0.884100,,0.913200,0.885533,0.105,301.1
2704,0.884217,,0.913200,0.885533,0.119,301.2
2705,0.883300,,0.913200,0.885533,0.103,301.3
2706,0.883233,,0.913200,0.885533,0.107,301.4
2707,0.884100,,0.913200,0.885533,0.120,301.5
2708,0.883550,,0.913200,0.885533,0.107,301.6
2709,0.884933,,0.913200,0.885533,0.103,301.8
2710,0.884367,,0.913200,0.885533,0.104,301.9
2711,0.884167,,0.913200,0.885533,0.103,302.0
2712,0.884833,,0.913200,0.885533,0.104,302.1
2713,0.883250,,0.913200,0.885533,0.103,302.2
2714,0.884500,,0.913200,0.885533,0.106,302.3
2715,0.883250,,0.913200,0.885533,0.121,302.4
2716,0.883900,,0.913200,0.885533,0.120,302.5
2717,0.884817,,0.913200,0.885533,0.106,302.6
2718,0.885400,,0.913200,0.885533,0.119,302.7
2719,0.883067,,0.913200,0.885533,0.103,302.8
2720,0.884217,,0.913200,0.885533,0.106,302.9
2721,0.884850,,0.913200,0.885533,0.119,303.1
2722,0.883800,,0.913200,0.885533,0.108,303.2
2723,0.883583,,0.913200,0.885533,0.119,303.3
2724,0.884250,,0.913200,0.885533,0.104,303.4
2725,0.883583,,0.913200,0.885533,0.103,303.5
2726,0.884783,,0.913200,0.885533,0.102,303.6
2727,0.884250,,0.913200,0.885533,0.102,303.7
2728,0.883933,,0.913200,0.885533,0.104,303.8
2729,0.885567,,0.913200,0.885567,0.102,303.9
2730,0.882500,,0.913200,0.885567,0.108,304.0
2731,0.884350,,0.913200,0.885567,0.120,304.1
2732,0.884350,,0.913200,0.885567,0.107,304.2
2733,0.884167,,0.913200,0.885567,0.120,304.4
2734,0.884083,,0.913200,0.885567,0.117,304.5
2735,0.885583,,0.913200,0.885583,0.122,304.6
2736,0.883317,,0.913200,0.885583,0.124,304.7
2737,0.884783,,0.913200,0.885583,0.120,304.8
2738,0.882467,,0.913200,0.885583,0.107,305.0
2739,0.885033,,0.913200,0.885583,0.118,305.1
2740,0.882833,,0.913200,0.885583,0.103,305.2
2741,0.884283,,0.913200,0.885583,0.104,305.3
2742,0.884583,,0.913200,0.885583,0.102,305.4
2743,0.884483,,0.913200,0.885583,0.102,305.5
2744,0.884450,,0.913200,0.885583,0.103,305.6
2745,0.884683,,0.913200,0.885583,0.105,305.7
2746,0.884117,,0.913200,0.885583,0.106,305.8
2747,0.883067,,0.913200,0.885583,0.120,305.9
2748,0.884017,,0.913200,0.885583,0.103,306.0
2749,0.883067,,0.913200,0.885583,0.106,306.1
2750,0.883917,0.9140000343322754,0.914000,0.885583,0.140,306.3
2751,0.883100,,0.914000,0.885583,0.099,306.4
2752,0.883917,,0.914000,0.885583,0.108,306.5
2753,0.884367,,0.914000,0.885583,0.124,306.6
2754,0.884017,,0.914000,0.885583,0.122,306.7
2755,0.884950,,0.914000,0.885583,0.123,306.8
2756,0.884767,,0.914000,0.885583,0.119,307.0
2757,0.885117,,0.914000,0.885583,0.104,307.1
2758,0.885250,,0.914000,0.885583,0.105,307.2
2759,0.885000,,0.914000,0.885583,0.102,307.3
2760,0.884150,,0.914000,0.885583,0.104,307.4
2761,0.884717,,0.914000,0.885583,0.102,307.5
2762,0.884217,,0.914000,0.885583,0.101,307.6
2763,0.885933,,0.914000,0.885933,0.107,307.7
2764,0.884700,,0.914000,0.885933,0.122,307.8
2765,0.884550,,0.914000,0.885933,0.119,307.9
2766,0.885817,,0.914000,0.885933,0.103,308.0
2767,0.884283,,0.914000,0.885933,0.106,308.1
2768,0.884917,,0.914000,0.885933,0.119,308.3
2769,0.884817,,0.914000,0.885933,0.103,308.4
2770,0.884933,,0.914000,0.885933,0.105,308.5
2771,0.884400,,0.914000,0.885933,0.102,308.6
2772,0.884500,,0.914000,0.885933,0.106,308.7
2773,0.885167,,0.914000,0.885933,0.119,308.8
2774,0.885067,,0.914000,0.885933,0.108,308.9
2775,0.886350,,0.914000,0.886350,0.117,309.0
2776,0.884433,,0.914000,0.886350,0.107,309.1
2777,0.885517,,0.914000,0.886350,0.120,309.2
2778,0.885250,,0.914000,0.886350,0.107,309.3
2779,0.885767,,0.914000,0.886350,0.120,309.5
2780,0.884733,,0.914000,0.886350,0.105,309.6
2781,0.884250,,0.914000,0.886350,0.104,309.7
2782,0.884233,,0.914000,0.886350,0.105,309.8
2783,0.884983,,0.914000,0.886350,0.119,309.9
2784,0.885233,,0.914000,0.886350,0.103,310.0
2785,0.886517,,0.914000,0.886517,0.104,310.1
2786,0.884517,,0.914000,0.886517,0.103,310.2
2787,0.884717,,0.914000,0.886517,0.103,310.3
2788,0.885617,,0.914000,0.886517,0.103,310.4
2789,0.885050,,0.914000,0.886517,0.105,310.5
2790,0.885650,,0.914000,0.886517,0.119,310.6
2791,0.884117,,0.914000,0.886517,0.104,310.7
2792,0.885283,,0.914000,0.886517,0.104,310.8
2793,0.884533,,0.914000,0.886517,0.106,311.0
2794,0.883817,,0.914000,0.886517,0.121,311.1
2795,0.884267,,0.914000,0.886517,0.122,311.2
2796,0.884167,,0.914000,0.886517,0.121,311.3
2797,0.885017,,0.914000,0.886517,0.103,311.4
2798,0.885433,,0.914000,0.886517,0.107,311.5
2799,0.884783,,0.914000,0.886517,0.121,311.6
2800,0.886200,0.9147999286651611,0.914800,0.886517,0.139,311.8
2801,0.884967,,0.914800,0.886517,0.121,311.9
2802,0.885267,,0.914800,0.886517,0.121,312.0
2803,0.884667,,0.914800,0.886517,0.104,312.1
2804,0.884167,,0.914800,0.886517,0.105,312.2
2805,0.885617,,0.914800,0.886517,0.107,312.3
2806,0.883567,,0.914800,0.886517,0.120,312.5
2807,0.884333,,0.914800,0.886517,0.104,312.6
2808,0.884950,,0.914800,0.886517,0.104,312.7
2809,0.885300,,0.914800,0.886517,0.105,312.8
2810,0.886517,,0.914800,0.886517,0.107,312.9
2811,0.886500,,0.914800,0.886517,0.122,313.0
2812,0.884867,,0.914800,0.886517,0.122,313.1
2813,0.883800,,0.914800,0.886517,0.120,313.2
2814,0.886100,,0.914800,0.886517,0.106,313.4
2815,0.885933,,0.914800,0.886517,0.102,313.5
2816,0.885150,,0.914800,0.886517,0.107,313.6
2817,0.885383,,0.914800,0.886517,0.123,313.7
2818,0.885050,,0.914800,0.886517,0.120,313.8
2819,0.886950,,0.914800,0.886950,0.102,313.9
2820,0.885150,,0.914800,0.886950,0.115,314.0
2821,0.885350,,0.914800,0.886950,0.105,314.1
2822,0.887533,,0.914800,0.887533,0.105,314.2
2823,0.885150,,0.914800,0.887533,0.103,314.3
2824,0.886100,,0.914800,0.887533,0.102,314.4
2825,0.885467,,0.914800,0.887533,0.102,314.5
2826,0.886100,,0.914800,0.887533,0.104,314.6
2827,0.884033,,0.914800,0.887533,0.115,314.8
2828,0.885583,,0.914800,0.887533,0.120,314.9
2829,0.884583,,0.914800,0.887533,0.107,315.0
2830,0.885317,,0.914800,0.887533,0.118,315.1
2831,0.885567,,0.914800,0.887533,0.107,315.2
2832,0.884100,,0.914800,0.887533,0.121,315.3
2833,0.885883,,0.914800,0.887533,0.104,315.4
2834,0.884367,,0.914800,0.887533,0.104,315.5
2835,0.885500,,0.914800,0.887533,0.104,315.6
2836,0.886867,,0.914800,0.887533,0.104,315.7
2837,0.885350,,0.914800,0.887533,0.103,315.8
2838,0.884467,,0.914800,0.887533,0.107,316.0
2839,0.884867,,0.914800,0.887533,0.121,316.1
2840,0.884400,,0.914800,0.887533,0.103,316.2
2841,0.884817,,0.914800,0.887533,0.102,316.3
2842,0.886383,,0.914800,0.887533,0.103,316.4
2843,0.885233,,0.914800,0.887533,0.104,316.5
2844,0.885950,,0.914800,0.887533,0.105,316.6
2845,0.886033,,0.914800,0.887533,0.104,316.7
2846,0.885617,,0.914800,0.887533,0.102,316.8
2847,0.885400,,0.914800,0.887533,0.104,316.9
2848,0.885983,,0.914800,0.887533,0.104,317.0
2849,0.884700,,0.914800,0.887533,0.104,317.1
2850,0.883917,0.9125999808311462,0.914800,0.887533,0.129,317.2
2851,0.887133,,0.914800,0.887533,0.100,317.3
2852,0.884883,,0.914800,0.887533,0.106,317.4
2853,0.885467,,0.914800,0.887533,0.124,317.6
2854,0.884783,,0.914800,0.887533,0.124,317.7
2855,0.886117,,0.914800,0.887533,0.118,317.8
2856,0.885583,,0.914800,0.887533,0.106,317.9
2857,0.885017,,0.914800,0.887533,0.121,318.0
2858,0.886233,,0.914800,0.887533,0.105,318.1
2859,0.885933,,0.914800,0.887533,0.120,318.3
2860,0.886467,,0.914800,0.887533,0.107,318.4
2861,0.885950,,0.914800,0.887533,0.120,318.5
2862,0.884200,,0.914800,0.887533,0.103,318.6
2863,0.885250,,0.914800,0.887533,0.106,318.7
2864,0.885967,,0.914800,0.887533,0.102,318.8
2865,0.885450,,0.914800,0.887533,0.107,318.9
2866,0.885533,,0.914800,0.887533,0.121,319.0
2867,0.884150,,0.914800,0.887533,0.121,319.2
2868,0.885217,,0.914800,0.887533,0.123,319.3
2869,0.886033,,0.914800,0.887533,0.122,319.4
2870,0.885950,,0.914800,0.887533,0.118,319.5
2871,0.884967,,0.914800,0.887533,0.106,319.6
2872,0.885650,,0.914800,0.887533,0.120,319.7
2873,0.887433,,0.914800,0.887533,0.106,319.8
2874,0.883883,,0.914800,0.887533,0.119,320.0
2875,0.885000,,0.914800,0.887533,0.106,320.1
2876,0.883917,,0.914800,0.887533,0.119,320.2
2877,0.886117,,0.914800,0.887533,0.104,320.3
2878,0.886300,,0.914800,0.887533,0.104,320.4
2879,0.885150,,0.914800,0.887533,0.103,320.5
2880,0.885767,,0.914800,0.887533,0.102,320.6
2881,0.886200,,0.914800,0.887533,0.102,320.7
2882,0.884617,,0.914800,0.887533,0.105,320.8
2883,0.887083,,0.914800,0.887533,0.103,320.9
2884,0.886283,,0.914800,0.887533,0.103,321.0
2885,0.885533,,0.914800,0.887533,0.103,321.1
2886,0.886750,,0.914800,0.887533,0.103,321.2
2887,0.885267,,0.914800,0.887533,0.102,321.3
2888,0.885683,,0.914800,0.887533,0.108,321.4
2889,0.886100,,0.914800,0.887533,0.121,321.6
2890,0.885850,,0.914800,0.887533,0.103,321.7
2891,0.885050,,0.914800,0.887533,0.105,321.8
2892,0.886850,,0.914800,0.887533,0.104,321.9
2893,0.885250,,0.914800,0.887533,0.103,322.0
2894,0.886517,,0.914800,0.887533,0.101,322.1
2895,0.885833,,0.914800,0.887533,0.104,322.2
2896,0.886683,,0.914800,0.887533,0.104,322.3
2897,0.884133,,0.914800,0.887533,0.103,322.4
2898,0.886617,,0.914800,0.887533,0.103,322.5
2899,0.886583,,0.914800,0.887533,0.104,322.6
2900,0.887267,0.9151999950408936,0.915200,0.887533,0.126,322.7
2901,0.885083,,0.915200,0.887533,0.100,322.8
2902,0.886750,,0.915200,0.887533,0.112,322.9
2903,0.885883,,0.915200,0.887533,0.107,323.0
2904,0.884100,,0.915200,0.887533,0.120,323.2
2905,0.886667,,0.915200,0.887533,0.104,323.3
2906,0.885250,,0.915200,0.887533,0.102,323.4
2907,0.885167,,0.915200,0.887533,0.104,323.5
2908,0.885083,,0.915200,0.887533,0.103,323.6
2909,0.885317,,0.915200,0.887533,0.103,323.7
2910,0.885583,,0.915200,0.887533,0.107,323.8
2911,0.885217,,0.915200,0.887533,0.121,323.9
2912,0.885100,,0.915200,0.887533,0.105,324.0
2913,0.886883,,0.915200,0.887533,0.104,324.1
2914,0.886317,,0.915200,0.887533,0.104,324.2
2915,0.885867,,0.915200,0.887533,0.107,324.3
2916,0.886367,,0.915200,0.887533,0.119,324.4
2917,0.887517,,0.915200,0.887533,0.104,324.5
2918,0.887300,,0.915200,0.887533,0.103,324.6
2919,0.887600,,0.915200,0.887600,0.103,324.7
2920,0.886750,,0.915200,0.887600,0.103,324.9
2921,0.884933,,0.915200,0.887600,0.106,325.0
2922,0.885633,,0.915200,0.887600,0.120,325.1
2923,0.886233,,0.915200,0.887600,0.106,325.2
2924,0.885950,,0.915200,0.887600,0.119,325.3
2925,0.887383,,0.915200,0.887600,0.104,325.4
2926,0.885733,,0.915200,0.887600,0.103,325.5
2927,0.885150,,0.915200,0.887600,0.104,325.6
2928,0.887117,,0.915200,0.887600,0.102,325.7
2929,0.885767,,0.915200,0.887600,0.103,325.8
2930,0.886317,,0.915200,0.887600,0.106,325.9
2931,0.884300,,0.915200,0.887600,0.119,326.0
2932,0.887733,,0.915200,0.887733,0.106,326.1
2933,0.886383,,0.915200,0.887733,0.102,326.3
2934,0.886200,,0.915200,0.887733,0.104,326.4
2935,0.885633,,0.915200,0.887733,0.103,326.5
2936,0.884917,,0.915200,0.887733,0.102,326.6
2937,0.886417,,0.915200,0.887733,0.102,326.7
2938,0.885983,,0.915200,0.887733,0.102,326.8
2939,0.885867,,0.915200,0.887733,0.103,326.9
2940,0.885600,,0.915200,0.887733,0.102,327.0
2941,0.885200,,0.915200,0.887733,0.104,327.1
2942,0.885317,,0.915200,0.887733,0.106,327.2
2943,0.885483,,0.915200,0.887733,0.121,327.3
2944,0.887350,,0.915200,0.887733,0.105,327.4
2945,0.883183,,0.915200,0.887733,0.120,327.5
2946,0.886600,,0.915200,0.887733,0.115,327.6
2947,0.885417,,0.915200,0.887733,0.103,327.7
2948,0.886733,,0.915200,0.887733,0.106,327.8
2949,0.886133,,0.915200,0.887733,0.118,328.0
2950,0.887233,0.9131999611854553,0.915200,0.887733,0.123,328.1
2951,0.886033,,0.915200,0.887733,0.100,328.2
2952,0.886683,,0.915200,0.887733,0.107,328.3
2953,0.887983,,0.915200,0.887983,0.123,328.4
2954,0.885967,,0.915200,0.887983,0.121,328.5
2955,0.887050,,0.915200,0.887983,0.122,328.7
2956,0.887250,,0.915200,0.887983,0.117,328.8
2957,0.886383,,0.915200,0.887983,0.106,328.9
2958,0.885617,,0.915200,0.887983,0.121,329.0
2959,0.887017,,0.915200,0.887983,0.118,329.1
2960,0.887467,,0.915200,0.887983,0.104,329.2
2961,0.886633,,0.915200,0.887983,0.120,329.4
2962,0.885467,,0.915200,0.887983,0.104,329.5
2963,0.888267,,0.915200,0.888267,0.102,329.6
2964,0.886083,,0.915200,0.888267,0.103,329.7
2965,0.886033,,0.915200,0.888267,0.106,329.8
2966,0.885867,,0.915200,0.888267,0.119,329.9
2967,0.887317,,0.915200,0.888267,0.102,330.0
2968,0.885467,,0.915200,0.888267,0.103,330.1
2969,0.885750,,0.915200,0.888267,0.103,330.2
2970,0.886150,,0.915200,0.888267,0.105,330.3
2971,0.885533,,0.915200,0.888267,0.108,330.4
2972,0.885667,,0.915200,0.888267,0.119,330.5
2973,0.886767,,0.915200,0.888267,0.106,330.6
2974,0.886183,,0.915200,0.888267,0.120,330.8
2975,0.886000,,0.915200,0.888267,0.107,330.9
2976,0.886367,,0.915200,0.888267,0.119,331.0
2977,0.886600,,0.915200,0.888267,0.105,331.1
2978,0.884317,,0.915200,0.888267,0.119,331.2
2979,0.885383,,0.915200,0.888267,0.105,331.3
2980,0.885083,,0.915200,0.888267,0.107,331.4
2981,0.886250,,0.915200,0.888267,0.121,331.5
2982,0.884383,,0.915200,0.888267,0.104,331.6
2983,0.885367,,0.915200,0.888267,0.103,331.7
2984,0.884033,,0.915200,0.888267,0.104,331.8
2985,0.886950,,0.915200,0.888267,0.103,331.9
2986,0.885850,,0.915200,0.888267,0.103,332.1
2987,0.885517,,0.915200,0.888267,0.102,332.2
2988,0.885683,,0.915200,0.888267,0.102,332.3
2989,0.886350,,0.915200,0.888267,0.103,332.4
2990,0.885600,,0.915200,0.888267,0.104,332.5
2991,0.886067,,0.915200,0.888267,0.103,332.6
2992,0.886883,,0.915200,0.888267,0.102,332.7
2993,0.885467,,0.915200,0.888267,0.104,332.8
2994,0.886217,,0.915200,0.888267,0.103,332.9
2995,0.886650,,0.915200,0.888267,0.103,333.0
2996,0.886550,,0.915200,0.888267,0.103,333.1
2997,0.884350,,0.915200,0.888267,0.106,333.2
2998,0.886833,,0.915200,0.888267,0.122,333.3
2999,0.885917,,0.915200,0.888267,0.119,333.4
