epoch,train_acc,val_acc,best_val,best_train,epoch_time,cum_time
0,0.085817,0.09799999743700027,0.098000,0.085817,5.750,5.7
1,0.086417,,0.098000,0.086417,0.206,6.0
2,0.085450,,0.098000,0.086417,0.187,6.1
3,0.085000,,0.098000,0.086417,0.184,6.3
4,0.084550,,0.098000,0.086417,0.183,6.5
5,0.084000,,0.098000,0.086417,0.186,6.7
6,0.082800,,0.098000,0.086417,0.249,6.9
7,0.087067,,0.098000,0.087067,0.185,7.1
8,0.085267,,0.098000,0.087067,0.184,7.3
9,0.084767,,0.098000,0.087067,0.186,7.5
10,0.084900,,0.098000,0.087067,0.184,7.7
11,0.086417,,0.098000,0.087067,0.184,7.9
12,0.085733,,0.098000,0.087067,0.187,8.1
13,0.088050,,0.098000,0.088050,0.183,8.2
14,0.087500,,0.098000,0.088050,0.186,8.4
15,0.088017,,0.098000,0.088050,0.186,8.6
16,0.088183,,0.098000,0.088183,0.186,8.8
17,0.089517,,0.098000,0.089517,0.253,9.0
18,0.089733,,0.098000,0.089733,0.188,9.2
19,0.089583,,0.098000,0.089733,0.184,9.4
20,0.090533,,0.098000,0.090533,0.187,9.6
21,0.089917,,0.098000,0.090533,0.186,9.8
22,0.094000,,0.098000,0.094000,0.184,10.0
23,0.092467,,0.098000,0.094000,0.184,10.2
24,0.093567,,0.098000,0.094000,0.182,10.3
25,0.093900,,0.098000,0.094000,0.183,10.5
26,0.096383,,0.098000,0.096383,0.185,10.7
27,0.097700,,0.098000,0.097700,0.218,10.9
28,0.099033,,0.098000,0.099033,0.185,11.1
29,0.102217,,0.098000,0.102217,0.183,11.3
30,0.104867,,0.098000,0.104867,0.184,11.5
31,0.103400,,0.098000,0.104867,0.183,11.7
32,0.104167,,0.098000,0.104867,0.183,11.8
33,0.104250,,0.098000,0.104867,0.187,12.0
34,0.105533,,0.098000,0.105533,0.183,12.2
35,0.108117,,0.098000,0.108117,0.185,12.4
36,0.105967,,0.098000,0.108117,0.186,12.6
37,0.109817,,0.098000,0.109817,0.187,12.8
38,0.109233,,0.098000,0.109817,0.252,13.0
39,0.109183,,0.098000,0.109817,0.184,13.2
40,0.109883,,0.098000,0.109883,0.185,13.4
41,0.111283,,0.098000,0.111283,0.187,13.6
42,0.110500,,0.098000,0.111283,0.186,13.8
43,0.111117,,0.098000,0.111283,0.186,14.0
44,0.112683,,0.098000,0.112683,0.183,14.1
45,0.113083,,0.098000,0.113083,0.184,14.3
46,0.113383,,0.098000,0.113383,0.186,14.5
47,0.110983,,0.098000,0.113383,0.185,14.7
48,0.114167,,0.098000,0.114167,0.186,14.9
49,0.114350,,0.098000,0.114350,0.250,15.1
50,0.113717,0.09939999878406525,0.099400,0.114350,0.247,15.4
51,0.115467,,0.099400,0.115467,0.139,15.5
52,0.116433,,0.099400,0.116433,0.187,15.7
53,0.116967,,0.099400,0.116967,0.185,15.9
54,0.116917,,0.099400,0.116967,0.185,16.1
55,0.116633,,0.099400,0.116967,0.186,16.3
56,0.116467,,0.099400,0.116967,0.183,16.4
57,0.117233,,0.099400,0.117233,0.185,16.6
58,0.118683,,0.099400,0.118683,0.185,16.8
59,0.119750,,0.099400,0.119750,0.183,17.0
60,0.120433,,0.099400,0.120433,0.239,17.2
61,0.121767,,0.099400,0.121767,0.184,17.4
62,0.119800,,0.099400,0.121767,0.185,17.6
63,0.122383,,0.099400,0.122383,0.185,17.8
64,0.121517,,0.099400,0.122383,0.185,18.0
65,0.122400,,0.099400,0.122400,0.187,18.2
66,0.124100,,0.099400,0.124100,0.185,18.3
67,0.122883,,0.099400,0.124100,0.186,18.5
68,0.123433,,0.099400,0.124100,0.187,18.7
69,0.122583,,0.099400,0.124100,0.186,18.9
70,0.122717,,0.099400,0.124100,0.186,19.1
71,0.124933,,0.099400,0.124933,0.269,19.4
72,0.122967,,0.099400,0.124933,0.186,19.5
73,0.124217,,0.099400,0.124933,0.183,19.7
74,0.124667,,0.099400,0.124933,0.186,19.9
75,0.124950,,0.099400,0.124950,0.184,20.1
76,0.126917,,0.099400,0.126917,0.183,20.3
77,0.126083,,0.099400,0.126917,0.184,20.5
78,0.126083,,0.099400,0.126917,0.184,20.6
79,0.126033,,0.099400,0.126917,0.188,20.8
80,0.126300,,0.099400,0.126917,0.184,21.0
81,0.127167,,0.099400,0.127167,0.185,21.2
82,0.127683,,0.099400,0.127683,0.254,21.5
83,0.127267,,0.099400,0.127683,0.184,21.6
84,0.126767,,0.099400,0.127683,0.184,21.8
85,0.127550,,0.099400,0.127683,0.184,22.0
86,0.127950,,0.099400,0.127950,0.185,22.2
87,0.128167,,0.099400,0.128167,0.186,22.4
88,0.126667,,0.099400,0.128167,0.188,22.6
89,0.130317,,0.099400,0.130317,0.186,22.8
90,0.129333,,0.099400,0.130317,0.186,22.9
91,0.128750,,0.099400,0.130317,0.187,23.1
92,0.130200,,0.099400,0.130317,0.185,23.3
93,0.129317,,0.099400,0.130317,0.229,23.5
94,0.129100,,0.099400,0.130317,0.187,23.7
95,0.129183,,0.099400,0.130317,0.186,23.9
96,0.129750,,0.099400,0.130317,0.186,24.1
97,0.130500,,0.099400,0.130500,0.184,24.3
98,0.130367,,0.099400,0.130500,0.185,24.5
99,0.130133,,0.099400,0.130500,0.186,24.7
100,0.130433,0.10080000013113022,0.100800,0.130500,0.245,24.9
101,0.133600,,0.100800,0.133600,0.137,25.0
102,0.133500,,0.100800,0.133600,0.185,25.2
103,0.131967,,0.100800,0.133600,0.187,25.4
104,0.133800,,0.100800,0.133800,0.250,25.7
105,0.134017,,0.100800,0.134017,0.186,25.8
106,0.135717,,0.100800,0.135717,0.187,26.0
107,0.136383,,0.100800,0.136383,0.184,26.2
108,0.135833,,0.100800,0.136383,0.186,26.4
109,0.135633,,0.100800,0.136383,0.187,26.6
110,0.139150,,0.100800,0.139150,0.184,26.8
111,0.138283,,0.100800,0.139150,0.187,27.0
112,0.138100,,0.100800,0.139150,0.182,27.1
113,0.139050,,0.100800,0.139150,0.185,27.3
114,0.139067,,0.100800,0.139150,0.185,27.5
115,0.139783,,0.100800,0.139783,0.256,27.8
116,0.141883,,0.100800,0.141883,0.186,28.0
117,0.140500,,0.100800,0.141883,0.184,28.1
118,0.142100,,0.100800,0.142100,0.186,28.3
119,0.142300,,0.100800,0.142300,0.187,28.5
120,0.144567,,0.100800,0.144567,0.184,28.7
121,0.144267,,0.100800,0.144567,0.186,28.9
122,0.146300,,0.100800,0.146300,0.186,29.1
123,0.148900,,0.100800,0.148900,0.187,29.3
124,0.147400,,0.100800,0.148900,0.185,29.4
125,0.150067,,0.100800,0.150067,0.187,29.6
126,0.150550,,0.100800,0.150550,0.235,29.9
127,0.152533,,0.100800,0.152533,0.184,30.0
128,0.150667,,0.100800,0.152533,0.186,30.2
129,0.155267,,0.100800,0.155267,0.184,30.4
130,0.155833,,0.100800,0.155833,0.183,30.6
131,0.157367,,0.100800,0.157367,0.187,30.8
132,0.157433,,0.100800,0.157433,0.183,31.0
133,0.160883,,0.100800,0.160883,0.185,31.2
134,0.160133,,0.100800,0.160883,0.185,31.3
135,0.163367,,0.100800,0.163367,0.184,31.5
136,0.163817,,0.100800,0.163817,0.186,31.7
137,0.166683,,0.100800,0.166683,0.239,31.9
138,0.166867,,0.100800,0.166867,0.186,32.1
139,0.168483,,0.100800,0.168483,0.185,32.3
140,0.171183,,0.100800,0.171183,0.186,32.5
141,0.169900,,0.100800,0.171183,0.187,32.7
142,0.171467,,0.100800,0.171467,0.184,32.9
143,0.173583,,0.100800,0.173583,0.184,33.1
144,0.176633,,0.100800,0.176633,0.186,33.2
145,0.177283,,0.100800,0.177283,0.189,33.4
146,0.177033,,0.100800,0.177283,0.185,33.6
147,0.178283,,0.100800,0.178283,0.184,33.8
148,0.182217,,0.100800,0.182217,0.234,34.0
149,0.181817,,0.100800,0.182217,0.188,34.2
150,0.183567,0.19280000030994415,0.192800,0.183567,0.248,34.5
151,0.186150,,0.192800,0.186150,0.139,34.6
152,0.187767,,0.192800,0.187767,0.186,34.8
153,0.188667,,0.192800,0.188667,0.186,35.0
154,0.190083,,0.192800,0.190083,0.185,35.2
155,0.194050,,0.192800,0.194050,0.186,35.4
156,0.196200,,0.192800,0.196200,0.187,35.5
157,0.197867,,0.192800,0.197867,0.188,35.7
158,0.196150,,0.192800,0.197867,0.183,35.9
159,0.198167,,0.192800,0.198167,0.257,36.2
160,0.199983,,0.192800,0.199983,0.186,36.4
161,0.204083,,0.192800,0.204083,0.185,36.5
162,0.205550,,0.192800,0.205550,0.185,36.7
163,0.207800,,0.192800,0.207800,0.187,36.9
164,0.209033,,0.192800,0.209033,0.188,37.1
165,0.210717,,0.192800,0.210717,0.187,37.3
166,0.212117,,0.192800,0.212117,0.184,37.5
167,0.216050,,0.192800,0.216050,0.186,37.7
168,0.216167,,0.192800,0.216167,0.186,37.8
169,0.217850,,0.192800,0.217850,0.191,38.0
170,0.220650,,0.192800,0.220650,0.265,38.3
171,0.220900,,0.192800,0.220900,0.196,38.5
172,0.222333,,0.192800,0.222333,0.194,38.7
173,0.224250,,0.192800,0.224250,0.196,38.9
174,0.224350,,0.192800,0.224350,0.196,39.1
175,0.227300,,0.192800,0.227300,0.194,39.3
176,0.230450,,0.192800,0.230450,0.198,39.5
177,0.233467,,0.192800,0.233467,0.188,39.7
178,0.232583,,0.192800,0.233467,0.188,39.9
179,0.235717,,0.192800,0.235717,0.193,40.0
180,0.236850,,0.192800,0.236850,0.192,40.2
181,0.242400,,0.192800,0.242400,0.263,40.5
182,0.241500,,0.192800,0.242400,0.189,40.7
183,0.243783,,0.192800,0.243783,0.185,40.9
184,0.245400,,0.192800,0.245400,0.187,41.1
185,0.249517,,0.192800,0.249517,0.189,41.3
186,0.251217,,0.192800,0.251217,0.186,41.4
187,0.250017,,0.192800,0.251217,0.183,41.6
188,0.253367,,0.192800,0.253367,0.186,41.8
189,0.257333,,0.192800,0.257333,0.186,42.0
190,0.260150,,0.192800,0.260150,0.185,42.2
191,0.264017,,0.192800,0.264017,0.185,42.4
192,0.266700,,0.192800,0.266700,0.254,42.6
193,0.267850,,0.192800,0.267850,0.185,42.8
194,0.269950,,0.192800,0.269950,0.188,43.0
195,0.273800,,0.192800,0.273800,0.190,43.2
196,0.274267,,0.192800,0.274267,0.190,43.4
197,0.275867,,0.192800,0.275867,0.190,43.6
198,0.280033,,0.192800,0.280033,0.185,43.7
199,0.284883,,0.192800,0.284883,0.184,43.9
200,0.286000,0.31610000133514404,0.316100,0.286000,0.251,44.2
201,0.287900,,0.316100,0.287900,0.141,44.3
202,0.291533,,0.316100,0.291533,0.189,44.5
203,0.292650,,0.316100,0.292650,0.258,44.8
204,0.298533,,0.316100,0.298533,0.187,45.0
205,0.300883,,0.316100,0.300883,0.189,45.1
206,0.302967,,0.316100,0.302967,0.186,45.3
207,0.306400,,0.316100,0.306400,0.193,45.5
208,0.308167,,0.316100,0.308167,0.185,45.7
209,0.310717,,0.316100,0.310717,0.181,45.9
210,0.313983,,0.316100,0.313983,0.186,46.1
211,0.313717,,0.316100,0.313983,0.188,46.3
212,0.318600,,0.316100,0.318600,0.193,46.5
213,0.321650,,0.316100,0.321650,0.185,46.6
214,0.325417,,0.316100,0.325417,0.255,46.9
215,0.324183,,0.316100,0.325417,0.186,47.1
216,0.328017,,0.316100,0.328017,0.187,47.3
217,0.331900,,0.316100,0.331900,0.191,47.5
218,0.332500,,0.316100,0.332500,0.186,47.6
219,0.337433,,0.316100,0.337433,0.187,47.8
220,0.343267,,0.316100,0.343267,0.188,48.0
221,0.342400,,0.316100,0.343267,0.187,48.2
222,0.348233,,0.316100,0.348233,0.188,48.4
223,0.350167,,0.316100,0.350167,0.187,48.6
224,0.352750,,0.316100,0.352750,0.188,48.8
225,0.356783,,0.316100,0.356783,0.299,49.1
226,0.359567,,0.316100,0.359567,0.189,49.3
227,0.365500,,0.316100,0.365500,0.186,49.4
228,0.366717,,0.316100,0.366717,0.185,49.6
229,0.371400,,0.316100,0.371400,0.189,49.8
230,0.372400,,0.316100,0.372400,0.185,50.0
231,0.379150,,0.316100,0.379150,0.189,50.2
232,0.382867,,0.316100,0.382867,0.188,50.4
233,0.387117,,0.316100,0.387117,0.185,50.6
234,0.392933,,0.316100,0.392933,0.183,50.8
235,0.396783,,0.316100,0.396783,0.185,50.9
236,0.399417,,0.316100,0.399417,0.255,51.2
237,0.405767,,0.316100,0.405767,0.186,51.4
238,0.408850,,0.316100,0.408850,0.188,51.6
239,0.413883,,0.316100,0.413883,0.186,51.8
240,0.419317,,0.316100,0.419317,0.187,51.9
241,0.421667,,0.316100,0.421667,0.189,52.1
242,0.427283,,0.316100,0.427283,0.186,52.3
243,0.431917,,0.316100,0.431917,0.188,52.5
244,0.436633,,0.316100,0.436633,0.188,52.7
245,0.446517,,0.316100,0.446517,0.188,52.9
246,0.448433,,0.316100,0.448433,0.186,53.1
247,0.452433,,0.316100,0.452433,0.256,53.3
248,0.457017,,0.316100,0.457017,0.184,53.5
249,0.460950,,0.316100,0.460950,0.190,53.7
250,0.468033,0.6559000015258789,0.655900,0.468033,0.249,53.9
251,0.470933,,0.655900,0.470933,0.142,54.1
252,0.473700,,0.655900,0.473700,0.192,54.3
253,0.479933,,0.655900,0.479933,0.186,54.5
254,0.485250,,0.655900,0.485250,0.187,54.6
255,0.488183,,0.655900,0.488183,0.189,54.8
256,0.492333,,0.655900,0.492333,0.187,55.0
257,0.496117,,0.655900,0.496117,0.187,55.2
258,0.499150,,0.655900,0.499150,0.256,55.5
259,0.506000,,0.655900,0.506000,0.187,55.7
260,0.506167,,0.655900,0.506167,0.186,55.8
261,0.513267,,0.655900,0.513267,0.189,56.0
262,0.512633,,0.655900,0.513267,0.188,56.2
263,0.516633,,0.655900,0.516633,0.187,56.4
264,0.517950,,0.655900,0.517950,0.188,56.6
265,0.523733,,0.655900,0.523733,0.188,56.8
266,0.526900,,0.655900,0.526900,0.186,57.0
267,0.529933,,0.655900,0.529933,0.190,57.2
268,0.534817,,0.655900,0.534817,0.185,57.3
269,0.535050,,0.655900,0.535050,0.254,57.6
270,0.538317,,0.655900,0.538317,0.186,57.8
271,0.541833,,0.655900,0.541833,0.187,58.0
272,0.545883,,0.655900,0.545883,0.188,58.2
273,0.545967,,0.655900,0.545967,0.189,58.3
274,0.549133,,0.655900,0.549133,0.189,58.5
275,0.551667,,0.655900,0.551667,0.188,58.7
276,0.556817,,0.655900,0.556817,0.186,58.9
277,0.556183,,0.655900,0.556817,0.187,59.1
278,0.558767,,0.655900,0.558767,0.191,59.3
279,0.561933,,0.655900,0.561933,0.190,59.5
280,0.562717,,0.655900,0.562717,0.254,59.7
281,0.562967,,0.655900,0.562967,0.188,59.9
282,0.570567,,0.655900,0.570567,0.187,60.1
283,0.568667,,0.655900,0.570567,0.186,60.3
284,0.570117,,0.655900,0.570567,0.187,60.5
285,0.573517,,0.655900,0.573517,0.187,60.7
286,0.575133,,0.655900,0.575133,0.185,60.8
287,0.576633,,0.655900,0.576633,0.186,61.0
288,0.579133,,0.655900,0.579133,0.188,61.2
289,0.580800,,0.655900,0.580800,0.187,61.4
290,0.582350,,0.655900,0.582350,0.187,61.6
291,0.584250,,0.655900,0.584250,0.239,61.8
292,0.588717,,0.655900,0.588717,0.187,62.0
293,0.588933,,0.655900,0.588933,0.188,62.2
294,0.590817,,0.655900,0.590817,0.188,62.4
295,0.593383,,0.655900,0.593383,0.188,62.6
296,0.591833,,0.655900,0.593383,0.190,62.8
297,0.597550,,0.655900,0.597550,0.187,63.0
298,0.593850,,0.655900,0.597550,0.191,63.2
299,0.601983,,0.655900,0.601983,0.188,63.3
300,0.602700,0.75,0.750000,0.602700,0.251,63.6
301,0.608133,,0.750000,0.608133,0.143,63.7
302,0.606817,,0.750000,0.608133,0.252,64.0
303,0.607733,,0.750000,0.608133,0.189,64.2
304,0.610750,,0.750000,0.610750,0.187,64.4
305,0.608533,,0.750000,0.610750,0.190,64.6
306,0.613517,,0.750000,0.613517,0.189,64.7
307,0.612683,,0.750000,0.613517,0.187,64.9
308,0.616200,,0.750000,0.616200,0.186,65.1
309,0.615517,,0.750000,0.616200,0.186,65.3
310,0.619167,,0.750000,0.619167,0.187,65.5
311,0.621433,,0.750000,0.621433,0.185,65.7
312,0.621150,,0.750000,0.621433,0.187,65.9
313,0.624650,,0.750000,0.624650,0.254,66.1
314,0.625200,,0.750000,0.625200,0.187,66.3
315,0.626133,,0.750000,0.626133,0.188,66.5
316,0.627433,,0.750000,0.627433,0.188,66.7
317,0.629983,,0.750000,0.629983,0.186,66.9
318,0.630733,,0.750000,0.630733,0.186,67.0
319,0.630083,,0.750000,0.630733,0.184,67.2
320,0.632850,,0.750000,0.632850,0.189,67.4
321,0.633817,,0.750000,0.633817,0.188,67.6
322,0.633483,,0.750000,0.633817,0.189,67.8
323,0.637083,,0.750000,0.637083,0.189,68.0
324,0.638867,,0.750000,0.638867,0.252,68.2
325,0.635217,,0.750000,0.638867,0.187,68.4
326,0.640883,,0.750000,0.640883,0.189,68.6
327,0.639133,,0.750000,0.640883,0.189,68.8
328,0.642283,,0.750000,0.642283,0.190,69.0
329,0.640500,,0.750000,0.642283,0.187,69.2
330,0.643233,,0.750000,0.643233,0.187,69.4
331,0.645850,,0.750000,0.645850,0.190,69.6
332,0.645783,,0.750000,0.645850,0.187,69.7
333,0.647733,,0.750000,0.647733,0.187,69.9
334,0.648600,,0.750000,0.648600,0.190,70.1
335,0.649983,,0.750000,0.649983,0.253,70.4
336,0.650650,,0.750000,0.650650,0.188,70.6
337,0.648383,,0.750000,0.650650,0.188,70.8
338,0.651283,,0.750000,0.651283,0.188,70.9
339,0.654083,,0.750000,0.654083,0.187,71.1
340,0.656883,,0.750000,0.656883,0.187,71.3
341,0.656250,,0.750000,0.656883,0.189,71.5
342,0.659467,,0.750000,0.659467,0.186,71.7
343,0.661100,,0.750000,0.661100,0.191,71.9
344,0.658700,,0.750000,0.661100,0.189,72.1
345,0.661017,,0.750000,0.661100,0.189,72.3
346,0.659067,,0.750000,0.661100,0.254,72.5
347,0.662700,,0.750000,0.662700,0.186,72.7
348,0.663233,,0.750000,0.663233,0.188,72.9
349,0.666583,,0.750000,0.666583,0.191,73.1
350,0.663133,0.8014000058174133,0.801400,0.666583,0.255,73.3
351,0.665367,,0.801400,0.666583,0.144,73.5
352,0.665817,,0.801400,0.666583,0.184,73.7
353,0.667233,,0.801400,0.667233,0.186,73.8
354,0.666000,,0.801400,0.667233,0.184,74.0
355,0.666933,,0.801400,0.667233,0.188,74.2
356,0.671333,,0.801400,0.671333,0.186,74.4
357,0.665150,,0.801400,0.671333,0.252,74.7
358,0.669067,,0.801400,0.671333,0.192,74.8
359,0.671150,,0.801400,0.671333,0.190,75.0
360,0.670750,,0.801400,0.671333,0.188,75.2
361,0.671067,,0.801400,0.671333,0.189,75.4
362,0.674617,,0.801400,0.674617,0.187,75.6
363,0.677667,,0.801400,0.677667,0.188,75.8
364,0.674117,,0.801400,0.677667,0.190,76.0
365,0.676083,,0.801400,0.677667,0.187,76.2
366,0.678483,,0.801400,0.678483,0.188,76.4
367,0.675333,,0.801400,0.678483,0.188,76.5
368,0.676250,,0.801400,0.678483,0.250,76.8
369,0.680567,,0.801400,0.680567,0.188,77.0
370,0.679633,,0.801400,0.680567,0.186,77.2
371,0.680933,,0.801400,0.680933,0.195,77.4
372,0.681167,,0.801400,0.681167,0.187,77.5
373,0.684433,,0.801400,0.684433,0.189,77.7
374,0.683483,,0.801400,0.684433,0.187,77.9
375,0.682467,,0.801400,0.684433,0.187,78.1
376,0.685833,,0.801400,0.685833,0.187,78.3
377,0.686750,,0.801400,0.686750,0.187,78.5
378,0.687633,,0.801400,0.687633,0.194,78.7
379,0.686183,,0.801400,0.687633,0.289,79.0
380,0.691367,,0.801400,0.691367,0.187,79.2
381,0.690733,,0.801400,0.691367,0.187,79.3
382,0.690350,,0.801400,0.691367,0.188,79.5
383,0.690100,,0.801400,0.691367,0.190,79.7
384,0.691550,,0.801400,0.691550,0.198,79.9
385,0.692333,,0.801400,0.692333,0.192,80.1
386,0.695733,,0.801400,0.695733,0.183,80.3
387,0.692650,,0.801400,0.695733,0.183,80.5
388,0.695433,,0.801400,0.695733,0.184,80.7
389,0.693233,,0.801400,0.695733,0.187,80.8
390,0.696450,,0.801400,0.696450,0.258,81.1
391,0.692267,,0.801400,0.696450,0.186,81.3
392,0.697617,,0.801400,0.697617,0.188,81.5
393,0.696600,,0.801400,0.697617,0.188,81.7
394,0.697983,,0.801400,0.697983,0.185,81.8
395,0.697000,,0.801400,0.697983,0.189,82.0
396,0.701200,,0.801400,0.701200,0.187,82.2
397,0.699567,,0.801400,0.701200,0.188,82.4
398,0.697783,,0.801400,0.701200,0.189,82.6
399,0.699067,,0.801400,0.701200,0.187,82.8
400,0.702550,0.8186999559402466,0.818700,0.702550,0.249,83.0
401,0.703083,,0.818700,0.703083,0.207,83.2
402,0.699750,,0.818700,0.703083,0.188,83.4
403,0.706367,,0.818700,0.706367,0.189,83.6
404,0.702150,,0.818700,0.706367,0.188,83.8
405,0.707483,,0.818700,0.707483,0.188,84.0
406,0.705517,,0.818700,0.707483,0.188,84.2
407,0.706750,,0.818700,0.707483,0.186,84.4
408,0.702933,,0.818700,0.707483,0.184,84.6
409,0.706733,,0.818700,0.707483,0.188,84.7
410,0.707950,,0.818700,0.707950,0.186,84.9
411,0.706433,,0.818700,0.707950,0.184,85.1
412,0.707950,,0.818700,0.707950,0.253,85.4
413,0.706517,,0.818700,0.707950,0.189,85.6
414,0.708633,,0.818700,0.708633,0.192,85.7
415,0.710383,,0.818700,0.710383,0.194,85.9
416,0.709683,,0.818700,0.710383,0.188,86.1
417,0.712400,,0.818700,0.712400,0.186,86.3
418,0.714083,,0.818700,0.714083,0.186,86.5
419,0.711000,,0.818700,0.714083,0.186,86.7
420,0.714650,,0.818700,0.714650,0.186,86.9
421,0.714450,,0.818700,0.714650,0.190,87.1
422,0.713183,,0.818700,0.714650,0.186,87.3
423,0.714567,,0.818700,0.714650,0.249,87.5
424,0.716083,,0.818700,0.716083,0.189,87.7
425,0.717167,,0.818700,0.717167,0.189,87.9
426,0.716700,,0.818700,0.717167,0.187,88.1
427,0.716967,,0.818700,0.717167,0.188,88.3
428,0.718133,,0.818700,0.718133,0.188,88.4
429,0.716767,,0.818700,0.718133,0.185,88.6
430,0.720100,,0.818700,0.720100,0.188,88.8
431,0.720717,,0.818700,0.720717,0.187,89.0
432,0.722167,,0.818700,0.722167,0.190,89.2
433,0.723350,,0.818700,0.723350,0.184,89.4
434,0.722167,,0.818700,0.723350,0.253,89.6
435,0.722050,,0.818700,0.723350,0.190,89.8
436,0.722667,,0.818700,0.723350,0.189,90.0
437,0.724467,,0.818700,0.724467,0.188,90.2
438,0.726333,,0.818700,0.726333,0.187,90.4
439,0.725433,,0.818700,0.726333,0.191,90.6
440,0.725417,,0.818700,0.726333,0.187,90.8
441,0.727867,,0.818700,0.727867,0.188,90.9
442,0.726983,,0.818700,0.727867,0.189,91.1
443,0.730217,,0.818700,0.730217,0.188,91.3
444,0.727733,,0.818700,0.730217,0.184,91.5
445,0.731167,,0.818700,0.731167,0.254,91.8
446,0.729800,,0.818700,0.731167,0.188,91.9
447,0.729750,,0.818700,0.731167,0.187,92.1
448,0.731000,,0.818700,0.731167,0.187,92.3
449,0.732950,,0.818700,0.732950,0.183,92.5
450,0.731933,0.8375999927520752,0.837600,0.732950,0.248,92.8
451,0.732050,,0.837600,0.732950,0.146,92.9
452,0.732567,,0.837600,0.732950,0.187,93.1
453,0.733383,,0.837600,0.733383,0.187,93.3
454,0.734700,,0.837600,0.734700,0.183,93.5
455,0.734767,,0.837600,0.734767,0.185,93.6
456,0.732467,,0.837600,0.734767,0.258,93.9
457,0.735067,,0.837600,0.735067,0.191,94.1
458,0.736317,,0.837600,0.736317,0.195,94.3
459,0.736567,,0.837600,0.736567,0.185,94.5
460,0.736417,,0.837600,0.736567,0.184,94.7
461,0.736533,,0.837600,0.736567,0.182,94.8
462,0.738750,,0.837600,0.738750,0.186,95.0
463,0.739367,,0.837600,0.739367,0.189,95.2
464,0.739750,,0.837600,0.739750,0.188,95.4
465,0.742150,,0.837600,0.742150,0.191,95.6
466,0.736400,,0.837600,0.742150,0.185,95.8
467,0.740933,,0.837600,0.742150,0.252,96.0
468,0.743083,,0.837600,0.743083,0.191,96.2
469,0.742483,,0.837600,0.743083,0.184,96.4
470,0.742100,,0.837600,0.743083,0.187,96.6
471,0.741750,,0.837600,0.743083,0.187,96.8
472,0.742083,,0.837600,0.743083,0.184,97.0
473,0.741233,,0.837600,0.743083,0.187,97.1
474,0.743100,,0.837600,0.743100,0.187,97.3
475,0.741850,,0.837600,0.743100,0.188,97.5
476,0.742733,,0.837600,0.743100,0.189,97.7
477,0.744867,,0.837600,0.744867,0.187,97.9
478,0.747017,,0.837600,0.747017,0.253,98.2
479,0.743333,,0.837600,0.747017,0.188,98.3
480,0.746867,,0.837600,0.747017,0.187,98.5
481,0.745683,,0.837600,0.747017,0.189,98.7
482,0.746050,,0.837600,0.747017,0.186,98.9
483,0.747050,,0.837600,0.747050,0.187,99.1
484,0.746717,,0.837600,0.747050,0.192,99.3
485,0.747833,,0.837600,0.747833,0.191,99.5
486,0.748083,,0.837600,0.748083,0.189,99.7
487,0.748917,,0.837600,0.748917,0.185,99.8
488,0.749100,,0.837600,0.749100,0.189,100.0
489,0.748217,,0.837600,0.749100,0.256,100.3
490,0.749183,,0.837600,0.749183,0.185,100.5
491,0.747867,,0.837600,0.749183,0.187,100.7
492,0.749767,,0.837600,0.749767,0.191,100.9
493,0.750017,,0.837600,0.750017,0.187,101.0
494,0.751617,,0.837600,0.751617,0.188,101.2
495,0.748217,,0.837600,0.751617,0.187,101.4
496,0.750617,,0.837600,0.751617,0.187,101.6
497,0.750167,,0.837600,0.751617,0.185,101.8
498,0.752050,,0.837600,0.752050,0.189,102.0
499,0.749633,,0.837600,0.752050,0.188,102.2
500,0.752167,0.8463999629020691,0.846400,0.752167,0.317,102.5
501,0.752250,,0.846400,0.752250,0.139,102.6
502,0.750817,,0.846400,0.752250,0.187,102.8
503,0.753317,,0.846400,0.753317,0.190,103.0
504,0.751500,,0.846400,0.753317,0.187,103.2
505,0.750183,,0.846400,0.753317,0.186,103.4
506,0.754917,,0.846400,0.754917,0.188,103.6
507,0.752817,,0.846400,0.754917,0.186,103.7
508,0.754900,,0.846400,0.754917,0.186,103.9
509,0.755967,,0.846400,0.755967,0.188,104.1
510,0.754967,,0.846400,0.755967,0.186,104.3
511,0.756350,,0.846400,0.756350,0.255,104.6
512,0.754533,,0.846400,0.756350,0.182,104.7
513,0.756700,,0.846400,0.756700,0.186,104.9
514,0.755117,,0.846400,0.756700,0.191,105.1
515,0.758017,,0.846400,0.758017,0.187,105.3
516,0.761183,,0.846400,0.761183,0.187,105.5
517,0.756833,,0.846400,0.761183,0.191,105.7
518,0.758900,,0.846400,0.761183,0.189,105.9
519,0.758300,,0.846400,0.761183,0.186,106.1
520,0.758333,,0.846400,0.761183,0.189,106.2
521,0.756933,,0.846400,0.761183,0.189,106.4
522,0.759250,,0.846400,0.761183,0.252,106.7
523,0.759767,,0.846400,0.761183,0.190,106.9
524,0.760917,,0.846400,0.761183,0.190,107.1
525,0.760433,,0.846400,0.761183,0.186,107.3
526,0.758900,,0.846400,0.761183,0.187,107.4
527,0.758417,,0.846400,0.761183,0.189,107.6
528,0.760283,,0.846400,0.761183,0.186,107.8
529,0.760083,,0.846400,0.761183,0.185,108.0
530,0.760633,,0.846400,0.761183,0.189,108.2
531,0.760700,,0.846400,0.761183,0.210,108.4
532,0.760917,,0.846400,0.761183,0.202,108.6
533,0.761333,,0.846400,0.761333,0.253,108.9
534,0.761250,,0.846400,0.761333,0.191,109.0
535,0.762900,,0.846400,0.762900,0.186,109.2
536,0.763383,,0.846400,0.763383,0.184,109.4
537,0.763850,,0.846400,0.763850,0.189,109.6
538,0.765300,,0.846400,0.765300,0.186,109.8
539,0.766183,,0.846400,0.766183,0.186,110.0
540,0.766350,,0.846400,0.766350,0.186,110.2
541,0.764900,,0.846400,0.766350,0.186,110.3
542,0.765583,,0.846400,0.766350,0.187,110.5
543,0.763383,,0.846400,0.766350,0.186,110.7
544,0.767850,,0.846400,0.767850,0.254,111.0
545,0.769050,,0.846400,0.769050,0.187,111.2
546,0.766767,,0.846400,0.769050,0.190,111.4
547,0.766333,,0.846400,0.769050,0.185,111.5
548,0.766100,,0.846400,0.769050,0.187,111.7
549,0.766083,,0.846400,0.769050,0.190,111.9
550,0.765317,0.8579999804496765,0.858000,0.769050,0.246,112.2
551,0.768533,,0.858000,0.769050,0.138,112.3
552,0.766883,,0.858000,0.769050,0.185,112.5
553,0.767017,,0.858000,0.769050,0.190,112.7
554,0.766983,,0.858000,0.769050,0.187,112.9
555,0.767017,,0.858000,0.769050,0.254,113.1
556,0.769033,,0.858000,0.769050,0.190,113.3
557,0.767267,,0.858000,0.769050,0.186,113.5
558,0.767900,,0.858000,0.769050,0.189,113.7
559,0.768183,,0.858000,0.769050,0.189,113.9
560,0.767433,,0.858000,0.769050,0.191,114.1
561,0.767683,,0.858000,0.769050,0.185,114.2
562,0.769433,,0.858000,0.769433,0.188,114.4
563,0.770033,,0.858000,0.770033,0.186,114.6
564,0.767767,,0.858000,0.770033,0.184,114.8
565,0.769850,,0.858000,0.770033,0.185,115.0
566,0.769883,,0.858000,0.770033,0.262,115.3
567,0.771917,,0.858000,0.771917,0.185,115.4
568,0.769383,,0.858000,0.771917,0.187,115.6
569,0.770583,,0.858000,0.771917,0.186,115.8
570,0.770300,,0.858000,0.771917,0.188,116.0
571,0.772383,,0.858000,0.772383,0.187,116.2
572,0.771950,,0.858000,0.772383,0.188,116.4
573,0.772383,,0.858000,0.772383,0.184,116.6
574,0.774433,,0.858000,0.774433,0.184,116.7
575,0.774733,,0.858000,0.774733,0.186,116.9
576,0.771367,,0.858000,0.774733,0.187,117.1
577,0.774567,,0.858000,0.774733,0.257,117.4
578,0.771750,,0.858000,0.774733,0.190,117.6
579,0.775283,,0.858000,0.775283,0.188,117.7
580,0.773533,,0.858000,0.775283,0.187,117.9
581,0.773433,,0.858000,0.775283,0.183,118.1
582,0.775067,,0.858000,0.775283,0.186,118.3
583,0.777500,,0.858000,0.777500,0.192,118.5
584,0.774950,,0.858000,0.777500,0.186,118.7
585,0.776600,,0.858000,0.777500,0.187,118.9
586,0.777083,,0.858000,0.777500,0.185,119.1
587,0.774667,,0.858000,0.777500,0.185,119.2
588,0.778217,,0.858000,0.778217,0.258,119.5
589,0.776800,,0.858000,0.778217,0.190,119.7
590,0.774850,,0.858000,0.778217,0.185,119.9
591,0.776967,,0.858000,0.778217,0.186,120.1
592,0.775867,,0.858000,0.778217,0.190,120.2
593,0.778650,,0.858000,0.778650,0.185,120.4
594,0.778567,,0.858000,0.778650,0.186,120.6
595,0.776500,,0.858000,0.778650,0.184,120.8
596,0.776117,,0.858000,0.778650,0.184,121.0
597,0.782933,,0.858000,0.782933,0.189,121.2
598,0.777833,,0.858000,0.782933,0.188,121.4
599,0.780317,,0.858000,0.782933,0.253,121.6
600,0.779567,0.8629999756813049,0.863000,0.782933,0.252,121.9
601,0.779783,,0.863000,0.782933,0.143,122.0
602,0.780683,,0.863000,0.782933,0.193,122.2
603,0.778683,,0.863000,0.782933,0.186,122.4
604,0.781367,,0.863000,0.782933,0.198,122.6
605,0.779817,,0.863000,0.782933,0.193,122.8
606,0.781217,,0.863000,0.782933,0.195,123.0
607,0.780633,,0.863000,0.782933,0.189,123.2
608,0.779750,,0.863000,0.782933,0.184,123.3
609,0.777833,,0.863000,0.782933,0.187,123.5
610,0.782500,,0.863000,0.782933,0.250,123.8
611,0.780883,,0.863000,0.782933,0.189,124.0
612,0.780200,,0.863000,0.782933,0.186,124.2
613,0.781867,,0.863000,0.782933,0.186,124.3
614,0.781300,,0.863000,0.782933,0.183,124.5
615,0.783417,,0.863000,0.783417,0.186,124.7
616,0.782967,,0.863000,0.783417,0.190,124.9
617,0.783033,,0.863000,0.783417,0.189,125.1
618,0.783017,,0.863000,0.783417,0.182,125.3
619,0.782650,,0.863000,0.783417,0.188,125.5
620,0.784033,,0.863000,0.784033,0.183,125.6
621,0.782517,,0.863000,0.784033,0.251,125.9
622,0.783800,,0.863000,0.784033,0.194,126.1
623,0.783967,,0.863000,0.784033,0.188,126.3
624,0.784100,,0.863000,0.784100,0.183,126.5
625,0.782750,,0.863000,0.784100,0.186,126.6
626,0.784233,,0.863000,0.784233,0.183,126.8
627,0.784733,,0.863000,0.784733,0.189,127.0
628,0.783233,,0.863000,0.784733,0.187,127.2
629,0.783917,,0.863000,0.784733,0.184,127.4
630,0.783700,,0.863000,0.784733,0.198,127.6
631,0.785867,,0.863000,0.785867,0.194,127.8
632,0.783350,,0.863000,0.785867,0.260,128.0
633,0.784233,,0.863000,0.785867,0.191,128.2
634,0.785100,,0.863000,0.785867,0.190,128.4
635,0.784933,,0.863000,0.785867,0.187,128.6
636,0.783617,,0.863000,0.785867,0.184,128.8
637,0.786867,,0.863000,0.786867,0.182,129.0
638,0.785550,,0.863000,0.786867,0.186,129.2
639,0.786417,,0.863000,0.786867,0.186,129.3
640,0.786017,,0.863000,0.786867,0.184,129.5
641,0.787783,,0.863000,0.787783,0.185,129.7
642,0.787100,,0.863000,0.787783,0.186,129.9
643,0.787367,,0.863000,0.787783,0.257,130.2
644,0.787333,,0.863000,0.787783,0.187,130.3
645,0.788917,,0.863000,0.788917,0.185,130.5
646,0.788750,,0.863000,0.788917,0.189,130.7
647,0.789733,,0.863000,0.789733,0.193,130.9
648,0.788183,,0.863000,0.789733,0.193,131.1
649,0.790083,,0.863000,0.790083,0.185,131.3
650,0.789583,0.8693999648094177,0.869400,0.790083,0.246,131.5
651,0.791100,,0.869400,0.791100,0.137,131.7
652,0.785750,,0.869400,0.791100,0.185,131.9
653,0.789067,,0.869400,0.791100,0.191,132.1
654,0.790017,,0.869400,0.791100,0.254,132.3
655,0.790233,,0.869400,0.791100,0.192,132.5
656,0.788650,,0.869400,0.791100,0.195,132.7
657,0.792200,,0.869400,0.792200,0.192,132.9
658,0.791017,,0.869400,0.792200,0.190,133.1
659,0.786783,,0.869400,0.792200,0.185,133.3
660,0.792467,,0.869400,0.792467,0.196,133.5
661,0.791983,,0.869400,0.792467,0.197,133.7
662,0.790283,,0.869400,0.792467,0.185,133.8
663,0.792017,,0.869400,0.792467,0.188,134.0
664,0.791417,,0.869400,0.792467,0.196,134.2
665,0.789450,,0.869400,0.792467,0.249,134.5
666,0.794283,,0.869400,0.794283,0.191,134.7
667,0.791700,,0.869400,0.794283,0.193,134.9
668,0.795183,,0.869400,0.795183,0.188,135.0
669,0.792017,,0.869400,0.795183,0.183,135.2
670,0.794433,,0.869400,0.795183,0.184,135.4
671,0.792267,,0.869400,0.795183,0.185,135.6
672,0.792333,,0.869400,0.795183,0.185,135.8
673,0.791850,,0.869400,0.795183,0.188,136.0
674,0.792850,,0.869400,0.795183,0.188,136.2
675,0.794517,,0.869400,0.795183,0.184,136.3
676,0.795400,,0.869400,0.795400,0.243,136.6
677,0.793167,,0.869400,0.795400,0.188,136.8
678,0.794733,,0.869400,0.795400,0.186,137.0
679,0.795033,,0.869400,0.795400,0.186,137.1
680,0.795933,,0.869400,0.795933,0.185,137.3
681,0.791583,,0.869400,0.795933,0.187,137.5
682,0.794833,,0.869400,0.795933,0.186,137.7
683,0.793933,,0.869400,0.795933,0.184,137.9
684,0.794017,,0.869400,0.795933,0.199,138.1
685,0.794700,,0.869400,0.795933,0.188,138.3
686,0.793533,,0.869400,0.795933,0.186,138.5
687,0.795567,,0.869400,0.795933,0.251,138.7
688,0.795350,,0.869400,0.795933,0.187,138.9
689,0.797083,,0.869400,0.797083,0.230,139.1
690,0.796683,,0.869400,0.797083,0.188,139.3
691,0.794083,,0.869400,0.797083,0.186,139.5
692,0.796050,,0.869400,0.797083,0.185,139.7
693,0.795367,,0.869400,0.797083,0.185,139.9
694,0.797250,,0.869400,0.797250,0.186,140.1
695,0.794733,,0.869400,0.797250,0.187,140.2
696,0.797633,,0.869400,0.797633,0.185,140.4
697,0.795583,,0.869400,0.797633,0.187,140.6
698,0.797933,,0.869400,0.797933,0.252,140.9
699,0.798067,,0.869400,0.798067,0.188,141.1
700,0.798517,0.8716999888420105,0.871700,0.798517,0.249,141.3
701,0.797117,,0.871700,0.798517,0.142,141.4
702,0.797583,,0.871700,0.798517,0.182,141.6
703,0.794683,,0.871700,0.798517,0.184,141.8
704,0.799117,,0.871700,0.799117,0.187,142.0
705,0.798917,,0.871700,0.799117,0.186,142.2
706,0.798733,,0.871700,0.799117,0.186,142.4
707,0.799483,,0.871700,0.799483,0.186,142.6
708,0.798950,,0.871700,0.799483,0.187,142.7
709,0.800450,,0.871700,0.800450,0.255,143.0
710,0.798133,,0.871700,0.800450,0.186,143.2
711,0.798083,,0.871700,0.800450,0.185,143.4
712,0.798717,,0.871700,0.800450,0.185,143.6
713,0.799317,,0.871700,0.800450,0.183,143.7
714,0.798867,,0.871700,0.800450,0.185,143.9
715,0.799333,,0.871700,0.800450,0.187,144.1
716,0.802533,,0.871700,0.802533,0.184,144.3
717,0.801133,,0.871700,0.802533,0.188,144.5
718,0.802867,,0.871700,0.802867,0.187,144.7
719,0.801133,,0.871700,0.802867,0.186,144.9
720,0.801517,,0.871700,0.802867,0.254,145.1
721,0.801300,,0.871700,0.802867,0.186,145.3
722,0.804700,,0.871700,0.804700,0.184,145.5
723,0.803267,,0.871700,0.804700,0.187,145.7
724,0.802217,,0.871700,0.804700,0.188,145.9
725,0.805250,,0.871700,0.805250,0.185,146.0
726,0.802617,,0.871700,0.805250,0.187,146.2
727,0.805850,,0.871700,0.805850,0.188,146.4
728,0.802917,,0.871700,0.805850,0.186,146.6
729,0.802883,,0.871700,0.805850,0.184,146.8
730,0.803017,,0.871700,0.805850,0.187,147.0
731,0.806900,,0.871700,0.806900,0.254,147.2
732,0.806983,,0.871700,0.806983,0.186,147.4
733,0.805083,,0.871700,0.806983,0.190,147.6
734,0.806383,,0.871700,0.806983,0.184,147.8
735,0.804300,,0.871700,0.806983,0.185,148.0
736,0.806100,,0.871700,0.806983,0.185,148.2
737,0.807883,,0.871700,0.807883,0.185,148.3
738,0.804567,,0.871700,0.807883,0.188,148.5
739,0.805350,,0.871700,0.807883,0.185,148.7
740,0.807917,,0.871700,0.807917,0.187,148.9
741,0.807883,,0.871700,0.807917,0.185,149.1
742,0.806867,,0.871700,0.807917,0.253,149.3
743,0.807450,,0.871700,0.807917,0.185,149.5
744,0.808600,,0.871700,0.808600,0.186,149.7
745,0.805600,,0.871700,0.808600,0.185,149.9
746,0.807700,,0.871700,0.808600,0.186,150.1
747,0.806050,,0.871700,0.808600,0.188,150.3
748,0.807150,,0.871700,0.808600,0.185,150.5
749,0.806550,,0.871700,0.808600,0.187,150.6
750,0.807017,0.8847000002861023,0.884700,0.808600,0.249,150.9
751,0.807550,,0.884700,0.808600,0.140,151.0
752,0.808983,,0.884700,0.808983,0.186,151.2
753,0.810433,,0.884700,0.810433,0.251,151.5
754,0.809800,,0.884700,0.810433,0.187,151.7
755,0.809950,,0.884700,0.810433,0.185,151.8
756,0.809700,,0.884700,0.810433,0.190,152.0
757,0.807883,,0.884700,0.810433,0.187,152.2
758,0.809600,,0.884700,0.810433,0.188,152.4
759,0.808483,,0.884700,0.810433,0.187,152.6
760,0.810600,,0.884700,0.810600,0.188,152.8
761,0.809567,,0.884700,0.810600,0.185,153.0
762,0.808550,,0.884700,0.810600,0.185,153.1
763,0.810350,,0.884700,0.810600,0.185,153.3
764,0.810683,,0.884700,0.810683,0.253,153.6
765,0.808833,,0.884700,0.810683,0.185,153.8
766,0.811100,,0.884700,0.811100,0.188,154.0
767,0.810667,,0.884700,0.811100,0.187,154.1
768,0.812367,,0.884700,0.812367,0.184,154.3
769,0.810650,,0.884700,0.812367,0.188,154.5
770,0.809300,,0.884700,0.812367,0.188,154.7
771,0.809517,,0.884700,0.812367,0.185,154.9
772,0.810400,,0.884700,0.812367,0.188,155.1
773,0.811467,,0.884700,0.812367,0.184,155.3
774,0.811450,,0.884700,0.812367,0.188,155.4
775,0.810550,,0.884700,0.812367,0.255,155.7
776,0.810567,,0.884700,0.812367,0.189,155.9
777,0.809317,,0.884700,0.812367,0.182,156.1
778,0.808667,,0.884700,0.812367,0.188,156.3
779,0.808733,,0.884700,0.812367,0.188,156.4
780,0.811083,,0.884700,0.812367,0.187,156.6
781,0.813750,,0.884700,0.813750,0.187,156.8
782,0.810617,,0.884700,0.813750,0.186,157.0
783,0.810517,,0.884700,0.813750,0.188,157.2
784,0.811567,,0.884700,0.813750,0.186,157.4
785,0.813167,,0.884700,0.813750,0.185,157.6
786,0.814300,,0.884700,0.814300,0.256,157.8
787,0.812667,,0.884700,0.814300,0.188,158.0
788,0.813583,,0.884700,0.814300,0.186,158.2
789,0.813250,,0.884700,0.814300,0.185,158.4
790,0.812000,,0.884700,0.814300,0.187,158.6
791,0.814050,,0.884700,0.814300,0.186,158.8
792,0.815650,,0.884700,0.815650,0.185,158.9
793,0.814983,,0.884700,0.815650,0.183,159.1
794,0.814067,,0.884700,0.815650,0.185,159.3
795,0.812833,,0.884700,0.815650,0.187,159.5
796,0.814033,,0.884700,0.815650,0.185,159.7
797,0.814783,,0.884700,0.815650,0.252,159.9
798,0.815600,,0.884700,0.815650,0.187,160.1
799,0.815417,,0.884700,0.815650,0.184,160.3
800,0.813683,0.8865999579429626,0.886600,0.815650,0.252,160.6
801,0.816300,,0.886600,0.816300,0.140,160.7
802,0.817083,,0.886600,0.817083,0.186,160.9
803,0.816300,,0.886600,0.817083,0.187,161.1
804,0.813683,,0.886600,0.817083,0.189,161.3
805,0.815017,,0.886600,0.817083,0.187,161.4
806,0.814117,,0.886600,0.817083,0.186,161.6
807,0.815600,,0.886600,0.817083,0.187,161.8
808,0.815750,,0.886600,0.817083,0.253,162.1
809,0.813817,,0.886600,0.817083,0.185,162.3
810,0.816733,,0.886600,0.817083,0.187,162.4
811,0.816050,,0.886600,0.817083,0.189,162.6
812,0.814783,,0.886600,0.817083,0.184,162.8
813,0.815167,,0.886600,0.817083,0.186,163.0
814,0.815700,,0.886600,0.817083,0.190,163.2
815,0.815300,,0.886600,0.817083,0.187,163.4
816,0.817917,,0.886600,0.817917,0.187,163.6
817,0.818317,,0.886600,0.818317,0.186,163.7
818,0.817567,,0.886600,0.818317,0.187,163.9
819,0.818317,,0.886600,0.818317,0.250,164.2
820,0.819717,,0.886600,0.819717,0.184,164.4
821,0.818450,,0.886600,0.819717,0.185,164.6
822,0.818783,,0.886600,0.819717,0.186,164.7
823,0.820500,,0.886600,0.820500,0.185,164.9
824,0.817933,,0.886600,0.820500,0.186,165.1
825,0.820117,,0.886600,0.820500,0.185,165.3
826,0.819233,,0.886600,0.820500,0.185,165.5
827,0.819633,,0.886600,0.820500,0.185,165.7
828,0.817900,,0.886600,0.820500,0.181,165.8
829,0.818500,,0.886600,0.820500,0.184,166.0
830,0.818633,,0.886600,0.820500,0.234,166.3
831,0.820200,,0.886600,0.820500,0.187,166.5
832,0.820850,,0.886600,0.820850,0.184,166.6
833,0.821067,,0.886600,0.821067,0.186,166.8
834,0.818283,,0.886600,0.821067,0.187,167.0
835,0.821350,,0.886600,0.821350,0.185,167.2
836,0.819100,,0.886600,0.821350,0.188,167.4
837,0.822217,,0.886600,0.822217,0.187,167.6
838,0.819517,,0.886600,0.822217,0.187,167.8
839,0.821117,,0.886600,0.822217,0.188,167.9
840,0.822217,,0.886600,0.822217,0.187,168.1
841,0.820450,,0.886600,0.822217,0.269,168.4
842,0.822400,,0.886600,0.822400,0.190,168.6
843,0.820583,,0.886600,0.822400,0.224,168.8
844,0.821083,,0.886600,0.822400,0.185,169.0
845,0.819817,,0.886600,0.822400,0.187,169.2
846,0.822717,,0.886600,0.822717,0.188,169.4
847,0.820483,,0.886600,0.822717,0.185,169.6
848,0.821733,,0.886600,0.822717,0.188,169.8
849,0.821483,,0.886600,0.822717,0.187,169.9
850,0.823617,0.8894999623298645,0.889500,0.823617,0.248,170.2
851,0.820133,,0.889500,0.823617,0.141,170.3
852,0.821483,,0.889500,0.823617,0.256,170.6
853,0.821933,,0.889500,0.823617,0.184,170.8
854,0.823017,,0.889500,0.823617,0.184,171.0
855,0.820583,,0.889500,0.823617,0.187,171.1
856,0.820667,,0.889500,0.823617,0.187,171.3
857,0.823283,,0.889500,0.823617,0.187,171.5
858,0.821417,,0.889500,0.823617,0.187,171.7
859,0.821400,,0.889500,0.823617,0.186,171.9
860,0.823367,,0.889500,0.823617,0.186,172.1
861,0.823233,,0.889500,0.823617,0.187,172.3
862,0.822183,,0.889500,0.823617,0.188,172.4
863,0.823200,,0.889500,0.823617,0.254,172.7
864,0.821200,,0.889500,0.823617,0.185,172.9
865,0.821900,,0.889500,0.823617,0.187,173.1
866,0.822333,,0.889500,0.823617,0.189,173.3
867,0.823067,,0.889500,0.823617,0.187,173.4
868,0.823533,,0.889500,0.823617,0.187,173.6
869,0.825300,,0.889500,0.825300,0.186,173.8
870,0.823350,,0.889500,0.825300,0.185,174.0
871,0.821717,,0.889500,0.825300,0.188,174.2
872,0.822633,,0.889500,0.825300,0.186,174.4
873,0.822533,,0.889500,0.825300,0.188,174.6
874,0.826150,,0.889500,0.826150,0.255,174.8
875,0.826267,,0.889500,0.826267,0.185,175.0
876,0.825150,,0.889500,0.826267,0.185,175.2
877,0.823100,,0.889500,0.826267,0.187,175.4
878,0.825150,,0.889500,0.826267,0.186,175.6
879,0.825017,,0.889500,0.826267,0.184,175.7
880,0.825017,,0.889500,0.826267,0.186,175.9
881,0.823767,,0.889500,0.826267,0.185,176.1
882,0.826317,,0.889500,0.826317,0.186,176.3
883,0.825850,,0.889500,0.826317,0.183,176.5
884,0.827150,,0.889500,0.827150,0.187,176.7
885,0.824700,,0.889500,0.827150,0.241,176.9
886,0.827650,,0.889500,0.827650,0.188,177.1
887,0.825133,,0.889500,0.827650,0.186,177.3
888,0.825317,,0.889500,0.827650,0.187,177.5
889,0.826333,,0.889500,0.827650,0.187,177.7
890,0.826900,,0.889500,0.827650,0.187,177.9
891,0.827283,,0.889500,0.827650,0.184,178.0
892,0.826700,,0.889500,0.827650,0.189,178.2
893,0.824033,,0.889500,0.827650,0.185,178.4
894,0.825267,,0.889500,0.827650,0.188,178.6
895,0.827133,,0.889500,0.827650,0.187,178.8
896,0.827383,,0.889500,0.827650,0.251,179.0
897,0.827900,,0.889500,0.827900,0.187,179.2
898,0.828050,,0.889500,0.828050,0.186,179.4
899,0.826083,,0.889500,0.828050,0.188,179.6
900,0.827367,0.8894000053405762,0.889500,0.828050,0.248,179.8
901,0.825433,,0.889500,0.828050,0.138,180.0
902,0.830817,,0.889500,0.830817,0.187,180.2
903,0.827650,,0.889500,0.830817,0.186,180.4
904,0.827767,,0.889500,0.830817,0.187,180.5
905,0.828100,,0.889500,0.830817,0.189,180.7
906,0.826333,,0.889500,0.830817,0.186,180.9
907,0.826350,,0.889500,0.830817,0.252,181.2
908,0.829033,,0.889500,0.830817,0.184,181.4
909,0.827933,,0.889500,0.830817,0.185,181.5
910,0.827633,,0.889500,0.830817,0.188,181.7
911,0.828367,,0.889500,0.830817,0.185,181.9
912,0.829833,,0.889500,0.830817,0.188,182.1
913,0.827517,,0.889500,0.830817,0.189,182.3
914,0.828017,,0.889500,0.830817,0.185,182.5
915,0.828817,,0.889500,0.830817,0.183,182.7
916,0.828500,,0.889500,0.830817,0.186,182.8
917,0.828683,,0.889500,0.830817,0.186,183.0
918,0.828917,,0.889500,0.830817,0.247,183.3
919,0.827583,,0.889500,0.830817,0.189,183.5
920,0.828317,,0.889500,0.830817,0.188,183.7
921,0.827817,,0.889500,0.830817,0.188,183.8
922,0.830367,,0.889500,0.830817,0.186,184.0
923,0.826817,,0.889500,0.830817,0.185,184.2
924,0.828450,,0.889500,0.830817,0.187,184.4
925,0.829483,,0.889500,0.830817,0.187,184.6
926,0.829733,,0.889500,0.830817,0.187,184.8
927,0.830150,,0.889500,0.830817,0.187,185.0
928,0.830367,,0.889500,0.830817,0.185,185.1
929,0.829433,,0.889500,0.830817,0.252,185.4
930,0.830350,,0.889500,0.830817,0.185,185.6
931,0.829900,,0.889500,0.830817,0.185,185.8
932,0.829217,,0.889500,0.830817,0.188,186.0
933,0.829000,,0.889500,0.830817,0.187,186.1
934,0.829100,,0.889500,0.830817,0.186,186.3
935,0.830483,,0.889500,0.830817,0.185,186.5
936,0.830567,,0.889500,0.830817,0.187,186.7
937,0.830817,,0.889500,0.830817,0.187,186.9
938,0.829050,,0.889500,0.830817,0.188,187.1
939,0.829200,,0.889500,0.830817,0.186,187.3
940,0.830067,,0.889500,0.830817,0.255,187.5
941,0.830467,,0.889500,0.830817,0.186,187.7
942,0.831117,,0.889500,0.831117,0.186,187.9
943,0.831000,,0.889500,0.831117,0.187,188.1
944,0.829933,,0.889500,0.831117,0.186,188.3
945,0.829700,,0.889500,0.831117,0.184,188.4
946,0.830983,,0.889500,0.831117,0.188,188.6
947,0.830833,,0.889500,0.831117,0.188,188.8
948,0.831950,,0.889500,0.831950,0.187,189.0
949,0.829483,,0.889500,0.831950,0.187,189.2
950,0.828950,0.889799952507019,0.889800,0.831950,0.247,189.4
951,0.832533,,0.889800,0.832533,0.207,189.6
952,0.830533,,0.889800,0.832533,0.187,189.8
953,0.832567,,0.889800,0.832567,0.187,190.0
954,0.829617,,0.889800,0.832567,0.185,190.2
955,0.831117,,0.889800,0.832567,0.186,190.4
956,0.830333,,0.889800,0.832567,0.187,190.6
957,0.830867,,0.889800,0.832567,0.186,190.8
958,0.830717,,0.889800,0.832567,0.184,191.0
959,0.830183,,0.889800,0.832567,0.188,191.1
960,0.833017,,0.889800,0.833017,0.185,191.3
961,0.830633,,0.889800,0.833017,0.186,191.5
962,0.830600,,0.889800,0.833017,0.253,191.8
963,0.832400,,0.889800,0.833017,0.186,191.9
964,0.832050,,0.889800,0.833017,0.188,192.1
965,0.833717,,0.889800,0.833717,0.187,192.3
966,0.831833,,0.889800,0.833717,0.184,192.5
967,0.830350,,0.889800,0.833717,0.185,192.7
968,0.832117,,0.889800,0.833717,0.186,192.9
969,0.831067,,0.889800,0.833717,0.187,193.1
970,0.832383,,0.889800,0.833717,0.187,193.3
971,0.831433,,0.889800,0.833717,0.187,193.4
972,0.830267,,0.889800,0.833717,0.187,193.6
973,0.833667,,0.889800,0.833717,0.254,193.9
974,0.833717,,0.889800,0.833717,0.187,194.1
975,0.832467,,0.889800,0.833717,0.187,194.3
976,0.832450,,0.889800,0.833717,0.187,194.4
977,0.830233,,0.889800,0.833717,0.186,194.6
978,0.834167,,0.889800,0.834167,0.188,194.8
979,0.831767,,0.889800,0.834167,0.187,195.0
980,0.831150,,0.889800,0.834167,0.190,195.2
981,0.833950,,0.889800,0.834167,0.186,195.4
982,0.832933,,0.889800,0.834167,0.186,195.6
983,0.832083,,0.889800,0.834167,0.184,195.8
984,0.833183,,0.889800,0.834167,0.255,196.0
985,0.834100,,0.889800,0.834167,0.187,196.2
986,0.834650,,0.889800,0.834650,0.184,196.4
987,0.831950,,0.889800,0.834650,0.187,196.6
988,0.832433,,0.889800,0.834650,0.188,196.8
989,0.834233,,0.889800,0.834650,0.188,196.9
990,0.834950,,0.889800,0.834950,0.186,197.1
991,0.832250,,0.889800,0.834950,0.187,197.3
992,0.833350,,0.889800,0.834950,0.184,197.5
993,0.832483,,0.889800,0.834950,0.183,197.7
994,0.835783,,0.889800,0.835783,0.187,197.9
995,0.833333,,0.889800,0.835783,0.267,198.1
996,0.836033,,0.889800,0.836033,0.188,198.3
997,0.834667,,0.889800,0.836033,0.257,198.6
998,0.834950,,0.889800,0.836033,0.186,198.8
999,0.834583,,0.889800,0.836033,0.187,199.0
1000,0.835433,0.8934999704360962,0.893500,0.836033,0.246,199.2
1001,0.837200,,0.893500,0.837200,0.139,199.3
1002,0.835900,,0.893500,0.837200,0.184,199.5
1003,0.834100,,0.893500,0.837200,0.186,199.7
1004,0.832917,,0.893500,0.837200,0.187,199.9
1005,0.834933,,0.893500,0.837200,0.186,200.1
1006,0.835067,,0.893500,0.837200,0.253,200.3
1007,0.832717,,0.893500,0.837200,0.184,200.5
1008,0.837400,,0.893500,0.837400,0.184,200.7
1009,0.832917,,0.893500,0.837400,0.185,200.9
1010,0.836633,,0.893500,0.837400,0.186,201.1
1011,0.833267,,0.893500,0.837400,0.187,201.3
1012,0.834400,,0.893500,0.837400,0.184,201.4
1013,0.837867,,0.893500,0.837867,0.188,201.6
1014,0.834867,,0.893500,0.837867,0.185,201.8
1015,0.835917,,0.893500,0.837867,0.186,202.0
1016,0.835450,,0.893500,0.837867,0.187,202.2
1017,0.834767,,0.893500,0.837867,0.242,202.4
1018,0.836167,,0.893500,0.837867,0.188,202.6
1019,0.837583,,0.893500,0.837867,0.185,202.8
1020,0.835983,,0.893500,0.837867,0.187,203.0
1021,0.836567,,0.893500,0.837867,0.187,203.2
1022,0.834900,,0.893500,0.837867,0.186,203.4
1023,0.835467,,0.893500,0.837867,0.186,203.6
1024,0.838417,,0.893500,0.838417,0.187,203.7
1025,0.837950,,0.893500,0.838417,0.187,203.9
1026,0.837867,,0.893500,0.838417,0.185,204.1
1027,0.836533,,0.893500,0.838417,0.186,204.3
1028,0.837000,,0.893500,0.838417,0.262,204.6
1029,0.837500,,0.893500,0.838417,0.186,204.7
1030,0.838550,,0.893500,0.838550,0.186,204.9
1031,0.838133,,0.893500,0.838550,0.187,205.1
1032,0.838683,,0.893500,0.838683,0.186,205.3
1033,0.838417,,0.893500,0.838683,0.190,205.5
1034,0.838583,,0.893500,0.838683,0.187,205.7
1035,0.837633,,0.893500,0.838683,0.187,205.9
1036,0.838517,,0.893500,0.838683,0.186,206.1
1037,0.839567,,0.893500,0.839567,0.185,206.2
1038,0.837600,,0.893500,0.839567,0.188,206.4
1039,0.838150,,0.893500,0.839567,0.253,206.7
1040,0.838350,,0.893500,0.839567,0.191,206.9
1041,0.839833,,0.893500,0.839833,0.186,207.1
1042,0.838500,,0.893500,0.839833,0.179,207.2
1043,0.837700,,0.893500,0.839833,0.187,207.4
1044,0.838450,,0.893500,0.839833,0.185,207.6
1045,0.837233,,0.893500,0.839833,0.187,207.8
1046,0.838700,,0.893500,0.839833,0.183,208.0
1047,0.838550,,0.893500,0.839833,0.192,208.2
1048,0.837267,,0.893500,0.839833,0.187,208.4
1049,0.837700,,0.893500,0.839833,0.186,208.5
1050,0.838183,0.8937999606132507,0.893800,0.839833,0.315,208.9
1051,0.838700,,0.893800,0.839833,0.141,209.0
1052,0.839400,,0.893800,0.839833,0.185,209.2
1053,0.840217,,0.893800,0.840217,0.185,209.4
1054,0.839367,,0.893800,0.840217,0.187,209.6
1055,0.838550,,0.893800,0.840217,0.188,209.7
1056,0.840100,,0.893800,0.840217,0.176,209.9
1057,0.838600,,0.893800,0.840217,0.185,210.1
1058,0.839467,,0.893800,0.840217,0.187,210.3
1059,0.839300,,0.893800,0.840217,0.186,210.5
1060,0.838817,,0.893800,0.840217,0.187,210.7
1061,0.838033,,0.893800,0.840217,0.252,210.9
1062,0.839683,,0.893800,0.840217,0.187,211.1
1063,0.840683,,0.893800,0.840683,0.189,211.3
1064,0.837917,,0.893800,0.840683,0.190,211.5
1065,0.839333,,0.893800,0.840683,0.184,211.7
1066,0.839233,,0.893800,0.840683,0.188,211.9
1067,0.838967,,0.893800,0.840683,0.188,212.0
1068,0.839967,,0.893800,0.840683,0.186,212.2
1069,0.838617,,0.893800,0.840683,0.186,212.4
1070,0.841967,,0.893800,0.841967,0.186,212.6
1071,0.840783,,0.893800,0.841967,0.184,212.8
1072,0.841817,,0.893800,0.841967,0.252,213.0
1073,0.840333,,0.893800,0.841967,0.187,213.2
1074,0.840433,,0.893800,0.841967,0.185,213.4
1075,0.840500,,0.893800,0.841967,0.185,213.6
1076,0.840467,,0.893800,0.841967,0.185,213.8
1077,0.839700,,0.893800,0.841967,0.181,214.0
1078,0.839767,,0.893800,0.841967,0.188,214.1
1079,0.840450,,0.893800,0.841967,0.185,214.3
1080,0.842917,,0.893800,0.842917,0.185,214.5
1081,0.841650,,0.893800,0.842917,0.186,214.7
1082,0.840600,,0.893800,0.842917,0.187,214.9
1083,0.838350,,0.893800,0.842917,0.257,215.1
1084,0.839367,,0.893800,0.842917,0.190,215.3
1085,0.840500,,0.893800,0.842917,0.184,215.5
1086,0.840583,,0.893800,0.842917,0.185,215.7
1087,0.839950,,0.893800,0.842917,0.187,215.9
1088,0.841133,,0.893800,0.842917,0.187,216.1
1089,0.841983,,0.893800,0.842917,0.187,216.3
1090,0.841383,,0.893800,0.842917,0.185,216.5
1091,0.841317,,0.893800,0.842917,0.185,216.6
1092,0.841250,,0.893800,0.842917,0.187,216.8
1093,0.842467,,0.893800,0.842917,0.186,217.0
1094,0.840633,,0.893800,0.842917,0.261,217.3
1095,0.842100,,0.893800,0.842917,0.186,217.5
1096,0.841200,,0.893800,0.842917,0.184,217.6
1097,0.842833,,0.893800,0.842917,0.190,217.8
1098,0.842583,,0.893800,0.842917,0.187,218.0
1099,0.840617,,0.893800,0.842917,0.185,218.2
1100,0.840883,0.8962999582290649,0.896300,0.842917,0.250,218.5
1101,0.841567,,0.896300,0.842917,0.140,218.6
1102,0.842500,,0.896300,0.842917,0.187,218.8
1103,0.842983,,0.896300,0.842983,0.185,219.0
1104,0.840817,,0.896300,0.842983,0.188,219.2
1105,0.839633,,0.896300,0.842983,0.253,219.4
1106,0.843500,,0.896300,0.843500,0.187,219.6
1107,0.842633,,0.896300,0.843500,0.188,219.8
1108,0.842983,,0.896300,0.843500,0.188,220.0
1109,0.842233,,0.896300,0.843500,0.188,220.2
1110,0.842583,,0.896300,0.843500,0.188,220.3
1111,0.843867,,0.896300,0.843867,0.189,220.5
1112,0.841933,,0.896300,0.843867,0.188,220.7
1113,0.843567,,0.896300,0.843867,0.184,220.9
1114,0.842067,,0.896300,0.843867,0.186,221.1
1115,0.843667,,0.896300,0.843867,0.186,221.3
1116,0.844183,,0.896300,0.844183,0.251,221.5
1117,0.843100,,0.896300,0.844183,0.187,221.7
1118,0.845100,,0.896300,0.845100,0.186,221.9
1119,0.843900,,0.896300,0.845100,0.188,222.1
1120,0.843333,,0.896300,0.845100,0.187,222.3
1121,0.844733,,0.896300,0.845100,0.185,222.5
1122,0.845000,,0.896300,0.845100,0.188,222.7
1123,0.842583,,0.896300,0.845100,0.185,222.8
1124,0.842067,,0.896300,0.845100,0.186,223.0
1125,0.843150,,0.896300,0.845100,0.189,223.2
1126,0.845083,,0.896300,0.845100,0.185,223.4
1127,0.847533,,0.896300,0.847533,0.243,223.6
1128,0.842600,,0.896300,0.847533,0.185,223.8
1129,0.843900,,0.896300,0.847533,0.186,224.0
1130,0.844517,,0.896300,0.847533,0.188,224.2
1131,0.843767,,0.896300,0.847533,0.186,224.4
1132,0.844067,,0.896300,0.847533,0.185,224.6
1133,0.844933,,0.896300,0.847533,0.179,224.7
1134,0.845000,,0.896300,0.847533,0.188,224.9
1135,0.845200,,0.896300,0.847533,0.185,225.1
1136,0.846400,,0.896300,0.847533,0.187,225.3
1137,0.845983,,0.896300,0.847533,0.184,225.5
1138,0.845433,,0.896300,0.847533,0.258,225.8
1139,0.847533,,0.896300,0.847533,0.184,225.9
1140,0.845233,,0.896300,0.847533,0.187,226.1
1141,0.843967,,0.896300,0.847533,0.185,226.3
1142,0.844800,,0.896300,0.847533,0.189,226.5
1143,0.842983,,0.896300,0.847533,0.186,226.7
1144,0.845400,,0.896300,0.847533,0.187,226.9
1145,0.845367,,0.896300,0.847533,0.189,227.1
1146,0.844667,,0.896300,0.847533,0.185,227.2
1147,0.845950,,0.896300,0.847533,0.186,227.4
1148,0.846917,,0.896300,0.847533,0.187,227.6
1149,0.846350,,0.896300,0.847533,0.266,227.9
1150,0.846200,0.8980000019073486,0.898000,0.847533,0.267,228.1
1151,0.847117,,0.898000,0.847533,0.143,228.3
1152,0.844433,,0.898000,0.847533,0.185,228.5
1153,0.845783,,0.898000,0.847533,0.185,228.7
1154,0.847183,,0.898000,0.847533,0.188,228.9
1155,0.846833,,0.898000,0.847533,0.187,229.0
1156,0.845983,,0.898000,0.847533,0.189,229.2
1157,0.845017,,0.898000,0.847533,0.185,229.4
1158,0.847317,,0.898000,0.847533,0.188,229.6
1159,0.845133,,0.898000,0.847533,0.186,229.8
1160,0.847250,,0.898000,0.847533,0.251,230.0
1161,0.847067,,0.898000,0.847533,0.190,230.2
1162,0.847900,,0.898000,0.847900,0.188,230.4
1163,0.847183,,0.898000,0.847900,0.187,230.6
1164,0.847617,,0.898000,0.847900,0.188,230.8
1165,0.846733,,0.898000,0.847900,0.186,231.0
1166,0.848183,,0.898000,0.848183,0.186,231.2
1167,0.846500,,0.898000,0.848183,0.186,231.3
1168,0.846800,,0.898000,0.848183,0.189,231.5
1169,0.845850,,0.898000,0.848183,0.184,231.7
1170,0.847933,,0.898000,0.848183,0.188,231.9
1171,0.846733,,0.898000,0.848183,0.270,232.2
1172,0.846150,,0.898000,0.848183,0.188,232.4
1173,0.847517,,0.898000,0.848183,0.186,232.6
1174,0.846800,,0.898000,0.848183,0.187,232.7
1175,0.846700,,0.898000,0.848183,0.187,232.9
1176,0.847050,,0.898000,0.848183,0.187,233.1
1177,0.847850,,0.898000,0.848183,0.186,233.3
1178,0.846783,,0.898000,0.848183,0.186,233.5
1179,0.847767,,0.898000,0.848183,0.189,233.7
1180,0.848000,,0.898000,0.848183,0.187,233.9
1181,0.846717,,0.898000,0.848183,0.187,234.0
1182,0.848450,,0.898000,0.848450,0.256,234.3
1183,0.846183,,0.898000,0.848450,0.187,234.5
1184,0.849533,,0.898000,0.849533,0.187,234.7
1185,0.848833,,0.898000,0.849533,0.190,234.9
1186,0.847100,,0.898000,0.849533,0.185,235.1
1187,0.847933,,0.898000,0.849533,0.187,235.2
1188,0.847233,,0.898000,0.849533,0.188,235.4
1189,0.849650,,0.898000,0.849650,0.187,235.6
1190,0.850133,,0.898000,0.850133,0.187,235.8
1191,0.847917,,0.898000,0.850133,0.187,236.0
1192,0.848250,,0.898000,0.850133,0.189,236.2
1193,0.849700,,0.898000,0.850133,0.252,236.4
1194,0.847717,,0.898000,0.850133,0.186,236.6
1195,0.849450,,0.898000,0.850133,0.185,236.8
1196,0.850733,,0.898000,0.850733,0.184,237.0
1197,0.849650,,0.898000,0.850733,0.187,237.2
1198,0.849183,,0.898000,0.850733,0.188,237.4
1199,0.847967,,0.898000,0.850733,0.182,237.5
1200,0.848867,0.8962999582290649,0.898000,0.850733,0.249,237.8
1201,0.848667,,0.898000,0.850733,0.139,237.9
1202,0.848483,,0.898000,0.850733,0.186,238.1
1203,0.849233,,0.898000,0.850733,0.187,238.3
1204,0.851383,,0.898000,0.851383,0.255,238.6
1205,0.850050,,0.898000,0.851383,0.184,238.7
1206,0.849417,,0.898000,0.851383,0.188,238.9
1207,0.850050,,0.898000,0.851383,0.186,239.1
1208,0.850683,,0.898000,0.851383,0.185,239.3
1209,0.850050,,0.898000,0.851383,0.187,239.5
1210,0.850700,,0.898000,0.851383,0.187,239.7
1211,0.850067,,0.898000,0.851383,0.188,239.9
1212,0.847633,,0.898000,0.851383,0.188,240.0
1213,0.848650,,0.898000,0.851383,0.186,240.2
1214,0.851300,,0.898000,0.851383,0.186,240.4
1215,0.848867,,0.898000,0.851383,0.255,240.7
1216,0.850767,,0.898000,0.851383,0.186,240.9
1217,0.849017,,0.898000,0.851383,0.189,241.0
1218,0.848083,,0.898000,0.851383,0.185,241.2
1219,0.849283,,0.898000,0.851383,0.188,241.4
1220,0.849283,,0.898000,0.851383,0.186,241.6
1221,0.850800,,0.898000,0.851383,0.186,241.8
1222,0.850067,,0.898000,0.851383,0.185,242.0
1223,0.850067,,0.898000,0.851383,0.186,242.2
1224,0.850233,,0.898000,0.851383,0.187,242.4
1225,0.849150,,0.898000,0.851383,0.189,242.5
1226,0.850133,,0.898000,0.851383,0.257,242.8
1227,0.849900,,0.898000,0.851383,0.187,243.0
1228,0.850700,,0.898000,0.851383,0.187,243.2
1229,0.851350,,0.898000,0.851383,0.190,243.4
1230,0.849300,,0.898000,0.851383,0.186,243.5
1231,0.849750,,0.898000,0.851383,0.185,243.7
1232,0.851433,,0.898000,0.851433,0.187,243.9
1233,0.848100,,0.898000,0.851433,0.186,244.1
1234,0.850167,,0.898000,0.851433,0.187,244.3
1235,0.850750,,0.898000,0.851433,0.187,244.5
1236,0.850733,,0.898000,0.851433,0.185,244.7
1237,0.850417,,0.898000,0.851433,0.253,244.9
1238,0.851400,,0.898000,0.851433,0.183,245.1
1239,0.849433,,0.898000,0.851433,0.185,245.3
1240,0.851733,,0.898000,0.851733,0.189,245.5
1241,0.850817,,0.898000,0.851733,0.186,245.7
1242,0.851883,,0.898000,0.851883,0.197,245.9
1243,0.850550,,0.898000,0.851883,0.185,246.0
1244,0.850817,,0.898000,0.851883,0.187,246.2
1245,0.852267,,0.898000,0.852267,0.186,246.4
1246,0.849983,,0.898000,0.852267,0.186,246.6
1247,0.852783,,0.898000,0.852783,0.188,246.8
1248,0.851483,,0.898000,0.852783,0.253,247.0
1249,0.849717,,0.898000,0.852783,0.186,247.2
1250,0.853217,0.8988999724388123,0.898900,0.853217,0.250,247.5
1251,0.852633,,0.898900,0.853217,0.141,247.6
1252,0.850550,,0.898900,0.853217,0.186,247.8
1253,0.849667,,0.898900,0.853217,0.185,248.0
1254,0.851683,,0.898900,0.853217,0.188,248.2
1255,0.849017,,0.898900,0.853217,0.184,248.4
1256,0.851600,,0.898900,0.853217,0.184,248.5
1257,0.850333,,0.898900,0.853217,0.188,248.7
1258,0.851450,,0.898900,0.853217,0.186,248.9
1259,0.851617,,0.898900,0.853217,0.251,249.2
1260,0.852367,,0.898900,0.853217,0.188,249.4
1261,0.850867,,0.898900,0.853217,0.187,249.5
1262,0.850500,,0.898900,0.853217,0.187,249.7
1263,0.849750,,0.898900,0.853217,0.186,249.9
1264,0.851717,,0.898900,0.853217,0.186,250.1
1265,0.851600,,0.898900,0.853217,0.186,250.3
1266,0.853283,,0.898900,0.853283,0.187,250.5
1267,0.851767,,0.898900,0.853283,0.186,250.7
1268,0.852350,,0.898900,0.853283,0.187,250.9
1269,0.852550,,0.898900,0.853283,0.190,251.0
1270,0.850017,,0.898900,0.853283,0.255,251.3
1271,0.851517,,0.898900,0.853283,0.189,251.5
1272,0.851283,,0.898900,0.853283,0.188,251.7
1273,0.853083,,0.898900,0.853283,0.188,251.9
1274,0.850000,,0.898900,0.853283,0.185,252.0
1275,0.851517,,0.898900,0.853283,0.187,252.2
1276,0.850983,,0.898900,0.853283,0.187,252.4
1277,0.853000,,0.898900,0.853283,0.188,252.6
1278,0.850833,,0.898900,0.853283,0.184,252.8
1279,0.850767,,0.898900,0.853283,0.185,253.0
1280,0.851767,,0.898900,0.853283,0.187,253.2
1281,0.851467,,0.898900,0.853283,0.252,253.4
1282,0.852667,,0.898900,0.853283,0.187,253.6
1283,0.852317,,0.898900,0.853283,0.186,253.8
1284,0.853700,,0.898900,0.853700,0.188,254.0
1285,0.850750,,0.898900,0.853700,0.187,254.2
1286,0.853633,,0.898900,0.853700,0.186,254.3
1287,0.852283,,0.898900,0.853700,0.189,254.5
1288,0.852250,,0.898900,0.853700,0.187,254.7
1289,0.852350,,0.898900,0.853700,0.187,254.9
1290,0.854267,,0.898900,0.854267,0.186,255.1
1291,0.852850,,0.898900,0.854267,0.186,255.3
1292,0.853200,,0.898900,0.854267,0.250,255.5
1293,0.851400,,0.898900,0.854267,0.189,255.7
1294,0.853067,,0.898900,0.854267,0.185,255.9
1295,0.854433,,0.898900,0.854433,0.189,256.1
1296,0.852767,,0.898900,0.854433,0.190,256.3
1297,0.853167,,0.898900,0.854433,0.189,256.5
1298,0.852517,,0.898900,0.854433,0.187,256.7
1299,0.853350,,0.898900,0.854433,0.187,256.8
1300,0.854450,0.899399995803833,0.899400,0.854450,0.251,257.1
1301,0.853517,,0.899400,0.854450,0.140,257.2
1302,0.853367,,0.899400,0.854450,0.189,257.4
1303,0.850700,,0.899400,0.854450,0.262,257.7
1304,0.852717,,0.899400,0.854450,0.270,258.0
1305,0.854617,,0.899400,0.854617,0.187,258.1
1306,0.853783,,0.899400,0.854617,0.186,258.3
1307,0.853700,,0.899400,0.854617,0.187,258.5
1308,0.852833,,0.899400,0.854617,0.185,258.7
1309,0.854767,,0.899400,0.854767,0.184,258.9
1310,0.853283,,0.899400,0.854767,0.189,259.1
1311,0.853067,,0.899400,0.854767,0.187,259.3
1312,0.853267,,0.899400,0.854767,0.187,259.5
1313,0.856333,,0.899400,0.856333,0.187,259.6
1314,0.854700,,0.899400,0.856333,0.244,259.9
1315,0.854633,,0.899400,0.856333,0.185,260.1
1316,0.853517,,0.899400,0.856333,0.186,260.3
1317,0.853600,,0.899400,0.856333,0.187,260.4
1318,0.854267,,0.899400,0.856333,0.186,260.6
1319,0.855550,,0.899400,0.856333,0.187,260.8
1320,0.855617,,0.899400,0.856333,0.189,261.0
1321,0.855683,,0.899400,0.856333,0.186,261.2
1322,0.856667,,0.899400,0.856667,0.189,261.4
1323,0.854750,,0.899400,0.856667,0.190,261.6
1324,0.855600,,0.899400,0.856667,0.185,261.8
1325,0.854317,,0.899400,0.856667,0.251,262.0
1326,0.853917,,0.899400,0.856667,0.189,262.2
1327,0.853817,,0.899400,0.856667,0.186,262.4
1328,0.855033,,0.899400,0.856667,0.187,262.6
1329,0.855533,,0.899400,0.856667,0.188,262.8
1330,0.854683,,0.899400,0.856667,0.187,262.9
1331,0.856467,,0.899400,0.856667,0.186,263.1
1332,0.853400,,0.899400,0.856667,0.187,263.3
1333,0.854350,,0.899400,0.856667,0.187,263.5
1334,0.855100,,0.899400,0.856667,0.189,263.7
1335,0.855950,,0.899400,0.856667,0.186,263.9
1336,0.853767,,0.899400,0.856667,0.257,264.1
1337,0.856367,,0.899400,0.856667,0.188,264.3
1338,0.856067,,0.899400,0.856667,0.186,264.5
1339,0.854633,,0.899400,0.856667,0.188,264.7
1340,0.855483,,0.899400,0.856667,0.185,264.9
1341,0.856317,,0.899400,0.856667,0.187,265.1
1342,0.855333,,0.899400,0.856667,0.186,265.3
1343,0.854117,,0.899400,0.856667,0.188,265.4
1344,0.855900,,0.899400,0.856667,0.188,265.6
1345,0.855583,,0.899400,0.856667,0.186,265.8
1346,0.855517,,0.899400,0.856667,0.188,266.0
1347,0.855117,,0.899400,0.856667,0.258,266.3
1348,0.855900,,0.899400,0.856667,0.188,266.4
1349,0.854533,,0.899400,0.856667,0.187,266.6
1350,0.852667,0.899899959564209,0.899900,0.856667,0.250,266.9
1351,0.854217,,0.899900,0.856667,0.140,267.0
1352,0.853600,,0.899900,0.856667,0.187,267.2
1353,0.854917,,0.899900,0.856667,0.189,267.4
1354,0.855017,,0.899900,0.856667,0.189,267.6
1355,0.853583,,0.899900,0.856667,0.191,267.8
1356,0.854950,,0.899900,0.856667,0.187,268.0
1357,0.855783,,0.899900,0.856667,0.187,268.2
1358,0.854633,,0.899900,0.856667,0.255,268.4
1359,0.854483,,0.899900,0.856667,0.189,268.6
1360,0.854467,,0.899900,0.856667,0.186,268.8
1361,0.854583,,0.899900,0.856667,0.187,269.0
1362,0.853333,,0.899900,0.856667,0.187,269.2
1363,0.855000,,0.899900,0.856667,0.188,269.3
1364,0.854217,,0.899900,0.856667,0.188,269.5
1365,0.855450,,0.899900,0.856667,0.188,269.7
1366,0.853433,,0.899900,0.856667,0.187,269.9
1367,0.855050,,0.899900,0.856667,0.186,270.1
1368,0.855233,,0.899900,0.856667,0.188,270.3
1369,0.854500,,0.899900,0.856667,0.252,270.5
1370,0.855917,,0.899900,0.856667,0.189,270.7
1371,0.855150,,0.899900,0.856667,0.187,270.9
1372,0.854117,,0.899900,0.856667,0.186,271.1
1373,0.856433,,0.899900,0.856667,0.189,271.3
1374,0.855283,,0.899900,0.856667,0.188,271.5
1375,0.854967,,0.899900,0.856667,0.185,271.7
1376,0.853800,,0.899900,0.856667,0.184,271.8
1377,0.855300,,0.899900,0.856667,0.189,272.0
1378,0.856117,,0.899900,0.856667,0.186,272.2
1379,0.854050,,0.899900,0.856667,0.186,272.4
1380,0.855367,,0.899900,0.856667,0.245,272.7
1381,0.855633,,0.899900,0.856667,0.184,272.8
1382,0.856417,,0.899900,0.856667,0.187,273.0
1383,0.854783,,0.899900,0.856667,0.185,273.2
1384,0.854650,,0.899900,0.856667,0.186,273.4
1385,0.855067,,0.899900,0.856667,0.186,273.6
1386,0.855867,,0.899900,0.856667,0.187,273.8
1387,0.853750,,0.899900,0.856667,0.190,274.0
1388,0.855433,,0.899900,0.856667,0.187,274.1
1389,0.855700,,0.899900,0.856667,0.188,274.3
1390,0.856633,,0.899900,0.856667,0.187,274.5
1391,0.855467,,0.899900,0.856667,0.251,274.8
1392,0.854133,,0.899900,0.856667,0.186,275.0
1393,0.857200,,0.899900,0.857200,0.187,275.1
1394,0.856250,,0.899900,0.857200,0.186,275.3
1395,0.856233,,0.899900,0.857200,0.186,275.5
1396,0.855450,,0.899900,0.857200,0.185,275.7
1397,0.856533,,0.899900,0.857200,0.186,275.9
1398,0.858300,,0.899900,0.858300,0.189,276.1
1399,0.856367,,0.899900,0.858300,0.186,276.3
1400,0.857300,0.901699960231781,0.901700,0.858300,0.253,276.5
1401,0.855833,,0.901700,0.858300,0.140,276.7
1402,0.856433,,0.901700,0.858300,0.252,276.9
1403,0.856800,,0.901700,0.858300,0.189,277.1
1404,0.857467,,0.901700,0.858300,0.189,277.3
1405,0.858367,,0.901700,0.858367,0.186,277.5
1406,0.855883,,0.901700,0.858367,0.188,277.7
1407,0.856400,,0.901700,0.858367,0.187,277.8
1408,0.856700,,0.901700,0.858367,0.186,278.0
1409,0.856300,,0.901700,0.858367,0.189,278.2
1410,0.855367,,0.901700,0.858367,0.190,278.4
1411,0.857150,,0.901700,0.858367,0.188,278.6
1412,0.856283,,0.901700,0.858367,0.186,278.8
1413,0.854633,,0.901700,0.858367,0.258,279.0
1414,0.855683,,0.901700,0.858367,0.188,279.2
1415,0.856150,,0.901700,0.858367,0.187,279.4
1416,0.854833,,0.901700,0.858367,0.187,279.6
1417,0.857800,,0.901700,0.858367,0.190,279.8
1418,0.855400,,0.901700,0.858367,0.185,280.0
1419,0.857050,,0.901700,0.858367,0.186,280.2
1420,0.857283,,0.901700,0.858367,0.186,280.4
1421,0.858783,,0.901700,0.858783,0.185,280.5
1422,0.856133,,0.901700,0.858783,0.187,280.7
1423,0.856200,,0.901700,0.858783,0.184,280.9
1424,0.857083,,0.901700,0.858783,0.252,281.2
1425,0.854683,,0.901700,0.858783,0.189,281.3
1426,0.856600,,0.901700,0.858783,0.186,281.5
1427,0.857167,,0.901700,0.858783,0.188,281.7
1428,0.856200,,0.901700,0.858783,0.186,281.9
1429,0.856500,,0.901700,0.858783,0.189,282.1
1430,0.857733,,0.901700,0.858783,0.186,282.3
1431,0.857717,,0.901700,0.858783,0.186,282.5
1432,0.857617,,0.901700,0.858783,0.186,282.7
1433,0.857783,,0.901700,0.858783,0.187,282.8
1434,0.856600,,0.901700,0.858783,0.186,283.0
1435,0.858133,,0.901700,0.858783,0.256,283.3
1436,0.857867,,0.901700,0.858783,0.191,283.5
1437,0.855950,,0.901700,0.858783,0.185,283.7
1438,0.857500,,0.901700,0.858783,0.187,283.8
1439,0.856800,,0.901700,0.858783,0.189,284.0
1440,0.856783,,0.901700,0.858783,0.187,284.2
1441,0.857117,,0.901700,0.858783,0.186,284.4
1442,0.857433,,0.901700,0.858783,0.188,284.6
1443,0.855533,,0.901700,0.858783,0.189,284.8
1444,0.859167,,0.901700,0.859167,0.187,285.0
1445,0.859233,,0.901700,0.859233,0.188,285.2
1446,0.856267,,0.901700,0.859233,0.255,285.4
1447,0.858700,,0.901700,0.859233,0.188,285.6
1448,0.855517,,0.901700,0.859233,0.185,285.8
1449,0.856167,,0.901700,0.859233,0.187,286.0
1450,0.856150,0.9009999632835388,0.901700,0.859233,0.248,286.2
1451,0.857383,,0.901700,0.859233,0.139,286.4
1452,0.857833,,0.901700,0.859233,0.186,286.6
1453,0.857767,,0.901700,0.859233,0.185,286.7
1454,0.856850,,0.901700,0.859233,0.188,286.9
1455,0.857217,,0.901700,0.859233,0.186,287.1
1456,0.857133,,0.901700,0.859233,0.189,287.3
1457,0.857217,,0.901700,0.859233,0.341,287.6
1458,0.857867,,0.901700,0.859233,0.188,287.8
1459,0.857567,,0.901700,0.859233,0.186,288.0
1460,0.856950,,0.901700,0.859233,0.187,288.2
1461,0.858367,,0.901700,0.859233,0.189,288.4
1462,0.857283,,0.901700,0.859233,0.186,288.6
1463,0.856767,,0.901700,0.859233,0.184,288.8
1464,0.859383,,0.901700,0.859383,0.188,288.9
1465,0.857833,,0.901700,0.859383,0.190,289.1
1466,0.858100,,0.901700,0.859383,0.186,289.3
1467,0.857083,,0.901700,0.859383,0.185,289.5
1468,0.857883,,0.901700,0.859383,0.244,289.8
1469,0.857450,,0.901700,0.859383,0.189,289.9
1470,0.857967,,0.901700,0.859383,0.191,290.1
1471,0.857367,,0.901700,0.859383,0.186,290.3
1472,0.856467,,0.901700,0.859383,0.188,290.5
1473,0.857333,,0.901700,0.859383,0.188,290.7
1474,0.859950,,0.901700,0.859950,0.187,290.9
1475,0.858900,,0.901700,0.859950,0.186,291.1
1476,0.858817,,0.901700,0.859950,0.190,291.3
1477,0.859367,,0.901700,0.859950,0.186,291.4
1478,0.858283,,0.901700,0.859950,0.185,291.6
1479,0.857200,,0.901700,0.859950,0.253,291.9
1480,0.859600,,0.901700,0.859950,0.185,292.1
1481,0.859300,,0.901700,0.859950,0.185,292.2
1482,0.860067,,0.901700,0.860067,0.186,292.4
1483,0.860700,,0.901700,0.860700,0.186,292.6
1484,0.858683,,0.901700,0.860700,0.187,292.8
1485,0.857667,,0.901700,0.860700,0.185,293.0
1486,0.857883,,0.901700,0.860700,0.188,293.2
1487,0.858550,,0.901700,0.860700,0.188,293.4
1488,0.860283,,0.901700,0.860700,0.187,293.6
1489,0.858817,,0.901700,0.860700,0.188,293.7
1490,0.859333,,0.901700,0.860700,0.252,294.0
1491,0.858567,,0.901700,0.860700,0.188,294.2
1492,0.858000,,0.901700,0.860700,0.186,294.4
1493,0.859233,,0.901700,0.860700,0.188,294.6
1494,0.858683,,0.901700,0.860700,0.186,294.7
1495,0.859050,,0.901700,0.860700,0.186,294.9
1496,0.858333,,0.901700,0.860700,0.186,295.1
1497,0.859250,,0.901700,0.860700,0.188,295.3
1498,0.860967,,0.901700,0.860967,0.187,295.5
1499,0.861183,,0.901700,0.861183,0.187,295.7
1500,0.859483,0.9017999768257141,0.901800,0.861183,0.249,295.9
1501,0.857233,,0.901800,0.861183,0.206,296.1
1502,0.860067,,0.901800,0.861183,0.189,296.3
1503,0.860317,,0.901800,0.861183,0.186,296.5
1504,0.859083,,0.901800,0.861183,0.187,296.7
1505,0.859600,,0.901800,0.861183,0.186,296.9
1506,0.858217,,0.901800,0.861183,0.185,297.1
1507,0.859833,,0.901800,0.861183,0.187,297.3
1508,0.858233,,0.901800,0.861183,0.187,297.4
1509,0.859517,,0.901800,0.861183,0.185,297.6
1510,0.858233,,0.901800,0.861183,0.186,297.8
1511,0.858850,,0.901800,0.861183,0.183,298.0
1512,0.857767,,0.901800,0.861183,0.244,298.2
1513,0.860000,,0.901800,0.861183,0.189,298.4
1514,0.858267,,0.901800,0.861183,0.188,298.6
1515,0.857167,,0.901800,0.861183,0.186,298.8
1516,0.858300,,0.901800,0.861183,0.185,299.0
1517,0.858800,,0.901800,0.861183,0.186,299.2
1518,0.860900,,0.901800,0.861183,0.187,299.4
1519,0.858567,,0.901800,0.861183,0.187,299.5
1520,0.859100,,0.901800,0.861183,0.184,299.7
1521,0.860300,,0.901800,0.861183,0.189,299.9
1522,0.861117,,0.901800,0.861183,0.188,300.1
1523,0.861200,,0.901800,0.861200,0.247,300.4
1524,0.860333,,0.901800,0.861200,0.189,300.5
1525,0.859950,,0.901800,0.861200,0.184,300.7
1526,0.859067,,0.901800,0.861200,0.188,300.9
1527,0.859517,,0.901800,0.861200,0.191,301.1
1528,0.859583,,0.901800,0.861200,0.186,301.3
1529,0.860383,,0.901800,0.861200,0.188,301.5
1530,0.858867,,0.901800,0.861200,0.189,301.7
1531,0.858017,,0.901800,0.861200,0.185,301.9
1532,0.859117,,0.901800,0.861200,0.188,302.0
1533,0.858550,,0.901800,0.861200,0.187,302.2
1534,0.858950,,0.901800,0.861200,0.252,302.5
1535,0.861433,,0.901800,0.861433,0.185,302.7
1536,0.859867,,0.901800,0.861433,0.188,302.9
1537,0.860867,,0.901800,0.861433,0.186,303.0
1538,0.860033,,0.901800,0.861433,0.186,303.2
1539,0.858717,,0.901800,0.861433,0.188,303.4
1540,0.859633,,0.901800,0.861433,0.186,303.6
1541,0.860883,,0.901800,0.861433,0.187,303.8
1542,0.858783,,0.901800,0.861433,0.187,304.0
1543,0.858767,,0.901800,0.861433,0.186,304.2
1544,0.857133,,0.901800,0.861433,0.184,304.3
1545,0.860200,,0.901800,0.861433,0.255,304.6
1546,0.859083,,0.901800,0.861433,0.185,304.8
1547,0.859133,,0.901800,0.861433,0.186,305.0
1548,0.861850,,0.901800,0.861850,0.188,305.2
1549,0.859067,,0.901800,0.861850,0.187,305.3
1550,0.860183,0.9001999497413635,0.901800,0.861850,0.252,305.6
1551,0.859883,,0.901800,0.861850,0.141,305.7
1552,0.858583,,0.901800,0.861850,0.190,305.9
1553,0.858417,,0.901800,0.861850,0.186,306.1
1554,0.860017,,0.901800,0.861850,0.190,306.3
1555,0.858967,,0.901800,0.861850,0.188,306.5
1556,0.860900,,0.901800,0.861850,0.253,306.7
1557,0.861083,,0.901800,0.861850,0.186,306.9
1558,0.859583,,0.901800,0.861850,0.188,307.1
1559,0.858500,,0.901800,0.861850,0.185,307.3
1560,0.860767,,0.901800,0.861850,0.186,307.5
1561,0.860433,,0.901800,0.861850,0.187,307.7
1562,0.860417,,0.901800,0.861850,0.186,307.9
1563,0.860617,,0.901800,0.861850,0.185,308.0
1564,0.857617,,0.901800,0.861850,0.187,308.2
1565,0.858800,,0.901800,0.861850,0.187,308.4
1566,0.860517,,0.901800,0.861850,0.186,308.6
1567,0.858067,,0.901800,0.861850,0.261,308.9
1568,0.860433,,0.901800,0.861850,0.189,309.1
1569,0.861000,,0.901800,0.861850,0.186,309.2
1570,0.860117,,0.901800,0.861850,0.187,309.4
1571,0.860200,,0.901800,0.861850,0.189,309.6
1572,0.859917,,0.901800,0.861850,0.187,309.8
1573,0.861733,,0.901800,0.861850,0.186,310.0
1574,0.858717,,0.901800,0.861850,0.187,310.2
1575,0.859567,,0.901800,0.861850,0.187,310.4
1576,0.860333,,0.901800,0.861850,0.190,310.6
1577,0.861000,,0.901800,0.861850,0.187,310.7
1578,0.861750,,0.901800,0.861850,0.256,311.0
1579,0.861217,,0.901800,0.861850,0.188,311.2
1580,0.861383,,0.901800,0.861850,0.188,311.4
1581,0.861200,,0.901800,0.861850,0.186,311.6
1582,0.861483,,0.901800,0.861850,0.186,311.7
1583,0.863283,,0.901800,0.863283,0.191,311.9
1584,0.860183,,0.901800,0.863283,0.188,312.1
1585,0.860283,,0.901800,0.863283,0.188,312.3
1586,0.860583,,0.901800,0.863283,0.188,312.5
1587,0.859233,,0.901800,0.863283,0.186,312.7
1588,0.859633,,0.901800,0.863283,0.186,312.9
1589,0.858483,,0.901800,0.863283,0.254,313.1
1590,0.859067,,0.901800,0.863283,0.189,313.3
1591,0.860167,,0.901800,0.863283,0.187,313.5
1592,0.860383,,0.901800,0.863283,0.187,313.7
1593,0.859350,,0.901800,0.863283,0.185,313.9
1594,0.859450,,0.901800,0.863283,0.189,314.1
1595,0.860000,,0.901800,0.863283,0.186,314.3
1596,0.858933,,0.901800,0.863283,0.186,314.4
1597,0.860167,,0.901800,0.863283,0.188,314.6
1598,0.859550,,0.901800,0.863283,0.185,314.8
1599,0.860867,,0.901800,0.863283,0.187,315.0
1600,0.861083,0.8998000025749207,0.901800,0.863283,0.318,315.3
1601,0.860933,,0.901800,0.863283,0.138,315.5
1602,0.860150,,0.901800,0.863283,0.186,315.6
1603,0.859367,,0.901800,0.863283,0.188,315.8
1604,0.860133,,0.901800,0.863283,0.185,316.0
1605,0.862200,,0.901800,0.863283,0.188,316.2
1606,0.860117,,0.901800,0.863283,0.186,316.4
1607,0.860950,,0.901800,0.863283,0.187,316.6
1608,0.861367,,0.901800,0.863283,0.186,316.8
1609,0.861517,,0.901800,0.863283,0.188,316.9
1610,0.861583,,0.901800,0.863283,0.209,317.2
1611,0.861783,,0.901800,0.863283,0.260,317.4
1612,0.861133,,0.901800,0.863283,0.189,317.6
1613,0.859333,,0.901800,0.863283,0.187,317.8
1614,0.862800,,0.901800,0.863283,0.188,318.0
1615,0.860850,,0.901800,0.863283,0.185,318.2
1616,0.859900,,0.901800,0.863283,0.186,318.4
1617,0.861600,,0.901800,0.863283,0.188,318.5
1618,0.862433,,0.901800,0.863283,0.184,318.7
1619,0.859333,,0.901800,0.863283,0.188,318.9
1620,0.860483,,0.901800,0.863283,0.186,319.1
1621,0.858583,,0.901800,0.863283,0.189,319.3
1622,0.861383,,0.901800,0.863283,0.254,319.5
1623,0.860217,,0.901800,0.863283,0.187,319.7
1624,0.862050,,0.901800,0.863283,0.189,319.9
1625,0.859983,,0.901800,0.863283,0.186,320.1
1626,0.859067,,0.901800,0.863283,0.187,320.3
1627,0.861217,,0.901800,0.863283,0.184,320.5
1628,0.861367,,0.901800,0.863283,0.187,320.7
1629,0.861467,,0.901800,0.863283,0.186,320.8
1630,0.859750,,0.901800,0.863283,0.200,321.0
1631,0.861167,,0.901800,0.863283,0.188,321.2
1632,0.860767,,0.901800,0.863283,0.186,321.4
1633,0.860917,,0.901800,0.863283,0.252,321.7
1634,0.861067,,0.901800,0.863283,0.189,321.9
1635,0.861550,,0.901800,0.863283,0.189,322.0
1636,0.859983,,0.901800,0.863283,0.185,322.2
1637,0.860683,,0.901800,0.863283,0.189,322.4
1638,0.861817,,0.901800,0.863283,0.185,322.6
1639,0.861400,,0.901800,0.863283,0.185,322.8
1640,0.862483,,0.901800,0.863283,0.187,323.0
1641,0.861283,,0.901800,0.863283,0.188,323.2
1642,0.861600,,0.901800,0.863283,0.188,323.4
1643,0.860967,,0.901800,0.863283,0.187,323.5
1644,0.862100,,0.901800,0.863283,0.255,323.8
1645,0.861500,,0.901800,0.863283,0.190,324.0
1646,0.861217,,0.901800,0.863283,0.184,324.2
1647,0.862317,,0.901800,0.863283,0.190,324.4
1648,0.862367,,0.901800,0.863283,0.188,324.5
1649,0.862733,,0.901800,0.863283,0.184,324.7
1650,0.863517,0.9027999639511108,0.902800,0.863517,0.251,325.0
1651,0.861450,,0.902800,0.863517,0.140,325.1
1652,0.862333,,0.902800,0.863517,0.184,325.3
1653,0.861600,,0.902800,0.863517,0.186,325.5
1654,0.862450,,0.902800,0.863517,0.189,325.7
1655,0.861633,,0.902800,0.863517,0.252,325.9
1656,0.863317,,0.902800,0.863517,0.187,326.1
1657,0.862783,,0.902800,0.863517,0.189,326.3
1658,0.863250,,0.902800,0.863517,0.184,326.5
1659,0.861283,,0.902800,0.863517,0.186,326.7
1660,0.861550,,0.902800,0.863517,0.188,326.9
1661,0.862017,,0.902800,0.863517,0.189,327.1
1662,0.862850,,0.902800,0.863517,0.186,327.2
1663,0.861650,,0.902800,0.863517,0.188,327.4
1664,0.861550,,0.902800,0.863517,0.183,327.6
1665,0.864150,,0.902800,0.864150,0.187,327.8
1666,0.859650,,0.902800,0.864150,0.257,328.1
1667,0.861717,,0.902800,0.864150,0.187,328.2
1668,0.862350,,0.902800,0.864150,0.190,328.4
1669,0.864317,,0.902800,0.864317,0.185,328.6
1670,0.862717,,0.902800,0.864317,0.187,328.8
1671,0.863900,,0.902800,0.864317,0.183,329.0
1672,0.862350,,0.902800,0.864317,0.189,329.2
1673,0.863517,,0.902800,0.864317,0.190,329.4
1674,0.861700,,0.902800,0.864317,0.187,329.6
1675,0.862800,,0.902800,0.864317,0.186,329.7
1676,0.862617,,0.902800,0.864317,0.188,329.9
1677,0.862067,,0.902800,0.864317,0.250,330.2
1678,0.863400,,0.902800,0.864317,0.188,330.4
1679,0.865417,,0.902800,0.865417,0.189,330.6
1680,0.861650,,0.902800,0.865417,0.188,330.7
1681,0.863433,,0.902800,0.865417,0.190,330.9
1682,0.863717,,0.902800,0.865417,0.188,331.1
1683,0.864133,,0.902800,0.865417,0.179,331.3
1684,0.864317,,0.902800,0.865417,0.187,331.5
1685,0.864500,,0.902800,0.865417,0.186,331.7
1686,0.863067,,0.902800,0.865417,0.189,331.9
1687,0.863033,,0.902800,0.865417,0.188,332.1
1688,0.863017,,0.902800,0.865417,0.251,332.3
1689,0.864000,,0.902800,0.865417,0.190,332.5
1690,0.863983,,0.902800,0.865417,0.185,332.7
1691,0.863117,,0.902800,0.865417,0.184,332.9
1692,0.861900,,0.902800,0.865417,0.189,333.1
1693,0.864467,,0.902800,0.865417,0.186,333.2
1694,0.862017,,0.902800,0.865417,0.186,333.4
1695,0.863150,,0.902800,0.865417,0.187,333.6
1696,0.862633,,0.902800,0.865417,0.185,333.8
1697,0.863617,,0.902800,0.865417,0.187,334.0
1698,0.862333,,0.902800,0.865417,0.188,334.2
1699,0.863300,,0.902800,0.865417,0.253,334.4
1700,0.864050,0.901199996471405,0.902800,0.865417,0.250,334.7
1701,0.863067,,0.902800,0.865417,0.140,334.8
1702,0.863583,,0.902800,0.865417,0.187,335.0
1703,0.863583,,0.902800,0.865417,0.187,335.2
1704,0.863250,,0.902800,0.865417,0.184,335.4
1705,0.862317,,0.902800,0.865417,0.188,335.6
1706,0.864917,,0.902800,0.865417,0.185,335.7
1707,0.866067,,0.902800,0.866067,0.186,335.9
1708,0.863267,,0.902800,0.866067,0.186,336.1
1709,0.863217,,0.902800,0.866067,0.187,336.3
1710,0.864867,,0.902800,0.866067,0.254,336.6
1711,0.862967,,0.902800,0.866067,0.191,336.8
1712,0.863217,,0.902800,0.866067,0.187,336.9
1713,0.864533,,0.902800,0.866067,0.188,337.1
1714,0.863917,,0.902800,0.866067,0.188,337.3
1715,0.862583,,0.902800,0.866067,0.185,337.5
1716,0.862583,,0.902800,0.866067,0.187,337.7
1717,0.864000,,0.902800,0.866067,0.185,337.9
1718,0.864900,,0.902800,0.866067,0.187,338.1
1719,0.865250,,0.902800,0.866067,0.187,338.2
1720,0.863200,,0.902800,0.866067,0.187,338.4
1721,0.864150,,0.902800,0.866067,0.262,338.7
1722,0.863167,,0.902800,0.866067,0.184,338.9
1723,0.863967,,0.902800,0.866067,0.189,339.1
1724,0.863533,,0.902800,0.866067,0.187,339.3
1725,0.865417,,0.902800,0.866067,0.187,339.4
1726,0.862717,,0.902800,0.866067,0.187,339.6
1727,0.863867,,0.902800,0.866067,0.188,339.8
1728,0.862500,,0.902800,0.866067,0.187,340.0
1729,0.864400,,0.902800,0.866067,0.189,340.2
1730,0.863683,,0.902800,0.866067,0.186,340.4
1731,0.863517,,0.902800,0.866067,0.188,340.6
1732,0.863433,,0.902800,0.866067,0.249,340.8
1733,0.865383,,0.902800,0.866067,0.188,341.0
1734,0.863033,,0.902800,0.866067,0.185,341.2
1735,0.865133,,0.902800,0.866067,0.188,341.4
1736,0.864117,,0.902800,0.866067,0.188,341.6
1737,0.863583,,0.902800,0.866067,0.188,341.8
1738,0.863483,,0.902800,0.866067,0.188,341.9
1739,0.864817,,0.902800,0.866067,0.185,342.1
1740,0.864250,,0.902800,0.866067,0.184,342.3
1741,0.863317,,0.902800,0.866067,0.187,342.5
1742,0.863450,,0.902800,0.866067,0.187,342.7
1743,0.864900,,0.902800,0.866067,0.254,342.9
1744,0.864617,,0.902800,0.866067,0.191,343.1
1745,0.864583,,0.902800,0.866067,0.187,343.3
1746,0.864600,,0.902800,0.866067,0.189,343.5
1747,0.864850,,0.902800,0.866067,0.187,343.7
1748,0.863600,,0.902800,0.866067,0.190,343.9
1749,0.864783,,0.902800,0.866067,0.190,344.1
1750,0.865667,0.9030999541282654,0.903100,0.866067,0.249,344.3
1751,0.864983,,0.903100,0.866067,0.139,344.5
1752,0.863700,,0.903100,0.866067,0.186,344.6
1753,0.865017,,0.903100,0.866067,0.186,344.8
1754,0.863850,,0.903100,0.866067,0.252,345.1
1755,0.865617,,0.903100,0.866067,0.186,345.3
1756,0.864933,,0.903100,0.866067,0.189,345.5
1757,0.865600,,0.903100,0.866067,0.187,345.6
1758,0.865150,,0.903100,0.866067,0.185,345.8
1759,0.863783,,0.903100,0.866067,0.188,346.0
1760,0.863850,,0.903100,0.866067,0.186,346.2
1761,0.864683,,0.903100,0.866067,0.186,346.4
1762,0.864000,,0.903100,0.866067,0.189,346.6
1763,0.864583,,0.903100,0.866067,0.187,346.8
1764,0.864583,,0.903100,0.866067,0.251,347.0
1765,0.863400,,0.903100,0.866067,0.255,347.3
1766,0.862667,,0.903100,0.866067,0.187,347.5
1767,0.864600,,0.903100,0.866067,0.187,347.6
1768,0.864650,,0.903100,0.866067,0.185,347.8
1769,0.865817,,0.903100,0.866067,0.187,348.0
1770,0.863483,,0.903100,0.866067,0.186,348.2
1771,0.864767,,0.903100,0.866067,0.187,348.4
1772,0.865183,,0.903100,0.866067,0.188,348.6
1773,0.864167,,0.903100,0.866067,0.186,348.8
1774,0.862917,,0.903100,0.866067,0.189,349.0
1775,0.862483,,0.903100,0.866067,0.187,349.1
1776,0.866150,,0.903100,0.866150,0.253,349.4
1777,0.864250,,0.903100,0.866150,0.188,349.6
1778,0.864200,,0.903100,0.866150,0.186,349.8
1779,0.863583,,0.903100,0.866150,0.186,350.0
1780,0.864917,,0.903100,0.866150,0.189,350.1
1781,0.863567,,0.903100,0.866150,0.186,350.3
1782,0.865633,,0.903100,0.866150,0.188,350.5
1783,0.864050,,0.903100,0.866150,0.190,350.7
1784,0.864033,,0.903100,0.866150,0.187,350.9
1785,0.865500,,0.903100,0.866150,0.184,351.1
1786,0.864233,,0.903100,0.866150,0.185,351.3
1787,0.863250,,0.903100,0.866150,0.254,351.5
1788,0.864267,,0.903100,0.866150,0.184,351.7
1789,0.864683,,0.903100,0.866150,0.187,351.9
1790,0.865733,,0.903100,0.866150,0.184,352.1
1791,0.864900,,0.903100,0.866150,0.189,352.3
1792,0.864550,,0.903100,0.866150,0.187,352.4
1793,0.865083,,0.903100,0.866150,0.188,352.6
1794,0.864700,,0.903100,0.866150,0.186,352.8
1795,0.865417,,0.903100,0.866150,0.187,353.0
1796,0.865600,,0.903100,0.866150,0.188,353.2
1797,0.865133,,0.903100,0.866150,0.185,353.4
1798,0.864200,,0.903100,0.866150,0.254,353.6
1799,0.862983,,0.903100,0.866150,0.190,353.8
1800,0.865200,0.903499960899353,0.903500,0.866150,0.250,354.1
1801,0.863250,,0.903500,0.866150,0.140,354.2
1802,0.863183,,0.903500,0.866150,0.189,354.4
1803,0.865250,,0.903500,0.866150,0.186,354.6
1804,0.866317,,0.903500,0.866317,0.188,354.8
1805,0.866967,,0.903500,0.866967,0.185,355.0
1806,0.864983,,0.903500,0.866967,0.185,355.1
1807,0.865517,,0.903500,0.866967,0.184,355.3
1808,0.866317,,0.903500,0.866967,0.186,355.5
1809,0.864550,,0.903500,0.866967,0.255,355.8
1810,0.865550,,0.903500,0.866967,0.187,356.0
1811,0.864417,,0.903500,0.866967,0.186,356.1
1812,0.864217,,0.903500,0.866967,0.188,356.3
1813,0.865117,,0.903500,0.866967,0.186,356.5
1814,0.865717,,0.903500,0.866967,0.188,356.7
1815,0.865867,,0.903500,0.866967,0.188,356.9
1816,0.865667,,0.903500,0.866967,0.187,357.1
1817,0.866217,,0.903500,0.866967,0.185,357.3
1818,0.865467,,0.903500,0.866967,0.188,357.5
1819,0.866233,,0.903500,0.866967,0.185,357.6
1820,0.865283,,0.903500,0.866967,0.250,357.9
1821,0.866283,,0.903500,0.866967,0.184,358.1
1822,0.865167,,0.903500,0.866967,0.185,358.3
1823,0.867400,,0.903500,0.867400,0.190,358.5
1824,0.865683,,0.903500,0.867400,0.195,358.6
1825,0.864667,,0.903500,0.867400,0.186,358.8
1826,0.865617,,0.903500,0.867400,0.187,359.0
1827,0.865850,,0.903500,0.867400,0.188,359.2
1828,0.866933,,0.903500,0.867400,0.187,359.4
1829,0.865567,,0.903500,0.867400,0.186,359.6
1830,0.865583,,0.903500,0.867400,0.188,359.8
1831,0.865983,,0.903500,0.867400,0.251,360.0
1832,0.865950,,0.903500,0.867400,0.188,360.2
1833,0.866200,,0.903500,0.867400,0.189,360.4
1834,0.865483,,0.903500,0.867400,0.188,360.6
1835,0.865733,,0.903500,0.867400,0.189,360.8
1836,0.866917,,0.903500,0.867400,0.185,361.0
1837,0.866167,,0.903500,0.867400,0.187,361.1
1838,0.864867,,0.903500,0.867400,0.187,361.3
1839,0.866200,,0.903500,0.867400,0.187,361.5
1840,0.867383,,0.903500,0.867400,0.186,361.7
1841,0.865367,,0.903500,0.867400,0.184,361.9
1842,0.863817,,0.903500,0.867400,0.241,362.1
1843,0.865950,,0.903500,0.867400,0.186,362.3
1844,0.865833,,0.903500,0.867400,0.187,362.5
1845,0.865150,,0.903500,0.867400,0.188,362.7
1846,0.866483,,0.903500,0.867400,0.187,362.9
1847,0.866600,,0.903500,0.867400,0.187,363.1
1848,0.865117,,0.903500,0.867400,0.186,363.2
1849,0.866433,,0.903500,0.867400,0.185,363.4
1850,0.865200,0.9047999978065491,0.904800,0.867400,0.251,363.7
1851,0.864783,,0.904800,0.867400,0.140,363.8
1852,0.866083,,0.904800,0.867400,0.186,364.0
1853,0.866050,,0.904800,0.867400,0.252,364.3
1854,0.866583,,0.904800,0.867400,0.185,364.4
1855,0.865967,,0.904800,0.867400,0.188,364.6
1856,0.867850,,0.904800,0.867850,0.186,364.8
1857,0.865150,,0.904800,0.867850,0.187,365.0
1858,0.867733,,0.904800,0.867850,0.187,365.2
1859,0.866350,,0.904800,0.867850,0.185,365.4
1860,0.866250,,0.904800,0.867850,0.187,365.6
1861,0.866500,,0.904800,0.867850,0.188,365.8
1862,0.866217,,0.904800,0.867850,0.186,365.9
1863,0.866717,,0.904800,0.867850,0.185,366.1
1864,0.866700,,0.904800,0.867850,0.242,366.4
1865,0.867467,,0.904800,0.867850,0.188,366.6
1866,0.867533,,0.904800,0.867850,0.188,366.7
1867,0.866767,,0.904800,0.867850,0.185,366.9
1868,0.864950,,0.904800,0.867850,0.187,367.1
1869,0.866283,,0.904800,0.867850,0.189,367.3
1870,0.868200,,0.904800,0.868200,0.184,367.5
1871,0.866100,,0.904800,0.868200,0.191,367.7
1872,0.866083,,0.904800,0.868200,0.187,367.9
1873,0.867933,,0.904800,0.868200,0.187,368.1
1874,0.867183,,0.904800,0.868200,0.187,368.2
1875,0.869350,,0.904800,0.869350,0.253,368.5
1876,0.866750,,0.904800,0.869350,0.187,368.7
1877,0.866517,,0.904800,0.869350,0.185,368.9
1878,0.866983,,0.904800,0.869350,0.187,369.1
1879,0.868167,,0.904800,0.869350,0.185,369.2
1880,0.867150,,0.904800,0.869350,0.187,369.4
1881,0.868650,,0.904800,0.869350,0.186,369.6
1882,0.867733,,0.904800,0.869350,0.187,369.8
1883,0.868200,,0.904800,0.869350,0.188,370.0
1884,0.866817,,0.904800,0.869350,0.187,370.2
1885,0.867067,,0.904800,0.869350,0.187,370.4
1886,0.866567,,0.904800,0.869350,0.255,370.6
1887,0.867817,,0.904800,0.869350,0.185,370.8
1888,0.867483,,0.904800,0.869350,0.187,371.0
1889,0.866233,,0.904800,0.869350,0.186,371.2
1890,0.867400,,0.904800,0.869350,0.186,371.4
1891,0.867917,,0.904800,0.869350,0.184,371.5
1892,0.866350,,0.904800,0.869350,0.197,371.7
1893,0.867850,,0.904800,0.869350,0.189,371.9
1894,0.867283,,0.904800,0.869350,0.190,372.1
1895,0.867717,,0.904800,0.869350,0.191,372.3
1896,0.869500,,0.904800,0.869500,0.188,372.5
1897,0.868583,,0.904800,0.869500,0.259,372.8
1898,0.868667,,0.904800,0.869500,0.187,372.9
1899,0.869550,,0.904800,0.869550,0.191,373.1
1900,0.868983,0.9070999622344971,0.907100,0.869550,0.300,373.4
1901,0.866817,,0.907100,0.869550,0.143,373.6
1902,0.868000,,0.907100,0.869550,0.187,373.8
1903,0.867733,,0.907100,0.869550,0.186,374.0
1904,0.868083,,0.907100,0.869550,0.187,374.1
1905,0.867750,,0.907100,0.869550,0.186,374.3
1906,0.868650,,0.907100,0.869550,0.188,374.5
1907,0.869233,,0.907100,0.869550,0.188,374.7
1908,0.869150,,0.907100,0.869550,0.256,375.0
1909,0.867650,,0.907100,0.869550,0.185,375.1
1910,0.868567,,0.907100,0.869550,0.188,375.3
1911,0.868350,,0.907100,0.869550,0.184,375.5
1912,0.868183,,0.907100,0.869550,0.187,375.7
1913,0.869750,,0.907100,0.869750,0.194,375.9
1914,0.867833,,0.907100,0.869750,0.192,376.1
1915,0.869200,,0.907100,0.869750,0.193,376.3
1916,0.868800,,0.907100,0.869750,0.206,376.5
1917,0.869100,,0.907100,0.869750,0.242,376.7
1918,0.868617,,0.907100,0.869750,0.192,376.9
1919,0.868550,,0.907100,0.869750,0.271,377.2
1920,0.869383,,0.907100,0.869750,0.228,377.4
1921,0.868317,,0.907100,0.869750,0.271,377.7
1922,0.869017,,0.907100,0.869750,0.188,377.9
1923,0.867250,,0.907100,0.869750,0.198,378.1
1924,0.868950,,0.907100,0.869750,0.190,378.3
1925,0.867600,,0.907100,0.869750,0.213,378.5
1926,0.868767,,0.907100,0.869750,0.195,378.7
1927,0.867317,,0.907100,0.869750,0.192,378.9
1928,0.869100,,0.907100,0.869750,0.192,379.1
1929,0.867533,,0.907100,0.869750,0.263,379.3
1930,0.868817,,0.907100,0.869750,0.191,379.5
1931,0.869667,,0.907100,0.869750,0.206,379.7
1932,0.868567,,0.907100,0.869750,0.246,380.0
1933,0.870283,,0.907100,0.870283,0.226,380.2
1934,0.870400,,0.907100,0.870400,0.192,380.4
1935,0.868833,,0.907100,0.870400,0.197,380.6
1936,0.869817,,0.907100,0.870400,0.196,380.8
1937,0.868183,,0.907100,0.870400,0.190,381.0
1938,0.871517,,0.907100,0.871517,0.191,381.2
1939,0.870000,,0.907100,0.871517,0.224,381.4
1940,0.868900,,0.907100,0.871517,0.188,381.6
1941,0.869433,,0.907100,0.871517,0.188,381.8
1942,0.871483,,0.907100,0.871517,0.190,382.0
1943,0.868867,,0.907100,0.871517,0.185,382.1
1944,0.870650,,0.907100,0.871517,0.185,382.3
1945,0.869250,,0.907100,0.871517,0.187,382.5
1946,0.869050,,0.907100,0.871517,0.186,382.7
1947,0.870233,,0.907100,0.871517,0.188,382.9
1948,0.869183,,0.907100,0.871517,0.186,383.1
1949,0.868683,,0.907100,0.871517,0.188,383.3
1950,0.868333,0.905299961566925,0.907100,0.871517,0.316,383.6
1951,0.868850,,0.907100,0.871517,0.139,383.7
1952,0.869517,,0.907100,0.871517,0.189,383.9
1953,0.869233,,0.907100,0.871517,0.188,384.1
1954,0.869200,,0.907100,0.871517,0.186,384.3
1955,0.868650,,0.907100,0.871517,0.187,384.5
1956,0.870083,,0.907100,0.871517,0.184,384.6
1957,0.868250,,0.907100,0.871517,0.187,384.8
1958,0.870783,,0.907100,0.871517,0.187,385.0
1959,0.869317,,0.907100,0.871517,0.187,385.2
1960,0.871600,,0.907100,0.871600,0.187,385.4
1961,0.869400,,0.907100,0.871600,0.252,385.6
1962,0.869167,,0.907100,0.871600,0.187,385.8
1963,0.868550,,0.907100,0.871600,0.184,386.0
1964,0.868917,,0.907100,0.871600,0.186,386.2
1965,0.869883,,0.907100,0.871600,0.186,386.4
1966,0.869183,,0.907100,0.871600,0.188,386.6
1967,0.868900,,0.907100,0.871600,0.188,386.8
1968,0.869083,,0.907100,0.871600,0.186,386.9
1969,0.869567,,0.907100,0.871600,0.186,387.1
1970,0.869450,,0.907100,0.871600,0.184,387.3
1971,0.869900,,0.907100,0.871600,0.184,387.5
1972,0.869667,,0.907100,0.871600,0.246,387.7
1973,0.870333,,0.907100,0.871600,0.187,387.9
1974,0.869850,,0.907100,0.871600,0.188,388.1
1975,0.870650,,0.907100,0.871600,0.189,388.3
1976,0.869617,,0.907100,0.871600,0.186,388.5
1977,0.869800,,0.907100,0.871600,0.190,388.7
1978,0.871100,,0.907100,0.871600,0.184,388.9
1979,0.869383,,0.907100,0.871600,0.188,389.1
1980,0.869900,,0.907100,0.871600,0.189,389.3
1981,0.869250,,0.907100,0.871600,0.187,389.4
1982,0.868833,,0.907100,0.871600,0.189,389.6
1983,0.869517,,0.907100,0.871600,0.255,389.9
1984,0.871967,,0.907100,0.871967,0.186,390.1
1985,0.871567,,0.907100,0.871967,0.191,390.3
1986,0.870400,,0.907100,0.871967,0.190,390.4
1987,0.869433,,0.907100,0.871967,0.187,390.6
1988,0.871083,,0.907100,0.871967,0.188,390.8
1989,0.868567,,0.907100,0.871967,0.188,391.0
1990,0.869533,,0.907100,0.871967,0.185,391.2
1991,0.869717,,0.907100,0.871967,0.187,391.4
1992,0.870967,,0.907100,0.871967,0.190,391.6
1993,0.870433,,0.907100,0.871967,0.187,391.8
1994,0.869300,,0.907100,0.871967,0.250,392.0
1995,0.870967,,0.907100,0.871967,0.191,392.2
1996,0.870800,,0.907100,0.871967,0.188,392.4
1997,0.869800,,0.907100,0.871967,0.186,392.6
1998,0.870483,,0.907100,0.871967,0.188,392.8
1999,0.870517,,0.907100,0.871967,0.189,393.0
2000,0.870383,0.9071999788284302,0.907200,0.871967,0.250,393.2
2001,0.871850,,0.907200,0.871967,0.140,393.3
2002,0.870083,,0.907200,0.871967,0.188,393.5
2003,0.870317,,0.907200,0.871967,0.188,393.7
2004,0.870617,,0.907200,0.871967,0.188,393.9
2005,0.871533,,0.907200,0.871967,0.256,394.2
2006,0.870317,,0.907200,0.871967,0.187,394.3
2007,0.872567,,0.907200,0.872567,0.187,394.5
2008,0.870267,,0.907200,0.872567,0.188,394.7
2009,0.871367,,0.907200,0.872567,0.189,394.9
2010,0.872050,,0.907200,0.872567,0.189,395.1
2011,0.870333,,0.907200,0.872567,0.187,395.3
2012,0.870817,,0.907200,0.872567,0.187,395.5
2013,0.872150,,0.907200,0.872567,0.185,395.7
2014,0.871683,,0.907200,0.872567,0.188,395.8
2015,0.871550,,0.907200,0.872567,0.187,396.0
2016,0.871000,,0.907200,0.872567,0.253,396.3
2017,0.870250,,0.907200,0.872567,0.188,396.5
2018,0.870267,,0.907200,0.872567,0.189,396.7
2019,0.871683,,0.907200,0.872567,0.186,396.9
2020,0.871233,,0.907200,0.872567,0.188,397.0
2021,0.870083,,0.907200,0.872567,0.189,397.2
2022,0.870267,,0.907200,0.872567,0.189,397.4
2023,0.871717,,0.907200,0.872567,0.187,397.6
2024,0.870500,,0.907200,0.872567,0.190,397.8
2025,0.870783,,0.907200,0.872567,0.189,398.0
2026,0.872033,,0.907200,0.872567,0.187,398.2
2027,0.870550,,0.907200,0.872567,0.256,398.4
2028,0.872200,,0.907200,0.872567,0.189,398.6
2029,0.871017,,0.907200,0.872567,0.187,398.8
2030,0.871850,,0.907200,0.872567,0.187,399.0
2031,0.872200,,0.907200,0.872567,0.189,399.2
2032,0.872300,,0.907200,0.872567,0.188,399.4
2033,0.871383,,0.907200,0.872567,0.184,399.5
2034,0.872600,,0.907200,0.872600,0.189,399.7
2035,0.872033,,0.907200,0.872600,0.186,399.9
2036,0.871183,,0.907200,0.872600,0.186,400.1
2037,0.871583,,0.907200,0.872600,0.189,400.3
2038,0.870800,,0.907200,0.872600,0.253,400.6
2039,0.870600,,0.907200,0.872600,0.185,400.7
2040,0.868750,,0.907200,0.872600,0.189,400.9
2041,0.871817,,0.907200,0.872600,0.186,401.1
2042,0.871533,,0.907200,0.872600,0.188,401.3
2043,0.870883,,0.907200,0.872600,0.186,401.5
2044,0.870033,,0.907200,0.872600,0.187,401.7
2045,0.871917,,0.907200,0.872600,0.187,401.9
2046,0.871517,,0.907200,0.872600,0.191,402.0
2047,0.873300,,0.907200,0.873300,0.188,402.2
2048,0.872183,,0.907200,0.873300,0.187,402.4
2049,0.872567,,0.907200,0.873300,0.251,402.7
2050,0.872900,0.9059000015258789,0.907200,0.873300,0.248,402.9
2051,0.872350,,0.907200,0.873300,0.141,403.1
2052,0.871050,,0.907200,0.873300,0.186,403.3
2053,0.873617,,0.907200,0.873617,0.189,403.4
2054,0.874350,,0.907200,0.874350,0.191,403.6
2055,0.871533,,0.907200,0.874350,0.186,403.8
2056,0.871500,,0.907200,0.874350,0.186,404.0
2057,0.873333,,0.907200,0.874350,0.184,404.2
2058,0.870750,,0.907200,0.874350,0.188,404.4
2059,0.872217,,0.907200,0.874350,0.188,404.6
2060,0.872067,,0.907200,0.874350,0.258,404.8
2061,0.872217,,0.907200,0.874350,0.188,405.0
2062,0.870633,,0.907200,0.874350,0.185,405.2
2063,0.871950,,0.907200,0.874350,0.186,405.4
2064,0.874633,,0.907200,0.874633,0.188,405.6
2065,0.871617,,0.907200,0.874633,0.188,405.8
2066,0.873300,,0.907200,0.874633,0.188,405.9
2067,0.872083,,0.907200,0.874633,0.186,406.1
2068,0.871300,,0.907200,0.874633,0.186,406.3
2069,0.874150,,0.907200,0.874633,0.190,406.5
2070,0.873017,,0.907200,0.874633,0.186,406.7
2071,0.872067,,0.907200,0.874633,0.263,407.0
2072,0.872383,,0.907200,0.874633,0.186,407.1
2073,0.872683,,0.907200,0.874633,0.236,407.4
2074,0.871683,,0.907200,0.874633,0.188,407.6
2075,0.871217,,0.907200,0.874633,0.187,407.8
2076,0.873567,,0.907200,0.874633,0.185,407.9
2077,0.873050,,0.907200,0.874633,0.189,408.1
2078,0.873833,,0.907200,0.874633,0.184,408.3
2079,0.872417,,0.907200,0.874633,0.189,408.5
2080,0.870950,,0.907200,0.874633,0.189,408.7
2081,0.871933,,0.907200,0.874633,0.187,408.9
2082,0.872317,,0.907200,0.874633,0.252,409.1
2083,0.873000,,0.907200,0.874633,0.185,409.3
2084,0.871683,,0.907200,0.874633,0.187,409.5
2085,0.871417,,0.907200,0.874633,0.187,409.7
2086,0.871367,,0.907200,0.874633,0.189,409.9
2087,0.872333,,0.907200,0.874633,0.189,410.1
2088,0.872750,,0.907200,0.874633,0.187,410.3
2089,0.872383,,0.907200,0.874633,0.185,410.4
2090,0.871983,,0.907200,0.874633,0.187,410.6
2091,0.871950,,0.907200,0.874633,0.186,410.8
2092,0.872600,,0.907200,0.874633,0.185,411.0
2093,0.873150,,0.907200,0.874633,0.254,411.2
2094,0.872333,,0.907200,0.874633,0.188,411.4
2095,0.872550,,0.907200,0.874633,0.188,411.6
2096,0.872367,,0.907200,0.874633,0.188,411.8
2097,0.870467,,0.907200,0.874633,0.184,412.0
2098,0.871733,,0.907200,0.874633,0.188,412.2
2099,0.873083,,0.907200,0.874633,0.189,412.4
2100,0.873933,0.9083999991416931,0.908400,0.874633,0.249,412.6
2101,0.872567,,0.908400,0.874633,0.143,412.8
2102,0.872200,,0.908400,0.874633,0.186,413.0
2103,0.873017,,0.908400,0.874633,0.187,413.1
2104,0.872450,,0.908400,0.874633,0.252,413.4
2105,0.873567,,0.908400,0.874633,0.185,413.6
2106,0.872433,,0.908400,0.874633,0.187,413.8
2107,0.873767,,0.908400,0.874633,0.188,414.0
2108,0.871517,,0.908400,0.874633,0.186,414.1
2109,0.872500,,0.908400,0.874633,0.185,414.3
2110,0.873667,,0.908400,0.874633,0.187,414.5
2111,0.874017,,0.908400,0.874633,0.185,414.7
2112,0.873533,,0.908400,0.874633,0.190,414.9
2113,0.874100,,0.908400,0.874633,0.187,415.1
2114,0.873100,,0.908400,0.874633,0.187,415.3
2115,0.873800,,0.908400,0.874633,0.265,415.5
2116,0.874617,,0.908400,0.874633,0.187,415.7
2117,0.873300,,0.908400,0.874633,0.188,415.9
2118,0.873550,,0.908400,0.874633,0.188,416.1
2119,0.873750,,0.908400,0.874633,0.187,416.3
2120,0.873367,,0.908400,0.874633,0.188,416.5
2121,0.876033,,0.908400,0.876033,0.185,416.6
2122,0.872983,,0.908400,0.876033,0.186,416.8
2123,0.873683,,0.908400,0.876033,0.186,417.0
2124,0.873550,,0.908400,0.876033,0.186,417.2
2125,0.873217,,0.908400,0.876033,0.185,417.4
2126,0.873983,,0.908400,0.876033,0.256,417.6
2127,0.874833,,0.908400,0.876033,0.190,417.8
2128,0.873333,,0.908400,0.876033,0.185,418.0
2129,0.874850,,0.908400,0.876033,0.188,418.2
2130,0.874517,,0.908400,0.876033,0.186,418.4
2131,0.874533,,0.908400,0.876033,0.187,418.6
2132,0.874233,,0.908400,0.876033,0.188,418.8
2133,0.875300,,0.908400,0.876033,0.186,419.0
2134,0.873450,,0.908400,0.876033,0.186,419.1
2135,0.873350,,0.908400,0.876033,0.188,419.3
2136,0.874517,,0.908400,0.876033,0.189,419.5
2137,0.872500,,0.908400,0.876033,0.254,419.8
2138,0.874183,,0.908400,0.876033,0.191,420.0
2139,0.873367,,0.908400,0.876033,0.189,420.1
2140,0.873583,,0.908400,0.876033,0.181,420.3
2141,0.874667,,0.908400,0.876033,0.187,420.5
2142,0.874717,,0.908400,0.876033,0.188,420.7
2143,0.872517,,0.908400,0.876033,0.187,420.9
2144,0.874433,,0.908400,0.876033,0.187,421.1
2145,0.873700,,0.908400,0.876033,0.187,421.3
2146,0.874000,,0.908400,0.876033,0.192,421.5
2147,0.872767,,0.908400,0.876033,0.185,421.6
2148,0.874350,,0.908400,0.876033,0.255,421.9
2149,0.875050,,0.908400,0.876033,0.187,422.1
2150,0.875067,0.9074999690055847,0.908400,0.876033,0.252,422.3
2151,0.873033,,0.908400,0.876033,0.139,422.5
2152,0.873450,,0.908400,0.876033,0.188,422.7
2153,0.873933,,0.908400,0.876033,0.188,422.9
2154,0.874967,,0.908400,0.876033,0.185,423.0
2155,0.875500,,0.908400,0.876033,0.190,423.2
2156,0.874433,,0.908400,0.876033,0.189,423.4
2157,0.874650,,0.908400,0.876033,0.186,423.6
2158,0.872767,,0.908400,0.876033,0.185,423.8
2159,0.874900,,0.908400,0.876033,0.253,424.0
2160,0.872300,,0.908400,0.876033,0.186,424.2
2161,0.873900,,0.908400,0.876033,0.186,424.4
2162,0.873667,,0.908400,0.876033,0.188,424.6
2163,0.874283,,0.908400,0.876033,0.186,424.8
2164,0.873300,,0.908400,0.876033,0.189,425.0
2165,0.875067,,0.908400,0.876033,0.187,425.2
2166,0.874350,,0.908400,0.876033,0.186,425.3
2167,0.873200,,0.908400,0.876033,0.186,425.5
2168,0.875300,,0.908400,0.876033,0.183,425.7
2169,0.875267,,0.908400,0.876033,0.188,425.9
2170,0.875417,,0.908400,0.876033,0.315,426.2
2171,0.875483,,0.908400,0.876033,0.188,426.4
2172,0.875250,,0.908400,0.876033,0.186,426.6
2173,0.874017,,0.908400,0.876033,0.183,426.8
2174,0.873933,,0.908400,0.876033,0.185,427.0
2175,0.874367,,0.908400,0.876033,0.186,427.1
2176,0.874100,,0.908400,0.876033,0.411,427.6
2177,0.873383,,0.908400,0.876033,0.210,427.8
2178,0.875167,,0.908400,0.876033,0.195,428.0
2179,0.875183,,0.908400,0.876033,0.208,428.2
2180,0.875317,,0.908400,0.876033,0.251,428.4
2181,0.874750,,0.908400,0.876033,0.190,428.6
2182,0.875250,,0.908400,0.876033,0.195,428.8
2183,0.874350,,0.908400,0.876033,0.195,429.0
2184,0.874767,,0.908400,0.876033,0.191,429.2
2185,0.874650,,0.908400,0.876033,0.183,429.4
2186,0.875967,,0.908400,0.876033,0.186,429.6
2187,0.875683,,0.908400,0.876033,0.187,429.8
2188,0.876033,,0.908400,0.876033,0.186,429.9
2189,0.875750,,0.908400,0.876033,0.189,430.1
2190,0.874000,,0.908400,0.876033,0.189,430.3
2191,0.876283,,0.908400,0.876283,0.253,430.6
2192,0.875700,,0.908400,0.876283,0.189,430.8
2193,0.875217,,0.908400,0.876283,0.185,430.9
2194,0.874267,,0.908400,0.876283,0.187,431.1
2195,0.875100,,0.908400,0.876283,0.187,431.3
2196,0.874817,,0.908400,0.876283,0.191,431.5
2197,0.873500,,0.908400,0.876283,0.190,431.7
2198,0.873650,,0.908400,0.876283,0.189,431.9
2199,0.877200,,0.908400,0.877200,0.188,432.1
2200,0.874833,0.9102999567985535,0.910300,0.877200,0.248,432.3
2201,0.874417,,0.910300,0.877200,0.138,432.5
2202,0.875383,,0.910300,0.877200,0.253,432.7
2203,0.875850,,0.910300,0.877200,0.187,432.9
2204,0.874400,,0.910300,0.877200,0.186,433.1
2205,0.876017,,0.910300,0.877200,0.186,433.3
2206,0.876317,,0.910300,0.877200,0.186,433.5
2207,0.876317,,0.910300,0.877200,0.186,433.6
2208,0.874583,,0.910300,0.877200,0.190,433.8
2209,0.875850,,0.910300,0.877200,0.185,434.0
2210,0.876100,,0.910300,0.877200,0.186,434.2
2211,0.875467,,0.910300,0.877200,0.188,434.4
2212,0.874533,,0.910300,0.877200,0.185,434.6
2213,0.875300,,0.910300,0.877200,0.258,434.8
2214,0.874100,,0.910300,0.877200,0.189,435.0
2215,0.876367,,0.910300,0.877200,0.185,435.2
2216,0.872867,,0.910300,0.877200,0.186,435.4
2217,0.874567,,0.910300,0.877200,0.187,435.6
2218,0.874350,,0.910300,0.877200,0.186,435.8
2219,0.875150,,0.910300,0.877200,0.187,436.0
2220,0.875217,,0.910300,0.877200,0.188,436.1
2221,0.876083,,0.910300,0.877200,0.187,436.3
2222,0.876133,,0.910300,0.877200,0.189,436.5
2223,0.876083,,0.910300,0.877200,0.186,436.7
2224,0.875333,,0.910300,0.877200,0.330,437.0
2225,0.876400,,0.910300,0.877200,0.185,437.2
2226,0.876700,,0.910300,0.877200,0.184,437.4
2227,0.877750,,0.910300,0.877750,0.188,437.6
2228,0.876167,,0.910300,0.877750,0.187,437.8
2229,0.874433,,0.910300,0.877750,0.186,438.0
2230,0.875917,,0.910300,0.877750,0.189,438.2
2231,0.874917,,0.910300,0.877750,0.185,438.3
2232,0.876617,,0.910300,0.877750,0.184,438.5
2233,0.875767,,0.910300,0.877750,0.187,438.7
2234,0.874833,,0.910300,0.877750,0.184,438.9
2235,0.877300,,0.910300,0.877750,0.244,439.1
2236,0.875067,,0.910300,0.877750,0.186,439.3
2237,0.874700,,0.910300,0.877750,0.186,439.5
2238,0.874483,,0.910300,0.877750,0.185,439.7
2239,0.876367,,0.910300,0.877750,0.187,439.9
2240,0.875533,,0.910300,0.877750,0.186,440.1
2241,0.875817,,0.910300,0.877750,0.186,440.3
2242,0.876050,,0.910300,0.877750,0.185,440.4
2243,0.876017,,0.910300,0.877750,0.187,440.6
2244,0.874817,,0.910300,0.877750,0.184,440.8
2245,0.875883,,0.910300,0.877750,0.186,441.0
2246,0.874717,,0.910300,0.877750,0.252,441.3
2247,0.875217,,0.910300,0.877750,0.186,441.4
2248,0.875433,,0.910300,0.877750,0.187,441.6
2249,0.874033,,0.910300,0.877750,0.185,441.8
2250,0.877050,0.9063999652862549,0.910300,0.877750,0.249,442.1
2251,0.875917,,0.910300,0.877750,0.140,442.2
2252,0.875167,,0.910300,0.877750,0.189,442.4
2253,0.875817,,0.910300,0.877750,0.186,442.6
2254,0.873917,,0.910300,0.877750,0.185,442.8
2255,0.875450,,0.910300,0.877750,0.188,442.9
2256,0.874450,,0.910300,0.877750,0.184,443.1
2257,0.877167,,0.910300,0.877750,0.251,443.4
2258,0.874700,,0.910300,0.877750,0.188,443.6
2259,0.874967,,0.910300,0.877750,0.183,443.8
2260,0.875567,,0.910300,0.877750,0.189,443.9
2261,0.876000,,0.910300,0.877750,0.185,444.1
2262,0.876183,,0.910300,0.877750,0.184,444.3
2263,0.876533,,0.910300,0.877750,0.185,444.5
2264,0.876167,,0.910300,0.877750,0.187,444.7
2265,0.876050,,0.910300,0.877750,0.191,444.9
2266,0.874300,,0.910300,0.877750,0.190,445.1
2267,0.876300,,0.910300,0.877750,0.184,445.2
2268,0.875883,,0.910300,0.877750,0.258,445.5
2269,0.874150,,0.910300,0.877750,0.188,445.7
2270,0.875833,,0.910300,0.877750,0.185,445.9
2271,0.875833,,0.910300,0.877750,0.184,446.1
2272,0.876150,,0.910300,0.877750,0.186,446.3
2273,0.876900,,0.910300,0.877750,0.185,446.4
2274,0.875383,,0.910300,0.877750,0.186,446.6
2275,0.876567,,0.910300,0.877750,0.186,446.8
2276,0.876433,,0.910300,0.877750,0.185,447.0
2277,0.874800,,0.910300,0.877750,0.186,447.2
2278,0.874833,,0.910300,0.877750,0.187,447.4
2279,0.875100,,0.910300,0.877750,0.258,447.6
2280,0.875150,,0.910300,0.877750,0.185,447.8
2281,0.875267,,0.910300,0.877750,0.187,448.0
2282,0.875333,,0.910300,0.877750,0.183,448.2
2283,0.877500,,0.910300,0.877750,0.185,448.4
2284,0.875100,,0.910300,0.877750,0.186,448.5
2285,0.876517,,0.910300,0.877750,0.184,448.7
2286,0.876400,,0.910300,0.877750,0.189,448.9
2287,0.876417,,0.910300,0.877750,0.187,449.1
2288,0.876367,,0.910300,0.877750,0.185,449.3
2289,0.876600,,0.910300,0.877750,0.186,449.5
2290,0.875450,,0.910300,0.877750,0.249,449.7
2291,0.874867,,0.910300,0.877750,0.188,449.9
2292,0.875350,,0.910300,0.877750,0.186,450.1
2293,0.875283,,0.910300,0.877750,0.188,450.3
2294,0.876917,,0.910300,0.877750,0.187,450.5
2295,0.877300,,0.910300,0.877750,0.186,450.7
2296,0.876417,,0.910300,0.877750,0.187,450.9
2297,0.876100,,0.910300,0.877750,0.184,451.0
2298,0.875000,,0.910300,0.877750,0.184,451.2
2299,0.878217,,0.910300,0.878217,0.190,451.4
2300,0.876733,0.9088999629020691,0.910300,0.878217,0.248,451.7
2301,0.875883,,0.910300,0.878217,0.217,451.9
2302,0.875467,,0.910300,0.878217,0.189,452.1
2303,0.875517,,0.910300,0.878217,0.187,452.3
2304,0.878383,,0.910300,0.878383,0.186,452.4
2305,0.876567,,0.910300,0.878383,0.187,452.6
2306,0.874700,,0.910300,0.878383,0.185,452.8
2307,0.876333,,0.910300,0.878383,0.186,453.0
2308,0.876733,,0.910300,0.878383,0.187,453.2
2309,0.875950,,0.910300,0.878383,0.186,453.4
2310,0.877633,,0.910300,0.878383,0.188,453.6
2311,0.875617,,0.910300,0.878383,0.185,453.7
2312,0.876400,,0.910300,0.878383,0.254,454.0
2313,0.875267,,0.910300,0.878383,0.188,454.2
2314,0.875733,,0.910300,0.878383,0.186,454.4
2315,0.877167,,0.910300,0.878383,0.188,454.6
2316,0.877267,,0.910300,0.878383,0.188,454.7
2317,0.875300,,0.910300,0.878383,0.190,454.9
2318,0.876167,,0.910300,0.878383,0.186,455.1
2319,0.878117,,0.910300,0.878383,0.185,455.3
2320,0.878050,,0.910300,0.878383,0.186,455.5
2321,0.876517,,0.910300,0.878383,0.188,455.7
2322,0.877317,,0.910300,0.878383,0.187,455.9
2323,0.876117,,0.910300,0.878383,0.255,456.1
2324,0.876183,,0.910300,0.878383,0.185,456.3
2325,0.876350,,0.910300,0.878383,0.188,456.5
2326,0.876333,,0.910300,0.878383,0.185,456.7
2327,0.876567,,0.910300,0.878383,0.184,456.9
2328,0.877033,,0.910300,0.878383,0.186,457.0
2329,0.876150,,0.910300,0.878383,0.190,457.2
2330,0.878317,,0.910300,0.878383,0.186,457.4
2331,0.876217,,0.910300,0.878383,0.187,457.6
2332,0.876950,,0.910300,0.878383,0.187,457.8
2333,0.877150,,0.910300,0.878383,0.188,458.0
2334,0.877050,,0.910300,0.878383,0.255,458.2
2335,0.877633,,0.910300,0.878383,0.187,458.4
2336,0.878600,,0.910300,0.878600,0.190,458.6
2337,0.876983,,0.910300,0.878600,0.186,458.8
2338,0.877617,,0.910300,0.878600,0.189,459.0
2339,0.876500,,0.910300,0.878600,0.186,459.2
2340,0.876817,,0.910300,0.878600,0.186,459.4
2341,0.876733,,0.910300,0.878600,0.186,459.6
2342,0.875700,,0.910300,0.878600,0.191,459.7
2343,0.876700,,0.910300,0.878600,0.187,459.9
2344,0.877250,,0.910300,0.878600,0.186,460.1
2345,0.876517,,0.910300,0.878600,0.256,460.4
2346,0.875517,,0.910300,0.878600,0.186,460.6
2347,0.877517,,0.910300,0.878600,0.186,460.7
2348,0.877850,,0.910300,0.878600,0.186,460.9
2349,0.876267,,0.910300,0.878600,0.184,461.1
2350,0.879333,0.9104999899864197,0.910500,0.879333,0.247,461.4
2351,0.878050,,0.910500,0.879333,0.140,461.5
2352,0.877433,,0.910500,0.879333,0.187,461.7
2353,0.875683,,0.910500,0.879333,0.185,461.9
2354,0.876083,,0.910500,0.879333,0.188,462.1
2355,0.877067,,0.910500,0.879333,0.189,462.3
2356,0.877367,,0.910500,0.879333,0.265,462.5
2357,0.877350,,0.910500,0.879333,0.187,462.7
2358,0.876783,,0.910500,0.879333,0.186,462.9
2359,0.878183,,0.910500,0.879333,0.186,463.1
2360,0.878183,,0.910500,0.879333,0.184,463.3
2361,0.878250,,0.910500,0.879333,0.187,463.4
2362,0.877033,,0.910500,0.879333,0.188,463.6
2363,0.876917,,0.910500,0.879333,0.187,463.8
2364,0.876617,,0.910500,0.879333,0.189,464.0
2365,0.877550,,0.910500,0.879333,0.187,464.2
2366,0.878483,,0.910500,0.879333,0.187,464.4
2367,0.876567,,0.910500,0.879333,0.254,464.6
2368,0.878150,,0.910500,0.879333,0.186,464.8
2369,0.877700,,0.910500,0.879333,0.186,465.0
2370,0.876400,,0.910500,0.879333,0.186,465.2
2371,0.877567,,0.910500,0.879333,0.189,465.4
2372,0.876750,,0.910500,0.879333,0.187,465.6
2373,0.878400,,0.910500,0.879333,0.188,465.8
2374,0.877067,,0.910500,0.879333,0.187,465.9
2375,0.876800,,0.910500,0.879333,0.188,466.1
2376,0.876900,,0.910500,0.879333,0.189,466.3
2377,0.877850,,0.910500,0.879333,0.189,466.5
2378,0.876583,,0.910500,0.879333,0.308,466.8
2379,0.878450,,0.910500,0.879333,0.189,467.0
2380,0.877383,,0.910500,0.879333,0.196,467.2
2381,0.877183,,0.910500,0.879333,0.184,467.4
2382,0.878550,,0.910500,0.879333,0.186,467.6
2383,0.876817,,0.910500,0.879333,0.185,467.8
2384,0.876717,,0.910500,0.879333,0.188,467.9
2385,0.877917,,0.910500,0.879333,0.188,468.1
2386,0.876933,,0.910500,0.879333,0.188,468.3
2387,0.877500,,0.910500,0.879333,0.187,468.5
2388,0.878800,,0.910500,0.879333,0.186,468.7
2389,0.878583,,0.910500,0.879333,0.250,468.9
2390,0.878800,,0.910500,0.879333,0.187,469.1
2391,0.878167,,0.910500,0.879333,0.188,469.3
2392,0.876950,,0.910500,0.879333,0.186,469.5
2393,0.878200,,0.910500,0.879333,0.185,469.7
2394,0.878067,,0.910500,0.879333,0.187,469.9
2395,0.878633,,0.910500,0.879333,0.185,470.1
2396,0.878050,,0.910500,0.879333,0.182,470.2
2397,0.878583,,0.910500,0.879333,0.185,470.4
2398,0.877567,,0.910500,0.879333,0.184,470.6
2399,0.877833,,0.910500,0.879333,0.187,470.8
2400,0.879167,0.9134999513626099,0.913500,0.879333,0.313,471.1
2401,0.879133,,0.913500,0.879333,0.139,471.3
2402,0.877783,,0.913500,0.879333,0.186,471.4
2403,0.879017,,0.913500,0.879333,0.189,471.6
2404,0.878533,,0.913500,0.879333,0.187,471.8
2405,0.879583,,0.913500,0.879583,0.187,472.0
2406,0.878350,,0.913500,0.879583,0.185,472.2
2407,0.877900,,0.913500,0.879583,0.188,472.4
2408,0.878650,,0.913500,0.879583,0.186,472.6
2409,0.878650,,0.913500,0.879583,0.187,472.7
2410,0.878567,,0.913500,0.879583,0.178,472.9
2411,0.879050,,0.913500,0.879583,0.251,473.2
2412,0.878033,,0.913500,0.879583,0.190,473.4
2413,0.880117,,0.913500,0.880117,0.186,473.6
2414,0.878150,,0.913500,0.880117,0.184,473.7
2415,0.878733,,0.913500,0.880117,0.183,473.9
2416,0.877433,,0.913500,0.880117,0.187,474.1
2417,0.880250,,0.913500,0.880250,0.189,474.3
2418,0.879617,,0.913500,0.880250,0.185,474.5
2419,0.877450,,0.913500,0.880250,0.190,474.7
2420,0.878850,,0.913500,0.880250,0.185,474.9
2421,0.879067,,0.913500,0.880250,0.184,475.0
2422,0.878417,,0.913500,0.880250,0.244,475.3
2423,0.878767,,0.913500,0.880250,0.188,475.5
2424,0.878483,,0.913500,0.880250,0.186,475.7
2425,0.877667,,0.913500,0.880250,0.184,475.8
2426,0.879683,,0.913500,0.880250,0.187,476.0
2427,0.878600,,0.913500,0.880250,0.186,476.2
2428,0.878233,,0.913500,0.880250,0.184,476.4
2429,0.878883,,0.913500,0.880250,0.188,476.6
2430,0.879200,,0.913500,0.880250,0.187,476.8
2431,0.879383,,0.913500,0.880250,0.185,477.0
2432,0.878633,,0.913500,0.880250,0.186,477.1
2433,0.878483,,0.913500,0.880250,0.255,477.4
2434,0.879617,,0.913500,0.880250,0.188,477.6
2435,0.878783,,0.913500,0.880250,0.188,477.8
2436,0.877000,,0.913500,0.880250,0.186,478.0
2437,0.877933,,0.913500,0.880250,0.185,478.1
2438,0.879733,,0.913500,0.880250,0.187,478.3
2439,0.876783,,0.913500,0.880250,0.187,478.5
2440,0.878383,,0.913500,0.880250,0.185,478.7
2441,0.878133,,0.913500,0.880250,0.187,478.9
2442,0.879283,,0.913500,0.880250,0.188,479.1
2443,0.879100,,0.913500,0.880250,0.190,479.3
2444,0.879683,,0.913500,0.880250,0.260,479.5
2445,0.879033,,0.913500,0.880250,0.189,479.7
2446,0.877567,,0.913500,0.880250,0.188,479.9
2447,0.878800,,0.913500,0.880250,0.185,480.1
2448,0.878250,,0.913500,0.880250,0.189,480.3
2449,0.878017,,0.913500,0.880250,0.185,480.5
2450,0.878983,0.9110999703407288,0.913500,0.880250,0.247,480.7
2451,0.876967,,0.913500,0.880250,0.140,480.9
2452,0.879700,,0.913500,0.880250,0.184,481.0
2453,0.877867,,0.913500,0.880250,0.185,481.2
2454,0.878200,,0.913500,0.880250,0.189,481.4
2455,0.878833,,0.913500,0.880250,0.253,481.7
2456,0.878400,,0.913500,0.880250,0.188,481.9
2457,0.878600,,0.913500,0.880250,0.188,482.0
2458,0.878233,,0.913500,0.880250,0.186,482.2
2459,0.877933,,0.913500,0.880250,0.185,482.4
2460,0.878150,,0.913500,0.880250,0.188,482.6
2461,0.877933,,0.913500,0.880250,0.184,482.8
2462,0.877617,,0.913500,0.880250,0.184,483.0
2463,0.877217,,0.913500,0.880250,0.185,483.2
2464,0.879367,,0.913500,0.880250,0.186,483.3
2465,0.877250,,0.913500,0.880250,0.187,483.5
2466,0.877150,,0.913500,0.880250,0.238,483.8
2467,0.879350,,0.913500,0.880250,0.187,484.0
2468,0.878200,,0.913500,0.880250,0.185,484.1
2469,0.879533,,0.913500,0.880250,0.187,484.3
2470,0.877983,,0.913500,0.880250,0.190,484.5
2471,0.878617,,0.913500,0.880250,0.187,484.7
2472,0.878567,,0.913500,0.880250,0.186,484.9
2473,0.877533,,0.913500,0.880250,0.185,485.1
2474,0.879183,,0.913500,0.880250,0.185,485.3
2475,0.876967,,0.913500,0.880250,0.187,485.4
2476,0.876800,,0.913500,0.880250,0.188,485.6
2477,0.878117,,0.913500,0.880250,0.256,485.9
2478,0.878300,,0.913500,0.880250,0.185,486.1
2479,0.877967,,0.913500,0.880250,0.187,486.3
2480,0.877467,,0.913500,0.880250,0.185,486.4
2481,0.877667,,0.913500,0.880250,0.185,486.6
2482,0.877500,,0.913500,0.880250,0.187,486.8
2483,0.880917,,0.913500,0.880917,0.186,487.0
2484,0.879983,,0.913500,0.880917,0.188,487.2
2485,0.878483,,0.913500,0.880917,0.186,487.4
2486,0.879233,,0.913500,0.880917,0.183,487.6
2487,0.878317,,0.913500,0.880917,0.187,487.7
2488,0.879150,,0.913500,0.880917,0.250,488.0
2489,0.878483,,0.913500,0.880917,0.193,488.2
2490,0.878217,,0.913500,0.880917,0.186,488.4
2491,0.878467,,0.913500,0.880917,0.189,488.6
2492,0.877600,,0.913500,0.880917,0.185,488.7
2493,0.878517,,0.913500,0.880917,0.186,488.9
2494,0.874933,,0.913500,0.880917,0.186,489.1
2495,0.878667,,0.913500,0.880917,0.187,489.3
2496,0.877900,,0.913500,0.880917,0.186,489.5
2497,0.878683,,0.913500,0.880917,0.187,489.7
2498,0.876783,,0.913500,0.880917,0.185,489.9
2499,0.878150,,0.913500,0.880917,0.248,490.1
2500,0.878783,0.913100004196167,0.913500,0.880917,0.248,490.4
2501,0.879217,,0.913500,0.880917,0.141,490.5
2502,0.878600,,0.913500,0.880917,0.186,490.7
2503,0.878633,,0.913500,0.880917,0.183,490.9
2504,0.878650,,0.913500,0.880917,0.186,491.1
2505,0.878233,,0.913500,0.880917,0.190,491.2
2506,0.877667,,0.913500,0.880917,0.187,491.4
2507,0.878283,,0.913500,0.880917,0.187,491.6
2508,0.878500,,0.913500,0.880917,0.186,491.8
2509,0.875517,,0.913500,0.880917,0.183,492.0
2510,0.879700,,0.913500,0.880917,0.258,492.2
2511,0.878267,,0.913500,0.880917,0.190,492.4
2512,0.878317,,0.913500,0.880917,0.186,492.6
2513,0.878233,,0.913500,0.880917,0.187,492.8
2514,0.877817,,0.913500,0.880917,0.186,493.0
2515,0.877667,,0.913500,0.880917,0.184,493.2
2516,0.878350,,0.913500,0.880917,0.185,493.4
2517,0.877383,,0.913500,0.880917,0.189,493.6
2518,0.879067,,0.913500,0.880917,0.188,493.7
2519,0.877750,,0.913500,0.880917,0.187,493.9
2520,0.877817,,0.913500,0.880917,0.188,494.1
2521,0.878983,,0.913500,0.880917,0.257,494.4
2522,0.879500,,0.913500,0.880917,0.187,494.6
2523,0.881017,,0.913500,0.881017,0.187,494.7
2524,0.878867,,0.913500,0.881017,0.184,494.9
2525,0.879083,,0.913500,0.881017,0.184,495.1
2526,0.878917,,0.913500,0.881017,0.188,495.3
2527,0.879650,,0.913500,0.881017,0.185,495.5
2528,0.878983,,0.913500,0.881017,0.187,495.7
2529,0.879883,,0.913500,0.881017,0.189,495.9
2530,0.878133,,0.913500,0.881017,0.186,496.1
2531,0.878517,,0.913500,0.881017,0.211,496.3
2532,0.877917,,0.913500,0.881017,0.256,496.5
2533,0.880483,,0.913500,0.881017,0.188,496.7
2534,0.879433,,0.913500,0.881017,0.186,496.9
2535,0.878933,,0.913500,0.881017,0.183,497.1
2536,0.879817,,0.913500,0.881017,0.185,497.3
2537,0.878600,,0.913500,0.881017,0.189,497.5
2538,0.877167,,0.913500,0.881017,0.191,497.6
2539,0.878300,,0.913500,0.881017,0.187,497.8
2540,0.879817,,0.913500,0.881017,0.185,498.0
2541,0.880017,,0.913500,0.881017,0.185,498.2
2542,0.879483,,0.913500,0.881017,0.186,498.4
2543,0.878867,,0.913500,0.881017,0.256,498.6
2544,0.878933,,0.913500,0.881017,0.187,498.8
2545,0.880867,,0.913500,0.881017,0.189,499.0
2546,0.878167,,0.913500,0.881017,0.187,499.2
2547,0.879767,,0.913500,0.881017,0.187,499.4
2548,0.878750,,0.913500,0.881017,0.188,499.6
2549,0.879217,,0.913500,0.881017,0.185,499.8
2550,0.880100,0.9102999567985535,0.913500,0.881017,0.249,500.0
2551,0.878617,,0.913500,0.881017,0.141,500.2
2552,0.879267,,0.913500,0.881017,0.186,500.3
2553,0.879917,,0.913500,0.881017,0.186,500.5
2554,0.879267,,0.913500,0.881017,0.252,500.8
2555,0.878683,,0.913500,0.881017,0.186,501.0
2556,0.879100,,0.913500,0.881017,0.185,501.1
2557,0.877583,,0.913500,0.881017,0.188,501.3
2558,0.878433,,0.913500,0.881017,0.187,501.5
2559,0.879200,,0.913500,0.881017,0.185,501.7
2560,0.878633,,0.913500,0.881017,0.187,501.9
2561,0.878133,,0.913500,0.881017,0.188,502.1
2562,0.880183,,0.913500,0.881017,0.188,502.3
2563,0.879817,,0.913500,0.881017,0.186,502.5
2564,0.878950,,0.913500,0.881017,0.187,502.6
2565,0.879317,,0.913500,0.881017,0.253,502.9
2566,0.879567,,0.913500,0.881017,0.187,503.1
2567,0.879767,,0.913500,0.881017,0.188,503.3
2568,0.879517,,0.913500,0.881017,0.185,503.5
2569,0.878700,,0.913500,0.881017,0.186,503.6
2570,0.878600,,0.913500,0.881017,0.183,503.8
2571,0.879267,,0.913500,0.881017,0.184,504.0
2572,0.879733,,0.913500,0.881017,0.189,504.2
2573,0.879850,,0.913500,0.881017,0.187,504.4
2574,0.879933,,0.913500,0.881017,0.187,504.6
2575,0.878133,,0.913500,0.881017,0.187,504.8
2576,0.878517,,0.913500,0.881017,0.251,505.0
2577,0.880117,,0.913500,0.881017,0.186,505.2
2578,0.880517,,0.913500,0.881017,0.185,505.4
2579,0.880650,,0.913500,0.881017,0.185,505.6
2580,0.880583,,0.913500,0.881017,0.187,505.8
2581,0.878500,,0.913500,0.881017,0.187,505.9
2582,0.879217,,0.913500,0.881017,0.187,506.1
2583,0.879617,,0.913500,0.881017,0.186,506.3
2584,0.880867,,0.913500,0.881017,0.185,506.5
2585,0.877500,,0.913500,0.881017,0.184,506.7
2586,0.879400,,0.913500,0.881017,0.185,506.9
2587,0.878817,,0.913500,0.881017,0.254,507.1
2588,0.878883,,0.913500,0.881017,0.186,507.3
2589,0.880400,,0.913500,0.881017,0.185,507.5
2590,0.881717,,0.913500,0.881717,0.186,507.7
2591,0.878600,,0.913500,0.881717,0.195,507.9
2592,0.879967,,0.913500,0.881717,0.192,508.1
2593,0.878867,,0.913500,0.881717,0.184,508.3
2594,0.877050,,0.913500,0.881717,0.189,508.4
2595,0.879750,,0.913500,0.881717,0.185,508.6
2596,0.879417,,0.913500,0.881717,0.190,508.8
2597,0.879750,,0.913500,0.881717,0.191,509.0
2598,0.878900,,0.913500,0.881717,0.277,509.3
2599,0.880733,,0.913500,0.881717,0.191,509.5
2600,0.878533,0.911300003528595,0.913500,0.881717,0.250,509.7
2601,0.879317,,0.913500,0.881717,0.140,509.9
2602,0.879483,,0.913500,0.881717,0.187,510.1
2603,0.879667,,0.913500,0.881717,0.187,510.2
2604,0.879483,,0.913500,0.881717,0.189,510.4
2605,0.878383,,0.913500,0.881717,0.187,510.6
2606,0.879367,,0.913500,0.881717,0.187,510.8
2607,0.878950,,0.913500,0.881717,0.187,511.0
2608,0.879033,,0.913500,0.881717,0.190,511.2
2609,0.879750,,0.913500,0.881717,0.256,511.4
2610,0.879417,,0.913500,0.881717,0.186,511.6
2611,0.879500,,0.913500,0.881717,0.190,511.8
2612,0.879000,,0.913500,0.881717,0.185,512.0
2613,0.879917,,0.913500,0.881717,0.186,512.2
2614,0.877783,,0.913500,0.881717,0.191,512.4
2615,0.878300,,0.913500,0.881717,0.185,512.6
2616,0.879617,,0.913500,0.881717,0.186,512.7
2617,0.879850,,0.913500,0.881717,0.189,512.9
2618,0.877400,,0.913500,0.881717,0.187,513.1
2619,0.877350,,0.913500,0.881717,0.192,513.3
2620,0.878550,,0.913500,0.881717,0.254,513.6
2621,0.879150,,0.913500,0.881717,0.184,513.8
2622,0.878967,,0.913500,0.881717,0.191,513.9
2623,0.879117,,0.913500,0.881717,0.189,514.1
2624,0.878933,,0.913500,0.881717,0.188,514.3
2625,0.877217,,0.913500,0.881717,0.187,514.5
2626,0.879683,,0.913500,0.881717,0.185,514.7
2627,0.879817,,0.913500,0.881717,0.185,514.9
2628,0.878900,,0.913500,0.881717,0.186,515.1
2629,0.880600,,0.913500,0.881717,0.188,515.3
2630,0.878650,,0.913500,0.881717,0.188,515.4
2631,0.881717,,0.913500,0.881717,0.258,515.7
2632,0.880833,,0.913500,0.881717,0.188,515.9
2633,0.878833,,0.913500,0.881717,0.185,516.1
2634,0.880517,,0.913500,0.881717,0.189,516.3
2635,0.879617,,0.913500,0.881717,0.186,516.4
2636,0.879817,,0.913500,0.881717,0.185,516.6
2637,0.879950,,0.913500,0.881717,0.187,516.8
2638,0.879283,,0.913500,0.881717,0.183,517.0
2639,0.881350,,0.913500,0.881717,0.186,517.2
2640,0.879133,,0.913500,0.881717,0.189,517.4
2641,0.880517,,0.913500,0.881717,0.186,517.6
2642,0.879483,,0.913500,0.881717,0.244,517.8
2643,0.879750,,0.913500,0.881717,0.185,518.0
2644,0.880600,,0.913500,0.881717,0.187,518.2
2645,0.880133,,0.913500,0.881717,0.188,518.4
2646,0.881067,,0.913500,0.881717,0.184,518.5
2647,0.881500,,0.913500,0.881717,0.184,518.7
2648,0.879617,,0.913500,0.881717,0.189,518.9
2649,0.881300,,0.913500,0.881717,0.186,519.1
2650,0.878350,0.91239994764328,0.913500,0.881717,0.254,519.4
2651,0.881867,,0.913500,0.881867,0.139,519.5
2652,0.879850,,0.913500,0.881867,0.186,519.7
2653,0.879950,,0.913500,0.881867,0.254,519.9
2654,0.879500,,0.913500,0.881867,0.187,520.1
2655,0.881900,,0.913500,0.881900,0.186,520.3
2656,0.879600,,0.913500,0.881900,0.187,520.5
2657,0.879983,,0.913500,0.881900,0.187,520.7
2658,0.878700,,0.913500,0.881900,0.188,520.9
2659,0.879750,,0.913500,0.881900,0.185,521.1
2660,0.880633,,0.913500,0.881900,0.187,521.2
2661,0.881400,,0.913500,0.881900,0.186,521.4
2662,0.879283,,0.913500,0.881900,0.187,521.6
2663,0.880600,,0.913500,0.881900,0.186,521.8
2664,0.880700,,0.913500,0.881900,0.256,522.1
2665,0.880267,,0.913500,0.881900,0.186,522.2
2666,0.880367,,0.913500,0.881900,0.188,522.4
2667,0.879733,,0.913500,0.881900,0.185,522.6
2668,0.881217,,0.913500,0.881900,0.185,522.8
2669,0.880783,,0.913500,0.881900,0.186,523.0
2670,0.880483,,0.913500,0.881900,0.190,523.2
2671,0.880550,,0.913500,0.881900,0.186,523.4
2672,0.881400,,0.913500,0.881900,0.188,523.6
2673,0.879767,,0.913500,0.881900,0.190,523.7
2674,0.881050,,0.913500,0.881900,0.187,523.9
2675,0.882017,,0.913500,0.882017,0.256,524.2
2676,0.879783,,0.913500,0.882017,0.187,524.4
2677,0.879817,,0.913500,0.882017,0.190,524.6
2678,0.881683,,0.913500,0.882017,0.195,524.8
2679,0.882150,,0.913500,0.882150,0.187,525.0
2680,0.878567,,0.913500,0.882150,0.190,525.1
2681,0.880117,,0.913500,0.882150,0.188,525.3
2682,0.881000,,0.913500,0.882150,0.187,525.5
2683,0.881050,,0.913500,0.882150,0.188,525.7
2684,0.879683,,0.913500,0.882150,0.196,525.9
2685,0.879767,,0.913500,0.882150,0.216,526.1
2686,0.879750,,0.913500,0.882150,0.252,526.4
2687,0.879400,,0.913500,0.882150,0.187,526.6
2688,0.880717,,0.913500,0.882150,0.188,526.7
2689,0.881583,,0.913500,0.882150,0.185,526.9
2690,0.879400,,0.913500,0.882150,0.187,527.1
2691,0.881100,,0.913500,0.882150,0.186,527.3
2692,0.881583,,0.913500,0.882150,0.186,527.5
2693,0.881650,,0.913500,0.882150,0.186,527.7
2694,0.881700,,0.913500,0.882150,0.188,527.9
2695,0.881267,,0.913500,0.882150,0.185,528.0
2696,0.881650,,0.913500,0.882150,0.187,528.2
2697,0.881300,,0.913500,0.882150,0.244,528.5
2698,0.881200,,0.913500,0.882150,0.187,528.7
2699,0.881083,,0.913500,0.882150,0.187,528.8
2700,0.881233,0.9104999899864197,0.913500,0.882150,0.252,529.1
2701,0.882617,,0.913500,0.882617,0.140,529.2
2702,0.880217,,0.913500,0.882617,0.185,529.4
2703,0.880183,,0.913500,0.882617,0.186,529.6
2704,0.881617,,0.913500,0.882617,0.187,529.8
2705,0.881717,,0.913500,0.882617,0.189,530.0
2706,0.879850,,0.913500,0.882617,0.187,530.2
2707,0.880550,,0.913500,0.882617,0.187,530.4
2708,0.880617,,0.913500,0.882617,0.253,530.6
2709,0.880167,,0.913500,0.882617,0.185,530.8
2710,0.881833,,0.913500,0.882617,0.187,531.0
2711,0.880217,,0.913500,0.882617,0.185,531.2
2712,0.879000,,0.913500,0.882617,0.185,531.4
2713,0.880667,,0.913500,0.882617,0.187,531.5
2714,0.881567,,0.913500,0.882617,0.183,531.7
2715,0.880383,,0.913500,0.882617,0.189,531.9
2716,0.882417,,0.913500,0.882617,0.186,532.1
2717,0.881450,,0.913500,0.882617,0.186,532.3
2718,0.880600,,0.913500,0.882617,0.187,532.5
2719,0.882050,,0.913500,0.882617,0.238,532.7
2720,0.880650,,0.913500,0.882617,0.190,532.9
2721,0.881933,,0.913500,0.882617,0.187,533.1
2722,0.880200,,0.913500,0.882617,0.188,533.3
2723,0.882033,,0.913500,0.882617,0.187,533.5
2724,0.880700,,0.913500,0.882617,0.185,533.7
2725,0.881833,,0.913500,0.882617,0.188,533.8
2726,0.882783,,0.913500,0.882783,0.188,534.0
2727,0.879400,,0.913500,0.882783,0.186,534.2
2728,0.882817,,0.913500,0.882817,0.186,534.4
2729,0.880983,,0.913500,0.882817,0.186,534.6
2730,0.880150,,0.913500,0.882817,0.252,534.8
2731,0.880283,,0.913500,0.882817,0.187,535.0
2732,0.881733,,0.913500,0.882817,0.187,535.2
2733,0.883200,,0.913500,0.883200,0.186,535.4
2734,0.881300,,0.913500,0.883200,0.185,535.6
2735,0.880683,,0.913500,0.883200,0.187,535.8
2736,0.882700,,0.913500,0.883200,0.183,536.0
2737,0.881500,,0.913500,0.883200,0.186,536.1
2738,0.881883,,0.913500,0.883200,0.187,536.3
2739,0.880917,,0.913500,0.883200,0.184,536.5
2740,0.881650,,0.913500,0.883200,0.187,536.7
2741,0.881833,,0.913500,0.883200,0.261,537.0
2742,0.883250,,0.913500,0.883250,0.187,537.1
2743,0.881183,,0.913500,0.883250,0.187,537.3
2744,0.881717,,0.913500,0.883250,0.186,537.5
2745,0.880150,,0.913500,0.883250,0.189,537.7
2746,0.882633,,0.913500,0.883250,0.186,537.9
2747,0.881733,,0.913500,0.883250,0.189,538.1
2748,0.882183,,0.913500,0.883250,0.188,538.3
2749,0.880117,,0.913500,0.883250,0.188,538.5
2750,0.881550,0.9138000011444092,0.913800,0.883250,0.250,538.7
2751,0.881950,,0.913800,0.883250,0.140,538.8
2752,0.881033,,0.913800,0.883250,0.257,539.1
2753,0.883217,,0.913800,0.883250,0.191,539.3
2754,0.883217,,0.913800,0.883250,0.190,539.5
2755,0.881017,,0.913800,0.883250,0.186,539.7
2756,0.881233,,0.913800,0.883250,0.188,539.9
2757,0.880833,,0.913800,0.883250,0.189,540.1
2758,0.883000,,0.913800,0.883250,0.187,540.2
2759,0.881267,,0.913800,0.883250,0.185,540.4
2760,0.883617,,0.913800,0.883617,0.187,540.6
2761,0.881567,,0.913800,0.883617,0.187,540.8
2762,0.881283,,0.913800,0.883617,0.186,541.0
2763,0.881533,,0.913800,0.883617,0.258,541.2
2764,0.882450,,0.913800,0.883617,0.186,541.4
2765,0.880700,,0.913800,0.883617,0.186,541.6
2766,0.882367,,0.913800,0.883617,0.186,541.8
2767,0.881867,,0.913800,0.883617,0.188,542.0
2768,0.882300,,0.913800,0.883617,0.186,542.2
2769,0.882300,,0.913800,0.883617,0.189,542.4
2770,0.882033,,0.913800,0.883617,0.189,542.6
2771,0.879817,,0.913800,0.883617,0.188,542.7
2772,0.881917,,0.913800,0.883617,0.188,542.9
2773,0.881483,,0.913800,0.883617,0.189,543.1
2774,0.882400,,0.913800,0.883617,0.253,543.4
2775,0.882733,,0.913800,0.883617,0.186,543.6
2776,0.882683,,0.913800,0.883617,0.188,543.7
2777,0.881933,,0.913800,0.883617,0.185,543.9
2778,0.880983,,0.913800,0.883617,0.185,544.1
2779,0.881900,,0.913800,0.883617,0.189,544.3
2780,0.882550,,0.913800,0.883617,0.186,544.5
2781,0.881850,,0.913800,0.883617,0.185,544.7
2782,0.881067,,0.913800,0.883617,0.186,544.9
2783,0.882233,,0.913800,0.883617,0.189,545.0
2784,0.880867,,0.913800,0.883617,0.190,545.2
2785,0.881800,,0.913800,0.883617,0.254,545.5
2786,0.880333,,0.913800,0.883617,0.185,545.7
2787,0.881433,,0.913800,0.883617,0.188,545.9
2788,0.881750,,0.913800,0.883617,0.186,546.1
2789,0.882917,,0.913800,0.883617,0.186,546.2
2790,0.882383,,0.913800,0.883617,0.190,546.4
2791,0.879900,,0.913800,0.883617,0.186,546.6
2792,0.882100,,0.913800,0.883617,0.186,546.8
2793,0.880883,,0.913800,0.883617,0.187,547.0
2794,0.880933,,0.913800,0.883617,0.187,547.2
2795,0.880617,,0.913800,0.883617,0.185,547.4
2796,0.882433,,0.913800,0.883617,0.235,547.6
2797,0.880933,,0.913800,0.883617,0.189,547.8
2798,0.881117,,0.913800,0.883617,0.186,548.0
2799,0.882733,,0.913800,0.883617,0.185,548.2
2800,0.883750,0.9128999710083008,0.913800,0.883750,0.248,548.4
2801,0.881667,,0.913800,0.883750,0.139,548.5
2802,0.882517,,0.913800,0.883750,0.187,548.7
2803,0.882333,,0.913800,0.883750,0.186,548.9
2804,0.880167,,0.913800,0.883750,0.190,549.1
2805,0.880867,,0.913800,0.883750,0.188,549.3
2806,0.880500,,0.913800,0.883750,0.186,549.5
2807,0.880467,,0.913800,0.883750,0.252,549.7
2808,0.882117,,0.913800,0.883750,0.187,549.9
2809,0.881933,,0.913800,0.883750,0.189,550.1
2810,0.882917,,0.913800,0.883750,0.186,550.3
2811,0.883100,,0.913800,0.883750,0.189,550.5
2812,0.881900,,0.913800,0.883750,0.185,550.7
2813,0.881767,,0.913800,0.883750,0.186,550.9
2814,0.880933,,0.913800,0.883750,0.188,551.0
2815,0.881950,,0.913800,0.883750,0.190,551.2
2816,0.880817,,0.913800,0.883750,0.188,551.4
2817,0.881800,,0.913800,0.883750,0.195,551.6
2818,0.882033,,0.913800,0.883750,0.256,551.9
2819,0.879767,,0.913800,0.883750,0.187,552.1
2820,0.881633,,0.913800,0.883750,0.190,552.2
2821,0.881967,,0.913800,0.883750,0.188,552.4
2822,0.882717,,0.913800,0.883750,0.187,552.6
2823,0.880517,,0.913800,0.883750,0.186,552.8
2824,0.881300,,0.913800,0.883750,0.189,553.0
2825,0.882933,,0.913800,0.883750,0.187,553.2
2826,0.882233,,0.913800,0.883750,0.187,553.4
2827,0.881533,,0.913800,0.883750,0.187,553.6
2828,0.881200,,0.913800,0.883750,0.186,553.7
2829,0.880767,,0.913800,0.883750,0.256,554.0
2830,0.879917,,0.913800,0.883750,0.189,554.2
2831,0.881467,,0.913800,0.883750,0.186,554.4
2832,0.881250,,0.913800,0.883750,0.188,554.6
2833,0.881850,,0.913800,0.883750,0.189,554.7
2834,0.882483,,0.913800,0.883750,0.186,554.9
2835,0.881033,,0.913800,0.883750,0.190,555.1
2836,0.882150,,0.913800,0.883750,0.190,555.3
2837,0.880167,,0.913800,0.883750,0.189,555.5
2838,0.881000,,0.913800,0.883750,0.259,555.8
2839,0.881283,,0.913800,0.883750,0.189,556.0
2840,0.883117,,0.913800,0.883750,0.255,556.2
2841,0.881300,,0.913800,0.883750,0.187,556.4
2842,0.882033,,0.913800,0.883750,0.186,556.6
2843,0.881067,,0.913800,0.883750,0.189,556.8
2844,0.882517,,0.913800,0.883750,0.190,557.0
2845,0.880300,,0.913800,0.883750,0.186,557.1
2846,0.883150,,0.913800,0.883750,0.187,557.3
2847,0.880050,,0.913800,0.883750,0.188,557.5
2848,0.881633,,0.913800,0.883750,0.187,557.7
2849,0.882000,,0.913800,0.883750,0.179,557.9
2850,0.881817,0.9139999747276306,0.914000,0.883750,0.248,558.1
2851,0.882617,,0.914000,0.883750,0.206,558.3
2852,0.882767,,0.914000,0.883750,0.186,558.5
2853,0.882017,,0.914000,0.883750,0.187,558.7
2854,0.882433,,0.914000,0.883750,0.185,558.9
2855,0.883350,,0.914000,0.883750,0.186,559.1
2856,0.882033,,0.914000,0.883750,0.187,559.3
2857,0.881900,,0.914000,0.883750,0.185,559.5
2858,0.881150,,0.914000,0.883750,0.187,559.6
2859,0.881933,,0.914000,0.883750,0.190,559.8
2860,0.883317,,0.914000,0.883750,0.190,560.0
2861,0.882067,,0.914000,0.883750,0.187,560.2
2862,0.880033,,0.914000,0.883750,0.252,560.5
2863,0.881133,,0.914000,0.883750,0.193,560.7
2864,0.882767,,0.914000,0.883750,0.185,560.8
2865,0.881983,,0.914000,0.883750,0.190,561.0
2866,0.883517,,0.914000,0.883750,0.188,561.2
2867,0.881083,,0.914000,0.883750,0.187,561.4
2868,0.880983,,0.914000,0.883750,0.191,561.6
2869,0.881550,,0.914000,0.883750,0.186,561.8
2870,0.882817,,0.914000,0.883750,0.185,562.0
2871,0.881683,,0.914000,0.883750,0.190,562.2
2872,0.883000,,0.914000,0.883750,0.187,562.3
2873,0.881283,,0.914000,0.883750,0.258,562.6
2874,0.881933,,0.914000,0.883750,0.190,562.8
2875,0.881967,,0.914000,0.883750,0.190,563.0
2876,0.882167,,0.914000,0.883750,0.186,563.2
2877,0.880650,,0.914000,0.883750,0.186,563.4
2878,0.881300,,0.914000,0.883750,0.191,563.5
2879,0.883250,,0.914000,0.883750,0.187,563.7
2880,0.881167,,0.914000,0.883750,0.185,563.9
2881,0.881533,,0.914000,0.883750,0.185,564.1
2882,0.882583,,0.914000,0.883750,0.184,564.3
2883,0.882717,,0.914000,0.883750,0.186,564.5
2884,0.881833,,0.914000,0.883750,0.258,564.7
2885,0.882683,,0.914000,0.883750,0.189,564.9
2886,0.881383,,0.914000,0.883750,0.188,565.1
2887,0.881433,,0.914000,0.883750,0.191,565.3
2888,0.880417,,0.914000,0.883750,0.188,565.5
2889,0.881650,,0.914000,0.883750,0.187,565.7
2890,0.881883,,0.914000,0.883750,0.185,565.9
2891,0.882267,,0.914000,0.883750,0.187,566.0
2892,0.882367,,0.914000,0.883750,0.186,566.2
2893,0.881700,,0.914000,0.883750,0.187,566.4
2894,0.883367,,0.914000,0.883750,0.189,566.6
2895,0.882500,,0.914000,0.883750,0.250,566.9
2896,0.880733,,0.914000,0.883750,0.187,567.0
2897,0.880817,,0.914000,0.883750,0.186,567.2
2898,0.881550,,0.914000,0.883750,0.188,567.4
2899,0.881483,,0.914000,0.883750,0.185,567.6
2900,0.880667,0.914900004863739,0.914900,0.883750,0.249,567.9
2901,0.881933,,0.914900,0.883750,0.141,568.0
2902,0.880933,,0.914900,0.883750,0.185,568.2
2903,0.881017,,0.914900,0.883750,0.186,568.4
2904,0.881150,,0.914900,0.883750,0.190,568.6
2905,0.880967,,0.914900,0.883750,0.187,568.7
2906,0.882017,,0.914900,0.883750,0.259,569.0
2907,0.883217,,0.914900,0.883750,0.188,569.2
2908,0.882367,,0.914900,0.883750,0.188,569.4
2909,0.880183,,0.914900,0.883750,0.190,569.6
2910,0.882833,,0.914900,0.883750,0.187,569.8
2911,0.880917,,0.914900,0.883750,0.184,569.9
2912,0.882283,,0.914900,0.883750,0.189,570.1
2913,0.882450,,0.914900,0.883750,0.186,570.3
2914,0.882950,,0.914900,0.883750,0.188,570.5
2915,0.881433,,0.914900,0.883750,0.190,570.7
2916,0.883183,,0.914900,0.883750,0.185,570.9
2917,0.882783,,0.914900,0.883750,0.254,571.1
2918,0.882400,,0.914900,0.883750,0.189,571.3
2919,0.883483,,0.914900,0.883750,0.190,571.5
2920,0.881683,,0.914900,0.883750,0.187,571.7
2921,0.882750,,0.914900,0.883750,0.189,571.9
2922,0.881433,,0.914900,0.883750,0.186,572.1
2923,0.882800,,0.914900,0.883750,0.187,572.3
2924,0.882567,,0.914900,0.883750,0.186,572.4
2925,0.882250,,0.914900,0.883750,0.188,572.6
2926,0.881983,,0.914900,0.883750,0.188,572.8
2927,0.883633,,0.914900,0.883750,0.191,573.0
2928,0.882500,,0.914900,0.883750,0.252,573.3
2929,0.882800,,0.914900,0.883750,0.193,573.5
2930,0.882117,,0.914900,0.883750,0.189,573.6
2931,0.882900,,0.914900,0.883750,0.189,573.8
2932,0.882433,,0.914900,0.883750,0.188,574.0
2933,0.882733,,0.914900,0.883750,0.187,574.2
2934,0.884133,,0.914900,0.884133,0.186,574.4
2935,0.882617,,0.914900,0.884133,0.186,574.6
2936,0.881300,,0.914900,0.884133,0.185,574.8
2937,0.884200,,0.914900,0.884200,0.186,575.0
2938,0.881600,,0.914900,0.884200,0.188,575.1
2939,0.881567,,0.914900,0.884200,0.256,575.4
2940,0.883683,,0.914900,0.884200,0.190,575.6
2941,0.882817,,0.914900,0.884200,0.187,575.8
2942,0.882250,,0.914900,0.884200,0.187,576.0
2943,0.881367,,0.914900,0.884200,0.185,576.1
2944,0.883083,,0.914900,0.884200,0.189,576.3
2945,0.881483,,0.914900,0.884200,0.188,576.5
2946,0.882083,,0.914900,0.884200,0.186,576.7
2947,0.882050,,0.914900,0.884200,0.187,576.9
2948,0.882500,,0.914900,0.884200,0.187,577.1
2949,0.883767,,0.914900,0.884200,0.190,577.3
2950,0.879983,0.9132999777793884,0.914900,0.884200,0.320,577.6
2951,0.882417,,0.914900,0.884200,0.141,577.7
2952,0.883500,,0.914900,0.884200,0.188,577.9
2953,0.882017,,0.914900,0.884200,0.187,578.1
2954,0.881617,,0.914900,0.884200,0.190,578.3
2955,0.882267,,0.914900,0.884200,0.187,578.5
2956,0.882367,,0.914900,0.884200,0.188,578.7
2957,0.881933,,0.914900,0.884200,0.186,578.9
2958,0.882000,,0.914900,0.884200,0.189,579.0
2959,0.884417,,0.914900,0.884417,0.188,579.2
2960,0.882883,,0.914900,0.884417,0.191,579.4
2961,0.882600,,0.914900,0.884417,0.254,579.7
2962,0.884217,,0.914900,0.884417,0.189,579.9
2963,0.883433,,0.914900,0.884417,0.186,580.1
2964,0.885283,,0.914900,0.885283,0.191,580.2
2965,0.882383,,0.914900,0.885283,0.186,580.4
2966,0.882550,,0.914900,0.885283,0.186,580.6
2967,0.883350,,0.914900,0.885283,0.190,580.8
2968,0.882900,,0.914900,0.885283,0.188,581.0
2969,0.881633,,0.914900,0.885283,0.187,581.2
2970,0.881567,,0.914900,0.885283,0.187,581.4
2971,0.883483,,0.914900,0.885283,0.189,581.6
2972,0.882583,,0.914900,0.885283,0.256,581.8
2973,0.883767,,0.914900,0.885283,0.185,582.0
2974,0.881783,,0.914900,0.885283,0.191,582.2
2975,0.883517,,0.914900,0.885283,0.187,582.4
2976,0.883367,,0.914900,0.885283,0.188,582.6
2977,0.883017,,0.914900,0.885283,0.188,582.8
2978,0.884450,,0.914900,0.885283,0.186,582.9
2979,0.881133,,0.914900,0.885283,0.188,583.1
2980,0.884500,,0.914900,0.885283,0.187,583.3
2981,0.884500,,0.914900,0.885283,0.187,583.5
2982,0.883483,,0.914900,0.885283,0.185,583.7
2983,0.883250,,0.914900,0.885283,0.260,583.9
2984,0.884150,,0.914900,0.885283,0.188,584.1
2985,0.883017,,0.914900,0.885283,0.188,584.3
2986,0.882867,,0.914900,0.885283,0.185,584.5
2987,0.884567,,0.914900,0.885283,0.189,584.7
2988,0.883283,,0.914900,0.885283,0.184,584.9
2989,0.884200,,0.914900,0.885283,0.186,585.1
2990,0.883883,,0.914900,0.885283,0.211,585.3
2991,0.881667,,0.914900,0.885283,0.201,585.5
2992,0.881850,,0.914900,0.885283,0.187,585.7
2993,0.884617,,0.914900,0.885283,0.188,585.9
2994,0.883883,,0.914900,0.885283,0.254,586.1
2995,0.884517,,0.914900,0.885283,0.190,586.3
2996,0.882833,,0.914900,0.885283,0.186,586.5
2997,0.883883,,0.914900,0.885283,0.187,586.7
2998,0.883217,,0.914900,0.885283,0.189,586.9
2999,0.882800,,0.914900,0.885283,0.187,587.0
