epoch,train_acc,val_acc,best_val,best_train,epoch_time,cum_time
0,0.084217,0.09800000488758087,0.098000,0.084217,5.807,5.8
1,0.084433,,0.098000,0.084433,4.508,10.3
2,0.085517,,0.098000,0.085517,0.124,10.4
3,0.084333,,0.098000,0.085517,0.114,10.6
4,0.083067,,0.098000,0.085517,0.113,10.7
5,0.086683,,0.098000,0.086683,0.111,10.8
6,0.083767,,0.098000,0.086683,0.113,10.9
7,0.086700,,0.098000,0.086700,0.113,11.0
8,0.086717,,0.098000,0.086717,0.115,11.1
9,0.084667,,0.098000,0.086717,0.112,11.2
10,0.087583,,0.098000,0.087583,0.112,11.3
11,0.086517,,0.098000,0.087583,0.113,11.5
12,0.085300,,0.098000,0.087583,0.114,11.6
13,0.087633,,0.098000,0.087633,0.112,11.7
14,0.086200,,0.098000,0.087633,0.112,11.8
15,0.086600,,0.098000,0.087633,0.112,11.9
16,0.089800,,0.098000,0.089800,0.111,12.0
17,0.088417,,0.098000,0.089800,0.111,12.1
18,0.089017,,0.098000,0.089800,0.111,12.2
19,0.088817,,0.098000,0.089800,0.113,12.4
20,0.088817,,0.098000,0.089800,0.115,12.5
21,0.090133,,0.098000,0.090133,0.130,12.6
22,0.093517,,0.098000,0.093517,0.112,12.7
23,0.090850,,0.098000,0.093517,0.112,12.8
24,0.090917,,0.098000,0.093517,0.109,12.9
25,0.091950,,0.098000,0.093517,0.115,13.0
26,0.093200,,0.098000,0.093517,0.131,13.2
27,0.094650,,0.098000,0.094650,0.114,13.3
28,0.095617,,0.098000,0.095617,0.112,13.4
29,0.095617,,0.098000,0.095617,0.110,13.5
30,0.096633,,0.098000,0.096633,0.115,13.6
31,0.098867,,0.098000,0.098867,0.133,13.8
32,0.098333,,0.098000,0.098867,0.114,13.9
33,0.100250,,0.098000,0.100250,0.114,14.0
34,0.100517,,0.098000,0.100517,0.112,14.1
35,0.100700,,0.098000,0.100700,0.113,14.2
36,0.101017,,0.098000,0.101017,0.112,14.3
37,0.103117,,0.098000,0.103117,0.115,14.4
38,0.103500,,0.098000,0.103500,0.112,14.6
39,0.106000,,0.098000,0.106000,0.113,14.7
40,0.104967,,0.098000,0.106000,0.116,14.8
41,0.106967,,0.098000,0.106967,0.130,14.9
42,0.108600,,0.098000,0.108600,0.113,15.0
43,0.107717,,0.098000,0.108600,0.113,15.1
44,0.108800,,0.098000,0.108800,0.112,15.3
45,0.109067,,0.098000,0.109067,0.113,15.4
46,0.110550,,0.098000,0.110550,0.111,15.5
47,0.110150,,0.098000,0.110550,0.114,15.6
48,0.109950,,0.098000,0.110550,0.112,15.7
49,0.110267,,0.098000,0.110550,0.114,15.8
50,0.108433,0.09189999848604202,0.098000,0.110550,0.144,16.0
51,0.111883,,0.098000,0.111883,0.107,16.1
52,0.111400,,0.098000,0.111883,0.111,16.2
53,0.111300,,0.098000,0.111883,0.125,16.3
54,0.114333,,0.098000,0.114333,0.130,16.4
55,0.113000,,0.098000,0.114333,0.111,16.5
56,0.114433,,0.098000,0.114433,0.112,16.7
57,0.115167,,0.098000,0.115167,0.109,16.8
58,0.113800,,0.098000,0.115167,0.120,16.9
59,0.112300,,0.098000,0.115167,0.132,17.0
60,0.114533,,0.098000,0.115167,0.112,17.1
61,0.117050,,0.098000,0.117050,0.112,17.2
62,0.115983,,0.098000,0.117050,0.112,17.4
63,0.117733,,0.098000,0.117733,0.111,17.5
64,0.116633,,0.098000,0.117733,0.113,17.6
65,0.119017,,0.098000,0.119017,0.113,17.7
66,0.118117,,0.098000,0.119017,0.112,17.8
67,0.117800,,0.098000,0.119017,0.114,17.9
68,0.119217,,0.098000,0.119217,0.112,18.0
69,0.116783,,0.098000,0.119217,0.112,18.1
70,0.119667,,0.098000,0.119667,0.111,18.3
71,0.117983,,0.098000,0.119667,0.110,18.4
72,0.120067,,0.098000,0.120067,0.110,18.5
73,0.119467,,0.098000,0.120067,0.115,18.6
74,0.119183,,0.098000,0.120067,0.128,18.7
75,0.119467,,0.098000,0.120067,0.113,18.8
76,0.119733,,0.098000,0.120067,0.114,18.9
77,0.120667,,0.098000,0.120667,0.113,19.1
78,0.121333,,0.098000,0.121333,0.119,19.2
79,0.120683,,0.098000,0.121333,0.131,19.3
80,0.120133,,0.098000,0.121333,0.119,19.4
81,0.121800,,0.098000,0.121800,0.116,19.5
82,0.122433,,0.098000,0.122433,0.130,19.7
83,0.121300,,0.098000,0.122433,0.113,19.8
84,0.121783,,0.098000,0.122433,0.111,19.9
85,0.121467,,0.098000,0.122433,0.116,20.0
86,0.122700,,0.098000,0.122700,0.111,20.1
87,0.122567,,0.098000,0.122700,0.111,20.2
88,0.123233,,0.098000,0.123233,0.112,20.3
89,0.123250,,0.098000,0.123250,0.111,20.5
90,0.121750,,0.098000,0.123250,0.112,20.6
91,0.123417,,0.098000,0.123417,0.111,20.7
92,0.123117,,0.098000,0.123417,0.110,20.8
93,0.124517,,0.098000,0.124517,0.111,20.9
94,0.122983,,0.098000,0.124517,0.112,21.0
95,0.124183,,0.098000,0.124517,0.116,21.1
96,0.123767,,0.098000,0.124517,0.113,21.2
97,0.123367,,0.098000,0.124517,0.112,21.4
98,0.124567,,0.098000,0.124567,0.110,21.5
99,0.124050,,0.098000,0.124567,0.111,21.6
100,0.123517,0.0989999920129776,0.099000,0.124567,0.137,21.7
101,0.123233,,0.099000,0.124567,0.105,21.8
102,0.125933,,0.099000,0.125933,0.112,21.9
103,0.125750,,0.099000,0.125933,0.112,22.0
104,0.125817,,0.099000,0.125933,0.112,22.2
105,0.125150,,0.099000,0.125933,0.113,22.3
106,0.127017,,0.099000,0.127017,0.110,22.4
107,0.125783,,0.099000,0.127017,0.111,22.5
108,0.127433,,0.099000,0.127433,0.111,22.6
109,0.127450,,0.099000,0.127450,0.116,22.7
110,0.128250,,0.099000,0.128250,0.131,22.8
111,0.128033,,0.099000,0.128250,0.117,23.0
112,0.128983,,0.099000,0.128983,0.134,23.1
113,0.130500,,0.099000,0.130500,0.111,23.2
114,0.131383,,0.099000,0.131383,0.112,23.3
115,0.129750,,0.099000,0.131383,0.112,23.4
116,0.131433,,0.099000,0.131433,0.112,23.5
117,0.131150,,0.099000,0.131433,0.112,23.7
118,0.132283,,0.099000,0.132283,0.113,23.8
119,0.131667,,0.099000,0.132283,0.113,23.9
120,0.133500,,0.099000,0.133500,0.111,24.0
121,0.133667,,0.099000,0.133667,0.117,24.1
122,0.133917,,0.099000,0.133917,0.122,24.2
123,0.135117,,0.099000,0.135117,0.114,24.3
124,0.136483,,0.099000,0.136483,0.116,24.5
125,0.135250,,0.099000,0.136483,0.129,24.6
126,0.138217,,0.099000,0.138217,0.111,24.7
127,0.138117,,0.099000,0.138217,0.110,24.8
128,0.138667,,0.099000,0.138667,0.111,24.9
129,0.137717,,0.099000,0.138667,0.113,25.0
130,0.140867,,0.099000,0.140867,0.128,25.2
131,0.141283,,0.099000,0.141283,0.112,25.3
132,0.144700,,0.099000,0.144700,0.110,25.4
133,0.142133,,0.099000,0.144700,0.111,25.5
134,0.145900,,0.099000,0.145900,0.112,25.6
135,0.146117,,0.099000,0.146117,0.109,25.7
136,0.144883,,0.099000,0.146117,0.118,25.8
137,0.145783,,0.099000,0.146117,0.110,25.9
138,0.148633,,0.099000,0.148633,0.112,26.1
139,0.147533,,0.099000,0.148633,0.112,26.2
140,0.148000,,0.099000,0.148633,0.112,26.3
141,0.149350,,0.099000,0.149350,0.112,26.4
142,0.150683,,0.099000,0.150683,0.120,26.5
143,0.153017,,0.099000,0.153017,0.112,26.6
144,0.153467,,0.099000,0.153467,0.111,26.7
145,0.155083,,0.099000,0.155083,0.109,26.8
146,0.155600,,0.099000,0.155600,0.112,27.0
147,0.155250,,0.099000,0.155600,0.111,27.1
148,0.158317,,0.099000,0.158317,0.110,27.2
149,0.159833,,0.099000,0.159833,0.111,27.3
150,0.160383,0.1541999876499176,0.154200,0.160383,0.137,27.4
151,0.162200,,0.154200,0.162200,0.107,27.5
152,0.165283,,0.154200,0.165283,0.110,27.6
153,0.163383,,0.154200,0.165283,0.113,27.8
154,0.165150,,0.154200,0.165283,0.110,27.9
155,0.168233,,0.154200,0.168233,0.111,28.0
156,0.167450,,0.154200,0.168233,0.111,28.1
157,0.169833,,0.154200,0.169833,0.112,28.2
158,0.171950,,0.154200,0.171950,0.110,28.3
159,0.173583,,0.154200,0.173583,0.112,28.4
160,0.175000,,0.154200,0.175000,0.111,28.5
161,0.177133,,0.154200,0.177133,0.112,28.6
162,0.178450,,0.154200,0.178450,0.112,28.8
163,0.180817,,0.154200,0.180817,0.110,28.9
164,0.181533,,0.154200,0.181533,0.114,29.0
165,0.183917,,0.154200,0.183917,0.129,29.1
166,0.183300,,0.154200,0.183917,0.112,29.2
167,0.187333,,0.154200,0.187333,0.118,29.3
168,0.188833,,0.154200,0.188833,0.112,29.5
169,0.190850,,0.154200,0.190850,0.110,29.6
170,0.192600,,0.154200,0.192600,0.111,29.7
171,0.194283,,0.154200,0.194283,0.112,29.8
172,0.194017,,0.154200,0.194283,0.112,29.9
173,0.197683,,0.154200,0.197683,0.113,30.0
174,0.197667,,0.154200,0.197683,0.115,30.1
175,0.199483,,0.154200,0.199483,0.128,30.3
176,0.198567,,0.154200,0.199483,0.111,30.4
177,0.203917,,0.154200,0.203917,0.111,30.5
178,0.203733,,0.154200,0.203917,0.111,30.6
179,0.206600,,0.154200,0.206600,0.111,30.7
180,0.207033,,0.154200,0.207033,0.115,30.8
181,0.208300,,0.154200,0.208300,0.130,30.9
182,0.209200,,0.154200,0.209200,0.111,31.1
183,0.211767,,0.154200,0.211767,0.111,31.2
184,0.212983,,0.154200,0.212983,0.116,31.3
185,0.216933,,0.154200,0.216933,0.130,31.4
186,0.216267,,0.154200,0.216933,0.119,31.5
187,0.222150,,0.154200,0.222150,0.111,31.6
188,0.219000,,0.154200,0.222150,0.113,31.8
189,0.225050,,0.154200,0.225050,0.116,31.9
190,0.226833,,0.154200,0.226833,0.129,32.0
191,0.229033,,0.154200,0.229033,0.119,32.1
192,0.227367,,0.154200,0.229033,0.111,32.2
193,0.230767,,0.154200,0.230767,0.110,32.3
194,0.231867,,0.154200,0.231867,0.113,32.5
195,0.231283,,0.154200,0.231867,0.129,32.6
196,0.235300,,0.154200,0.235300,0.119,32.7
197,0.235367,,0.154200,0.235367,0.114,32.8
198,0.238450,,0.154200,0.238450,0.114,32.9
199,0.239233,,0.154200,0.239233,0.111,33.0
200,0.243683,0.27619999647140503,0.276200,0.243683,0.137,33.2
201,0.245033,,0.276200,0.245033,0.105,33.3
202,0.246067,,0.276200,0.246067,0.111,33.4
203,0.252367,,0.276200,0.252367,0.112,33.5
204,0.251233,,0.276200,0.252367,0.113,33.6
205,0.253250,,0.276200,0.253250,0.111,33.7
206,0.257317,,0.276200,0.257317,0.113,33.8
207,0.259050,,0.276200,0.259050,0.115,34.0
208,0.261183,,0.276200,0.261183,0.130,34.1
209,0.263333,,0.276200,0.263333,0.109,34.2
210,0.264767,,0.276200,0.264767,0.112,34.3
211,0.266283,,0.276200,0.266283,0.111,34.4
212,0.269317,,0.276200,0.269317,0.113,34.5
213,0.271600,,0.276200,0.271600,0.110,34.6
214,0.273050,,0.276200,0.273050,0.111,34.8
215,0.273983,,0.276200,0.273983,0.110,34.9
216,0.277033,,0.276200,0.277033,0.115,35.0
217,0.280717,,0.276200,0.280717,0.111,35.1
218,0.279967,,0.276200,0.280717,0.111,35.2
219,0.280917,,0.276200,0.280917,0.111,35.3
220,0.283983,,0.276200,0.283983,0.111,35.4
221,0.286900,,0.276200,0.286900,0.115,35.5
222,0.288267,,0.276200,0.288267,0.130,35.7
223,0.289833,,0.276200,0.289833,0.112,35.8
224,0.291033,,0.276200,0.291033,0.112,35.9
225,0.292300,,0.276200,0.292300,0.109,36.0
226,0.296900,,0.276200,0.296900,0.113,36.1
227,0.293650,,0.276200,0.296900,0.113,36.2
228,0.298733,,0.276200,0.298733,0.112,36.3
229,0.299483,,0.276200,0.299483,0.115,36.5
230,0.301733,,0.276200,0.301733,0.133,36.6
231,0.305467,,0.276200,0.305467,0.129,36.7
232,0.307583,,0.276200,0.307583,0.112,36.8
233,0.309933,,0.276200,0.309933,0.113,36.9
234,0.310717,,0.276200,0.310717,0.112,37.1
235,0.311850,,0.276200,0.311850,0.112,37.2
236,0.316217,,0.276200,0.316217,0.111,37.3
237,0.314533,,0.276200,0.316217,0.111,37.4
238,0.319483,,0.276200,0.319483,0.111,37.5
239,0.321783,,0.276200,0.321783,0.113,37.6
240,0.321183,,0.276200,0.321783,0.112,37.7
241,0.325883,,0.276200,0.325883,0.111,37.8
242,0.326200,,0.276200,0.326200,0.113,37.9
243,0.329017,,0.276200,0.329017,0.111,38.1
244,0.330983,,0.276200,0.330983,0.115,38.2
245,0.331583,,0.276200,0.331583,0.111,38.3
246,0.334183,,0.276200,0.334183,0.112,38.4
247,0.337333,,0.276200,0.337333,0.112,38.5
248,0.338817,,0.276200,0.338817,0.112,38.6
249,0.340250,,0.276200,0.340250,0.111,38.7
250,0.342467,0.444599986076355,0.444600,0.342467,0.138,38.9
251,0.345650,,0.444600,0.345650,0.104,39.0
252,0.348833,,0.444600,0.348833,0.115,39.1
253,0.346517,,0.444600,0.348833,0.111,39.2
254,0.353650,,0.444600,0.353650,0.125,39.3
255,0.352817,,0.444600,0.353650,0.112,39.4
256,0.356967,,0.444600,0.356967,0.116,39.5
257,0.354283,,0.444600,0.356967,0.131,39.7
258,0.363283,,0.444600,0.363283,0.112,39.8
259,0.363333,,0.444600,0.363333,0.112,39.9
260,0.364700,,0.444600,0.364700,0.115,40.0
261,0.368883,,0.444600,0.368883,0.113,40.1
262,0.369150,,0.444600,0.369150,0.113,40.2
263,0.371433,,0.444600,0.371433,0.117,40.4
264,0.374883,,0.444600,0.374883,0.113,40.5
265,0.379400,,0.444600,0.379400,0.115,40.6
266,0.383267,,0.444600,0.383267,0.111,40.7
267,0.385317,,0.444600,0.385317,0.112,40.8
268,0.388967,,0.444600,0.388967,0.113,40.9
269,0.389800,,0.444600,0.389800,0.112,41.0
270,0.393350,,0.444600,0.393350,0.111,41.1
271,0.396033,,0.444600,0.396033,0.110,41.3
272,0.397683,,0.444600,0.397683,0.113,41.4
273,0.402600,,0.444600,0.402600,0.111,41.5
274,0.404933,,0.444600,0.404933,0.111,41.6
275,0.408100,,0.444600,0.408100,0.112,41.7
276,0.412650,,0.444600,0.412650,0.111,41.8
277,0.416800,,0.444600,0.416800,0.112,41.9
278,0.416700,,0.444600,0.416800,0.110,42.0
279,0.415383,,0.444600,0.416800,0.111,42.1
280,0.423050,,0.444600,0.423050,0.111,42.3
281,0.424733,,0.444600,0.424733,0.110,42.4
282,0.425917,,0.444600,0.425917,0.110,42.5
283,0.431517,,0.444600,0.431517,0.111,42.6
284,0.431917,,0.444600,0.431917,0.112,42.7
285,0.436817,,0.444600,0.436817,0.109,42.8
286,0.438000,,0.444600,0.438000,0.112,42.9
287,0.441983,,0.444600,0.441983,0.110,43.0
288,0.445417,,0.444600,0.445417,0.111,43.1
289,0.443200,,0.444600,0.445417,0.113,43.3
290,0.450417,,0.444600,0.450417,0.113,43.4
291,0.451583,,0.444600,0.451583,0.113,43.5
292,0.453867,,0.444600,0.453867,0.111,43.6
293,0.459367,,0.444600,0.459367,0.111,43.7
294,0.458617,,0.444600,0.459367,0.113,43.8
295,0.461133,,0.444600,0.461133,0.112,43.9
296,0.465117,,0.444600,0.465117,0.116,44.0
297,0.466550,,0.444600,0.466550,0.129,44.2
298,0.470033,,0.444600,0.470033,0.111,44.3
299,0.470933,,0.444600,0.470933,0.112,44.4
300,0.474633,0.5339999794960022,0.534000,0.474633,0.137,44.5
301,0.475650,,0.534000,0.475650,0.107,44.6
302,0.481250,,0.534000,0.481250,0.113,44.8
303,0.485250,,0.534000,0.485250,0.111,44.9
304,0.485067,,0.534000,0.485250,0.111,45.0
305,0.488433,,0.534000,0.488433,0.110,45.1
306,0.488750,,0.534000,0.488750,0.114,45.2
307,0.493367,,0.534000,0.493367,0.128,45.3
308,0.496200,,0.534000,0.496200,0.110,45.4
309,0.495950,,0.534000,0.496200,0.113,45.6
310,0.500083,,0.534000,0.500083,0.114,45.7
311,0.504417,,0.534000,0.504417,0.130,45.8
312,0.506783,,0.534000,0.506783,0.111,45.9
313,0.508617,,0.534000,0.508617,0.112,46.0
314,0.509783,,0.534000,0.509783,0.115,46.1
315,0.510483,,0.534000,0.510483,0.137,46.3
316,0.514533,,0.534000,0.514533,0.130,46.4
317,0.517617,,0.534000,0.517617,0.113,46.5
318,0.517567,,0.534000,0.517617,0.117,46.6
319,0.521700,,0.534000,0.521700,0.134,46.8
320,0.521300,,0.534000,0.521700,0.130,46.9
321,0.525833,,0.534000,0.525833,0.112,47.0
322,0.526217,,0.534000,0.526217,0.112,47.1
323,0.527883,,0.534000,0.527883,0.111,47.2
324,0.530317,,0.534000,0.530317,0.112,47.3
325,0.533567,,0.534000,0.533567,0.113,47.5
326,0.537200,,0.534000,0.537200,0.112,47.6
327,0.541117,,0.534000,0.541117,0.111,47.7
328,0.542367,,0.534000,0.542367,0.115,47.8
329,0.546383,,0.534000,0.546383,0.112,47.9
330,0.545683,,0.534000,0.546383,0.114,48.0
331,0.547483,,0.534000,0.547483,0.113,48.1
332,0.550717,,0.534000,0.550717,0.115,48.2
333,0.555783,,0.534000,0.555783,0.130,48.4
334,0.556667,,0.534000,0.556667,0.112,48.5
335,0.560367,,0.534000,0.560367,0.112,48.6
336,0.562883,,0.534000,0.562883,0.111,48.7
337,0.562817,,0.534000,0.562883,0.114,48.8
338,0.565217,,0.534000,0.565217,0.114,48.9
339,0.568567,,0.534000,0.568567,0.116,49.1
340,0.568617,,0.534000,0.568617,0.131,49.2
341,0.572533,,0.534000,0.572533,0.114,49.3
342,0.574417,,0.534000,0.574417,0.112,49.4
343,0.576317,,0.534000,0.576317,0.114,49.5
344,0.579667,,0.534000,0.579667,0.112,49.6
345,0.581300,,0.534000,0.581300,0.112,49.7
346,0.583150,,0.534000,0.583150,0.114,49.9
347,0.585417,,0.534000,0.585417,0.112,50.0
348,0.584400,,0.534000,0.585417,0.112,50.1
349,0.589033,,0.534000,0.589033,0.111,50.2
350,0.592933,0.727899968624115,0.727900,0.592933,0.139,50.3
351,0.591933,,0.727900,0.592933,0.105,50.4
352,0.595350,,0.727900,0.595350,0.115,50.6
353,0.597967,,0.727900,0.597967,0.113,50.7
354,0.598883,,0.727900,0.598883,0.112,50.8
355,0.600483,,0.727900,0.600483,0.115,50.9
356,0.601183,,0.727900,0.601183,0.119,51.0
357,0.604133,,0.727900,0.604133,0.112,51.1
358,0.606900,,0.727900,0.606900,0.116,51.2
359,0.608983,,0.727900,0.608983,0.129,51.4
360,0.607467,,0.727900,0.608983,0.111,51.5
361,0.614600,,0.727900,0.614600,0.111,51.6
362,0.612333,,0.727900,0.614600,0.112,51.7
363,0.620983,,0.727900,0.620983,0.110,51.8
364,0.616817,,0.727900,0.620983,0.110,51.9
365,0.617683,,0.727900,0.620983,0.112,52.0
366,0.621067,,0.727900,0.621067,0.113,52.2
367,0.621100,,0.727900,0.621100,0.110,52.3
368,0.620300,,0.727900,0.621100,0.111,52.4
369,0.624083,,0.727900,0.624083,0.111,52.5
370,0.624250,,0.727900,0.624250,0.111,52.6
371,0.627717,,0.727900,0.627717,0.110,52.7
372,0.627933,,0.727900,0.627933,0.113,52.8
373,0.630683,,0.727900,0.630683,0.110,52.9
374,0.633300,,0.727900,0.633300,0.112,53.0
375,0.631583,,0.727900,0.633300,0.114,53.2
376,0.636883,,0.727900,0.636883,0.112,53.3
377,0.637350,,0.727900,0.637350,0.112,53.4
378,0.638217,,0.727900,0.638217,0.112,53.5
379,0.636450,,0.727900,0.638217,0.111,53.6
380,0.639867,,0.727900,0.639867,0.112,53.7
381,0.643033,,0.727900,0.643033,0.111,53.8
382,0.643567,,0.727900,0.643567,0.111,53.9
383,0.642750,,0.727900,0.643567,0.111,54.0
384,0.643867,,0.727900,0.643867,0.112,54.2
385,0.647067,,0.727900,0.647067,0.111,54.3
386,0.646733,,0.727900,0.647067,0.113,54.4
387,0.647283,,0.727900,0.647283,0.111,54.5
388,0.646233,,0.727900,0.647283,0.115,54.6
389,0.652917,,0.727900,0.652917,0.127,54.7
390,0.653733,,0.727900,0.653733,0.113,54.8
391,0.653600,,0.727900,0.653733,0.113,55.0
392,0.655983,,0.727900,0.655983,0.130,55.1
393,0.659033,,0.727900,0.659033,0.115,55.2
394,0.653467,,0.727900,0.659033,0.129,55.3
395,0.656917,,0.727900,0.659033,0.113,55.4
396,0.656700,,0.727900,0.659033,0.116,55.6
397,0.661100,,0.727900,0.661100,0.130,55.7
398,0.660133,,0.727900,0.661100,0.117,55.8
399,0.662667,,0.727900,0.662667,0.130,55.9
400,0.664667,0.7962999939918518,0.796300,0.664667,0.139,56.1
401,0.666267,,0.796300,0.666267,0.106,56.2
402,0.666617,,0.796300,0.666617,0.112,56.3
403,0.667717,,0.796300,0.667717,0.116,56.4
404,0.669250,,0.796300,0.669250,0.128,56.5
405,0.669583,,0.796300,0.669583,0.111,56.7
406,0.671267,,0.796300,0.671267,0.111,56.8
407,0.672900,,0.796300,0.672900,0.112,56.9
408,0.673300,,0.796300,0.673300,0.113,57.0
409,0.671717,,0.796300,0.673300,0.110,57.1
410,0.674600,,0.796300,0.674600,0.111,57.2
411,0.675817,,0.796300,0.675817,0.109,57.3
412,0.675150,,0.796300,0.675817,0.113,57.4
413,0.678233,,0.796300,0.678233,0.111,57.5
414,0.678367,,0.796300,0.678367,0.123,57.7
415,0.679517,,0.796300,0.679517,0.113,57.8
416,0.678633,,0.796300,0.679517,0.113,57.9
417,0.678033,,0.796300,0.679517,0.111,58.0
418,0.683783,,0.796300,0.683783,0.110,58.1
419,0.684567,,0.796300,0.684567,0.110,58.2
420,0.683550,,0.796300,0.684567,0.113,58.3
421,0.687650,,0.796300,0.687650,0.130,58.5
422,0.685533,,0.796300,0.687650,0.116,58.6
423,0.688233,,0.796300,0.688233,0.130,58.7
424,0.688150,,0.796300,0.688233,0.112,58.8
425,0.689600,,0.796300,0.689600,0.115,58.9
426,0.690850,,0.796300,0.690850,0.129,59.1
427,0.691733,,0.796300,0.691733,0.115,59.2
428,0.694400,,0.796300,0.694400,0.129,59.3
429,0.693033,,0.796300,0.694400,0.115,59.4
430,0.695500,,0.796300,0.695500,0.133,59.6
431,0.695183,,0.796300,0.695500,0.131,59.7
432,0.697733,,0.796300,0.697733,0.112,59.8
433,0.697783,,0.796300,0.697783,0.111,59.9
434,0.698967,,0.796300,0.698967,0.117,60.0
435,0.700450,,0.796300,0.700450,0.128,60.2
436,0.702717,,0.796300,0.702717,0.113,60.3
437,0.699033,,0.796300,0.702717,0.112,60.4
438,0.704217,,0.796300,0.704217,0.111,60.5
439,0.701300,,0.796300,0.704217,0.112,60.6
440,0.702633,,0.796300,0.704217,0.112,60.7
441,0.706517,,0.796300,0.706517,0.113,60.8
442,0.705100,,0.796300,0.706517,0.110,60.9
443,0.706117,,0.796300,0.706517,0.112,61.1
444,0.708483,,0.796300,0.708483,0.110,61.2
445,0.706567,,0.796300,0.708483,0.112,61.3
446,0.711050,,0.796300,0.711050,0.110,61.4
447,0.709983,,0.796300,0.711050,0.110,61.5
448,0.707867,,0.796300,0.711050,0.115,61.6
449,0.713033,,0.796300,0.713033,0.111,61.7
450,0.712300,0.8283999562263489,0.828400,0.713033,0.138,61.9
451,0.714333,,0.828400,0.714333,0.106,62.0
452,0.715850,,0.828400,0.715850,0.111,62.1
453,0.717450,,0.828400,0.717450,0.111,62.2
454,0.716200,,0.828400,0.717450,0.110,62.3
455,0.718783,,0.828400,0.718783,0.112,62.4
456,0.716883,,0.828400,0.718783,0.112,62.5
457,0.717283,,0.828400,0.718783,0.114,62.6
458,0.718167,,0.828400,0.718783,0.116,62.7
459,0.719683,,0.828400,0.719683,0.133,62.9
460,0.721267,,0.828400,0.721267,0.129,63.0
461,0.721683,,0.828400,0.721683,0.116,63.1
462,0.721533,,0.828400,0.721683,0.128,63.3
463,0.724883,,0.828400,0.724883,0.113,63.4
464,0.724650,,0.828400,0.724883,0.112,63.5
465,0.723700,,0.828400,0.724883,0.125,63.6
466,0.725350,,0.828400,0.725350,0.113,63.7
467,0.724483,,0.828400,0.725350,0.112,63.8
468,0.728283,,0.828400,0.728283,0.112,63.9
469,0.730533,,0.828400,0.730533,0.109,64.1
470,0.729217,,0.828400,0.730533,0.113,64.2
471,0.729650,,0.828400,0.730533,0.114,64.3
472,0.729050,,0.828400,0.730533,0.131,64.4
473,0.729267,,0.828400,0.730533,0.110,64.5
474,0.728467,,0.828400,0.730533,0.113,64.6
475,0.728783,,0.828400,0.730533,0.111,64.7
476,0.730050,,0.828400,0.730533,0.113,64.9
477,0.731067,,0.828400,0.731067,0.113,65.0
478,0.732483,,0.828400,0.732483,0.110,65.1
479,0.731600,,0.828400,0.732483,0.111,65.2
480,0.732100,,0.828400,0.732483,0.111,65.3
481,0.733750,,0.828400,0.733750,0.110,65.4
482,0.735250,,0.828400,0.735250,0.110,65.5
483,0.733533,,0.828400,0.735250,0.111,65.6
484,0.734600,,0.828400,0.735250,0.110,65.7
485,0.736667,,0.828400,0.736667,0.112,65.9
486,0.736700,,0.828400,0.736700,0.110,66.0
487,0.735650,,0.828400,0.736700,0.113,66.1
488,0.737517,,0.828400,0.737517,0.109,66.2
489,0.738983,,0.828400,0.738983,0.112,66.3
490,0.739450,,0.828400,0.739450,0.109,66.4
491,0.741117,,0.828400,0.741117,0.116,66.5
492,0.739800,,0.828400,0.741117,0.130,66.7
493,0.741267,,0.828400,0.741267,0.113,66.8
494,0.740433,,0.828400,0.741267,0.113,66.9
495,0.742533,,0.828400,0.742533,0.112,67.0
496,0.742850,,0.828400,0.742850,0.112,67.1
497,0.739333,,0.828400,0.742850,0.112,67.2
498,0.740950,,0.828400,0.742850,0.111,67.3
499,0.742300,,0.828400,0.742850,0.111,67.4
500,0.741400,0.8503999710083008,0.850400,0.742850,0.138,67.6
501,0.742667,,0.850400,0.742850,0.106,67.7
502,0.743383,,0.850400,0.743383,0.112,67.8
503,0.743983,,0.850400,0.743983,0.111,67.9
504,0.742617,,0.850400,0.743983,0.114,68.0
505,0.743083,,0.850400,0.743983,0.115,68.1
506,0.746567,,0.850400,0.746567,0.136,68.3
507,0.745133,,0.850400,0.746567,0.125,68.4
508,0.746450,,0.850400,0.746567,0.120,68.5
509,0.745750,,0.850400,0.746567,0.131,68.6
510,0.747783,,0.850400,0.747783,0.114,68.8
511,0.747817,,0.850400,0.747817,0.113,68.9
512,0.748583,,0.850400,0.748583,0.114,69.0
513,0.748050,,0.850400,0.748583,0.118,69.1
514,0.748033,,0.850400,0.748583,0.131,69.2
515,0.749717,,0.850400,0.749717,0.115,69.4
516,0.749433,,0.850400,0.749717,0.115,69.5
517,0.747317,,0.850400,0.749717,0.118,69.6
518,0.748983,,0.850400,0.749717,0.119,69.7
519,0.751617,,0.850400,0.751617,0.132,69.8
520,0.750350,,0.850400,0.751617,0.119,70.0
521,0.747633,,0.850400,0.751617,0.132,70.1
522,0.751400,,0.850400,0.751617,0.116,70.2
523,0.749583,,0.850400,0.751617,0.122,70.3
524,0.748467,,0.850400,0.751617,0.110,70.4
525,0.754367,,0.850400,0.754367,0.117,70.6
526,0.753617,,0.850400,0.754367,0.129,70.7
527,0.751583,,0.850400,0.754367,0.119,70.8
528,0.752183,,0.850400,0.754367,0.113,70.9
529,0.753533,,0.850400,0.754367,0.115,71.0
530,0.752183,,0.850400,0.754367,0.113,71.1
531,0.754733,,0.850400,0.754733,0.116,71.3
532,0.752783,,0.850400,0.754733,0.117,71.4
533,0.754150,,0.850400,0.754733,0.112,71.5
534,0.753700,,0.850400,0.754733,0.114,71.6
535,0.753367,,0.850400,0.754733,0.115,71.7
536,0.757583,,0.850400,0.757583,0.117,71.8
537,0.755217,,0.850400,0.757583,0.131,72.0
538,0.756033,,0.850400,0.757583,0.120,72.1
539,0.757683,,0.850400,0.757683,0.113,72.2
540,0.759817,,0.850400,0.759817,0.115,72.3
541,0.758250,,0.850400,0.759817,0.118,72.4
542,0.757183,,0.850400,0.759817,0.121,72.6
543,0.759683,,0.850400,0.759817,0.128,72.7
544,0.757867,,0.850400,0.759817,0.139,72.8
545,0.758550,,0.850400,0.759817,0.132,72.9
546,0.759650,,0.850400,0.759817,0.116,73.1
547,0.758350,,0.850400,0.759817,0.112,73.2
548,0.760350,,0.850400,0.760350,0.116,73.3
549,0.761700,,0.850400,0.761700,0.131,73.4
550,0.757600,0.857200026512146,0.857200,0.761700,0.141,73.6
551,0.760883,,0.857200,0.761700,0.105,73.7
552,0.762050,,0.857200,0.762050,0.111,73.8
553,0.762350,,0.857200,0.762350,0.113,73.9
554,0.764383,,0.857200,0.764383,0.112,74.0
555,0.762517,,0.857200,0.764383,0.115,74.1
556,0.763967,,0.857200,0.764383,0.130,74.2
557,0.765717,,0.857200,0.765717,0.116,74.4
558,0.765150,,0.857200,0.765717,0.132,74.5
559,0.761917,,0.857200,0.765717,0.112,74.6
560,0.766017,,0.857200,0.766017,0.113,74.7
561,0.766750,,0.857200,0.766750,0.113,74.8
562,0.764700,,0.857200,0.766750,0.111,74.9
563,0.766850,,0.857200,0.766850,0.114,75.1
564,0.765517,,0.857200,0.766850,0.129,75.2
565,0.766200,,0.857200,0.766850,0.113,75.3
566,0.768783,,0.857200,0.768783,0.111,75.4
567,0.767233,,0.857200,0.768783,0.115,75.5
568,0.770233,,0.857200,0.770233,0.131,75.7
569,0.769133,,0.857200,0.770233,0.112,75.8
570,0.766450,,0.857200,0.770233,0.111,75.9
571,0.769833,,0.857200,0.770233,0.110,76.0
572,0.770817,,0.857200,0.770817,0.111,76.1
573,0.769167,,0.857200,0.770817,0.113,76.2
574,0.769500,,0.857200,0.770817,0.112,76.3
575,0.769967,,0.857200,0.770817,0.111,76.4
576,0.770500,,0.857200,0.770817,0.116,76.6
577,0.771283,,0.857200,0.771283,0.110,76.7
578,0.770550,,0.857200,0.771283,0.112,76.8
579,0.772300,,0.857200,0.772300,0.112,76.9
580,0.774033,,0.857200,0.774033,0.114,77.0
581,0.773500,,0.857200,0.774033,0.130,77.1
582,0.771933,,0.857200,0.774033,0.112,77.2
583,0.774283,,0.857200,0.774283,0.112,77.4
584,0.772367,,0.857200,0.774283,0.111,77.5
585,0.775700,,0.857200,0.775700,0.114,77.6
586,0.775183,,0.857200,0.775700,0.114,77.7
587,0.772950,,0.857200,0.775700,0.112,77.8
588,0.774917,,0.857200,0.775700,0.111,77.9
589,0.773317,,0.857200,0.775700,0.111,78.0
590,0.773483,,0.857200,0.775700,0.112,78.1
591,0.775333,,0.857200,0.775700,0.114,78.3
592,0.772717,,0.857200,0.775700,0.132,78.4
593,0.774733,,0.857200,0.775700,0.130,78.5
594,0.775333,,0.857200,0.775700,0.114,78.6
595,0.777167,,0.857200,0.777167,0.117,78.7
596,0.775533,,0.857200,0.777167,0.130,78.9
597,0.776500,,0.857200,0.777167,0.112,79.0
598,0.776150,,0.857200,0.777167,0.111,79.1
599,0.777317,,0.857200,0.777317,0.111,79.2
600,0.776317,0.8620999455451965,0.862100,0.777317,0.138,79.4
601,0.777150,,0.862100,0.777317,0.105,79.5
602,0.777050,,0.862100,0.777317,0.115,79.6
603,0.775200,,0.862100,0.777317,0.111,79.7
604,0.777317,,0.862100,0.777317,0.116,79.8
605,0.778400,,0.862100,0.778400,0.129,79.9
606,0.779717,,0.862100,0.779717,0.112,80.0
607,0.778583,,0.862100,0.779717,0.111,80.2
608,0.781117,,0.862100,0.781117,0.112,80.3
609,0.777700,,0.862100,0.781117,0.114,80.4
610,0.780483,,0.862100,0.781117,0.126,80.5
611,0.779900,,0.862100,0.781117,0.112,80.6
612,0.779783,,0.862100,0.781117,0.113,80.7
613,0.778033,,0.862100,0.781117,0.115,80.8
614,0.779250,,0.862100,0.781117,0.113,81.0
615,0.778100,,0.862100,0.781117,0.111,81.1
616,0.779567,,0.862100,0.781117,0.111,81.2
617,0.779950,,0.862100,0.781117,0.111,81.3
618,0.781567,,0.862100,0.781567,0.112,81.4
619,0.781617,,0.862100,0.781617,0.112,81.5
620,0.783600,,0.862100,0.783600,0.111,81.6
621,0.780050,,0.862100,0.783600,0.111,81.7
622,0.782467,,0.862100,0.783600,0.112,81.9
623,0.783600,,0.862100,0.783600,0.113,82.0
624,0.784100,,0.862100,0.784100,0.113,82.1
625,0.781350,,0.862100,0.784100,0.112,82.2
626,0.784000,,0.862100,0.784100,0.110,82.3
627,0.783900,,0.862100,0.784100,0.112,82.4
628,0.785100,,0.862100,0.785100,0.112,82.5
629,0.782817,,0.862100,0.785100,0.112,82.6
630,0.783633,,0.862100,0.785100,0.111,82.7
631,0.784133,,0.862100,0.785100,0.112,82.9
632,0.786583,,0.862100,0.786583,0.113,83.0
633,0.786200,,0.862100,0.786583,0.112,83.1
634,0.785533,,0.862100,0.786583,0.110,83.2
635,0.785600,,0.862100,0.786583,0.117,83.3
636,0.787117,,0.862100,0.787117,0.130,83.4
637,0.787667,,0.862100,0.787667,0.110,83.6
638,0.788367,,0.862100,0.788367,0.115,83.7
639,0.787100,,0.862100,0.788367,0.112,83.8
640,0.786967,,0.862100,0.788367,0.111,83.9
641,0.789033,,0.862100,0.789033,0.113,84.0
642,0.788517,,0.862100,0.789033,0.113,84.1
643,0.789517,,0.862100,0.789517,0.110,84.2
644,0.789950,,0.862100,0.789950,0.110,84.3
645,0.789083,,0.862100,0.789950,0.112,84.4
646,0.790500,,0.862100,0.790500,0.111,84.6
647,0.789883,,0.862100,0.790500,0.111,84.7
648,0.790683,,0.862100,0.790683,0.110,84.8
649,0.790133,,0.862100,0.790683,0.116,84.9
650,0.789867,0.8726999163627625,0.872700,0.790683,0.156,85.1
651,0.790733,,0.872700,0.790733,0.109,85.2
652,0.792233,,0.872700,0.792233,0.130,85.3
653,0.791017,,0.872700,0.792233,0.112,85.4
654,0.790667,,0.872700,0.792233,0.123,85.5
655,0.791083,,0.872700,0.792233,0.110,85.6
656,0.792217,,0.872700,0.792233,0.111,85.7
657,0.795383,,0.872700,0.795383,0.117,85.9
658,0.791183,,0.872700,0.795383,0.129,86.0
659,0.793333,,0.872700,0.795383,0.113,86.1
660,0.793200,,0.872700,0.795383,0.114,86.2
661,0.789967,,0.872700,0.795383,0.111,86.3
662,0.793833,,0.872700,0.795383,0.111,86.4
663,0.794050,,0.872700,0.795383,0.111,86.6
664,0.794350,,0.872700,0.795383,0.112,86.7
665,0.794833,,0.872700,0.795383,0.112,86.8
666,0.794483,,0.872700,0.795383,0.112,86.9
667,0.794800,,0.872700,0.795383,0.110,87.0
668,0.792883,,0.872700,0.795383,0.111,87.1
669,0.794750,,0.872700,0.795383,0.111,87.2
670,0.795200,,0.872700,0.795383,0.111,87.3
671,0.794200,,0.872700,0.795383,0.110,87.4
672,0.795933,,0.872700,0.795933,0.114,87.6
673,0.794517,,0.872700,0.795933,0.130,87.7
674,0.794817,,0.872700,0.795933,0.111,87.8
675,0.793967,,0.872700,0.795933,0.113,87.9
676,0.795033,,0.872700,0.795933,0.112,88.0
677,0.796033,,0.872700,0.796033,0.113,88.1
678,0.794900,,0.872700,0.796033,0.112,88.2
679,0.797350,,0.872700,0.797350,0.112,88.4
680,0.796633,,0.872700,0.797350,0.112,88.5
681,0.796983,,0.872700,0.797350,0.124,88.6
682,0.796683,,0.872700,0.797350,0.112,88.7
683,0.796567,,0.872700,0.797350,0.114,88.8
684,0.798000,,0.872700,0.798000,0.112,88.9
685,0.799117,,0.872700,0.799117,0.122,89.1
686,0.796467,,0.872700,0.799117,0.112,89.2
687,0.799067,,0.872700,0.799117,0.112,89.3
688,0.797600,,0.872700,0.799117,0.112,89.4
689,0.798767,,0.872700,0.799117,0.123,89.5
690,0.799483,,0.872700,0.799483,0.113,89.6
691,0.796817,,0.872700,0.799483,0.114,89.7
692,0.798850,,0.872700,0.799483,0.112,89.9
693,0.799333,,0.872700,0.799483,0.112,90.0
694,0.799783,,0.872700,0.799783,0.112,90.1
695,0.798350,,0.872700,0.799783,0.112,90.2
696,0.798350,,0.872700,0.799783,0.111,90.3
697,0.798017,,0.872700,0.799783,0.112,90.4
698,0.799550,,0.872700,0.799783,0.114,90.5
699,0.799833,,0.872700,0.799833,0.130,90.7
700,0.799233,0.8766999244689941,0.876700,0.799833,0.140,90.8
701,0.798833,,0.876700,0.799833,0.126,90.9
702,0.800633,,0.876700,0.800633,0.110,91.0
703,0.800633,,0.876700,0.800633,0.112,91.1
704,0.799300,,0.876700,0.800633,0.111,91.3
705,0.801833,,0.876700,0.801833,0.111,91.4
706,0.800850,,0.876700,0.801833,0.112,91.5
707,0.800967,,0.876700,0.801833,0.111,91.6
708,0.800433,,0.876700,0.801833,0.111,91.7
709,0.803033,,0.876700,0.803033,0.112,91.8
710,0.801167,,0.876700,0.803033,0.111,91.9
711,0.801683,,0.876700,0.803033,0.111,92.0
712,0.800800,,0.876700,0.803033,0.108,92.1
713,0.800317,,0.876700,0.803033,0.112,92.3
714,0.802533,,0.876700,0.803033,0.112,92.4
715,0.803317,,0.876700,0.803317,0.116,92.5
716,0.800550,,0.876700,0.803317,0.121,92.6
717,0.801333,,0.876700,0.803317,0.111,92.7
718,0.805600,,0.876700,0.805600,0.110,92.8
719,0.801483,,0.876700,0.805600,0.111,92.9
720,0.800433,,0.876700,0.805600,0.110,93.0
721,0.800883,,0.876700,0.805600,0.110,93.2
722,0.804200,,0.876700,0.805600,0.115,93.3
723,0.804900,,0.876700,0.805600,0.127,93.4
724,0.801550,,0.876700,0.805600,0.113,93.5
725,0.803617,,0.876700,0.805600,0.114,93.6
726,0.804550,,0.876700,0.805600,0.115,93.7
727,0.805700,,0.876700,0.805700,0.129,93.9
728,0.804217,,0.876700,0.805700,0.112,94.0
729,0.807017,,0.876700,0.807017,0.110,94.1
730,0.804767,,0.876700,0.807017,0.111,94.2
731,0.804100,,0.876700,0.807017,0.116,94.3
732,0.802300,,0.876700,0.807017,0.128,94.4
733,0.805517,,0.876700,0.807017,0.111,94.6
734,0.804667,,0.876700,0.807017,0.114,94.7
735,0.806783,,0.876700,0.807017,0.113,94.8
736,0.806900,,0.876700,0.807017,0.110,94.9
737,0.805400,,0.876700,0.807017,0.111,95.0
738,0.804117,,0.876700,0.807017,0.115,95.1
739,0.805933,,0.876700,0.807017,0.130,95.2
740,0.804350,,0.876700,0.807017,0.110,95.4
741,0.807300,,0.876700,0.807300,0.112,95.5
742,0.805200,,0.876700,0.807300,0.115,95.6
743,0.807283,,0.876700,0.807300,0.129,95.7
744,0.807317,,0.876700,0.807317,0.110,95.8
745,0.806800,,0.876700,0.807317,0.116,95.9
746,0.806617,,0.876700,0.807317,0.128,96.1
747,0.808417,,0.876700,0.808417,0.114,96.2
748,0.807867,,0.876700,0.808417,0.129,96.3
749,0.808033,,0.876700,0.808417,0.110,96.4
750,0.806800,0.8783999681472778,0.878400,0.808417,0.141,96.6
751,0.805650,,0.878400,0.808417,0.126,96.7
752,0.808150,,0.878400,0.808417,0.114,96.8
753,0.809417,,0.878400,0.809417,0.117,96.9
754,0.807067,,0.878400,0.809417,0.110,97.0
755,0.809333,,0.878400,0.809417,0.112,97.1
756,0.807550,,0.878400,0.809417,0.111,97.3
757,0.808000,,0.878400,0.809417,0.111,97.4
758,0.808333,,0.878400,0.809417,0.113,97.5
759,0.808850,,0.878400,0.809417,0.117,97.6
760,0.808250,,0.878400,0.809417,0.129,97.7
761,0.809217,,0.878400,0.809417,0.112,97.8
762,0.807917,,0.878400,0.809417,0.111,97.9
763,0.811517,,0.878400,0.811517,0.110,98.1
764,0.808367,,0.878400,0.811517,0.111,98.2
765,0.809767,,0.878400,0.811517,0.111,98.3
766,0.808417,,0.878400,0.811517,0.110,98.4
767,0.811883,,0.878400,0.811883,0.113,98.5
768,0.808683,,0.878400,0.811883,0.111,98.6
769,0.808967,,0.878400,0.811883,0.112,98.7
770,0.811733,,0.878400,0.811883,0.111,98.8
771,0.810233,,0.878400,0.811883,0.112,98.9
772,0.811050,,0.878400,0.811883,0.112,99.1
773,0.811133,,0.878400,0.811883,0.111,99.2
774,0.808750,,0.878400,0.811883,0.111,99.3
775,0.810383,,0.878400,0.811883,0.111,99.4
776,0.810467,,0.878400,0.811883,0.112,99.5
777,0.810817,,0.878400,0.811883,0.110,99.6
778,0.810783,,0.878400,0.811883,0.113,99.7
779,0.811483,,0.878400,0.811883,0.112,99.8
780,0.811083,,0.878400,0.811883,0.111,100.0
781,0.811667,,0.878400,0.811883,0.112,100.1
782,0.809683,,0.878400,0.811883,0.111,100.2
783,0.811733,,0.878400,0.811883,0.112,100.3
784,0.811333,,0.878400,0.811883,0.111,100.4
785,0.812917,,0.878400,0.812917,0.112,100.5
786,0.810800,,0.878400,0.812917,0.117,100.6
787,0.813000,,0.878400,0.813000,0.128,100.8
788,0.813650,,0.878400,0.813650,0.111,100.9
789,0.812867,,0.878400,0.813650,0.112,101.0
790,0.814967,,0.878400,0.814967,0.111,101.1
791,0.812733,,0.878400,0.814967,0.110,101.2
792,0.812667,,0.878400,0.814967,0.110,101.3
793,0.815317,,0.878400,0.815317,0.112,101.4
794,0.812550,,0.878400,0.815317,0.110,101.5
795,0.811417,,0.878400,0.815317,0.114,101.6
796,0.812083,,0.878400,0.815317,0.128,101.8
797,0.814350,,0.878400,0.815317,0.111,101.9
798,0.813667,,0.878400,0.815317,0.110,102.0
799,0.812300,,0.878400,0.815317,0.112,102.1
800,0.813683,0.881399929523468,0.881400,0.815317,0.138,102.2
801,0.815850,,0.881400,0.815850,0.105,102.3
802,0.811983,,0.881400,0.815850,0.111,102.5
803,0.813933,,0.881400,0.815850,0.114,102.6
804,0.814283,,0.881400,0.815850,0.111,102.7
805,0.814833,,0.881400,0.815850,0.111,102.8
806,0.813767,,0.881400,0.815850,0.113,102.9
807,0.815550,,0.881400,0.815850,0.112,103.0
808,0.816250,,0.881400,0.816250,0.110,103.1
809,0.814633,,0.881400,0.816250,0.112,103.2
810,0.816117,,0.881400,0.816250,0.111,103.4
811,0.817833,,0.881400,0.817833,0.116,103.5
812,0.814233,,0.881400,0.817833,0.130,103.6
813,0.816417,,0.881400,0.817833,0.112,103.7
814,0.816783,,0.881400,0.817833,0.112,103.8
815,0.816017,,0.881400,0.817833,0.111,103.9
816,0.814783,,0.881400,0.817833,0.110,104.0
817,0.815367,,0.881400,0.817833,0.111,104.2
818,0.816550,,0.881400,0.817833,0.111,104.3
819,0.817317,,0.881400,0.817833,0.112,104.4
820,0.816950,,0.881400,0.817833,0.110,104.5
821,0.817533,,0.881400,0.817833,0.109,104.6
822,0.817250,,0.881400,0.817833,0.113,104.7
823,0.815200,,0.881400,0.817833,0.110,104.8
824,0.817200,,0.881400,0.817833,0.112,104.9
825,0.817050,,0.881400,0.817833,0.110,105.0
826,0.817383,,0.881400,0.817833,0.111,105.2
827,0.818117,,0.881400,0.818117,0.111,105.3
828,0.820017,,0.881400,0.820017,0.114,105.4
829,0.821333,,0.881400,0.821333,0.113,105.5
830,0.822067,,0.881400,0.822067,0.131,105.6
831,0.818367,,0.881400,0.822067,0.113,105.7
832,0.820083,,0.881400,0.822067,0.111,105.8
833,0.818817,,0.881400,0.822067,0.113,106.0
834,0.819433,,0.881400,0.822067,0.110,106.1
835,0.819800,,0.881400,0.822067,0.112,106.2
836,0.819983,,0.881400,0.822067,0.111,106.3
837,0.819983,,0.881400,0.822067,0.113,106.4
838,0.821800,,0.881400,0.822067,0.111,106.5
839,0.820667,,0.881400,0.822067,0.111,106.6
840,0.819167,,0.881400,0.822067,0.117,106.7
841,0.819900,,0.881400,0.822067,0.129,106.9
842,0.821317,,0.881400,0.822067,0.112,107.0
843,0.821700,,0.881400,0.822067,0.112,107.1
844,0.820150,,0.881400,0.822067,0.113,107.2
845,0.818133,,0.881400,0.822067,0.113,107.3
846,0.818783,,0.881400,0.822067,0.129,107.4
847,0.821533,,0.881400,0.822067,0.111,107.6
848,0.820367,,0.881400,0.822067,0.112,107.7
849,0.820767,,0.881400,0.822067,0.113,107.8
850,0.820167,0.8834999799728394,0.883500,0.822067,0.138,107.9
851,0.820283,,0.883500,0.822067,0.104,108.0
852,0.820100,,0.883500,0.822067,0.110,108.1
853,0.823067,,0.883500,0.823067,0.112,108.2
854,0.821883,,0.883500,0.823067,0.110,108.4
855,0.822817,,0.883500,0.823067,0.112,108.5
856,0.819133,,0.883500,0.823067,0.114,108.6
857,0.821733,,0.883500,0.823067,0.111,108.7
858,0.822983,,0.883500,0.823067,0.114,108.8
859,0.821467,,0.883500,0.823067,0.129,108.9
860,0.823717,,0.883500,0.823717,0.110,109.0
861,0.819883,,0.883500,0.823717,0.110,109.2
862,0.821550,,0.883500,0.823717,0.111,109.3
863,0.821867,,0.883500,0.823717,0.116,109.4
864,0.822833,,0.883500,0.823717,0.125,109.5
865,0.821117,,0.883500,0.823717,0.113,109.6
866,0.821217,,0.883500,0.823717,0.112,109.7
867,0.823017,,0.883500,0.823717,0.112,109.8
868,0.821800,,0.883500,0.823717,0.112,110.0
869,0.822400,,0.883500,0.823717,0.114,110.1
870,0.822517,,0.883500,0.823717,0.128,110.2
871,0.823517,,0.883500,0.823717,0.111,110.3
872,0.824800,,0.883500,0.824800,0.114,110.4
873,0.824250,,0.883500,0.824800,0.111,110.5
874,0.824650,,0.883500,0.824800,0.113,110.6
875,0.822867,,0.883500,0.824800,0.111,110.8
876,0.823917,,0.883500,0.824800,0.110,110.9
877,0.825200,,0.883500,0.825200,0.111,111.0
878,0.824100,,0.883500,0.825200,0.112,111.1
879,0.827933,,0.883500,0.827933,0.111,111.2
880,0.823317,,0.883500,0.827933,0.111,111.3
881,0.823583,,0.883500,0.827933,0.110,111.4
882,0.824983,,0.883500,0.827933,0.110,111.5
883,0.823350,,0.883500,0.827933,0.112,111.6
884,0.824883,,0.883500,0.827933,0.113,111.8
885,0.823817,,0.883500,0.827933,0.112,111.9
886,0.824533,,0.883500,0.827933,0.112,112.0
887,0.827000,,0.883500,0.827933,0.114,112.1
888,0.824733,,0.883500,0.827933,0.130,112.2
889,0.824000,,0.883500,0.827933,0.111,112.3
890,0.824550,,0.883500,0.827933,0.111,112.4
891,0.826600,,0.883500,0.827933,0.112,112.6
892,0.825433,,0.883500,0.827933,0.111,112.7
893,0.826883,,0.883500,0.827933,0.113,112.8
894,0.826083,,0.883500,0.827933,0.120,112.9
895,0.826033,,0.883500,0.827933,0.111,113.0
896,0.825850,,0.883500,0.827933,0.113,113.1
897,0.825583,,0.883500,0.827933,0.113,113.2
898,0.827233,,0.883500,0.827933,0.112,113.4
899,0.826100,,0.883500,0.827933,0.111,113.5
900,0.825583,0.8892999887466431,0.889300,0.827933,0.144,113.6
901,0.828100,,0.889300,0.828100,0.126,113.7
902,0.828817,,0.889300,0.828817,0.114,113.8
903,0.827950,,0.889300,0.828817,0.111,114.0
904,0.827367,,0.889300,0.828817,0.111,114.1
905,0.828283,,0.889300,0.828817,0.111,114.2
906,0.826533,,0.889300,0.828817,0.112,114.3
907,0.830000,,0.889300,0.830000,0.111,114.4
908,0.824617,,0.889300,0.830000,0.111,114.5
909,0.825783,,0.889300,0.830000,0.111,114.6
910,0.825467,,0.889300,0.830000,0.115,114.7
911,0.827350,,0.889300,0.830000,0.111,114.9
912,0.828683,,0.889300,0.830000,0.109,115.0
913,0.825967,,0.889300,0.830000,0.110,115.1
914,0.826350,,0.889300,0.830000,0.109,115.2
915,0.827367,,0.889300,0.830000,0.111,115.3
916,0.828183,,0.889300,0.830000,0.111,115.4
917,0.827567,,0.889300,0.830000,0.111,115.5
918,0.828500,,0.889300,0.830000,0.110,115.6
919,0.826250,,0.889300,0.830000,0.111,115.7
920,0.828200,,0.889300,0.830000,0.112,115.8
921,0.825833,,0.889300,0.830000,0.110,116.0
922,0.828883,,0.889300,0.830000,0.111,116.1
923,0.827833,,0.889300,0.830000,0.110,116.2
924,0.827367,,0.889300,0.830000,0.112,116.3
925,0.827717,,0.889300,0.830000,0.110,116.4
926,0.830650,,0.889300,0.830650,0.111,116.5
927,0.828317,,0.889300,0.830650,0.113,116.6
928,0.828017,,0.889300,0.830650,0.111,116.7
929,0.826550,,0.889300,0.830650,0.111,116.8
930,0.828900,,0.889300,0.830650,0.111,117.0
931,0.827133,,0.889300,0.830650,0.110,117.1
932,0.831650,,0.889300,0.831650,0.110,117.2
933,0.828417,,0.889300,0.831650,0.110,117.3
934,0.828817,,0.889300,0.831650,0.112,117.4
935,0.828217,,0.889300,0.831650,0.125,117.5
936,0.828900,,0.889300,0.831650,0.115,117.6
937,0.830250,,0.889300,0.831650,0.129,117.8
938,0.829050,,0.889300,0.831650,0.112,117.9
939,0.827533,,0.889300,0.831650,0.112,118.0
940,0.829083,,0.889300,0.831650,0.122,118.1
941,0.829217,,0.889300,0.831650,0.111,118.2
942,0.829800,,0.889300,0.831650,0.110,118.3
943,0.829833,,0.889300,0.831650,0.112,118.4
944,0.830917,,0.889300,0.831650,0.112,118.6
945,0.831483,,0.889300,0.831650,0.110,118.7
946,0.829667,,0.889300,0.831650,0.110,118.8
947,0.831483,,0.889300,0.831650,0.109,118.9
948,0.828883,,0.889300,0.831650,0.112,119.0
949,0.830550,,0.889300,0.831650,0.111,119.1
950,0.830533,0.8876999020576477,0.889300,0.831650,0.138,119.2
951,0.830217,,0.889300,0.831650,0.103,119.4
952,0.832533,,0.889300,0.832533,0.111,119.5
953,0.828817,,0.889300,0.832533,0.109,119.6
954,0.832133,,0.889300,0.832533,0.112,119.7
955,0.830817,,0.889300,0.832533,0.112,119.8
956,0.831800,,0.889300,0.832533,0.114,119.9
957,0.829650,,0.889300,0.832533,0.129,120.0
958,0.831033,,0.889300,0.832533,0.111,120.1
959,0.831683,,0.889300,0.832533,0.111,120.3
960,0.832000,,0.889300,0.832533,0.110,120.4
961,0.830367,,0.889300,0.832533,0.111,120.5
962,0.831133,,0.889300,0.832533,0.111,120.6
963,0.832133,,0.889300,0.832533,0.109,120.7
964,0.832567,,0.889300,0.832567,0.110,120.8
965,0.831133,,0.889300,0.832567,0.112,120.9
966,0.831300,,0.889300,0.832567,0.112,121.0
967,0.830300,,0.889300,0.832567,0.109,121.1
968,0.831233,,0.889300,0.832567,0.111,121.3
969,0.831500,,0.889300,0.832567,0.108,121.4
970,0.831700,,0.889300,0.832567,0.111,121.5
971,0.832167,,0.889300,0.832567,0.109,121.6
972,0.833033,,0.889300,0.833033,0.111,121.7
973,0.832267,,0.889300,0.833033,0.108,121.8
974,0.831683,,0.889300,0.833033,0.111,121.9
975,0.830300,,0.889300,0.833033,0.109,122.0
976,0.834650,,0.889300,0.834650,0.111,122.1
977,0.834650,,0.889300,0.834650,0.110,122.2
978,0.833867,,0.889300,0.834650,0.111,122.4
979,0.833333,,0.889300,0.834650,0.111,122.5
980,0.834850,,0.889300,0.834850,0.112,122.6
981,0.832800,,0.889300,0.834850,0.123,122.7
982,0.835667,,0.889300,0.835667,0.111,122.8
983,0.833817,,0.889300,0.835667,0.114,122.9
984,0.833717,,0.889300,0.835667,0.112,123.0
985,0.834500,,0.889300,0.835667,0.113,123.2
986,0.833783,,0.889300,0.835667,0.112,123.3
987,0.832850,,0.889300,0.835667,0.114,123.4
988,0.834250,,0.889300,0.835667,0.112,123.5
989,0.834250,,0.889300,0.835667,0.111,123.6
990,0.836200,,0.889300,0.836200,0.114,123.7
991,0.835733,,0.889300,0.836200,0.116,123.8
992,0.835550,,0.889300,0.836200,0.130,124.0
993,0.835150,,0.889300,0.836200,0.113,124.1
994,0.836217,,0.889300,0.836217,0.113,124.2
995,0.834933,,0.889300,0.836217,0.115,124.3
996,0.832100,,0.889300,0.836217,0.130,124.4
997,0.835933,,0.889300,0.836217,0.113,124.5
998,0.836717,,0.889300,0.836717,0.113,124.7
999,0.835783,,0.889300,0.836717,0.112,124.8
1000,0.835867,0.8891000747680664,0.889300,0.836717,0.143,124.9
1001,0.838483,,0.889300,0.838483,0.125,125.0
1002,0.836400,,0.889300,0.838483,0.111,125.2
1003,0.835783,,0.889300,0.838483,0.112,125.3
1004,0.838067,,0.889300,0.838483,0.111,125.4
1005,0.836300,,0.889300,0.838483,0.113,125.5
1006,0.837717,,0.889300,0.838483,0.113,125.6
1007,0.835383,,0.889300,0.838483,0.112,125.7
1008,0.837150,,0.889300,0.838483,0.111,125.8
1009,0.835950,,0.889300,0.838483,0.112,125.9
1010,0.834917,,0.889300,0.838483,0.112,126.0
1011,0.835633,,0.889300,0.838483,0.112,126.2
1012,0.835200,,0.889300,0.838483,0.111,126.3
1013,0.836083,,0.889300,0.838483,0.114,126.4
1014,0.834500,,0.889300,0.838483,0.112,126.5
1015,0.835283,,0.889300,0.838483,0.114,126.6
1016,0.836167,,0.889300,0.838483,0.130,126.7
1017,0.837433,,0.889300,0.838483,0.111,126.9
1018,0.835983,,0.889300,0.838483,0.113,127.0
1019,0.835617,,0.889300,0.838483,0.112,127.1
1020,0.835583,,0.889300,0.838483,0.111,127.2
1021,0.836200,,0.889300,0.838483,0.111,127.3
1022,0.836650,,0.889300,0.838483,0.112,127.4
1023,0.835200,,0.889300,0.838483,0.112,127.5
1024,0.837917,,0.889300,0.838483,0.111,127.6
1025,0.836867,,0.889300,0.838483,0.111,127.7
1026,0.836317,,0.889300,0.838483,0.112,127.9
1027,0.836867,,0.889300,0.838483,0.112,128.0
1028,0.836617,,0.889300,0.838483,0.115,128.1
1029,0.836900,,0.889300,0.838483,0.131,128.2
1030,0.838350,,0.889300,0.838483,0.112,128.3
1031,0.839050,,0.889300,0.839050,0.111,128.4
1032,0.835633,,0.889300,0.839050,0.122,128.6
1033,0.837200,,0.889300,0.839050,0.115,128.7
1034,0.838317,,0.889300,0.839050,0.114,128.8
1035,0.837467,,0.889300,0.839050,0.112,128.9
1036,0.837300,,0.889300,0.839050,0.112,129.0
1037,0.837683,,0.889300,0.839050,0.113,129.1
1038,0.836367,,0.889300,0.839050,0.113,129.2
1039,0.839100,,0.889300,0.839100,0.111,129.3
1040,0.838433,,0.889300,0.839100,0.112,129.5
1041,0.837817,,0.889300,0.839100,0.111,129.6
1042,0.837650,,0.889300,0.839100,0.113,129.7
1043,0.838100,,0.889300,0.839100,0.115,129.8
1044,0.839183,,0.889300,0.839183,0.112,129.9
1045,0.837767,,0.889300,0.839183,0.112,130.0
1046,0.838833,,0.889300,0.839183,0.111,130.1
1047,0.838117,,0.889300,0.839183,0.111,130.2
1048,0.839550,,0.889300,0.839550,0.110,130.4
1049,0.838600,,0.889300,0.839550,0.111,130.5
1050,0.838917,0.896399974822998,0.896400,0.839550,0.141,130.6
1051,0.839200,,0.896400,0.839550,0.124,130.7
1052,0.840817,,0.896400,0.840817,0.116,130.8
1053,0.839200,,0.896400,0.840817,0.113,131.0
1054,0.837600,,0.896400,0.840817,0.114,131.1
1055,0.838467,,0.896400,0.840817,0.110,131.2
1056,0.840267,,0.896400,0.840817,0.113,131.3
1057,0.838767,,0.896400,0.840817,0.111,131.4
1058,0.838283,,0.896400,0.840817,0.111,131.5
1059,0.838767,,0.896400,0.840817,0.111,131.6
1060,0.840967,,0.896400,0.840967,0.110,131.7
1061,0.839650,,0.896400,0.840967,0.112,131.9
1062,0.839300,,0.896400,0.840967,0.113,132.0
1063,0.839717,,0.896400,0.840967,0.111,132.1
1064,0.839267,,0.896400,0.840967,0.112,132.2
1065,0.839000,,0.896400,0.840967,0.110,132.3
1066,0.838483,,0.896400,0.840967,0.112,132.4
1067,0.840183,,0.896400,0.840967,0.111,132.5
1068,0.840950,,0.896400,0.840967,0.112,132.6
1069,0.841133,,0.896400,0.841133,0.116,132.8
1070,0.839950,,0.896400,0.841133,0.118,132.9
1071,0.839717,,0.896400,0.841133,0.128,133.0
1072,0.839567,,0.896400,0.841133,0.117,133.1
1073,0.839567,,0.896400,0.841133,0.112,133.2
1074,0.840533,,0.896400,0.841133,0.115,133.3
1075,0.841083,,0.896400,0.841133,0.116,133.5
1076,0.839383,,0.896400,0.841133,0.113,133.6
1077,0.839450,,0.896400,0.841133,0.113,133.7
1078,0.840383,,0.896400,0.841133,0.115,133.8
1079,0.839933,,0.896400,0.841133,0.111,133.9
1080,0.839767,,0.896400,0.841133,0.115,134.0
1081,0.837300,,0.896400,0.841133,0.114,134.1
1082,0.840750,,0.896400,0.841133,0.115,134.3
1083,0.840800,,0.896400,0.841133,0.119,134.4
1084,0.840950,,0.896400,0.841133,0.131,134.5
1085,0.839417,,0.896400,0.841133,0.113,134.6
1086,0.839817,,0.896400,0.841133,0.112,134.7
1087,0.842450,,0.896400,0.842450,0.117,134.8
1088,0.841933,,0.896400,0.842450,0.116,135.0
1089,0.841250,,0.896400,0.842450,0.125,135.1
1090,0.838417,,0.896400,0.842450,0.113,135.2
1091,0.842433,,0.896400,0.842450,0.111,135.3
1092,0.841417,,0.896400,0.842450,0.117,135.4
1093,0.839650,,0.896400,0.842450,0.114,135.5
1094,0.840367,,0.896400,0.842450,0.126,135.7
1095,0.839300,,0.896400,0.842450,0.109,135.8
1096,0.841833,,0.896400,0.842450,0.109,135.9
1097,0.841667,,0.896400,0.842450,0.114,136.0
1098,0.842517,,0.896400,0.842517,0.110,136.1
1099,0.839500,,0.896400,0.842517,0.111,136.2
1100,0.841117,0.8943999409675598,0.896400,0.842517,0.137,136.4
1101,0.841100,,0.896400,0.842517,0.104,136.5
1102,0.841200,,0.896400,0.842517,0.115,136.6
1103,0.841167,,0.896400,0.842517,0.119,136.7
1104,0.841850,,0.896400,0.842517,0.127,136.8
1105,0.841967,,0.896400,0.842517,0.113,136.9
1106,0.840833,,0.896400,0.842517,0.117,137.1
1107,0.841150,,0.896400,0.842517,0.117,137.2
1108,0.839233,,0.896400,0.842517,0.128,137.3
1109,0.841683,,0.896400,0.842517,0.113,137.4
1110,0.841033,,0.896400,0.842517,0.110,137.5
1111,0.840883,,0.896400,0.842517,0.113,137.6
1112,0.839900,,0.896400,0.842517,0.115,137.7
1113,0.841317,,0.896400,0.842517,0.123,137.9
1114,0.842183,,0.896400,0.842517,0.111,138.0
1115,0.843600,,0.896400,0.843600,0.112,138.1
1116,0.841017,,0.896400,0.843600,0.113,138.2
1117,0.842233,,0.896400,0.843600,0.122,138.3
1118,0.842933,,0.896400,0.843600,0.111,138.4
1119,0.844383,,0.896400,0.844383,0.112,138.6
1120,0.842167,,0.896400,0.844383,0.110,138.7
1121,0.842417,,0.896400,0.844383,0.114,138.8
1122,0.843033,,0.896400,0.844383,0.125,138.9
1123,0.842700,,0.896400,0.844383,0.111,139.0
1124,0.843733,,0.896400,0.844383,0.109,139.1
1125,0.841950,,0.896400,0.844383,0.112,139.2
1126,0.844500,,0.896400,0.844500,0.110,139.3
1127,0.842250,,0.896400,0.844500,0.110,139.5
1128,0.842500,,0.896400,0.844500,0.111,139.6
1129,0.843117,,0.896400,0.844500,0.110,139.7
1130,0.842117,,0.896400,0.844500,0.116,139.8
1131,0.843533,,0.896400,0.844500,0.125,139.9
1132,0.841067,,0.896400,0.844500,0.111,140.0
1133,0.841300,,0.896400,0.844500,0.111,140.1
1134,0.843833,,0.896400,0.844500,0.109,140.2
1135,0.842450,,0.896400,0.844500,0.108,140.4
1136,0.842600,,0.896400,0.844500,0.111,140.5
1137,0.842267,,0.896400,0.844500,0.109,140.6
1138,0.841967,,0.896400,0.844500,0.113,140.7
1139,0.843233,,0.896400,0.844500,0.124,140.8
1140,0.843683,,0.896400,0.844500,0.110,140.9
1141,0.841433,,0.896400,0.844500,0.110,141.0
1142,0.843117,,0.896400,0.844500,0.110,141.1
1143,0.844850,,0.896400,0.844850,0.113,141.3
1144,0.843750,,0.896400,0.844850,0.125,141.4
1145,0.843850,,0.896400,0.844850,0.113,141.5
1146,0.842250,,0.896400,0.844850,0.109,141.6
1147,0.843150,,0.896400,0.844850,0.109,141.7
1148,0.843133,,0.896400,0.844850,0.115,141.8
1149,0.840983,,0.896400,0.844850,0.126,142.0
1150,0.842517,0.8949000239372253,0.896400,0.844850,0.135,142.1
1151,0.844483,,0.896400,0.844850,0.103,142.2
1152,0.844000,,0.896400,0.844850,0.110,142.3
1153,0.842533,,0.896400,0.844850,0.113,142.4
1154,0.843517,,0.896400,0.844850,0.125,142.5
1155,0.844067,,0.896400,0.844850,0.115,142.7
1156,0.843217,,0.896400,0.844850,0.126,142.8
1157,0.844000,,0.896400,0.844850,0.110,142.9
1158,0.843850,,0.896400,0.844850,0.110,143.0
1159,0.842783,,0.896400,0.844850,0.110,143.1
1160,0.842333,,0.896400,0.844850,0.111,143.2
1161,0.842733,,0.896400,0.844850,0.111,143.3
1162,0.843633,,0.896400,0.844850,0.111,143.4
1163,0.842433,,0.896400,0.844850,0.110,143.6
1164,0.842500,,0.896400,0.844850,0.112,143.7
1165,0.842817,,0.896400,0.844850,0.110,143.8
1166,0.843533,,0.896400,0.844850,0.110,143.9
1167,0.843750,,0.896400,0.844850,0.110,144.0
1168,0.845017,,0.896400,0.845017,0.109,144.1
1169,0.844033,,0.896400,0.845017,0.110,144.2
1170,0.843933,,0.896400,0.845017,0.110,144.3
1171,0.843400,,0.896400,0.845017,0.109,144.4
1172,0.843383,,0.896400,0.845017,0.107,144.5
1173,0.844233,,0.896400,0.845017,0.111,144.6
1174,0.843067,,0.896400,0.845017,0.110,144.8
1175,0.842400,,0.896400,0.845017,0.110,144.9
1176,0.844217,,0.896400,0.845017,0.109,145.0
1177,0.842300,,0.896400,0.845017,0.109,145.1
1178,0.843017,,0.896400,0.845017,0.109,145.2
1179,0.844683,,0.896400,0.845017,0.110,145.3
1180,0.843433,,0.896400,0.845017,0.110,145.4
1181,0.843583,,0.896400,0.845017,0.122,145.5
1182,0.844083,,0.896400,0.845017,0.110,145.6
1183,0.843850,,0.896400,0.845017,0.110,145.8
1184,0.845783,,0.896400,0.845783,0.121,145.9
1185,0.842367,,0.896400,0.845783,0.110,146.0
1186,0.844333,,0.896400,0.845783,0.109,146.1
1187,0.844067,,0.896400,0.845783,0.110,146.2
1188,0.845367,,0.896400,0.845783,0.110,146.3
1189,0.843633,,0.896400,0.845783,0.111,146.4
1190,0.845333,,0.896400,0.845783,0.115,146.5
1191,0.844817,,0.896400,0.845783,0.126,146.7
1192,0.844400,,0.896400,0.845783,0.110,146.8
1193,0.845817,,0.896400,0.845817,0.110,146.9
1194,0.844300,,0.896400,0.845817,0.121,147.0
1195,0.845217,,0.896400,0.845817,0.114,147.1
1196,0.844183,,0.896400,0.845817,0.125,147.2
1197,0.844250,,0.896400,0.845817,0.110,147.4
1198,0.845117,,0.896400,0.845817,0.111,147.5
1199,0.844233,,0.896400,0.845817,0.108,147.6
1200,0.845450,0.8962000012397766,0.896400,0.845817,0.136,147.7
1201,0.845517,,0.896400,0.845817,0.104,147.8
1202,0.844533,,0.896400,0.845817,0.111,147.9
1203,0.844833,,0.896400,0.845817,0.109,148.0
1204,0.845533,,0.896400,0.845817,0.111,148.1
1205,0.845867,,0.896400,0.845867,0.110,148.3
1206,0.845633,,0.896400,0.845867,0.110,148.4
1207,0.845250,,0.896400,0.845867,0.110,148.5
1208,0.845333,,0.896400,0.845867,0.111,148.6
1209,0.845917,,0.896400,0.845917,0.110,148.7
1210,0.846417,,0.896400,0.846417,0.115,148.8
1211,0.844950,,0.896400,0.846417,0.127,148.9
1212,0.844150,,0.896400,0.846417,0.109,149.0
1213,0.846717,,0.896400,0.846717,0.110,149.2
1214,0.844383,,0.896400,0.846717,0.110,149.3
1215,0.847250,,0.896400,0.847250,0.110,149.4
1216,0.845767,,0.896400,0.847250,0.110,149.5
1217,0.847583,,0.896400,0.847583,0.110,149.6
1218,0.845283,,0.896400,0.847583,0.112,149.7
1219,0.847417,,0.896400,0.847583,0.108,149.8
1220,0.847133,,0.896400,0.847583,0.110,149.9
1221,0.846800,,0.896400,0.847583,0.110,150.0
1222,0.846100,,0.896400,0.847583,0.110,150.1
1223,0.849217,,0.896400,0.849217,0.109,150.3
1224,0.848217,,0.896400,0.849217,0.111,150.4
1225,0.848583,,0.896400,0.849217,0.111,150.5
1226,0.846983,,0.896400,0.849217,0.109,150.6
1227,0.846833,,0.896400,0.849217,0.109,150.7
1228,0.848417,,0.896400,0.849217,0.111,150.8
1229,0.848933,,0.896400,0.849217,0.110,150.9
1230,0.848533,,0.896400,0.849217,0.111,151.0
1231,0.849300,,0.896400,0.849300,0.110,151.1
1232,0.848317,,0.896400,0.849300,0.114,151.3
1233,0.847317,,0.896400,0.849300,0.126,151.4
1234,0.848683,,0.896400,0.849300,0.114,151.5
1235,0.849000,,0.896400,0.849300,0.126,151.6
1236,0.845500,,0.896400,0.849300,0.110,151.7
1237,0.848117,,0.896400,0.849300,0.112,151.8
1238,0.849850,,0.896400,0.849850,0.125,152.0
1239,0.848883,,0.896400,0.849850,0.110,152.1
1240,0.847817,,0.896400,0.849850,0.110,152.2
1241,0.846950,,0.896400,0.849850,0.110,152.3
1242,0.847300,,0.896400,0.849850,0.111,152.4
1243,0.847600,,0.896400,0.849850,0.110,152.5
1244,0.847867,,0.896400,0.849850,0.110,152.6
1245,0.850983,,0.896400,0.850983,0.110,152.7
1246,0.849000,,0.896400,0.850983,0.111,152.8
1247,0.849583,,0.896400,0.850983,0.111,153.0
1248,0.849767,,0.896400,0.850983,0.110,153.1
1249,0.847933,,0.896400,0.850983,0.110,153.2
1250,0.847917,0.8998000025749207,0.899800,0.850983,0.135,153.3
1251,0.847200,,0.899800,0.850983,0.110,153.4
1252,0.849467,,0.899800,0.850983,0.110,153.5
1253,0.848650,,0.899800,0.850983,0.114,153.6
1254,0.849033,,0.899800,0.850983,0.127,153.8
1255,0.848717,,0.899800,0.850983,0.110,153.9
1256,0.848500,,0.899800,0.850983,0.109,154.0
1257,0.850417,,0.899800,0.850983,0.110,154.1
1258,0.848700,,0.899800,0.850983,0.109,154.2
1259,0.850017,,0.899800,0.850983,0.109,154.3
1260,0.848600,,0.899800,0.850983,0.111,154.4
1261,0.849833,,0.899800,0.850983,0.115,154.5
1262,0.848717,,0.899800,0.850983,0.114,154.7
1263,0.850000,,0.899800,0.850983,0.126,154.8
1264,0.850533,,0.899800,0.850983,0.109,154.9
1265,0.850383,,0.899800,0.850983,0.110,155.0
1266,0.849733,,0.899800,0.850983,0.109,155.1
1267,0.848600,,0.899800,0.850983,0.112,155.2
1268,0.849383,,0.899800,0.850983,0.109,155.3
1269,0.847683,,0.899800,0.850983,0.110,155.4
1270,0.849750,,0.899800,0.850983,0.109,155.6
1271,0.848083,,0.899800,0.850983,0.109,155.7
1272,0.848417,,0.899800,0.850983,0.110,155.8
1273,0.849683,,0.899800,0.850983,0.109,155.9
1274,0.849783,,0.899800,0.850983,0.113,156.0
1275,0.849883,,0.899800,0.850983,0.126,156.1
1276,0.851550,,0.899800,0.851550,0.110,156.2
1277,0.849950,,0.899800,0.851550,0.108,156.3
1278,0.847733,,0.899800,0.851550,0.112,156.5
1279,0.849450,,0.899800,0.851550,0.109,156.6
1280,0.850183,,0.899800,0.851550,0.111,156.7
1281,0.849867,,0.899800,0.851550,0.112,156.8
1282,0.847433,,0.899800,0.851550,0.110,156.9
1283,0.849633,,0.899800,0.851550,0.110,157.0
1284,0.849200,,0.899800,0.851550,0.115,157.1
1285,0.850633,,0.899800,0.851550,0.129,157.2
1286,0.850617,,0.899800,0.851550,0.126,157.4
1287,0.850950,,0.899800,0.851550,0.111,157.5
1288,0.848567,,0.899800,0.851550,0.114,157.6
1289,0.848200,,0.899800,0.851550,0.125,157.7
1290,0.848850,,0.899800,0.851550,0.109,157.8
1291,0.850167,,0.899800,0.851550,0.110,157.9
1292,0.849983,,0.899800,0.851550,0.113,158.1
1293,0.850200,,0.899800,0.851550,0.127,158.2
1294,0.850750,,0.899800,0.851550,0.133,158.3
1295,0.852300,,0.899800,0.852300,0.121,158.4
1296,0.849833,,0.899800,0.852300,0.116,158.6
1297,0.851983,,0.899800,0.852300,0.113,158.7
1298,0.849150,,0.899800,0.852300,0.112,158.8
1299,0.850633,,0.899800,0.852300,0.111,158.9
1300,0.850800,0.8992000222206116,0.899800,0.852300,0.137,159.0
1301,0.850800,,0.899800,0.852300,0.109,159.1
1302,0.850050,,0.899800,0.852300,0.125,159.3
1303,0.850483,,0.899800,0.852300,0.116,159.4
1304,0.851067,,0.899800,0.852300,0.114,159.5
1305,0.853450,,0.899800,0.853450,0.113,159.6
1306,0.851250,,0.899800,0.853450,0.113,159.7
1307,0.849783,,0.899800,0.853450,0.111,159.8
1308,0.850050,,0.899800,0.853450,0.111,159.9
1309,0.851550,,0.899800,0.853450,0.113,160.1
1310,0.850983,,0.899800,0.853450,0.111,160.2
1311,0.851483,,0.899800,0.853450,0.112,160.3
1312,0.850617,,0.899800,0.853450,0.112,160.4
1313,0.851967,,0.899800,0.853450,0.111,160.5
1314,0.852783,,0.899800,0.853450,0.111,160.6
1315,0.852383,,0.899800,0.853450,0.112,160.7
1316,0.851817,,0.899800,0.853450,0.113,160.8
1317,0.849967,,0.899800,0.853450,0.112,160.9
1318,0.850717,,0.899800,0.853450,0.112,161.1
1319,0.851633,,0.899800,0.853450,0.111,161.2
1320,0.852533,,0.899800,0.853450,0.112,161.3
1321,0.851767,,0.899800,0.853450,0.112,161.4
1322,0.851367,,0.899800,0.853450,0.118,161.5
1323,0.851183,,0.899800,0.853450,0.112,161.6
1324,0.851733,,0.899800,0.853450,0.113,161.7
1325,0.852500,,0.899800,0.853450,0.111,161.8
1326,0.852133,,0.899800,0.853450,0.111,162.0
1327,0.851483,,0.899800,0.853450,0.111,162.1
1328,0.853100,,0.899800,0.853450,0.115,162.2
1329,0.852617,,0.899800,0.853450,0.125,162.3
1330,0.851367,,0.899800,0.853450,0.112,162.4
1331,0.851350,,0.899800,0.853450,0.111,162.5
1332,0.851650,,0.899800,0.853450,0.112,162.6
1333,0.852583,,0.899800,0.853450,0.111,162.8
1334,0.852267,,0.899800,0.853450,0.112,162.9
1335,0.851667,,0.899800,0.853450,0.112,163.0
1336,0.853633,,0.899800,0.853633,0.110,163.1
1337,0.853250,,0.899800,0.853633,0.115,163.2
1338,0.850850,,0.899800,0.853633,0.126,163.3
1339,0.852933,,0.899800,0.853633,0.111,163.4
1340,0.852533,,0.899800,0.853633,0.111,163.6
1341,0.852800,,0.899800,0.853633,0.111,163.7
1342,0.853983,,0.899800,0.853983,0.111,163.8
1343,0.851900,,0.899800,0.853983,0.111,163.9
1344,0.853017,,0.899800,0.853983,0.112,164.0
1345,0.853650,,0.899800,0.853983,0.111,164.1
1346,0.853833,,0.899800,0.853983,0.109,164.2
1347,0.852683,,0.899800,0.853983,0.110,164.3
1348,0.852383,,0.899800,0.853983,0.111,164.4
1349,0.853633,,0.899800,0.853983,0.111,164.5
1350,0.853467,0.8971999287605286,0.899800,0.853983,0.137,164.7
1351,0.852817,,0.899800,0.853983,0.105,164.8
1352,0.851700,,0.899800,0.853983,0.113,164.9
1353,0.853067,,0.899800,0.853983,0.110,165.0
1354,0.852300,,0.899800,0.853983,0.111,165.1
1355,0.852717,,0.899800,0.853983,0.110,165.2
1356,0.852067,,0.899800,0.853983,0.111,165.3
1357,0.854617,,0.899800,0.854617,0.111,165.5
1358,0.853733,,0.899800,0.854617,0.111,165.6
1359,0.853200,,0.899800,0.854617,0.121,165.7
1360,0.853467,,0.899800,0.854617,0.111,165.8
1361,0.853183,,0.899800,0.854617,0.112,165.9
1362,0.854067,,0.899800,0.854617,0.113,166.0
1363,0.854050,,0.899800,0.854617,0.112,166.1
1364,0.853650,,0.899800,0.854617,0.111,166.2
1365,0.855633,,0.899800,0.855633,0.112,166.4
1366,0.853250,,0.899800,0.855633,0.120,166.5
1367,0.854083,,0.899800,0.855633,0.111,166.6
1368,0.852683,,0.899800,0.855633,0.122,166.7
1369,0.855717,,0.899800,0.855717,0.112,166.8
1370,0.853567,,0.899800,0.855717,0.112,166.9
1371,0.854700,,0.899800,0.855717,0.112,167.0
1372,0.854217,,0.899800,0.855717,0.111,167.2
1373,0.855083,,0.899800,0.855717,0.112,167.3
1374,0.853683,,0.899800,0.855717,0.111,167.4
1375,0.856750,,0.899800,0.856750,0.112,167.5
1376,0.854817,,0.899800,0.856750,0.112,167.6
1377,0.855317,,0.899800,0.856750,0.112,167.7
1378,0.854550,,0.899800,0.856750,0.110,167.8
1379,0.853750,,0.899800,0.856750,0.110,167.9
1380,0.853967,,0.899800,0.856750,0.113,168.1
1381,0.854750,,0.899800,0.856750,0.113,168.2
1382,0.856817,,0.899800,0.856817,0.112,168.3
1383,0.855683,,0.899800,0.856817,0.110,168.4
1384,0.857400,,0.899800,0.857400,0.111,168.5
1385,0.855300,,0.899800,0.857400,0.112,168.6
1386,0.853533,,0.899800,0.857400,0.112,168.7
1387,0.854683,,0.899800,0.857400,0.112,168.8
1388,0.854617,,0.899800,0.857400,0.111,168.9
1389,0.855983,,0.899800,0.857400,0.110,169.1
1390,0.853650,,0.899800,0.857400,0.112,169.2
1391,0.853617,,0.899800,0.857400,0.112,169.3
1392,0.855967,,0.899800,0.857400,0.111,169.4
1393,0.855283,,0.899800,0.857400,0.120,169.5
1394,0.854400,,0.899800,0.857400,0.113,169.6
1395,0.857467,,0.899800,0.857467,0.111,169.7
1396,0.854367,,0.899800,0.857467,0.113,169.8
1397,0.856083,,0.899800,0.857467,0.115,170.0
1398,0.857100,,0.899800,0.857467,0.127,170.1
1399,0.856367,,0.899800,0.857467,0.111,170.2
1400,0.854800,0.9020999670028687,0.902100,0.857467,0.139,170.3
1401,0.858183,,0.902100,0.858183,0.106,170.4
1402,0.854817,,0.902100,0.858183,0.110,170.6
1403,0.855167,,0.902100,0.858183,0.110,170.7
1404,0.855317,,0.902100,0.858183,0.112,170.8
1405,0.855933,,0.902100,0.858183,0.115,170.9
1406,0.854400,,0.902100,0.858183,0.124,171.0
1407,0.856117,,0.902100,0.858183,0.109,171.1
1408,0.855700,,0.902100,0.858183,0.110,171.2
1409,0.856517,,0.902100,0.858183,0.112,171.3
1410,0.854617,,0.902100,0.858183,0.111,171.5
1411,0.856983,,0.902100,0.858183,0.112,171.6
1412,0.856333,,0.902100,0.858183,0.110,171.7
1413,0.856900,,0.902100,0.858183,0.111,171.8
1414,0.855133,,0.902100,0.858183,0.110,171.9
1415,0.855733,,0.902100,0.858183,0.110,172.0
1416,0.856683,,0.902100,0.858183,0.111,172.1
1417,0.854700,,0.902100,0.858183,0.112,172.2
1418,0.857283,,0.902100,0.858183,0.109,172.3
1419,0.856267,,0.902100,0.858183,0.111,172.5
1420,0.855917,,0.902100,0.858183,0.110,172.6
1421,0.856367,,0.902100,0.858183,0.114,172.7
1422,0.855833,,0.902100,0.858183,0.125,172.8
1423,0.855750,,0.902100,0.858183,0.111,172.9
1424,0.854850,,0.902100,0.858183,0.111,173.0
1425,0.856200,,0.902100,0.858183,0.112,173.1
1426,0.856467,,0.902100,0.858183,0.111,173.2
1427,0.857000,,0.902100,0.858183,0.113,173.4
1428,0.856167,,0.902100,0.858183,0.123,173.5
1429,0.856583,,0.902100,0.858183,0.113,173.6
1430,0.856117,,0.902100,0.858183,0.112,173.7
1431,0.856517,,0.902100,0.858183,0.111,173.8
1432,0.855633,,0.902100,0.858183,0.119,173.9
1433,0.856900,,0.902100,0.858183,0.112,174.0
1434,0.855950,,0.902100,0.858183,0.111,174.2
1435,0.858233,,0.902100,0.858233,0.111,174.3
1436,0.855583,,0.902100,0.858233,0.112,174.4
1437,0.855333,,0.902100,0.858233,0.111,174.5
1438,0.857050,,0.902100,0.858233,0.110,174.6
1439,0.856100,,0.902100,0.858233,0.112,174.7
1440,0.857050,,0.902100,0.858233,0.111,174.8
1441,0.857967,,0.902100,0.858233,0.111,174.9
1442,0.856750,,0.902100,0.858233,0.109,175.0
1443,0.857650,,0.902100,0.858233,0.109,175.2
1444,0.857717,,0.902100,0.858233,0.110,175.3
1445,0.857750,,0.902100,0.858233,0.114,175.4
1446,0.856967,,0.902100,0.858233,0.111,175.5
1447,0.856717,,0.902100,0.858233,0.110,175.6
1448,0.859217,,0.902100,0.859217,0.111,175.7
1449,0.855767,,0.902100,0.859217,0.110,175.8
1450,0.856067,0.903499960899353,0.903500,0.859217,0.138,176.0
1451,0.858433,,0.903500,0.859217,0.105,176.1
1452,0.857983,,0.903500,0.859217,0.111,176.2
1453,0.856233,,0.903500,0.859217,0.109,176.3
1454,0.857600,,0.903500,0.859217,0.110,176.4
1455,0.858350,,0.903500,0.859217,0.109,176.5
1456,0.856500,,0.903500,0.859217,0.112,176.6
1457,0.857633,,0.903500,0.859217,0.110,176.7
1458,0.857683,,0.903500,0.859217,0.111,176.8
1459,0.858083,,0.903500,0.859217,0.110,177.0
1460,0.856283,,0.903500,0.859217,0.111,177.1
1461,0.856067,,0.903500,0.859217,0.112,177.2
1462,0.857600,,0.903500,0.859217,0.112,177.3
1463,0.858800,,0.903500,0.859217,0.110,177.4
1464,0.857567,,0.903500,0.859217,0.112,177.5
1465,0.857200,,0.903500,0.859217,0.113,177.6
1466,0.858900,,0.903500,0.859217,0.114,177.7
1467,0.858533,,0.903500,0.859217,0.112,177.8
1468,0.858500,,0.903500,0.859217,0.112,178.0
1469,0.856850,,0.903500,0.859217,0.112,178.1
1470,0.857533,,0.903500,0.859217,0.111,178.2
1471,0.859133,,0.903500,0.859217,0.115,178.3
1472,0.857217,,0.903500,0.859217,0.128,178.4
1473,0.858950,,0.903500,0.859217,0.119,178.5
1474,0.857450,,0.903500,0.859217,0.112,178.7
1475,0.860167,,0.903500,0.860167,0.116,178.8
1476,0.858783,,0.903500,0.860167,0.113,178.9
1477,0.857600,,0.903500,0.860167,0.114,179.0
1478,0.859433,,0.903500,0.860167,0.125,179.1
1479,0.857450,,0.903500,0.860167,0.111,179.2
1480,0.857633,,0.903500,0.860167,0.112,179.3
1481,0.858483,,0.903500,0.860167,0.111,179.5
1482,0.857700,,0.903500,0.860167,0.111,179.6
1483,0.859867,,0.903500,0.860167,0.112,179.7
1484,0.857817,,0.903500,0.860167,0.111,179.8
1485,0.858950,,0.903500,0.860167,0.110,179.9
1486,0.858800,,0.903500,0.860167,0.110,180.0
1487,0.858300,,0.903500,0.860167,0.111,180.1
1488,0.861000,,0.903500,0.861000,0.111,180.2
1489,0.858033,,0.903500,0.861000,0.111,180.3
1490,0.859533,,0.903500,0.861000,0.111,180.5
1491,0.859767,,0.903500,0.861000,0.116,180.6
1492,0.858100,,0.903500,0.861000,0.110,180.7
1493,0.860367,,0.903500,0.861000,0.111,180.8
1494,0.858250,,0.903500,0.861000,0.112,180.9
1495,0.857650,,0.903500,0.861000,0.113,181.0
1496,0.859300,,0.903500,0.861000,0.111,181.1
1497,0.859317,,0.903500,0.861000,0.112,181.2
1498,0.858300,,0.903500,0.861000,0.111,181.3
1499,0.859433,,0.903500,0.861000,0.112,181.5
1500,0.859600,0.9031999707221985,0.903500,0.861000,0.137,181.6
1501,0.859033,,0.903500,0.861000,0.104,181.7
1502,0.858850,,0.903500,0.861000,0.111,181.8
1503,0.858217,,0.903500,0.861000,0.112,181.9
1504,0.858367,,0.903500,0.861000,0.111,182.0
1505,0.859600,,0.903500,0.861000,0.112,182.1
1506,0.858650,,0.903500,0.861000,0.115,182.3
1507,0.859483,,0.903500,0.861000,0.126,182.4
1508,0.857200,,0.903500,0.861000,0.111,182.5
1509,0.858517,,0.903500,0.861000,0.110,182.6
1510,0.860283,,0.903500,0.861000,0.111,182.7
1511,0.858850,,0.903500,0.861000,0.116,182.8
1512,0.859350,,0.903500,0.861000,0.124,183.0
1513,0.858583,,0.903500,0.861000,0.111,183.1
1514,0.861033,,0.903500,0.861033,0.110,183.2
1515,0.860450,,0.903500,0.861033,0.110,183.3
1516,0.859717,,0.903500,0.861033,0.114,183.4
1517,0.860867,,0.903500,0.861033,0.125,183.5
1518,0.859967,,0.903500,0.861033,0.110,183.6
1519,0.860667,,0.903500,0.861033,0.110,183.7
1520,0.859333,,0.903500,0.861033,0.111,183.9
1521,0.858600,,0.903500,0.861033,0.110,184.0
1522,0.859533,,0.903500,0.861033,0.113,184.1
1523,0.861017,,0.903500,0.861033,0.111,184.2
1524,0.860050,,0.903500,0.861033,0.111,184.3
1525,0.858850,,0.903500,0.861033,0.111,184.4
1526,0.858250,,0.903500,0.861033,0.109,184.5
1527,0.859233,,0.903500,0.861033,0.111,184.6
1528,0.859583,,0.903500,0.861033,0.110,184.7
1529,0.859667,,0.903500,0.861033,0.110,184.9
1530,0.860600,,0.903500,0.861033,0.126,185.0
1531,0.860317,,0.903500,0.861033,0.127,185.1
1532,0.860450,,0.903500,0.861033,0.111,185.2
1533,0.861267,,0.903500,0.861267,0.111,185.3
1534,0.858950,,0.903500,0.861267,0.112,185.4
1535,0.858167,,0.903500,0.861267,0.113,185.6
1536,0.860483,,0.903500,0.861267,0.112,185.7
1537,0.859267,,0.903500,0.861267,0.112,185.8
1538,0.860300,,0.903500,0.861267,0.110,185.9
1539,0.859183,,0.903500,0.861267,0.112,186.0
1540,0.860300,,0.903500,0.861267,0.112,186.1
1541,0.860217,,0.903500,0.861267,0.112,186.2
1542,0.856733,,0.903500,0.861267,0.116,186.3
1543,0.859383,,0.903500,0.861267,0.125,186.5
1544,0.859400,,0.903500,0.861267,0.111,186.6
1545,0.858700,,0.903500,0.861267,0.112,186.7
1546,0.859783,,0.903500,0.861267,0.110,186.8
1547,0.861883,,0.903500,0.861883,0.110,186.9
1548,0.860650,,0.903500,0.861883,0.111,187.0
1549,0.861433,,0.903500,0.861883,0.113,187.1
1550,0.861733,0.9034000039100647,0.903500,0.861883,0.137,187.3
1551,0.861267,,0.903500,0.861883,0.105,187.4
1552,0.859567,,0.903500,0.861883,0.121,187.5
1553,0.858567,,0.903500,0.861883,0.111,187.6
1554,0.860917,,0.903500,0.861883,0.111,187.7
1555,0.860467,,0.903500,0.861883,0.110,187.8
1556,0.860383,,0.903500,0.861883,0.111,187.9
1557,0.859583,,0.903500,0.861883,0.111,188.1
1558,0.860000,,0.903500,0.861883,0.110,188.2
1559,0.859783,,0.903500,0.861883,0.111,188.3
1560,0.860350,,0.903500,0.861883,0.112,188.4
1561,0.859133,,0.903500,0.861883,0.111,188.5
1562,0.857833,,0.903500,0.861883,0.111,188.6
1563,0.859733,,0.903500,0.861883,0.111,188.7
1564,0.859600,,0.903500,0.861883,0.109,188.8
1565,0.860967,,0.903500,0.861883,0.111,188.9
1566,0.859733,,0.903500,0.861883,0.110,189.0
1567,0.860550,,0.903500,0.861883,0.110,189.2
1568,0.857533,,0.903500,0.861883,0.110,189.3
1569,0.859900,,0.903500,0.861883,0.113,189.4
1570,0.859000,,0.903500,0.861883,0.110,189.5
1571,0.858283,,0.903500,0.861883,0.110,189.6
1572,0.860617,,0.903500,0.861883,0.113,189.7
1573,0.859883,,0.903500,0.861883,0.109,189.8
1574,0.857950,,0.903500,0.861883,0.111,189.9
1575,0.860783,,0.903500,0.861883,0.112,190.0
1576,0.859367,,0.903500,0.861883,0.115,190.2
1577,0.861550,,0.903500,0.861883,0.127,190.3
1578,0.859417,,0.903500,0.861883,0.116,190.4
1579,0.861667,,0.903500,0.861883,0.126,190.5
1580,0.859933,,0.903500,0.861883,0.111,190.6
1581,0.860267,,0.903500,0.861883,0.110,190.8
1582,0.859667,,0.903500,0.861883,0.110,190.9
1583,0.860000,,0.903500,0.861883,0.123,191.0
1584,0.858400,,0.903500,0.861883,0.115,191.1
1585,0.858317,,0.903500,0.861883,0.127,191.2
1586,0.861200,,0.903500,0.861883,0.112,191.3
1587,0.860667,,0.903500,0.861883,0.113,191.5
1588,0.861050,,0.903500,0.861883,0.112,191.6
1589,0.860817,,0.903500,0.861883,0.111,191.7
1590,0.862900,,0.903500,0.862900,0.110,191.8
1591,0.860883,,0.903500,0.862900,0.112,191.9
1592,0.861233,,0.903500,0.862900,0.112,192.0
1593,0.861517,,0.903500,0.862900,0.111,192.1
1594,0.860717,,0.903500,0.862900,0.110,192.2
1595,0.861500,,0.903500,0.862900,0.111,192.3
1596,0.861200,,0.903500,0.862900,0.109,192.5
1597,0.863000,,0.903500,0.863000,0.111,192.6
1598,0.860950,,0.903500,0.863000,0.112,192.7
1599,0.861567,,0.903500,0.863000,0.112,192.8
1600,0.862517,0.9023000001907349,0.903500,0.863000,0.136,192.9
1601,0.860100,,0.903500,0.863000,0.107,193.0
1602,0.860767,,0.903500,0.863000,0.111,193.1
1603,0.859400,,0.903500,0.863000,0.111,193.3
1604,0.860733,,0.903500,0.863000,0.111,193.4
1605,0.860833,,0.903500,0.863000,0.112,193.5
1606,0.861500,,0.903500,0.863000,0.113,193.6
1607,0.860783,,0.903500,0.863000,0.110,193.7
1608,0.861033,,0.903500,0.863000,0.111,193.8
1609,0.862717,,0.903500,0.863000,0.112,193.9
1610,0.859717,,0.903500,0.863000,0.111,194.0
1611,0.860650,,0.903500,0.863000,0.112,194.1
1612,0.863133,,0.903500,0.863133,0.110,194.3
1613,0.860250,,0.903500,0.863133,0.112,194.4
1614,0.863017,,0.903500,0.863133,0.112,194.5
1615,0.860283,,0.903500,0.863133,0.115,194.6
1616,0.861483,,0.903500,0.863133,0.126,194.7
1617,0.862033,,0.903500,0.863133,0.111,194.8
1618,0.860500,,0.903500,0.863133,0.110,194.9
1619,0.860917,,0.903500,0.863133,0.111,195.1
1620,0.860550,,0.903500,0.863133,0.112,195.2
1621,0.861500,,0.903500,0.863133,0.109,195.3
1622,0.861917,,0.903500,0.863133,0.110,195.4
1623,0.861317,,0.903500,0.863133,0.110,195.5
1624,0.861233,,0.903500,0.863133,0.122,195.6
1625,0.861933,,0.903500,0.863133,0.116,195.7
1626,0.862300,,0.903500,0.863133,0.114,195.8
1627,0.861450,,0.903500,0.863133,0.111,196.0
1628,0.861817,,0.903500,0.863133,0.113,196.1
1629,0.862300,,0.903500,0.863133,0.113,196.2
1630,0.863217,,0.903500,0.863217,0.111,196.3
1631,0.861717,,0.903500,0.863217,0.112,196.4
1632,0.864667,,0.903500,0.864667,0.112,196.5
1633,0.863450,,0.903500,0.864667,0.110,196.6
1634,0.862133,,0.903500,0.864667,0.114,196.7
1635,0.861883,,0.903500,0.864667,0.112,196.9
1636,0.862550,,0.903500,0.864667,0.113,197.0
1637,0.861300,,0.903500,0.864667,0.113,197.1
1638,0.861500,,0.903500,0.864667,0.126,197.2
1639,0.863900,,0.903500,0.864667,0.115,197.3
1640,0.862150,,0.903500,0.864667,0.112,197.4
1641,0.863683,,0.903500,0.864667,0.114,197.5
1642,0.862600,,0.903500,0.864667,0.126,197.7
1643,0.861183,,0.903500,0.864667,0.119,197.8
1644,0.861200,,0.903500,0.864667,0.125,197.9
1645,0.861667,,0.903500,0.864667,0.111,198.0
1646,0.863567,,0.903500,0.864667,0.113,198.1
1647,0.860517,,0.903500,0.864667,0.112,198.3
1648,0.860050,,0.903500,0.864667,0.112,198.4
1649,0.861900,,0.903500,0.864667,0.114,198.5
1650,0.861583,0.9041999578475952,0.904200,0.864667,0.139,198.6
1651,0.862283,,0.904200,0.864667,0.108,198.7
1652,0.862067,,0.904200,0.864667,0.114,198.8
1653,0.861850,,0.904200,0.864667,0.113,199.0
1654,0.862400,,0.904200,0.864667,0.119,199.1
1655,0.862217,,0.904200,0.864667,0.111,199.2
1656,0.862267,,0.904200,0.864667,0.112,199.3
1657,0.861200,,0.904200,0.864667,0.114,199.4
1658,0.860100,,0.904200,0.864667,0.115,199.5
1659,0.861483,,0.904200,0.864667,0.117,199.6
1660,0.861767,,0.904200,0.864667,0.111,199.8
1661,0.860467,,0.904200,0.864667,0.122,199.9
1662,0.863767,,0.904200,0.864667,0.119,200.0
1663,0.863550,,0.904200,0.864667,0.123,200.1
1664,0.862117,,0.904200,0.864667,0.117,200.2
1665,0.860950,,0.904200,0.864667,0.117,200.3
1666,0.861583,,0.904200,0.864667,0.118,200.5
1667,0.863450,,0.904200,0.864667,0.130,200.6
1668,0.861633,,0.904200,0.864667,0.116,200.7
1669,0.862517,,0.904200,0.864667,0.117,200.8
1670,0.862067,,0.904200,0.864667,0.130,201.0
1671,0.862917,,0.904200,0.864667,0.118,201.1
1672,0.863500,,0.904200,0.864667,0.114,201.2
1673,0.862283,,0.904200,0.864667,0.121,201.3
1674,0.863883,,0.904200,0.864667,0.117,201.4
1675,0.862850,,0.904200,0.864667,0.125,201.6
1676,0.861567,,0.904200,0.864667,0.132,201.7
1677,0.862383,,0.904200,0.864667,0.123,201.8
1678,0.862933,,0.904200,0.864667,0.122,201.9
1679,0.860650,,0.904200,0.864667,0.118,202.1
1680,0.861500,,0.904200,0.864667,0.118,202.2
1681,0.863467,,0.904200,0.864667,0.114,202.3
1682,0.864917,,0.904200,0.864917,0.114,202.4
1683,0.862517,,0.904200,0.864917,0.113,202.5
1684,0.863483,,0.904200,0.864917,0.120,202.6
1685,0.861767,,0.904200,0.864917,0.115,202.7
1686,0.862600,,0.904200,0.864917,0.113,202.9
1687,0.862583,,0.904200,0.864917,0.112,203.0
1688,0.864300,,0.904200,0.864917,0.114,203.1
1689,0.864250,,0.904200,0.864917,0.115,203.2
1690,0.864067,,0.904200,0.864917,0.117,203.3
1691,0.865117,,0.904200,0.865117,0.129,203.4
1692,0.863317,,0.904200,0.865117,0.117,203.6
1693,0.863350,,0.904200,0.865117,0.128,203.7
1694,0.863533,,0.904200,0.865117,0.118,203.8
1695,0.861750,,0.904200,0.865117,0.129,203.9
1696,0.864517,,0.904200,0.865117,0.116,204.1
1697,0.864650,,0.904200,0.865117,0.112,204.2
1698,0.863417,,0.904200,0.865117,0.118,204.3
1699,0.862867,,0.904200,0.865117,0.129,204.4
1700,0.862867,0.9071000218391418,0.907100,0.865117,0.145,204.6
1701,0.864333,,0.907100,0.865117,0.126,204.7
1702,0.864367,,0.907100,0.865117,0.121,204.8
1703,0.863967,,0.907100,0.865117,0.113,204.9
1704,0.861917,,0.907100,0.865117,0.113,205.0
1705,0.864117,,0.907100,0.865117,0.112,205.1
1706,0.863750,,0.907100,0.865117,0.115,205.3
1707,0.865333,,0.907100,0.865333,0.127,205.4
1708,0.863783,,0.907100,0.865333,0.114,205.5
1709,0.864783,,0.907100,0.865333,0.123,205.6
1710,0.864950,,0.907100,0.865333,0.112,205.7
1711,0.864550,,0.907100,0.865333,0.112,205.8
1712,0.864617,,0.907100,0.865333,0.111,206.0
1713,0.865767,,0.907100,0.865767,0.111,206.1
1714,0.865017,,0.907100,0.865767,0.112,206.2
1715,0.866833,,0.907100,0.866833,0.111,206.3
1716,0.864833,,0.907100,0.866833,0.114,206.4
1717,0.864233,,0.907100,0.866833,0.113,206.5
1718,0.864883,,0.907100,0.866833,0.113,206.6
1719,0.863667,,0.907100,0.866833,0.112,206.7
1720,0.865767,,0.907100,0.866833,0.112,206.9
1721,0.865267,,0.907100,0.866833,0.112,207.0
1722,0.863350,,0.907100,0.866833,0.113,207.1
1723,0.864000,,0.907100,0.866833,0.112,207.2
1724,0.864800,,0.907100,0.866833,0.112,207.3
1725,0.864350,,0.907100,0.866833,0.114,207.4
1726,0.863900,,0.907100,0.866833,0.113,207.5
1727,0.864233,,0.907100,0.866833,0.113,207.6
1728,0.865433,,0.907100,0.866833,0.112,207.8
1729,0.865833,,0.907100,0.866833,0.113,207.9
1730,0.865233,,0.907100,0.866833,0.114,208.0
1731,0.865967,,0.907100,0.866833,0.113,208.1
1732,0.864917,,0.907100,0.866833,0.117,208.2
1733,0.865750,,0.907100,0.866833,0.134,208.3
1734,0.864533,,0.907100,0.866833,0.129,208.5
1735,0.865283,,0.907100,0.866833,0.115,208.6
1736,0.865650,,0.907100,0.866833,0.112,208.7
1737,0.865050,,0.907100,0.866833,0.113,208.8
1738,0.865533,,0.907100,0.866833,0.112,208.9
1739,0.864650,,0.907100,0.866833,0.113,209.0
1740,0.865900,,0.907100,0.866833,0.113,209.2
1741,0.866483,,0.907100,0.866833,0.114,209.3
1742,0.863933,,0.907100,0.866833,0.113,209.4
1743,0.864600,,0.907100,0.866833,0.115,209.5
1744,0.864950,,0.907100,0.866833,0.114,209.6
1745,0.866283,,0.907100,0.866833,0.113,209.7
1746,0.866133,,0.907100,0.866833,0.114,209.8
1747,0.865533,,0.907100,0.866833,0.113,209.9
1748,0.863683,,0.907100,0.866833,0.114,210.1
1749,0.866117,,0.907100,0.866833,0.112,210.2
1750,0.865867,0.906499981880188,0.907100,0.866833,0.137,210.3
1751,0.869050,,0.907100,0.869050,0.112,210.4
1752,0.865567,,0.907100,0.869050,0.130,210.6
1753,0.867067,,0.907100,0.869050,0.115,210.7
1754,0.865967,,0.907100,0.869050,0.113,210.8
1755,0.868567,,0.907100,0.869050,0.112,210.9
1756,0.866283,,0.907100,0.869050,0.122,211.0
1757,0.867367,,0.907100,0.869050,0.114,211.1
1758,0.866417,,0.907100,0.869050,0.114,211.2
1759,0.866150,,0.907100,0.869050,0.112,211.4
1760,0.868483,,0.907100,0.869050,0.113,211.5
1761,0.867367,,0.907100,0.869050,0.113,211.6
1762,0.867050,,0.907100,0.869050,0.115,211.7
1763,0.867750,,0.907100,0.869050,0.113,211.8
1764,0.868633,,0.907100,0.869050,0.113,211.9
1765,0.866933,,0.907100,0.869050,0.113,212.0
1766,0.867167,,0.907100,0.869050,0.116,212.1
1767,0.868283,,0.907100,0.869050,0.128,212.3
1768,0.868950,,0.907100,0.869050,0.112,212.4
1769,0.867833,,0.907100,0.869050,0.112,212.5
1770,0.866550,,0.907100,0.869050,0.113,212.6
1771,0.867150,,0.907100,0.869050,0.113,212.7
1772,0.866700,,0.907100,0.869050,0.114,212.8
1773,0.865883,,0.907100,0.869050,0.113,213.0
1774,0.867617,,0.907100,0.869050,0.116,213.1
1775,0.867617,,0.907100,0.869050,0.129,213.2
1776,0.867833,,0.907100,0.869050,0.117,213.3
1777,0.868567,,0.907100,0.869050,0.130,213.4
1778,0.866900,,0.907100,0.869050,0.114,213.6
1779,0.867867,,0.907100,0.869050,0.113,213.7
1780,0.866033,,0.907100,0.869050,0.115,213.8
1781,0.866750,,0.907100,0.869050,0.117,213.9
1782,0.866650,,0.907100,0.869050,0.133,214.0
1783,0.866967,,0.907100,0.869050,0.128,214.2
1784,0.866667,,0.907100,0.869050,0.114,214.3
1785,0.867317,,0.907100,0.869050,0.114,214.4
1786,0.867200,,0.907100,0.869050,0.113,214.5
1787,0.868350,,0.907100,0.869050,0.112,214.6
1788,0.868017,,0.907100,0.869050,0.111,214.7
1789,0.866283,,0.907100,0.869050,0.114,214.8
1790,0.867633,,0.907100,0.869050,0.113,215.0
1791,0.866433,,0.907100,0.869050,0.112,215.1
1792,0.867033,,0.907100,0.869050,0.112,215.2
1793,0.867883,,0.907100,0.869050,0.112,215.3
1794,0.868367,,0.907100,0.869050,0.114,215.4
1795,0.867283,,0.907100,0.869050,0.113,215.5
1796,0.868150,,0.907100,0.869050,0.113,215.6
1797,0.867200,,0.907100,0.869050,0.114,215.7
1798,0.868550,,0.907100,0.869050,0.112,215.9
1799,0.869933,,0.907100,0.869933,0.113,216.0
1800,0.868100,0.9061999917030334,0.907100,0.869933,0.137,216.1
1801,0.869567,,0.907100,0.869933,0.108,216.2
1802,0.869300,,0.907100,0.869933,0.113,216.3
1803,0.868817,,0.907100,0.869933,0.112,216.4
1804,0.868833,,0.907100,0.869933,0.112,216.6
1805,0.870250,,0.907100,0.870250,0.112,216.7
1806,0.867783,,0.907100,0.870250,0.113,216.8
1807,0.867583,,0.907100,0.870250,0.113,216.9
1808,0.869517,,0.907100,0.870250,0.110,217.0
1809,0.867767,,0.907100,0.870250,0.113,217.1
1810,0.868300,,0.907100,0.870250,0.114,217.2
1811,0.867883,,0.907100,0.870250,0.112,217.3
1812,0.869033,,0.907100,0.870250,0.113,217.5
1813,0.869983,,0.907100,0.870250,0.111,217.6
1814,0.867300,,0.907100,0.870250,0.112,217.7
1815,0.867467,,0.907100,0.870250,0.117,217.8
1816,0.867050,,0.907100,0.870250,0.129,217.9
1817,0.866667,,0.907100,0.870250,0.115,218.0
1818,0.865300,,0.907100,0.870250,0.113,218.1
1819,0.866983,,0.907100,0.870250,0.111,218.3
1820,0.867567,,0.907100,0.870250,0.114,218.4
1821,0.867733,,0.907100,0.870250,0.130,218.5
1822,0.866550,,0.907100,0.870250,0.113,218.6
1823,0.868067,,0.907100,0.870250,0.113,218.7
1824,0.866550,,0.907100,0.870250,0.116,218.8
1825,0.868467,,0.907100,0.870250,0.129,219.0
1826,0.868117,,0.907100,0.870250,0.116,219.1
1827,0.868283,,0.907100,0.870250,0.113,219.2
1828,0.867467,,0.907100,0.870250,0.113,219.3
1829,0.868250,,0.907100,0.870250,0.120,219.4
1830,0.867100,,0.907100,0.870250,0.114,219.6
1831,0.867183,,0.907100,0.870250,0.114,219.7
1832,0.867950,,0.907100,0.870250,0.113,219.8
1833,0.866050,,0.907100,0.870250,0.112,219.9
1834,0.866683,,0.907100,0.870250,0.116,220.0
1835,0.867683,,0.907100,0.870250,0.130,220.1
1836,0.867450,,0.907100,0.870250,0.118,220.3
1837,0.867283,,0.907100,0.870250,0.129,220.4
1838,0.865350,,0.907100,0.870250,0.113,220.5
1839,0.866917,,0.907100,0.870250,0.116,220.6
1840,0.868567,,0.907100,0.870250,0.128,220.7
1841,0.868700,,0.907100,0.870250,0.113,220.9
1842,0.865350,,0.907100,0.870250,0.112,221.0
1843,0.867400,,0.907100,0.870250,0.114,221.1
1844,0.870017,,0.907100,0.870250,0.118,221.2
1845,0.866550,,0.907100,0.870250,0.129,221.3
1846,0.868283,,0.907100,0.870250,0.116,221.4
1847,0.869200,,0.907100,0.870250,0.129,221.6
1848,0.866367,,0.907100,0.870250,0.115,221.7
1849,0.868500,,0.907100,0.870250,0.113,221.8
1850,0.869450,0.9038000106811523,0.907100,0.870250,0.138,221.9
1851,0.867983,,0.907100,0.870250,0.107,222.0
1852,0.868533,,0.907100,0.870250,0.113,222.2
1853,0.867100,,0.907100,0.870250,0.114,222.3
1854,0.867500,,0.907100,0.870250,0.112,222.4
1855,0.867250,,0.907100,0.870250,0.117,222.5
1856,0.869833,,0.907100,0.870250,0.129,222.6
1857,0.867717,,0.907100,0.870250,0.111,222.7
1858,0.868150,,0.907100,0.870250,0.113,222.9
1859,0.868917,,0.907100,0.870250,0.113,223.0
1860,0.867083,,0.907100,0.870250,0.114,223.1
1861,0.869550,,0.907100,0.870250,0.112,223.2
1862,0.869450,,0.907100,0.870250,0.113,223.3
1863,0.868500,,0.907100,0.870250,0.114,223.4
1864,0.868850,,0.907100,0.870250,0.113,223.5
1865,0.869667,,0.907100,0.870250,0.117,223.6
1866,0.868067,,0.907100,0.870250,0.130,223.8
1867,0.869500,,0.907100,0.870250,0.112,223.9
1868,0.867167,,0.907100,0.870250,0.113,224.0
1869,0.868733,,0.907100,0.870250,0.115,224.1
1870,0.869767,,0.907100,0.870250,0.115,224.2
1871,0.868667,,0.907100,0.870250,0.129,224.4
1872,0.869767,,0.907100,0.870250,0.112,224.5
1873,0.868817,,0.907100,0.870250,0.111,224.6
1874,0.867117,,0.907100,0.870250,0.112,224.7
1875,0.870283,,0.907100,0.870283,0.112,224.8
1876,0.868350,,0.907100,0.870283,0.113,224.9
1877,0.870267,,0.907100,0.870283,0.114,225.0
1878,0.869717,,0.907100,0.870283,0.112,225.1
1879,0.869100,,0.907100,0.870283,0.111,225.3
1880,0.868267,,0.907100,0.870283,0.113,225.4
1881,0.868983,,0.907100,0.870283,0.113,225.5
1882,0.868367,,0.907100,0.870283,0.113,225.6
1883,0.868117,,0.907100,0.870283,0.114,225.7
1884,0.870533,,0.907100,0.870533,0.113,225.8
1885,0.870250,,0.907100,0.870533,0.113,225.9
1886,0.868233,,0.907100,0.870533,0.116,226.1
1887,0.868767,,0.907100,0.870533,0.130,226.2
1888,0.869517,,0.907100,0.870533,0.117,226.3
1889,0.868700,,0.907100,0.870533,0.129,226.4
1890,0.870817,,0.907100,0.870817,0.114,226.5
1891,0.869117,,0.907100,0.870817,0.113,226.7
1892,0.869483,,0.907100,0.870817,0.113,226.8
1893,0.869283,,0.907100,0.870817,0.112,226.9
1894,0.868800,,0.907100,0.870817,0.112,227.0
1895,0.869333,,0.907100,0.870817,0.111,227.1
1896,0.870850,,0.907100,0.870850,0.112,227.2
1897,0.869433,,0.907100,0.870850,0.113,227.3
1898,0.868333,,0.907100,0.870850,0.113,227.4
1899,0.868800,,0.907100,0.870850,0.117,227.6
1900,0.869233,0.9074000120162964,0.907400,0.870850,0.156,227.7
1901,0.870817,,0.907400,0.870850,0.109,227.8
1902,0.869283,,0.907400,0.870850,0.113,227.9
1903,0.870267,,0.907400,0.870850,0.115,228.1
1904,0.869917,,0.907400,0.870850,0.112,228.2
1905,0.870117,,0.907400,0.870850,0.113,228.3
1906,0.870117,,0.907400,0.870850,0.113,228.4
1907,0.868167,,0.907400,0.870850,0.112,228.5
1908,0.870500,,0.907400,0.870850,0.113,228.6
1909,0.869733,,0.907400,0.870850,0.111,228.7
1910,0.870333,,0.907400,0.870850,0.112,228.8
1911,0.869917,,0.907400,0.870850,0.112,229.0
1912,0.870583,,0.907400,0.870850,0.112,229.1
1913,0.870267,,0.907400,0.870850,0.112,229.2
1914,0.868967,,0.907400,0.870850,0.113,229.3
1915,0.868917,,0.907400,0.870850,0.112,229.4
1916,0.869667,,0.907400,0.870850,0.112,229.5
1917,0.869417,,0.907400,0.870850,0.114,229.6
1918,0.868317,,0.907400,0.870850,0.115,229.7
1919,0.871033,,0.907400,0.871033,0.113,229.9
1920,0.870600,,0.907400,0.871033,0.113,230.0
1921,0.868350,,0.907400,0.871033,0.114,230.1
1922,0.870700,,0.907400,0.871033,0.113,230.2
1923,0.870350,,0.907400,0.871033,0.114,230.3
1924,0.871433,,0.907400,0.871433,0.113,230.4
1925,0.872033,,0.907400,0.872033,0.112,230.5
1926,0.871917,,0.907400,0.872033,0.116,230.7
1927,0.871533,,0.907400,0.872033,0.129,230.8
1928,0.870233,,0.907400,0.872033,0.113,230.9
1929,0.870217,,0.907400,0.872033,0.112,231.0
1930,0.871133,,0.907400,0.872033,0.113,231.1
1931,0.871300,,0.907400,0.872033,0.117,231.2
1932,0.869083,,0.907400,0.872033,0.130,231.4
1933,0.870667,,0.907400,0.872033,0.113,231.5
1934,0.871700,,0.907400,0.872033,0.114,231.6
1935,0.871367,,0.907400,0.872033,0.112,231.7
1936,0.869533,,0.907400,0.872033,0.113,231.8
1937,0.870783,,0.907400,0.872033,0.116,231.9
1938,0.870783,,0.907400,0.872033,0.128,232.1
1939,0.870500,,0.907400,0.872033,0.115,232.2
1940,0.871967,,0.907400,0.872033,0.116,232.3
1941,0.868567,,0.907400,0.872033,0.130,232.4
1942,0.872433,,0.907400,0.872433,0.115,232.5
1943,0.870500,,0.907400,0.872433,0.113,232.7
1944,0.871200,,0.907400,0.872433,0.112,232.8
1945,0.868950,,0.907400,0.872433,0.115,232.9
1946,0.870550,,0.907400,0.872433,0.116,233.0
1947,0.870667,,0.907400,0.872433,0.129,233.1
1948,0.870150,,0.907400,0.872433,0.115,233.2
1949,0.871400,,0.907400,0.872433,0.112,233.4
1950,0.871767,0.9050999879837036,0.907400,0.872433,0.137,233.5
1951,0.872233,,0.907400,0.872433,0.106,233.6
1952,0.870767,,0.907400,0.872433,0.113,233.7
1953,0.870900,,0.907400,0.872433,0.113,233.8
1954,0.869483,,0.907400,0.872433,0.113,233.9
1955,0.871600,,0.907400,0.872433,0.112,234.0
1956,0.870050,,0.907400,0.872433,0.112,234.2
1957,0.871100,,0.907400,0.872433,0.112,234.3
1958,0.871983,,0.907400,0.872433,0.121,234.4
1959,0.870833,,0.907400,0.872433,0.112,234.5
1960,0.871533,,0.907400,0.872433,0.112,234.6
1961,0.871733,,0.907400,0.872433,0.112,234.7
1962,0.872367,,0.907400,0.872433,0.111,234.8
1963,0.871467,,0.907400,0.872433,0.125,235.0
1964,0.871467,,0.907400,0.872433,0.115,235.1
1965,0.869867,,0.907400,0.872433,0.113,235.2
1966,0.871583,,0.907400,0.872433,0.113,235.3
1967,0.870200,,0.907400,0.872433,0.113,235.4
1968,0.871367,,0.907400,0.872433,0.111,235.5
1969,0.872467,,0.907400,0.872467,0.122,235.6
1970,0.870900,,0.907400,0.872467,0.130,235.8
1971,0.870483,,0.907400,0.872467,0.115,235.9
1972,0.872883,,0.907400,0.872883,0.115,236.0
1973,0.871100,,0.907400,0.872883,0.113,236.1
1974,0.871317,,0.907400,0.872883,0.113,236.2
1975,0.872217,,0.907400,0.872883,0.112,236.3
1976,0.872067,,0.907400,0.872883,0.113,236.5
1977,0.872350,,0.907400,0.872883,0.123,236.6
1978,0.870350,,0.907400,0.872883,0.112,236.7
1979,0.870850,,0.907400,0.872883,0.113,236.8
1980,0.871083,,0.907400,0.872883,0.113,236.9
1981,0.870250,,0.907400,0.872883,0.111,237.0
1982,0.873083,,0.907400,0.873083,0.112,237.1
1983,0.872133,,0.907400,0.873083,0.112,237.3
1984,0.873067,,0.907400,0.873083,0.117,237.4
1985,0.872483,,0.907400,0.873083,0.128,237.5
1986,0.872683,,0.907400,0.873083,0.114,237.6
1987,0.872483,,0.907400,0.873083,0.115,237.7
1988,0.871717,,0.907400,0.873083,0.113,237.8
1989,0.871883,,0.907400,0.873083,0.112,238.0
1990,0.872367,,0.907400,0.873083,0.117,238.1
1991,0.872983,,0.907400,0.873083,0.130,238.2
1992,0.872733,,0.907400,0.873083,0.113,238.3
1993,0.873450,,0.907400,0.873450,0.112,238.4
1994,0.871500,,0.907400,0.873450,0.113,238.5
1995,0.872983,,0.907400,0.873450,0.113,238.7
1996,0.872083,,0.907400,0.873450,0.112,238.8
1997,0.872133,,0.907400,0.873450,0.113,238.9
1998,0.872300,,0.907400,0.873450,0.115,239.0
1999,0.872800,,0.907400,0.873450,0.112,239.1
2000,0.872933,0.9061999917030334,0.907400,0.873450,0.139,239.2
2001,0.869933,,0.907400,0.873450,0.109,239.4
2002,0.869367,,0.907400,0.873450,0.114,239.5
2003,0.872867,,0.907400,0.873450,0.113,239.6
2004,0.871383,,0.907400,0.873450,0.118,239.7
2005,0.871533,,0.907400,0.873450,0.112,239.8
2006,0.870667,,0.907400,0.873450,0.112,239.9
2007,0.871917,,0.907400,0.873450,0.116,240.0
2008,0.870500,,0.907400,0.873450,0.124,240.2
2009,0.870750,,0.907400,0.873450,0.111,240.3
2010,0.871417,,0.907400,0.873450,0.112,240.4
2011,0.871617,,0.907400,0.873450,0.111,240.5
2012,0.871567,,0.907400,0.873450,0.109,240.6
2013,0.872850,,0.907400,0.873450,0.111,240.7
2014,0.873800,,0.907400,0.873800,0.111,240.8
2015,0.870367,,0.907400,0.873800,0.110,240.9
2016,0.874100,,0.907400,0.874100,0.111,241.1
2017,0.872750,,0.907400,0.874100,0.109,241.2
2018,0.873517,,0.907400,0.874100,0.110,241.3
2019,0.873583,,0.907400,0.874100,0.113,241.4
2020,0.871850,,0.907400,0.874100,0.112,241.5
2021,0.872033,,0.907400,0.874100,0.113,241.6
2022,0.874100,,0.907400,0.874100,0.116,241.7
2023,0.874483,,0.907400,0.874483,0.126,241.9
2024,0.871650,,0.907400,0.874483,0.112,242.0
2025,0.872550,,0.907400,0.874483,0.111,242.1
2026,0.872433,,0.907400,0.874483,0.112,242.2
2027,0.872817,,0.907400,0.874483,0.110,242.3
2028,0.872783,,0.907400,0.874483,0.111,242.4
2029,0.872500,,0.907400,0.874483,0.110,242.5
2030,0.871600,,0.907400,0.874483,0.111,242.6
2031,0.873400,,0.907400,0.874483,0.110,242.7
2032,0.873050,,0.907400,0.874483,0.111,242.8
2033,0.873267,,0.907400,0.874483,0.111,243.0
2034,0.874367,,0.907400,0.874483,0.111,243.1
2035,0.873483,,0.907400,0.874483,0.113,243.2
2036,0.872550,,0.907400,0.874483,0.126,243.3
2037,0.873133,,0.907400,0.874483,0.112,243.4
2038,0.872467,,0.907400,0.874483,0.113,243.5
2039,0.873650,,0.907400,0.874483,0.111,243.6
2040,0.874383,,0.907400,0.874483,0.112,243.8
2041,0.873817,,0.907400,0.874483,0.111,243.9
2042,0.873183,,0.907400,0.874483,0.111,244.0
2043,0.874367,,0.907400,0.874483,0.111,244.1
2044,0.872883,,0.907400,0.874483,0.111,244.2
2045,0.871717,,0.907400,0.874483,0.112,244.3
2046,0.875233,,0.907400,0.875233,0.112,244.4
2047,0.873333,,0.907400,0.875233,0.112,244.5
2048,0.872600,,0.907400,0.875233,0.111,244.6
2049,0.872150,,0.907400,0.875233,0.111,244.8
2050,0.874300,0.9059000015258789,0.907400,0.875233,0.134,244.9
2051,0.872650,,0.907400,0.875233,0.103,245.0
2052,0.874300,,0.907400,0.875233,0.112,245.1
2053,0.872933,,0.907400,0.875233,0.113,245.2
2054,0.874900,,0.907400,0.875233,0.111,245.3
2055,0.872333,,0.907400,0.875233,0.112,245.4
2056,0.873583,,0.907400,0.875233,0.110,245.6
2057,0.873483,,0.907400,0.875233,0.117,245.7
2058,0.872283,,0.907400,0.875233,0.123,245.8
2059,0.875517,,0.907400,0.875517,0.110,245.9
2060,0.875600,,0.907400,0.875600,0.110,246.0
2061,0.873500,,0.907400,0.875600,0.110,246.1
2062,0.874117,,0.907400,0.875600,0.112,246.2
2063,0.872800,,0.907400,0.875600,0.109,246.3
2064,0.874000,,0.907400,0.875600,0.110,246.5
2065,0.875383,,0.907400,0.875600,0.111,246.6
2066,0.873433,,0.907400,0.875600,0.111,246.7
2067,0.873267,,0.907400,0.875600,0.112,246.8
2068,0.872767,,0.907400,0.875600,0.111,246.9
2069,0.873300,,0.907400,0.875600,0.111,247.0
2070,0.874517,,0.907400,0.875600,0.111,247.1
2071,0.873117,,0.907400,0.875600,0.109,247.2
2072,0.875617,,0.907400,0.875617,0.109,247.3
2073,0.874933,,0.907400,0.875617,0.111,247.5
2074,0.875517,,0.907400,0.875617,0.110,247.6
2075,0.874550,,0.907400,0.875617,0.111,247.7
2076,0.874900,,0.907400,0.875617,0.112,247.8
2077,0.873983,,0.907400,0.875617,0.111,247.9
2078,0.873433,,0.907400,0.875617,0.111,248.0
2079,0.875117,,0.907400,0.875617,0.111,248.1
2080,0.875033,,0.907400,0.875617,0.110,248.2
2081,0.874700,,0.907400,0.875617,0.110,248.3
2082,0.875617,,0.907400,0.875617,0.110,248.4
2083,0.875433,,0.907400,0.875617,0.111,248.6
2084,0.875367,,0.907400,0.875617,0.111,248.7
2085,0.874600,,0.907400,0.875617,0.110,248.8
2086,0.875600,,0.907400,0.875617,0.111,248.9
2087,0.873817,,0.907400,0.875617,0.111,249.0
2088,0.875200,,0.907400,0.875617,0.112,249.1
2089,0.873550,,0.907400,0.875617,0.110,249.2
2090,0.874583,,0.907400,0.875617,0.110,249.3
2091,0.875267,,0.907400,0.875617,0.112,249.4
2092,0.876117,,0.907400,0.876117,0.111,249.6
2093,0.874500,,0.907400,0.876117,0.110,249.7
2094,0.873833,,0.907400,0.876117,0.111,249.8
2095,0.877000,,0.907400,0.877000,0.113,249.9
2096,0.876050,,0.907400,0.877000,0.112,250.0
2097,0.875950,,0.907400,0.877000,0.112,250.1
2098,0.876317,,0.907400,0.877000,0.111,250.2
2099,0.875783,,0.907400,0.877000,0.109,250.3
2100,0.874783,0.9075999855995178,0.907600,0.877000,0.137,250.5
2101,0.876133,,0.907600,0.877000,0.107,250.6
2102,0.875050,,0.907600,0.877000,0.111,250.7
2103,0.874567,,0.907600,0.877000,0.111,250.8
2104,0.877067,,0.907600,0.877067,0.111,250.9
2105,0.875167,,0.907600,0.877067,0.110,251.0
2106,0.875700,,0.907600,0.877067,0.111,251.1
2107,0.875083,,0.907600,0.877067,0.111,251.2
2108,0.874933,,0.907600,0.877067,0.111,251.4
2109,0.875350,,0.907600,0.877067,0.114,251.5
2110,0.874767,,0.907600,0.877067,0.123,251.6
2111,0.873917,,0.907600,0.877067,0.112,251.7
2112,0.874883,,0.907600,0.877067,0.110,251.8
2113,0.875300,,0.907600,0.877067,0.109,251.9
2114,0.875017,,0.907600,0.877067,0.111,252.0
2115,0.874733,,0.907600,0.877067,0.111,252.1
2116,0.875267,,0.907600,0.877067,0.111,252.3
2117,0.874333,,0.907600,0.877067,0.110,252.4
2118,0.876033,,0.907600,0.877067,0.110,252.5
2119,0.875183,,0.907600,0.877067,0.111,252.6
2120,0.874600,,0.907600,0.877067,0.110,252.7
2121,0.874000,,0.907600,0.877067,0.111,252.8
2122,0.875567,,0.907600,0.877067,0.110,252.9
2123,0.875983,,0.907600,0.877067,0.111,253.0
2124,0.876150,,0.907600,0.877067,0.113,253.1
2125,0.873283,,0.907600,0.877067,0.112,253.3
2126,0.876550,,0.907600,0.877067,0.113,253.4
2127,0.874100,,0.907600,0.877067,0.110,253.5
2128,0.874250,,0.907600,0.877067,0.111,253.6
2129,0.876217,,0.907600,0.877067,0.111,253.7
2130,0.875517,,0.907600,0.877067,0.110,253.8
2131,0.875300,,0.907600,0.877067,0.109,253.9
2132,0.875400,,0.907600,0.877067,0.114,254.0
2133,0.875317,,0.907600,0.877067,0.126,254.2
2134,0.875283,,0.907600,0.877067,0.111,254.3
2135,0.873967,,0.907600,0.877067,0.110,254.4
2136,0.876083,,0.907600,0.877067,0.112,254.5
2137,0.874900,,0.907600,0.877067,0.110,254.6
2138,0.874467,,0.907600,0.877067,0.110,254.7
2139,0.874233,,0.907600,0.877067,0.110,254.8
2140,0.875117,,0.907600,0.877067,0.110,254.9
2141,0.873817,,0.907600,0.877067,0.111,255.0
2142,0.875033,,0.907600,0.877067,0.110,255.2
2143,0.874367,,0.907600,0.877067,0.110,255.3
2144,0.875800,,0.907600,0.877067,0.126,255.4
2145,0.875983,,0.907600,0.877067,0.113,255.5
2146,0.875000,,0.907600,0.877067,0.112,255.6
2147,0.875733,,0.907600,0.877067,0.112,255.7
2148,0.876083,,0.907600,0.877067,0.113,255.8
2149,0.874800,,0.907600,0.877067,0.113,256.0
2150,0.874667,0.9065999984741211,0.907600,0.877067,0.137,256.1
2151,0.876550,,0.907600,0.877067,0.107,256.2
2152,0.875483,,0.907600,0.877067,0.115,256.3
2153,0.874217,,0.907600,0.877067,0.115,256.4
2154,0.875200,,0.907600,0.877067,0.113,256.5
2155,0.875450,,0.907600,0.877067,0.112,256.7
2156,0.874767,,0.907600,0.877067,0.112,256.8
2157,0.875867,,0.907600,0.877067,0.112,256.9
2158,0.876600,,0.907600,0.877067,0.111,257.0
2159,0.873650,,0.907600,0.877067,0.113,257.1
2160,0.877567,,0.907600,0.877567,0.111,257.2
2161,0.875550,,0.907600,0.877567,0.112,257.3
2162,0.875267,,0.907600,0.877567,0.113,257.4
2163,0.876150,,0.907600,0.877567,0.114,257.6
2164,0.876400,,0.907600,0.877567,0.112,257.7
2165,0.876133,,0.907600,0.877567,0.111,257.8
2166,0.875583,,0.907600,0.877567,0.111,257.9
2167,0.875100,,0.907600,0.877567,0.112,258.0
2168,0.876117,,0.907600,0.877567,0.117,258.1
2169,0.875967,,0.907600,0.877567,0.130,258.2
2170,0.876617,,0.907600,0.877567,0.114,258.4
2171,0.876250,,0.907600,0.877567,0.114,258.5
2172,0.874567,,0.907600,0.877567,0.114,258.6
2173,0.874583,,0.907600,0.877567,0.118,258.7
2174,0.876350,,0.907600,0.877567,0.130,258.8
2175,0.876767,,0.907600,0.877567,0.118,259.0
2176,0.874717,,0.907600,0.877567,0.127,259.1
2177,0.876500,,0.907600,0.877567,0.114,259.2
2178,0.875267,,0.907600,0.877567,0.113,259.3
2179,0.877000,,0.907600,0.877567,0.113,259.4
2180,0.877767,,0.907600,0.877767,0.112,259.5
2181,0.874983,,0.907600,0.877767,0.114,259.6
2182,0.876150,,0.907600,0.877767,0.114,259.8
2183,0.877567,,0.907600,0.877767,0.113,259.9
2184,0.876317,,0.907600,0.877767,0.112,260.0
2185,0.876133,,0.907600,0.877767,0.113,260.1
2186,0.878200,,0.907600,0.878200,0.113,260.2
2187,0.875183,,0.907600,0.878200,0.115,260.3
2188,0.878633,,0.907600,0.878633,0.113,260.4
2189,0.877383,,0.907600,0.878633,0.113,260.6
2190,0.876800,,0.907600,0.878633,0.113,260.7
2191,0.877933,,0.907600,0.878633,0.116,260.8
2192,0.877817,,0.907600,0.878633,0.129,260.9
2193,0.877250,,0.907600,0.878633,0.118,261.0
2194,0.877400,,0.907600,0.878633,0.128,261.2
2195,0.876183,,0.907600,0.878633,0.114,261.3
2196,0.876133,,0.907600,0.878633,0.113,261.4
2197,0.877100,,0.907600,0.878633,0.115,261.5
2198,0.878017,,0.907600,0.878633,0.114,261.6
2199,0.877450,,0.907600,0.878633,0.125,261.7
2200,0.876300,0.9059999585151672,0.907600,0.878633,0.143,261.9
2201,0.876633,,0.907600,0.878633,0.107,262.0
2202,0.877467,,0.907600,0.878633,0.115,262.1
2203,0.875883,,0.907600,0.878633,0.112,262.2
2204,0.877483,,0.907600,0.878633,0.131,262.3
2205,0.876750,,0.907600,0.878633,0.116,262.5
2206,0.875500,,0.907600,0.878633,0.115,262.6
2207,0.876783,,0.907600,0.878633,0.116,262.7
2208,0.875933,,0.907600,0.878633,0.116,262.8
2209,0.875400,,0.907600,0.878633,0.116,262.9
2210,0.876767,,0.907600,0.878633,0.117,263.0
2211,0.875600,,0.907600,0.878633,0.115,263.2
2212,0.876217,,0.907600,0.878633,0.115,263.3
2213,0.877083,,0.907600,0.878633,0.115,263.4
2214,0.876133,,0.907600,0.878633,0.114,263.5
2215,0.876983,,0.907600,0.878633,0.120,263.6
2216,0.877850,,0.907600,0.878633,0.112,263.7
2217,0.878433,,0.907600,0.878633,0.114,263.8
2218,0.875867,,0.907600,0.878633,0.114,264.0
2219,0.876750,,0.907600,0.878633,0.116,264.1
2220,0.876300,,0.907600,0.878633,0.114,264.2
2221,0.877183,,0.907600,0.878633,0.115,264.3
2222,0.876817,,0.907600,0.878633,0.113,264.4
2223,0.878367,,0.907600,0.878633,0.114,264.5
2224,0.876833,,0.907600,0.878633,0.121,264.7
2225,0.876917,,0.907600,0.878633,0.113,264.8
2226,0.877383,,0.907600,0.878633,0.115,264.9
2227,0.878933,,0.907600,0.878933,0.113,265.0
2228,0.877700,,0.907600,0.878933,0.120,265.1
2229,0.880133,,0.907600,0.880133,0.135,265.3
2230,0.877067,,0.907600,0.880133,0.134,265.4
2231,0.876933,,0.907600,0.880133,0.118,265.5
2232,0.877150,,0.907600,0.880133,0.131,265.6
2233,0.877433,,0.907600,0.880133,0.118,265.8
2234,0.877000,,0.907600,0.880133,0.123,265.9
2235,0.875550,,0.907600,0.880133,0.135,266.0
2236,0.877517,,0.907600,0.880133,0.118,266.1
2237,0.878300,,0.907600,0.880133,0.116,266.2
2238,0.878250,,0.907600,0.880133,0.115,266.4
2239,0.876833,,0.907600,0.880133,0.114,266.5
2240,0.876150,,0.907600,0.880133,0.114,266.6
2241,0.877883,,0.907600,0.880133,0.115,266.7
2242,0.877750,,0.907600,0.880133,0.113,266.8
2243,0.875367,,0.907600,0.880133,0.114,266.9
2244,0.877867,,0.907600,0.880133,0.113,267.0
2245,0.876533,,0.907600,0.880133,0.114,267.2
2246,0.877150,,0.907600,0.880133,0.114,267.3
2247,0.878850,,0.907600,0.880133,0.125,267.4
2248,0.876917,,0.907600,0.880133,0.115,267.5
2249,0.879000,,0.907600,0.880133,0.113,267.6
2250,0.878533,0.9089999198913574,0.909000,0.880133,0.139,267.8
2251,0.877850,,0.909000,0.880133,0.108,267.9
2252,0.878083,,0.909000,0.880133,0.114,268.0
2253,0.878217,,0.909000,0.880133,0.115,268.1
2254,0.877600,,0.909000,0.880133,0.114,268.2
2255,0.875250,,0.909000,0.880133,0.114,268.3
2256,0.878717,,0.909000,0.880133,0.113,268.4
2257,0.877350,,0.909000,0.880133,0.113,268.6
2258,0.876750,,0.909000,0.880133,0.112,268.7
2259,0.877617,,0.909000,0.880133,0.112,268.8
2260,0.876233,,0.909000,0.880133,0.116,268.9
2261,0.878583,,0.909000,0.880133,0.133,269.0
2262,0.876300,,0.909000,0.880133,0.129,269.2
2263,0.878333,,0.909000,0.880133,0.112,269.3
2264,0.876350,,0.909000,0.880133,0.113,269.4
2265,0.877733,,0.909000,0.880133,0.113,269.5
2266,0.877233,,0.909000,0.880133,0.114,269.6
2267,0.878167,,0.909000,0.880133,0.113,269.7
2268,0.878050,,0.909000,0.880133,0.113,269.8
2269,0.876583,,0.909000,0.880133,0.112,269.9
2270,0.877683,,0.909000,0.880133,0.114,270.1
2271,0.875517,,0.909000,0.880133,0.113,270.2
2272,0.877000,,0.909000,0.880133,0.112,270.3
2273,0.876017,,0.909000,0.880133,0.114,270.4
2274,0.876600,,0.909000,0.880133,0.114,270.5
2275,0.876683,,0.909000,0.880133,0.113,270.6
2276,0.876467,,0.909000,0.880133,0.114,270.7
2277,0.875950,,0.909000,0.880133,0.116,270.9
2278,0.877483,,0.909000,0.880133,0.131,271.0
2279,0.875833,,0.909000,0.880133,0.129,271.1
2280,0.875683,,0.909000,0.880133,0.113,271.2
2281,0.877400,,0.909000,0.880133,0.115,271.3
2282,0.876867,,0.909000,0.880133,0.113,271.5
2283,0.877767,,0.909000,0.880133,0.116,271.6
2284,0.876267,,0.909000,0.880133,0.130,271.7
2285,0.875683,,0.909000,0.880133,0.111,271.8
2286,0.876900,,0.909000,0.880133,0.113,271.9
2287,0.877550,,0.909000,0.880133,0.113,272.0
2288,0.876767,,0.909000,0.880133,0.114,272.2
2289,0.876617,,0.909000,0.880133,0.112,272.3
2290,0.876117,,0.909000,0.880133,0.113,272.4
2291,0.877633,,0.909000,0.880133,0.113,272.5
2292,0.875867,,0.909000,0.880133,0.113,272.6
2293,0.877633,,0.909000,0.880133,0.118,272.7
2294,0.875917,,0.909000,0.880133,0.128,272.8
2295,0.876617,,0.909000,0.880133,0.112,273.0
2296,0.876117,,0.909000,0.880133,0.113,273.1
2297,0.877467,,0.909000,0.880133,0.112,273.2
2298,0.876433,,0.909000,0.880133,0.116,273.3
2299,0.877983,,0.909000,0.880133,0.119,273.4
2300,0.877317,0.909500002861023,0.909500,0.880133,0.156,273.6
2301,0.875300,,0.909500,0.880133,0.108,273.7
2302,0.878183,,0.909500,0.880133,0.115,273.8
2303,0.876883,,0.909500,0.880133,0.112,273.9
2304,0.876617,,0.909500,0.880133,0.113,274.0
2305,0.877133,,0.909500,0.880133,0.112,274.1
2306,0.875533,,0.909500,0.880133,0.113,274.2
2307,0.877150,,0.909500,0.880133,0.111,274.4
2308,0.876750,,0.909500,0.880133,0.116,274.5
2309,0.877500,,0.909500,0.880133,0.113,274.6
2310,0.878283,,0.909500,0.880133,0.112,274.7
2311,0.877367,,0.909500,0.880133,0.114,274.8
2312,0.877583,,0.909500,0.880133,0.113,274.9
2313,0.878050,,0.909500,0.880133,0.112,275.0
2314,0.878567,,0.909500,0.880133,0.112,275.2
2315,0.878650,,0.909500,0.880133,0.112,275.3
2316,0.877467,,0.909500,0.880133,0.113,275.4
2317,0.878633,,0.909500,0.880133,0.111,275.5
2318,0.877417,,0.909500,0.880133,0.114,275.6
2319,0.878633,,0.909500,0.880133,0.115,275.7
2320,0.878783,,0.909500,0.880133,0.129,275.8
2321,0.877500,,0.909500,0.880133,0.113,276.0
2322,0.879017,,0.909500,0.880133,0.113,276.1
2323,0.877450,,0.909500,0.880133,0.112,276.2
2324,0.877950,,0.909500,0.880133,0.113,276.3
2325,0.877450,,0.909500,0.880133,0.115,276.4
2326,0.876733,,0.909500,0.880133,0.113,276.5
2327,0.877233,,0.909500,0.880133,0.113,276.6
2328,0.878700,,0.909500,0.880133,0.115,276.8
2329,0.880233,,0.909500,0.880233,0.114,276.9
2330,0.878933,,0.909500,0.880233,0.113,277.0
2331,0.879383,,0.909500,0.880233,0.112,277.1
2332,0.877633,,0.909500,0.880233,0.116,277.2
2333,0.879200,,0.909500,0.880233,0.129,277.3
2334,0.878500,,0.909500,0.880233,0.112,277.5
2335,0.879333,,0.909500,0.880233,0.113,277.6
2336,0.879150,,0.909500,0.880233,0.113,277.7
2337,0.877950,,0.909500,0.880233,0.113,277.8
2338,0.877383,,0.909500,0.880233,0.112,277.9
2339,0.877033,,0.909500,0.880233,0.112,278.0
2340,0.879000,,0.909500,0.880233,0.113,278.1
2341,0.878850,,0.909500,0.880233,0.114,278.2
2342,0.879600,,0.909500,0.880233,0.120,278.4
2343,0.880367,,0.909500,0.880367,0.116,278.5
2344,0.877450,,0.909500,0.880367,0.127,278.6
2345,0.878217,,0.909500,0.880367,0.112,278.7
2346,0.879333,,0.909500,0.880367,0.115,278.8
2347,0.878483,,0.909500,0.880367,0.129,279.0
2348,0.879100,,0.909500,0.880367,0.111,279.1
2349,0.879483,,0.909500,0.880367,0.111,279.2
2350,0.878300,0.9081000089645386,0.909500,0.880367,0.137,279.3
2351,0.880500,,0.909500,0.880500,0.105,279.4
2352,0.879150,,0.909500,0.880500,0.113,279.5
2353,0.880067,,0.909500,0.880500,0.111,279.6
2354,0.879117,,0.909500,0.880500,0.112,279.8
2355,0.879683,,0.909500,0.880500,0.113,279.9
2356,0.881383,,0.909500,0.881383,0.111,280.0
2357,0.879867,,0.909500,0.881383,0.113,280.1
2358,0.878567,,0.909500,0.881383,0.111,280.2
2359,0.880833,,0.909500,0.881383,0.112,280.3
2360,0.880533,,0.909500,0.881383,0.111,280.4
2361,0.880517,,0.909500,0.881383,0.111,280.5
2362,0.879767,,0.909500,0.881383,0.111,280.7
2363,0.879567,,0.909500,0.881383,0.111,280.8
2364,0.878967,,0.909500,0.881383,0.111,280.9
2365,0.880233,,0.909500,0.881383,0.111,281.0
2366,0.881317,,0.909500,0.881383,0.112,281.1
2367,0.879233,,0.909500,0.881383,0.112,281.2
2368,0.879533,,0.909500,0.881383,0.112,281.3
2369,0.880400,,0.909500,0.881383,0.111,281.4
2370,0.879650,,0.909500,0.881383,0.112,281.5
2371,0.880067,,0.909500,0.881383,0.113,281.7
2372,0.878950,,0.909500,0.881383,0.113,281.8
2373,0.879800,,0.909500,0.881383,0.113,281.9
2374,0.879783,,0.909500,0.881383,0.113,282.0
2375,0.880100,,0.909500,0.881383,0.111,282.1
2376,0.879567,,0.909500,0.881383,0.111,282.2
2377,0.881550,,0.909500,0.881550,0.118,282.3
2378,0.879383,,0.909500,0.881550,0.128,282.5
2379,0.881667,,0.909500,0.881667,0.114,282.6
2380,0.879567,,0.909500,0.881667,0.113,282.7
2381,0.879317,,0.909500,0.881667,0.113,282.8
2382,0.878917,,0.909500,0.881667,0.113,282.9
2383,0.879383,,0.909500,0.881667,0.113,283.0
2384,0.879950,,0.909500,0.881667,0.113,283.1
2385,0.879183,,0.909500,0.881667,0.112,283.3
2386,0.878967,,0.909500,0.881667,0.112,283.4
2387,0.878433,,0.909500,0.881667,0.111,283.5
2388,0.880333,,0.909500,0.881667,0.113,283.6
2389,0.881150,,0.909500,0.881667,0.113,283.7
2390,0.880567,,0.909500,0.881667,0.111,283.8
2391,0.880067,,0.909500,0.881667,0.112,283.9
2392,0.880883,,0.909500,0.881667,0.113,284.0
2393,0.880833,,0.909500,0.881667,0.113,284.2
2394,0.880250,,0.909500,0.881667,0.114,284.3
2395,0.879867,,0.909500,0.881667,0.112,284.4
2396,0.881050,,0.909500,0.881667,0.112,284.5
2397,0.881383,,0.909500,0.881667,0.113,284.6
2398,0.880117,,0.909500,0.881667,0.113,284.7
2399,0.879900,,0.909500,0.881667,0.113,284.8
2400,0.881050,0.9103999137878418,0.910400,0.881667,0.137,285.0
2401,0.879750,,0.910400,0.881667,0.109,285.1
2402,0.879617,,0.910400,0.881667,0.129,285.2
2403,0.881267,,0.910400,0.881667,0.114,285.3
2404,0.880267,,0.910400,0.881667,0.113,285.4
2405,0.878983,,0.910400,0.881667,0.112,285.5
2406,0.882250,,0.910400,0.882250,0.115,285.7
2407,0.880267,,0.910400,0.882250,0.132,285.8
2408,0.880883,,0.910400,0.882250,0.129,285.9
2409,0.879900,,0.910400,0.882250,0.118,286.0
2410,0.880783,,0.910400,0.882250,0.130,286.2
2411,0.880483,,0.910400,0.882250,0.118,286.3
2412,0.881250,,0.910400,0.882250,0.131,286.4
2413,0.881183,,0.910400,0.882250,0.128,286.5
2414,0.880100,,0.910400,0.882250,0.113,286.7
2415,0.881283,,0.910400,0.882250,0.112,286.8
2416,0.879317,,0.910400,0.882250,0.112,286.9
2417,0.880133,,0.910400,0.882250,0.112,287.0
2418,0.879450,,0.910400,0.882250,0.113,287.1
2419,0.880217,,0.910400,0.882250,0.115,287.2
2420,0.881067,,0.910400,0.882250,0.132,287.4
2421,0.880017,,0.910400,0.882250,0.129,287.5
2422,0.880233,,0.910400,0.882250,0.115,287.6
2423,0.879583,,0.910400,0.882250,0.110,287.7
2424,0.882667,,0.910400,0.882667,0.112,287.8
2425,0.880350,,0.910400,0.882667,0.112,287.9
2426,0.879633,,0.910400,0.882667,0.111,288.0
2427,0.880233,,0.910400,0.882667,0.111,288.2
2428,0.880800,,0.910400,0.882667,0.114,288.3
2429,0.879983,,0.910400,0.882667,0.111,288.4
2430,0.881133,,0.910400,0.882667,0.116,288.5
2431,0.880283,,0.910400,0.882667,0.129,288.6
2432,0.881667,,0.910400,0.882667,0.114,288.7
2433,0.882817,,0.910400,0.882817,0.112,288.8
2434,0.881867,,0.910400,0.882817,0.117,289.0
2435,0.882050,,0.910400,0.882817,0.128,289.1
2436,0.880350,,0.910400,0.882817,0.114,289.2
2437,0.880317,,0.910400,0.882817,0.115,289.3
2438,0.883050,,0.910400,0.883050,0.114,289.4
2439,0.882533,,0.910400,0.883050,0.113,289.5
2440,0.881633,,0.910400,0.883050,0.113,289.7
2441,0.881100,,0.910400,0.883050,0.126,289.8
2442,0.881217,,0.910400,0.883050,0.126,289.9
2443,0.881400,,0.910400,0.883050,0.112,290.0
2444,0.880083,,0.910400,0.883050,0.113,290.1
2445,0.881517,,0.910400,0.883050,0.111,290.3
2446,0.882200,,0.910400,0.883050,0.113,290.4
2447,0.880283,,0.910400,0.883050,0.116,290.5
2448,0.880800,,0.910400,0.883050,0.114,290.6
2449,0.880333,,0.910400,0.883050,0.113,290.7
2450,0.879117,0.9081999659538269,0.910400,0.883050,0.138,290.8
2451,0.881217,,0.910400,0.883050,0.106,291.0
2452,0.881417,,0.910400,0.883050,0.113,291.1
2453,0.881283,,0.910400,0.883050,0.111,291.2
2454,0.882017,,0.910400,0.883050,0.112,291.3
2455,0.880717,,0.910400,0.883050,0.114,291.4
2456,0.882433,,0.910400,0.883050,0.115,291.5
2457,0.883050,,0.910400,0.883050,0.112,291.6
2458,0.882133,,0.910400,0.883050,0.112,291.7
2459,0.881817,,0.910400,0.883050,0.115,291.9
2460,0.881017,,0.910400,0.883050,0.128,292.0
2461,0.881417,,0.910400,0.883050,0.111,292.1
2462,0.881217,,0.910400,0.883050,0.112,292.2
2463,0.880350,,0.910400,0.883050,0.115,292.3
2464,0.882233,,0.910400,0.883050,0.112,292.4
2465,0.881267,,0.910400,0.883050,0.112,292.5
2466,0.881750,,0.910400,0.883050,0.113,292.7
2467,0.881800,,0.910400,0.883050,0.113,292.8
2468,0.881383,,0.910400,0.883050,0.112,292.9
2469,0.882267,,0.910400,0.883050,0.111,293.0
2470,0.881567,,0.910400,0.883050,0.112,293.1
2471,0.881283,,0.910400,0.883050,0.112,293.2
2472,0.881617,,0.910400,0.883050,0.112,293.3
2473,0.881283,,0.910400,0.883050,0.117,293.4
2474,0.882400,,0.910400,0.883050,0.130,293.6
2475,0.881700,,0.910400,0.883050,0.114,293.7
2476,0.881633,,0.910400,0.883050,0.115,293.8
2477,0.881500,,0.910400,0.883050,0.129,293.9
2478,0.880483,,0.910400,0.883050,0.113,294.0
2479,0.880917,,0.910400,0.883050,0.111,294.2
2480,0.881500,,0.910400,0.883050,0.112,294.3
2481,0.883350,,0.910400,0.883350,0.111,294.4
2482,0.880500,,0.910400,0.883350,0.111,294.5
2483,0.883217,,0.910400,0.883350,0.112,294.6
2484,0.882600,,0.910400,0.883350,0.115,294.7
2485,0.881317,,0.910400,0.883350,0.113,294.8
2486,0.882467,,0.910400,0.883350,0.116,294.9
2487,0.882133,,0.910400,0.883350,0.129,295.1
2488,0.881183,,0.910400,0.883350,0.125,295.2
2489,0.880100,,0.910400,0.883350,0.112,295.3
2490,0.881900,,0.910400,0.883350,0.110,295.4
2491,0.881150,,0.910400,0.883350,0.114,295.5
2492,0.880550,,0.910400,0.883350,0.131,295.7
2493,0.881217,,0.910400,0.883350,0.127,295.8
2494,0.881650,,0.910400,0.883350,0.111,295.9
2495,0.880900,,0.910400,0.883350,0.112,296.0
2496,0.880833,,0.910400,0.883350,0.115,296.1
2497,0.882050,,0.910400,0.883350,0.125,296.3
2498,0.884250,,0.910400,0.884250,0.111,296.4
2499,0.880233,,0.910400,0.884250,0.116,296.5
2500,0.883233,0.9101999402046204,0.910400,0.884250,0.156,296.6
2501,0.882200,,0.910400,0.884250,0.124,296.8
2502,0.881783,,0.910400,0.884250,0.132,296.9
2503,0.879733,,0.910400,0.884250,0.126,297.0
2504,0.881567,,0.910400,0.884250,0.112,297.1
2505,0.882283,,0.910400,0.884250,0.112,297.2
2506,0.882650,,0.910400,0.884250,0.117,297.4
2507,0.882683,,0.910400,0.884250,0.114,297.5
2508,0.881883,,0.910400,0.884250,0.129,297.6
2509,0.882217,,0.910400,0.884250,0.125,297.7
2510,0.882333,,0.910400,0.884250,0.112,297.8
2511,0.880467,,0.910400,0.884250,0.113,298.0
2512,0.882333,,0.910400,0.884250,0.110,298.1
2513,0.882583,,0.910400,0.884250,0.115,298.2
2514,0.882533,,0.910400,0.884250,0.127,298.3
2515,0.881817,,0.910400,0.884250,0.111,298.4
2516,0.880550,,0.910400,0.884250,0.111,298.5
2517,0.883483,,0.910400,0.884250,0.111,298.6
2518,0.883100,,0.910400,0.884250,0.115,298.8
2519,0.882200,,0.910400,0.884250,0.127,298.9
2520,0.880450,,0.910400,0.884250,0.113,299.0
2521,0.882833,,0.910400,0.884250,0.111,299.1
2522,0.881750,,0.910400,0.884250,0.114,299.2
2523,0.881633,,0.910400,0.884250,0.129,299.3
2524,0.882067,,0.910400,0.884250,0.126,299.5
2525,0.881733,,0.910400,0.884250,0.111,299.6
2526,0.883750,,0.910400,0.884250,0.110,299.7
2527,0.880750,,0.910400,0.884250,0.111,299.8
2528,0.881650,,0.910400,0.884250,0.114,299.9
2529,0.881183,,0.910400,0.884250,0.126,300.0
2530,0.881717,,0.910400,0.884250,0.111,300.2
2531,0.882583,,0.910400,0.884250,0.111,300.3
2532,0.882950,,0.910400,0.884250,0.111,300.4
2533,0.881533,,0.910400,0.884250,0.113,300.5
2534,0.882067,,0.910400,0.884250,0.111,300.6
2535,0.880883,,0.910400,0.884250,0.112,300.7
2536,0.881450,,0.910400,0.884250,0.110,300.8
2537,0.881017,,0.910400,0.884250,0.110,300.9
2538,0.882800,,0.910400,0.884250,0.110,301.0
2539,0.882067,,0.910400,0.884250,0.111,301.2
2540,0.881217,,0.910400,0.884250,0.110,301.3
2541,0.881417,,0.910400,0.884250,0.111,301.4
2542,0.881050,,0.910400,0.884250,0.114,301.5
2543,0.883183,,0.910400,0.884250,0.126,301.6
2544,0.882783,,0.910400,0.884250,0.111,301.7
2545,0.882267,,0.910400,0.884250,0.110,301.8
2546,0.883367,,0.910400,0.884250,0.111,301.9
2547,0.882283,,0.910400,0.884250,0.111,302.1
2548,0.883067,,0.910400,0.884250,0.110,302.2
2549,0.882617,,0.910400,0.884250,0.110,302.3
2550,0.881750,0.9124000668525696,0.912400,0.884250,0.135,302.4
2551,0.881450,,0.912400,0.884250,0.107,302.5
2552,0.883100,,0.912400,0.884250,0.126,302.6
2553,0.881917,,0.912400,0.884250,0.111,302.8
2554,0.881817,,0.912400,0.884250,0.111,302.9
2555,0.881467,,0.912400,0.884250,0.110,303.0
2556,0.882783,,0.912400,0.884250,0.111,303.1
2557,0.881483,,0.912400,0.884250,0.113,303.2
2558,0.883967,,0.912400,0.884250,0.111,303.3
2559,0.881350,,0.912400,0.884250,0.109,303.4
2560,0.881917,,0.912400,0.884250,0.115,303.5
2561,0.882300,,0.912400,0.884250,0.127,303.7
2562,0.881950,,0.912400,0.884250,0.110,303.8
2563,0.883483,,0.912400,0.884250,0.111,303.9
2564,0.882867,,0.912400,0.884250,0.110,304.0
2565,0.881683,,0.912400,0.884250,0.115,304.1
2566,0.882100,,0.912400,0.884250,0.125,304.2
2567,0.883567,,0.912400,0.884250,0.111,304.3
2568,0.883283,,0.912400,0.884250,0.114,304.5
2569,0.883300,,0.912400,0.884250,0.126,304.6
2570,0.883633,,0.912400,0.884250,0.114,304.7
2571,0.883600,,0.912400,0.884250,0.126,304.8
2572,0.884000,,0.912400,0.884250,0.114,304.9
2573,0.882267,,0.912400,0.884250,0.126,305.1
2574,0.881783,,0.912400,0.884250,0.111,305.2
2575,0.882817,,0.912400,0.884250,0.112,305.3
2576,0.882117,,0.912400,0.884250,0.110,305.4
2577,0.883467,,0.912400,0.884250,0.111,305.5
2578,0.882867,,0.912400,0.884250,0.110,305.6
2579,0.882633,,0.912400,0.884250,0.111,305.7
2580,0.883217,,0.912400,0.884250,0.115,305.8
2581,0.881950,,0.912400,0.884250,0.126,306.0
2582,0.881500,,0.912400,0.884250,0.115,306.1
2583,0.882167,,0.912400,0.884250,0.130,306.2
2584,0.882983,,0.912400,0.884250,0.125,306.3
2585,0.883467,,0.912400,0.884250,0.111,306.5
2586,0.883933,,0.912400,0.884250,0.111,306.6
2587,0.881933,,0.912400,0.884250,0.111,306.7
2588,0.884367,,0.912400,0.884367,0.110,306.8
2589,0.882867,,0.912400,0.884367,0.111,306.9
2590,0.883167,,0.912400,0.884367,0.112,307.0
2591,0.883783,,0.912400,0.884367,0.111,307.1
2592,0.882383,,0.912400,0.884367,0.111,307.2
2593,0.882433,,0.912400,0.884367,0.115,307.3
2594,0.882333,,0.912400,0.884367,0.126,307.5
2595,0.882317,,0.912400,0.884367,0.112,307.6
2596,0.883133,,0.912400,0.884367,0.111,307.7
2597,0.882867,,0.912400,0.884367,0.111,307.8
2598,0.882100,,0.912400,0.884367,0.115,307.9
2599,0.882117,,0.912400,0.884367,0.126,308.1
2600,0.884000,0.9108999967575073,0.912400,0.884367,0.137,308.2
2601,0.884000,,0.912400,0.884367,0.106,308.3
2602,0.881117,,0.912400,0.884367,0.116,308.4
2603,0.881900,,0.912400,0.884367,0.125,308.5
2604,0.883033,,0.912400,0.884367,0.111,308.6
2605,0.882717,,0.912400,0.884367,0.111,308.8
2606,0.882117,,0.912400,0.884367,0.114,308.9
2607,0.882867,,0.912400,0.884367,0.125,309.0
2608,0.883800,,0.912400,0.884367,0.114,309.1
2609,0.881050,,0.912400,0.884367,0.119,309.2
2610,0.882400,,0.912400,0.884367,0.113,309.3
2611,0.882600,,0.912400,0.884367,0.112,309.5
2612,0.882717,,0.912400,0.884367,0.119,309.6
2613,0.881967,,0.912400,0.884367,0.126,309.7
2614,0.882767,,0.912400,0.884367,0.112,309.8
2615,0.883567,,0.912400,0.884367,0.111,309.9
2616,0.883583,,0.912400,0.884367,0.110,310.0
2617,0.881517,,0.912400,0.884367,0.111,310.1
2618,0.883317,,0.912400,0.884367,0.111,310.3
2619,0.884383,,0.912400,0.884383,0.115,310.4
2620,0.883950,,0.912400,0.884383,0.127,310.5
2621,0.882417,,0.912400,0.884383,0.111,310.6
2622,0.882233,,0.912400,0.884383,0.114,310.7
2623,0.882350,,0.912400,0.884383,0.126,310.8
2624,0.883483,,0.912400,0.884383,0.112,311.0
2625,0.881983,,0.912400,0.884383,0.112,311.1
2626,0.883800,,0.912400,0.884383,0.109,311.2
2627,0.884183,,0.912400,0.884383,0.111,311.3
2628,0.883717,,0.912400,0.884383,0.111,311.4
2629,0.882850,,0.912400,0.884383,0.109,311.5
2630,0.882267,,0.912400,0.884383,0.113,311.6
2631,0.882183,,0.912400,0.884383,0.126,311.7
2632,0.883367,,0.912400,0.884383,0.112,311.9
2633,0.883300,,0.912400,0.884383,0.112,312.0
2634,0.883383,,0.912400,0.884383,0.111,312.1
2635,0.882250,,0.912400,0.884383,0.112,312.2
2636,0.883983,,0.912400,0.884383,0.110,312.3
2637,0.884033,,0.912400,0.884383,0.111,312.4
2638,0.882733,,0.912400,0.884383,0.112,312.5
2639,0.883217,,0.912400,0.884383,0.111,312.6
2640,0.884317,,0.912400,0.884383,0.111,312.7
2641,0.882817,,0.912400,0.884383,0.113,312.9
2642,0.882767,,0.912400,0.884383,0.114,313.0
2643,0.883800,,0.912400,0.884383,0.129,313.1
2644,0.882100,,0.912400,0.884383,0.126,313.2
2645,0.883467,,0.912400,0.884383,0.111,313.3
2646,0.883683,,0.912400,0.884383,0.126,313.5
2647,0.884533,,0.912400,0.884533,0.111,313.6
2648,0.883667,,0.912400,0.884533,0.112,313.7
2649,0.883500,,0.912400,0.884533,0.110,313.8
2650,0.884717,0.913100004196167,0.913100,0.884717,0.140,313.9
2651,0.883633,,0.913100,0.884717,0.123,314.1
2652,0.883450,,0.913100,0.884717,0.111,314.2
2653,0.884083,,0.913100,0.884717,0.115,314.3
2654,0.884167,,0.913100,0.884717,0.127,314.4
2655,0.884100,,0.913100,0.884717,0.113,314.5
2656,0.884467,,0.913100,0.884717,0.113,314.6
2657,0.883367,,0.913100,0.884717,0.111,314.8
2658,0.881850,,0.913100,0.884717,0.110,314.9
2659,0.884117,,0.913100,0.884717,0.115,315.0
2660,0.884050,,0.913100,0.884717,0.131,315.1
2661,0.883983,,0.913100,0.884717,0.127,315.2
2662,0.881300,,0.913100,0.884717,0.116,315.4
2663,0.883567,,0.913100,0.884717,0.126,315.5
2664,0.883317,,0.913100,0.884717,0.117,315.6
2665,0.885050,,0.913100,0.885050,0.126,315.7
2666,0.882983,,0.913100,0.885050,0.111,315.8
2667,0.883300,,0.913100,0.885050,0.126,316.0
2668,0.884250,,0.913100,0.885050,0.128,316.1
2669,0.883800,,0.913100,0.885050,0.113,316.2
2670,0.885167,,0.913100,0.885167,0.111,316.3
2671,0.886050,,0.913100,0.886050,0.113,316.4
2672,0.885050,,0.913100,0.886050,0.111,316.5
2673,0.881817,,0.913100,0.886050,0.112,316.6
2674,0.883383,,0.913100,0.886050,0.115,316.8
2675,0.884383,,0.913100,0.886050,0.127,316.9
2676,0.883783,,0.913100,0.886050,0.113,317.0
2677,0.882983,,0.913100,0.886050,0.112,317.1
2678,0.885083,,0.913100,0.886050,0.113,317.2
2679,0.884883,,0.913100,0.886050,0.114,317.3
2680,0.882917,,0.913100,0.886050,0.127,317.5
2681,0.884650,,0.913100,0.886050,0.116,317.6
2682,0.884333,,0.913100,0.886050,0.126,317.7
2683,0.885483,,0.913100,0.886050,0.110,317.8
2684,0.884167,,0.913100,0.886050,0.116,317.9
2685,0.884083,,0.913100,0.886050,0.126,318.1
2686,0.884017,,0.913100,0.886050,0.114,318.2
2687,0.884567,,0.913100,0.886050,0.110,318.3
2688,0.883867,,0.913100,0.886050,0.111,318.4
2689,0.883783,,0.913100,0.886050,0.116,318.5
2690,0.884583,,0.913100,0.886050,0.127,318.6
2691,0.883600,,0.913100,0.886050,0.111,318.7
2692,0.883850,,0.913100,0.886050,0.112,318.9
2693,0.884500,,0.913100,0.886050,0.112,319.0
2694,0.883617,,0.913100,0.886050,0.111,319.1
2695,0.883633,,0.913100,0.886050,0.110,319.2
2696,0.885483,,0.913100,0.886050,0.113,319.3
2697,0.884200,,0.913100,0.886050,0.122,319.4
2698,0.884233,,0.913100,0.886050,0.111,319.5
2699,0.885517,,0.913100,0.886050,0.116,319.7
2700,0.884117,0.914900004863739,0.914900,0.886050,0.153,319.8
2701,0.884933,,0.914900,0.886050,0.105,319.9
2702,0.884483,,0.914900,0.886050,0.110,320.0
2703,0.883933,,0.914900,0.886050,0.110,320.1
2704,0.885100,,0.914900,0.886050,0.111,320.2
2705,0.885717,,0.914900,0.886050,0.112,320.4
2706,0.885133,,0.914900,0.886050,0.112,320.5
2707,0.883383,,0.914900,0.886050,0.110,320.6
2708,0.885983,,0.914900,0.886050,0.110,320.7
2709,0.883517,,0.914900,0.886050,0.111,320.8
2710,0.886200,,0.914900,0.886200,0.109,320.9
2711,0.885317,,0.914900,0.886200,0.110,321.0
2712,0.885300,,0.914900,0.886200,0.110,321.1
2713,0.884833,,0.914900,0.886200,0.112,321.2
2714,0.884167,,0.914900,0.886200,0.115,321.4
2715,0.884450,,0.914900,0.886200,0.111,321.5
2716,0.884233,,0.914900,0.886200,0.112,321.6
2717,0.885367,,0.914900,0.886200,0.113,321.7
2718,0.883950,,0.914900,0.886200,0.127,321.8
2719,0.885333,,0.914900,0.886200,0.109,321.9
2720,0.884783,,0.914900,0.886200,0.110,322.0
2721,0.884583,,0.914900,0.886200,0.114,322.1
2722,0.885517,,0.914900,0.886200,0.131,322.3
2723,0.884850,,0.914900,0.886200,0.125,322.4
2724,0.885783,,0.914900,0.886200,0.111,322.5
2725,0.883733,,0.914900,0.886200,0.111,322.6
2726,0.885400,,0.914900,0.886200,0.111,322.7
2727,0.885233,,0.914900,0.886200,0.115,322.9
2728,0.885450,,0.914900,0.886200,0.123,323.0
2729,0.884433,,0.914900,0.886200,0.112,323.1
2730,0.885100,,0.914900,0.886200,0.115,323.2
2731,0.886850,,0.914900,0.886850,0.128,323.3
2732,0.885650,,0.914900,0.886850,0.111,323.4
2733,0.884167,,0.914900,0.886850,0.114,323.6
2734,0.885133,,0.914900,0.886850,0.127,323.7
2735,0.884533,,0.914900,0.886850,0.113,323.8
2736,0.884150,,0.914900,0.886850,0.109,323.9
2737,0.885833,,0.914900,0.886850,0.112,324.0
2738,0.883783,,0.914900,0.886850,0.110,324.1
2739,0.885983,,0.914900,0.886850,0.116,324.2
2740,0.884233,,0.914900,0.886850,0.128,324.4
2741,0.884700,,0.914900,0.886850,0.112,324.5
2742,0.884683,,0.914900,0.886850,0.111,324.6
2743,0.885383,,0.914900,0.886850,0.112,324.7
2744,0.884900,,0.914900,0.886850,0.116,324.8
2745,0.884683,,0.914900,0.886850,0.125,324.9
2746,0.884283,,0.914900,0.886850,0.112,325.1
2747,0.885767,,0.914900,0.886850,0.111,325.2
2748,0.885700,,0.914900,0.886850,0.113,325.3
2749,0.886017,,0.914900,0.886850,0.111,325.4
2750,0.883450,0.9124999642372131,0.914900,0.886850,0.137,325.5
2751,0.886850,,0.914900,0.886850,0.105,325.6
2752,0.884183,,0.914900,0.886850,0.114,325.7
2753,0.884417,,0.914900,0.886850,0.125,325.9
2754,0.883950,,0.914900,0.886850,0.111,326.0
2755,0.883250,,0.914900,0.886850,0.114,326.1
2756,0.883333,,0.914900,0.886850,0.125,326.2
2757,0.885833,,0.914900,0.886850,0.123,326.3
2758,0.882867,,0.914900,0.886850,0.132,326.5
2759,0.885250,,0.914900,0.886850,0.127,326.6
2760,0.885133,,0.914900,0.886850,0.116,326.7
2761,0.884950,,0.914900,0.886850,0.122,326.8
2762,0.883933,,0.914900,0.886850,0.112,327.0
2763,0.886517,,0.914900,0.886850,0.113,327.1
2764,0.882717,,0.914900,0.886850,0.112,327.2
2765,0.886133,,0.914900,0.886850,0.112,327.3
2766,0.883117,,0.914900,0.886850,0.113,327.4
2767,0.883500,,0.914900,0.886850,0.113,327.5
2768,0.885117,,0.914900,0.886850,0.113,327.6
2769,0.885233,,0.914900,0.886850,0.117,327.7
2770,0.885683,,0.914900,0.886850,0.128,327.9
2771,0.885300,,0.914900,0.886850,0.113,328.0
2772,0.885483,,0.914900,0.886850,0.112,328.1
2773,0.885900,,0.914900,0.886850,0.111,328.2
2774,0.886067,,0.914900,0.886850,0.119,328.3
2775,0.886333,,0.914900,0.886850,0.117,328.4
2776,0.884850,,0.914900,0.886850,0.125,328.6
2777,0.885400,,0.914900,0.886850,0.117,328.7
2778,0.883933,,0.914900,0.886850,0.109,328.8
2779,0.883150,,0.914900,0.886850,0.115,328.9
2780,0.884983,,0.914900,0.886850,0.128,329.0
2781,0.886683,,0.914900,0.886850,0.130,329.2
2782,0.884933,,0.914900,0.886850,0.126,329.3
2783,0.883617,,0.914900,0.886850,0.117,329.4
2784,0.885367,,0.914900,0.886850,0.124,329.5
2785,0.885733,,0.914900,0.886850,0.113,329.7
2786,0.884400,,0.914900,0.886850,0.115,329.8
2787,0.885050,,0.914900,0.886850,0.114,329.9
2788,0.886183,,0.914900,0.886850,0.116,330.0
2789,0.885150,,0.914900,0.886850,0.130,330.1
2790,0.884717,,0.914900,0.886850,0.129,330.3
2791,0.885500,,0.914900,0.886850,0.131,330.4
2792,0.886767,,0.914900,0.886850,0.130,330.5
2793,0.883683,,0.914900,0.886850,0.132,330.7
2794,0.884350,,0.914900,0.886850,0.131,330.8
2795,0.884383,,0.914900,0.886850,0.119,330.9
2796,0.884583,,0.914900,0.886850,0.129,331.0
2797,0.886267,,0.914900,0.886850,0.120,331.1
2798,0.883800,,0.914900,0.886850,0.130,331.3
2799,0.886083,,0.914900,0.886850,0.128,331.4
2800,0.885467,0.9123000502586365,0.914900,0.886850,0.138,331.5
2801,0.884483,,0.914900,0.886850,0.110,331.7
2802,0.887233,,0.914900,0.887233,0.132,331.8
2803,0.885867,,0.914900,0.887233,0.130,331.9
2804,0.885967,,0.914900,0.887233,0.126,332.0
2805,0.886567,,0.914900,0.887233,0.111,332.2
2806,0.884200,,0.914900,0.887233,0.111,332.3
2807,0.885550,,0.914900,0.887233,0.111,332.4
2808,0.885717,,0.914900,0.887233,0.116,332.5
2809,0.885300,,0.914900,0.887233,0.125,332.6
2810,0.884300,,0.914900,0.887233,0.114,332.7
2811,0.885317,,0.914900,0.887233,0.128,332.9
2812,0.884567,,0.914900,0.887233,0.126,333.0
2813,0.885850,,0.914900,0.887233,0.115,333.1
2814,0.885450,,0.914900,0.887233,0.126,333.2
2815,0.884733,,0.914900,0.887233,0.111,333.3
2816,0.885017,,0.914900,0.887233,0.115,333.4
2817,0.884683,,0.914900,0.887233,0.126,333.6
2818,0.885333,,0.914900,0.887233,0.114,333.7
2819,0.885633,,0.914900,0.887233,0.128,333.8
2820,0.885550,,0.914900,0.887233,0.127,333.9
2821,0.886550,,0.914900,0.887233,0.110,334.1
2822,0.886267,,0.914900,0.887233,0.124,334.2
2823,0.885550,,0.914900,0.887233,0.125,334.3
2824,0.884933,,0.914900,0.887233,0.112,334.4
2825,0.885150,,0.914900,0.887233,0.113,334.5
2826,0.884967,,0.914900,0.887233,0.131,334.7
2827,0.885700,,0.914900,0.887233,0.126,334.8
2828,0.885767,,0.914900,0.887233,0.111,334.9
2829,0.886150,,0.914900,0.887233,0.113,335.0
2830,0.884667,,0.914900,0.887233,0.113,335.1
2831,0.886200,,0.914900,0.887233,0.111,335.2
2832,0.884250,,0.914900,0.887233,0.111,335.3
2833,0.886417,,0.914900,0.887233,0.110,335.5
2834,0.884917,,0.914900,0.887233,0.110,335.6
2835,0.884450,,0.914900,0.887233,0.109,335.7
2836,0.885767,,0.914900,0.887233,0.112,335.8
2837,0.886300,,0.914900,0.887233,0.111,335.9
2838,0.885633,,0.914900,0.887233,0.114,336.0
2839,0.884167,,0.914900,0.887233,0.126,336.1
2840,0.884650,,0.914900,0.887233,0.115,336.3
2841,0.885250,,0.914900,0.887233,0.127,336.4
2842,0.885233,,0.914900,0.887233,0.109,336.5
2843,0.883983,,0.914900,0.887233,0.113,336.6
2844,0.887300,,0.914900,0.887300,0.129,336.7
2845,0.886450,,0.914900,0.887300,0.127,336.9
2846,0.884583,,0.914900,0.887300,0.113,337.0
2847,0.886233,,0.914900,0.887300,0.111,337.1
2848,0.887067,,0.914900,0.887300,0.113,337.2
2849,0.885650,,0.914900,0.887300,0.127,337.3
2850,0.886017,0.9092999696731567,0.914900,0.887300,0.138,337.5
2851,0.888033,,0.914900,0.888033,0.103,337.6
2852,0.885233,,0.914900,0.888033,0.115,337.7
2853,0.885417,,0.914900,0.888033,0.126,337.8
2854,0.885917,,0.914900,0.888033,0.116,337.9
2855,0.886083,,0.914900,0.888033,0.119,338.0
2856,0.886583,,0.914900,0.888033,0.113,338.2
2857,0.884733,,0.914900,0.888033,0.113,338.3
2858,0.886933,,0.914900,0.888033,0.114,338.4
2859,0.885133,,0.914900,0.888033,0.113,338.5
2860,0.887667,,0.914900,0.888033,0.115,338.6
2861,0.885867,,0.914900,0.888033,0.128,338.7
2862,0.886733,,0.914900,0.888033,0.127,338.9
2863,0.885500,,0.914900,0.888033,0.111,339.0
2864,0.885517,,0.914900,0.888033,0.115,339.1
2865,0.884267,,0.914900,0.888033,0.128,339.2
2866,0.886467,,0.914900,0.888033,0.129,339.3
2867,0.885417,,0.914900,0.888033,0.125,339.5
2868,0.886550,,0.914900,0.888033,0.111,339.6
2869,0.885833,,0.914900,0.888033,0.111,339.7
2870,0.885833,,0.914900,0.888033,0.111,339.8
2871,0.886067,,0.914900,0.888033,0.110,339.9
2872,0.886867,,0.914900,0.888033,0.111,340.0
2873,0.886250,,0.914900,0.888033,0.115,340.1
2874,0.886167,,0.914900,0.888033,0.126,340.3
2875,0.885633,,0.914900,0.888033,0.115,340.4
2876,0.885317,,0.914900,0.888033,0.126,340.5
2877,0.886083,,0.914900,0.888033,0.115,340.6
2878,0.885050,,0.914900,0.888033,0.126,340.7
2879,0.885250,,0.914900,0.888033,0.112,340.9
2880,0.885617,,0.914900,0.888033,0.113,341.0
2881,0.887183,,0.914900,0.888033,0.127,341.1
2882,0.885567,,0.914900,0.888033,0.125,341.2
2883,0.885667,,0.914900,0.888033,0.112,341.3
2884,0.885900,,0.914900,0.888033,0.110,341.4
2885,0.886317,,0.914900,0.888033,0.112,341.6
2886,0.887150,,0.914900,0.888033,0.116,341.7
2887,0.884750,,0.914900,0.888033,0.126,341.8
2888,0.884233,,0.914900,0.888033,0.112,341.9
2889,0.886083,,0.914900,0.888033,0.111,342.0
2890,0.884500,,0.914900,0.888033,0.110,342.1
2891,0.885583,,0.914900,0.888033,0.111,342.2
2892,0.886000,,0.914900,0.888033,0.110,342.4
2893,0.886600,,0.914900,0.888033,0.115,342.5
2894,0.886250,,0.914900,0.888033,0.124,342.6
2895,0.886533,,0.914900,0.888033,0.114,342.7
2896,0.885100,,0.914900,0.888033,0.125,342.8
2897,0.885200,,0.914900,0.888033,0.111,342.9
2898,0.886050,,0.914900,0.888033,0.114,343.1
2899,0.885283,,0.914900,0.888033,0.126,343.2
2900,0.886367,0.9100999236106873,0.914900,0.888033,0.137,343.3
2901,0.884217,,0.914900,0.888033,0.106,343.4
2902,0.884433,,0.914900,0.888033,0.125,343.6
2903,0.884683,,0.914900,0.888033,0.117,343.7
2904,0.885150,,0.914900,0.888033,0.125,343.8
2905,0.886200,,0.914900,0.888033,0.111,343.9
2906,0.886350,,0.914900,0.888033,0.115,344.0
2907,0.886167,,0.914900,0.888033,0.125,344.1
2908,0.886200,,0.914900,0.888033,0.113,344.3
2909,0.886683,,0.914900,0.888033,0.114,344.4
2910,0.884850,,0.914900,0.888033,0.130,344.5
2911,0.885267,,0.914900,0.888033,0.129,344.6
2912,0.884583,,0.914900,0.888033,0.126,344.8
2913,0.885150,,0.914900,0.888033,0.111,344.9
2914,0.885733,,0.914900,0.888033,0.111,345.0
2915,0.886083,,0.914900,0.888033,0.111,345.1
2916,0.885200,,0.914900,0.888033,0.111,345.2
2917,0.885750,,0.914900,0.888033,0.111,345.3
2918,0.885883,,0.914900,0.888033,0.111,345.4
2919,0.885583,,0.914900,0.888033,0.114,345.5
2920,0.885333,,0.914900,0.888033,0.130,345.7
2921,0.886117,,0.914900,0.888033,0.124,345.8
2922,0.885167,,0.914900,0.888033,0.114,345.9
2923,0.884700,,0.914900,0.888033,0.124,346.0
2924,0.885450,,0.914900,0.888033,0.116,346.1
2925,0.885333,,0.914900,0.888033,0.124,346.3
2926,0.883583,,0.914900,0.888033,0.113,346.4
2927,0.884717,,0.914900,0.888033,0.111,346.5
2928,0.884700,,0.914900,0.888033,0.114,346.6
2929,0.885067,,0.914900,0.888033,0.126,346.7
2930,0.884400,,0.914900,0.888033,0.113,346.8
2931,0.883983,,0.914900,0.888033,0.115,347.0
2932,0.885850,,0.914900,0.888033,0.129,347.1
2933,0.885917,,0.914900,0.888033,0.126,347.2
2934,0.885383,,0.914900,0.888033,0.111,347.3
2935,0.884883,,0.914900,0.888033,0.114,347.4
2936,0.885550,,0.914900,0.888033,0.125,347.6
2937,0.885550,,0.914900,0.888033,0.115,347.7
2938,0.884717,,0.914900,0.888033,0.127,347.8
2939,0.886867,,0.914900,0.888033,0.113,347.9
2940,0.885233,,0.914900,0.888033,0.111,348.0
2941,0.886667,,0.914900,0.888033,0.111,348.1
2942,0.885083,,0.914900,0.888033,0.113,348.3
2943,0.885483,,0.914900,0.888033,0.127,348.4
2944,0.885300,,0.914900,0.888033,0.112,348.5
2945,0.885600,,0.914900,0.888033,0.110,348.6
2946,0.885017,,0.914900,0.888033,0.115,348.7
2947,0.885383,,0.914900,0.888033,0.127,348.8
2948,0.885150,,0.914900,0.888033,0.124,349.0
2949,0.886617,,0.914900,0.888033,0.115,349.1
2950,0.884400,0.914199948310852,0.914900,0.888033,0.153,349.2
2951,0.886317,,0.914900,0.888033,0.103,349.3
2952,0.885833,,0.914900,0.888033,0.111,349.5
2953,0.884750,,0.914900,0.888033,0.114,349.6
2954,0.883450,,0.914900,0.888033,0.125,349.7
2955,0.885683,,0.914900,0.888033,0.116,349.8
2956,0.884433,,0.914900,0.888033,0.126,349.9
2957,0.886250,,0.914900,0.888033,0.115,350.0
2958,0.882683,,0.914900,0.888033,0.125,350.2
2959,0.884617,,0.914900,0.888033,0.111,350.3
2960,0.884817,,0.914900,0.888033,0.119,350.4
2961,0.885533,,0.914900,0.888033,0.115,350.5
2962,0.885550,,0.914900,0.888033,0.123,350.6
2963,0.885867,,0.914900,0.888033,0.111,350.8
2964,0.884567,,0.914900,0.888033,0.111,350.9
2965,0.885733,,0.914900,0.888033,0.115,351.0
2966,0.886917,,0.914900,0.888033,0.128,351.1
2967,0.884800,,0.914900,0.888033,0.126,351.2
2968,0.885750,,0.914900,0.888033,0.112,351.3
2969,0.884833,,0.914900,0.888033,0.110,351.5
2970,0.884550,,0.914900,0.888033,0.110,351.6
2971,0.885217,,0.914900,0.888033,0.115,351.7
2972,0.885583,,0.914900,0.888033,0.128,351.8
2973,0.886067,,0.914900,0.888033,0.130,351.9
2974,0.884933,,0.914900,0.888033,0.125,352.1
2975,0.887233,,0.914900,0.888033,0.110,352.2
2976,0.886450,,0.914900,0.888033,0.116,352.3
2977,0.884817,,0.914900,0.888033,0.126,352.4
2978,0.884150,,0.914900,0.888033,0.113,352.5
2979,0.885717,,0.914900,0.888033,0.114,352.6
2980,0.887617,,0.914900,0.888033,0.130,352.8
2981,0.887067,,0.914900,0.888033,0.125,352.9
2982,0.885833,,0.914900,0.888033,0.113,353.0
2983,0.886183,,0.914900,0.888033,0.115,353.1
2984,0.887233,,0.914900,0.888033,0.129,353.3
2985,0.885617,,0.914900,0.888033,0.127,353.4
2986,0.887333,,0.914900,0.888033,0.112,353.5
2987,0.886433,,0.914900,0.888033,0.114,353.6
2988,0.885950,,0.914900,0.888033,0.125,353.7
2989,0.885767,,0.914900,0.888033,0.110,353.8
2990,0.886867,,0.914900,0.888033,0.113,354.0
2991,0.888033,,0.914900,0.888033,0.114,354.1
2992,0.886000,,0.914900,0.888033,0.125,354.2
2993,0.885283,,0.914900,0.888033,0.111,354.3
2994,0.887417,,0.914900,0.888033,0.125,354.4
2995,0.887033,,0.914900,0.888033,0.128,354.6
2996,0.885700,,0.914900,0.888033,0.128,354.7
2997,0.886783,,0.914900,0.888033,0.112,354.8
2998,0.886317,,0.914900,0.888033,0.112,354.9
2999,0.886983,,0.914900,0.888033,0.111,355.0
