epoch,train_acc,val_acc,best_val,best_train,epoch_time,cum_time
0,0.086033,0.09800000488758087,0.098000,0.086033,6.012,6.0
1,0.084300,,0.098000,0.086033,4.412,10.4
2,0.084783,,0.098000,0.086033,0.127,10.6
3,0.084150,,0.098000,0.086033,0.119,10.7
4,0.084083,,0.098000,0.086033,0.118,10.8
5,0.086250,,0.098000,0.086250,0.120,10.9
6,0.083383,,0.098000,0.086250,0.139,11.0
7,0.084217,,0.098000,0.086250,0.134,11.2
8,0.085167,,0.098000,0.086250,0.118,11.3
9,0.085983,,0.098000,0.086250,0.118,11.4
10,0.085717,,0.098000,0.086250,0.118,11.5
11,0.084767,,0.098000,0.086250,0.118,11.7
12,0.084700,,0.098000,0.086250,0.120,11.8
13,0.085333,,0.098000,0.086250,0.132,11.9
14,0.084083,,0.098000,0.086250,0.119,12.0
15,0.084333,,0.098000,0.086250,0.118,12.1
16,0.084750,,0.098000,0.086250,0.117,12.3
17,0.085783,,0.098000,0.086250,0.117,12.4
18,0.086833,,0.098000,0.086833,0.117,12.5
19,0.087367,,0.098000,0.087367,0.126,12.6
20,0.086483,,0.098000,0.087367,0.119,12.7
21,0.088550,,0.098000,0.088550,0.119,12.9
22,0.087717,,0.098000,0.088550,0.118,13.0
23,0.090367,,0.098000,0.090367,0.123,13.1
24,0.092033,,0.098000,0.092033,0.137,13.2
25,0.092550,,0.098000,0.092550,0.116,13.4
26,0.093417,,0.098000,0.093417,0.119,13.5
27,0.094767,,0.098000,0.094767,0.118,13.6
28,0.095350,,0.098000,0.095350,0.119,13.7
29,0.097500,,0.098000,0.097500,0.116,13.8
30,0.100100,,0.098000,0.100100,0.119,13.9
31,0.099600,,0.098000,0.100100,0.117,14.1
32,0.101717,,0.098000,0.101717,0.120,14.2
33,0.102550,,0.098000,0.102550,0.118,14.3
34,0.102017,,0.098000,0.102550,0.125,14.4
35,0.102117,,0.098000,0.102550,0.117,14.5
36,0.104683,,0.098000,0.104683,0.128,14.7
37,0.105483,,0.098000,0.105483,0.130,14.8
38,0.105267,,0.098000,0.105483,0.129,14.9
39,0.108350,,0.098000,0.108350,0.119,15.0
40,0.107983,,0.098000,0.108350,0.121,15.2
41,0.108200,,0.098000,0.108350,0.126,15.3
42,0.107833,,0.098000,0.108350,0.119,15.4
43,0.109833,,0.098000,0.109833,0.121,15.5
44,0.110617,,0.098000,0.110617,0.120,15.7
45,0.111467,,0.098000,0.111467,0.123,15.8
46,0.111550,,0.098000,0.111550,0.141,15.9
47,0.111033,,0.098000,0.111550,0.140,16.1
48,0.112667,,0.098000,0.112667,0.137,16.2
49,0.111550,,0.098000,0.112667,0.138,16.3
50,0.111417,0.10169998556375504,0.101700,0.112667,0.161,16.5
51,0.111700,,0.101700,0.112667,0.126,16.6
52,0.112683,,0.101700,0.112683,0.122,16.7
53,0.112133,,0.101700,0.112683,0.141,16.9
54,0.113750,,0.101700,0.113750,0.132,17.0
55,0.114900,,0.101700,0.114900,0.116,17.1
56,0.114550,,0.101700,0.114900,0.118,17.2
57,0.116417,,0.101700,0.116417,0.121,17.4
58,0.115817,,0.101700,0.116417,0.134,17.5
59,0.115750,,0.101700,0.116417,0.116,17.6
60,0.115150,,0.101700,0.116417,0.117,17.7
61,0.117117,,0.101700,0.117117,0.116,17.9
62,0.118200,,0.101700,0.118200,0.118,18.0
63,0.117700,,0.101700,0.118200,0.119,18.1
64,0.117283,,0.101700,0.118200,0.120,18.2
65,0.117333,,0.101700,0.118200,0.133,18.3
66,0.117550,,0.101700,0.118200,0.120,18.5
67,0.118133,,0.101700,0.118200,0.125,18.6
68,0.117983,,0.101700,0.118200,0.132,18.7
69,0.121683,,0.101700,0.121683,0.144,18.9
70,0.121750,,0.101700,0.121750,0.147,19.0
71,0.120683,,0.101700,0.121750,0.144,19.2
72,0.120783,,0.101700,0.121750,0.142,19.3
73,0.120733,,0.101700,0.121750,0.136,19.4
74,0.122083,,0.101700,0.122083,0.141,19.6
75,0.124117,,0.101700,0.124117,0.126,19.7
76,0.123450,,0.101700,0.124117,0.128,19.8
77,0.122517,,0.101700,0.124117,0.137,20.0
78,0.125017,,0.101700,0.125017,0.125,20.1
79,0.125767,,0.101700,0.125767,0.135,20.2
80,0.124400,,0.101700,0.125767,0.121,20.3
81,0.124400,,0.101700,0.125767,0.123,20.5
82,0.127583,,0.101700,0.127583,0.144,20.6
83,0.125033,,0.101700,0.127583,0.139,20.8
84,0.124867,,0.101700,0.127583,0.143,20.9
85,0.126500,,0.101700,0.127583,0.137,21.0
86,0.127050,,0.101700,0.127583,0.122,21.2
87,0.126783,,0.101700,0.127583,0.129,21.3
88,0.125817,,0.101700,0.127583,0.135,21.4
89,0.128917,,0.101700,0.128917,0.122,21.5
90,0.130500,,0.101700,0.130500,0.133,21.7
91,0.130200,,0.101700,0.130500,0.121,21.8
92,0.128167,,0.101700,0.130500,0.119,21.9
93,0.130683,,0.101700,0.130683,0.121,22.0
94,0.130883,,0.101700,0.130883,0.134,22.2
95,0.130133,,0.101700,0.130883,0.121,22.3
96,0.132417,,0.101700,0.132417,0.132,22.4
97,0.133583,,0.101700,0.133583,0.123,22.5
98,0.133467,,0.101700,0.133583,0.134,22.7
99,0.132767,,0.101700,0.133583,0.119,22.8
100,0.133683,0.1524999886751175,0.152500,0.133683,0.149,22.9
101,0.133483,,0.152500,0.133683,0.113,23.1
102,0.135967,,0.152500,0.135967,0.135,23.2
103,0.135083,,0.152500,0.135967,0.125,23.3
104,0.137267,,0.152500,0.137267,0.124,23.4
105,0.137483,,0.152500,0.137483,0.130,23.6
106,0.137983,,0.152500,0.137983,0.120,23.7
107,0.136800,,0.152500,0.137983,0.124,23.8
108,0.138267,,0.152500,0.138267,0.123,23.9
109,0.138750,,0.152500,0.138750,0.132,24.1
110,0.140283,,0.152500,0.140283,0.134,24.2
111,0.140483,,0.152500,0.140483,0.121,24.3
112,0.143317,,0.152500,0.143317,0.122,24.4
113,0.142817,,0.152500,0.143317,0.121,24.6
114,0.140967,,0.152500,0.143317,0.130,24.7
115,0.142767,,0.152500,0.143317,0.125,24.8
116,0.145800,,0.152500,0.145800,0.121,24.9
117,0.146033,,0.152500,0.146033,0.124,25.1
118,0.146867,,0.152500,0.146867,0.133,25.2
119,0.147400,,0.152500,0.147400,0.126,25.3
120,0.149683,,0.152500,0.149683,0.118,25.4
121,0.149500,,0.152500,0.149683,0.117,25.6
122,0.151300,,0.152500,0.151300,0.119,25.7
123,0.151083,,0.152500,0.151300,0.118,25.8
124,0.152433,,0.152500,0.152433,0.138,25.9
125,0.154600,,0.152500,0.154600,0.121,26.1
126,0.157133,,0.152500,0.157133,0.121,26.2
127,0.155650,,0.152500,0.157133,0.119,26.3
128,0.157700,,0.152500,0.157700,0.127,26.4
129,0.159333,,0.152500,0.159333,0.120,26.5
130,0.160133,,0.152500,0.160133,0.120,26.7
131,0.160817,,0.152500,0.160817,0.125,26.8
132,0.162783,,0.152500,0.162783,0.124,26.9
133,0.165133,,0.152500,0.165133,0.122,27.0
134,0.164783,,0.152500,0.165133,0.120,27.2
135,0.166283,,0.152500,0.166283,0.129,27.3
136,0.168350,,0.152500,0.168350,0.124,27.4
137,0.169650,,0.152500,0.169650,0.141,27.6
138,0.172250,,0.152500,0.172250,0.139,27.7
139,0.171750,,0.152500,0.172250,0.120,27.8
140,0.174750,,0.152500,0.174750,0.123,27.9
141,0.175683,,0.152500,0.175683,0.126,28.1
142,0.177517,,0.152500,0.177517,0.131,28.2
143,0.176183,,0.152500,0.177517,0.120,28.3
144,0.181783,,0.152500,0.181783,0.120,28.4
145,0.183250,,0.152500,0.183250,0.120,28.5
146,0.185550,,0.152500,0.185550,0.120,28.7
147,0.187400,,0.152500,0.187400,0.123,28.8
148,0.188283,,0.152500,0.188283,0.132,28.9
149,0.190933,,0.152500,0.190933,0.128,29.1
150,0.192600,0.2556000053882599,0.255600,0.192600,0.167,29.2
151,0.194617,,0.255600,0.194617,0.127,29.3
152,0.195550,,0.255600,0.195550,0.118,29.5
153,0.200383,,0.255600,0.200383,0.118,29.6
154,0.204033,,0.255600,0.204033,0.120,29.7
155,0.202800,,0.255600,0.204033,0.121,29.8
156,0.206433,,0.255600,0.206433,0.129,30.0
157,0.207750,,0.255600,0.207750,0.116,30.1
158,0.208900,,0.255600,0.208900,0.125,30.2
159,0.212000,,0.255600,0.212000,0.122,30.3
160,0.213983,,0.255600,0.213983,0.121,30.4
161,0.216283,,0.255600,0.216283,0.128,30.6
162,0.220933,,0.255600,0.220933,0.121,30.7
163,0.223450,,0.255600,0.223450,0.124,30.8
164,0.223283,,0.255600,0.223450,0.131,30.9
165,0.229700,,0.255600,0.229700,0.121,31.1
166,0.228817,,0.255600,0.229700,0.120,31.2
167,0.233250,,0.255600,0.233250,0.124,31.3
168,0.234967,,0.255600,0.234967,0.133,31.4
169,0.237433,,0.255600,0.237433,0.124,31.6
170,0.237750,,0.255600,0.237750,0.124,31.7
171,0.239000,,0.255600,0.239000,0.132,31.8
172,0.244067,,0.255600,0.244067,0.134,32.0
173,0.245667,,0.255600,0.245667,0.121,32.1
174,0.248250,,0.255600,0.248250,0.119,32.2
175,0.249533,,0.255600,0.249533,0.120,32.3
176,0.250883,,0.255600,0.250883,0.120,32.4
177,0.254983,,0.255600,0.254983,0.120,32.6
178,0.255600,,0.255600,0.255600,0.122,32.7
179,0.258900,,0.255600,0.258900,0.134,32.8
180,0.263650,,0.255600,0.263650,0.144,33.0
181,0.264100,,0.255600,0.264100,0.147,33.1
182,0.265050,,0.255600,0.265050,0.145,33.2
183,0.266433,,0.255600,0.266433,0.143,33.4
184,0.267000,,0.255600,0.267000,0.128,33.5
185,0.272083,,0.255600,0.272083,0.130,33.6
186,0.273300,,0.255600,0.273300,0.134,33.8
187,0.274200,,0.255600,0.274200,0.147,33.9
188,0.278550,,0.255600,0.278550,0.146,34.1
189,0.278283,,0.255600,0.278550,0.146,34.2
190,0.278033,,0.255600,0.278550,0.137,34.4
191,0.285433,,0.255600,0.285433,0.130,34.5
192,0.283967,,0.255600,0.285433,0.122,34.6
193,0.285550,,0.255600,0.285550,0.121,34.7
194,0.286133,,0.255600,0.286133,0.120,34.8
195,0.291167,,0.255600,0.291167,0.120,35.0
196,0.290583,,0.255600,0.291167,0.134,35.1
197,0.292650,,0.255600,0.292650,0.124,35.2
198,0.297150,,0.255600,0.297150,0.125,35.4
199,0.295433,,0.255600,0.297150,0.139,35.5
200,0.298333,0.34449997544288635,0.344500,0.298333,0.152,35.6
201,0.297583,,0.344500,0.298333,0.111,35.8
202,0.300367,,0.344500,0.300367,0.125,35.9
203,0.301650,,0.344500,0.301650,0.128,36.0
204,0.304683,,0.344500,0.304683,0.120,36.1
205,0.307283,,0.344500,0.307283,0.120,36.2
206,0.309417,,0.344500,0.309417,0.123,36.4
207,0.307833,,0.344500,0.309417,0.137,36.5
208,0.310883,,0.344500,0.310883,0.134,36.6
209,0.310967,,0.344500,0.310967,0.122,36.8
210,0.312567,,0.344500,0.312567,0.122,36.9
211,0.313983,,0.344500,0.313983,0.120,37.0
212,0.314000,,0.344500,0.314000,0.121,37.1
213,0.318233,,0.344500,0.318233,0.120,37.2
214,0.319500,,0.344500,0.319500,0.126,37.4
215,0.322417,,0.344500,0.322417,0.137,37.5
216,0.322917,,0.344500,0.322917,0.141,37.6
217,0.323317,,0.344500,0.323317,0.136,37.8
218,0.325800,,0.344500,0.325800,0.127,37.9
219,0.325900,,0.344500,0.325900,0.139,38.1
220,0.329717,,0.344500,0.329717,0.141,38.2
221,0.330200,,0.344500,0.330200,0.136,38.3
222,0.330133,,0.344500,0.330200,0.130,38.5
223,0.331750,,0.344500,0.331750,0.124,38.6
224,0.330667,,0.344500,0.331750,0.140,38.7
225,0.333617,,0.344500,0.333617,0.122,38.8
226,0.335767,,0.344500,0.335767,0.122,39.0
227,0.333650,,0.344500,0.335767,0.119,39.1
228,0.337767,,0.344500,0.337767,0.122,39.2
229,0.339133,,0.344500,0.339133,0.121,39.3
230,0.339683,,0.344500,0.339683,0.122,39.5
231,0.341367,,0.344500,0.341367,0.123,39.6
232,0.341483,,0.344500,0.341483,0.124,39.7
233,0.340450,,0.344500,0.341483,0.125,39.8
234,0.344283,,0.344500,0.344283,0.120,39.9
235,0.344733,,0.344500,0.344733,0.120,40.1
236,0.347467,,0.344500,0.347467,0.121,40.2
237,0.346433,,0.344500,0.347467,0.125,40.3
238,0.348900,,0.344500,0.348900,0.138,40.4
239,0.352650,,0.344500,0.352650,0.140,40.6
240,0.354233,,0.344500,0.354233,0.132,40.7
241,0.349783,,0.344500,0.354233,0.131,40.8
242,0.355300,,0.344500,0.355300,0.129,41.0
243,0.354550,,0.344500,0.355300,0.145,41.1
244,0.356883,,0.344500,0.356883,0.136,41.3
245,0.361050,,0.344500,0.361050,0.122,41.4
246,0.360700,,0.344500,0.361050,0.121,41.5
247,0.364283,,0.344500,0.364283,0.125,41.6
248,0.364250,,0.344500,0.364283,0.122,41.7
249,0.366017,,0.344500,0.366017,0.132,41.9
250,0.366600,0.4065999984741211,0.406600,0.366600,0.168,42.0
251,0.367317,,0.406600,0.367317,0.113,42.2
252,0.371433,,0.406600,0.371433,0.135,42.3
253,0.373500,,0.406600,0.373500,0.122,42.4
254,0.375167,,0.406600,0.375167,0.126,42.5
255,0.375700,,0.406600,0.375700,0.120,42.7
256,0.378750,,0.406600,0.378750,0.126,42.8
257,0.379067,,0.406600,0.379067,0.133,42.9
258,0.379767,,0.406600,0.379767,0.122,43.0
259,0.382733,,0.406600,0.382733,0.124,43.2
260,0.384500,,0.406600,0.384500,0.138,43.3
261,0.386533,,0.406600,0.386533,0.137,43.4
262,0.391233,,0.406600,0.391233,0.133,43.6
263,0.389267,,0.406600,0.391233,0.120,43.7
264,0.395100,,0.406600,0.395100,0.120,43.8
265,0.397533,,0.406600,0.397533,0.119,43.9
266,0.400667,,0.406600,0.400667,0.121,44.1
267,0.404333,,0.406600,0.404333,0.120,44.2
268,0.405450,,0.406600,0.405450,0.119,44.3
269,0.408500,,0.406600,0.408500,0.122,44.4
270,0.410283,,0.406600,0.410283,0.133,44.6
271,0.413867,,0.406600,0.413867,0.121,44.7
272,0.415250,,0.406600,0.415250,0.120,44.8
273,0.420667,,0.406600,0.420667,0.122,44.9
274,0.422383,,0.406600,0.422383,0.135,45.0
275,0.426133,,0.406600,0.426133,0.121,45.2
276,0.426183,,0.406600,0.426183,0.119,45.3
277,0.426983,,0.406600,0.426983,0.120,45.4
278,0.430633,,0.406600,0.430633,0.122,45.5
279,0.433967,,0.406600,0.433967,0.137,45.7
280,0.435850,,0.406600,0.435850,0.137,45.8
281,0.438600,,0.406600,0.438600,0.137,45.9
282,0.442133,,0.406600,0.442133,0.137,46.1
283,0.443700,,0.406600,0.443700,0.138,46.2
284,0.449550,,0.406600,0.449550,0.133,46.4
285,0.454200,,0.406600,0.454200,0.122,46.5
286,0.453583,,0.406600,0.454200,0.122,46.6
287,0.455800,,0.406600,0.455800,0.120,46.7
288,0.459750,,0.406600,0.459750,0.121,46.8
289,0.461383,,0.406600,0.461383,0.121,47.0
290,0.462550,,0.406600,0.462550,0.138,47.1
291,0.465583,,0.406600,0.465583,0.139,47.2
292,0.469117,,0.406600,0.469117,0.133,47.4
293,0.473150,,0.406600,0.473150,0.120,47.5
294,0.472667,,0.406600,0.473150,0.123,47.6
295,0.475733,,0.406600,0.475733,0.136,47.7
296,0.480850,,0.406600,0.480850,0.126,47.9
297,0.483050,,0.406600,0.483050,0.134,48.0
298,0.482900,,0.406600,0.483050,0.121,48.1
299,0.486617,,0.406600,0.486617,0.120,48.2
300,0.488717,0.6038999557495117,0.603900,0.488717,0.150,48.4
301,0.492900,,0.603900,0.492900,0.109,48.5
302,0.492000,,0.603900,0.492900,0.120,48.6
303,0.498567,,0.603900,0.498567,0.118,48.7
304,0.498417,,0.603900,0.498567,0.120,48.9
305,0.501250,,0.603900,0.501250,0.119,49.0
306,0.505467,,0.603900,0.505467,0.122,49.1
307,0.509700,,0.603900,0.509700,0.139,49.2
308,0.515783,,0.603900,0.515783,0.138,49.4
309,0.517083,,0.603900,0.517083,0.136,49.5
310,0.517850,,0.603900,0.517850,0.121,49.6
311,0.525167,,0.603900,0.525167,0.120,49.8
312,0.526300,,0.603900,0.526300,0.121,49.9
313,0.526617,,0.603900,0.526617,0.120,50.0
314,0.532967,,0.603900,0.532967,0.120,50.1
315,0.532150,,0.603900,0.532967,0.120,50.2
316,0.539667,,0.603900,0.539667,0.123,50.4
317,0.538900,,0.603900,0.539667,0.134,50.5
318,0.543767,,0.603900,0.543767,0.122,50.6
319,0.543967,,0.603900,0.543967,0.119,50.7
320,0.546817,,0.603900,0.546817,0.120,50.9
321,0.548667,,0.603900,0.548667,0.119,51.0
322,0.551017,,0.603900,0.551017,0.120,51.1
323,0.555350,,0.603900,0.555350,0.125,51.2
324,0.555067,,0.603900,0.555350,0.134,51.4
325,0.559517,,0.603900,0.559517,0.123,51.5
326,0.560500,,0.603900,0.560500,0.122,51.6
327,0.561167,,0.603900,0.561167,0.123,51.7
328,0.566817,,0.603900,0.566817,0.139,51.9
329,0.570367,,0.603900,0.570367,0.137,52.0
330,0.568833,,0.603900,0.570367,0.134,52.1
331,0.570150,,0.603900,0.570367,0.120,52.3
332,0.571033,,0.603900,0.571033,0.120,52.4
333,0.574950,,0.603900,0.574950,0.121,52.5
334,0.579983,,0.603900,0.579983,0.129,52.6
335,0.582050,,0.603900,0.582050,0.123,52.7
336,0.579483,,0.603900,0.582050,0.135,52.9
337,0.584700,,0.603900,0.584700,0.120,53.0
338,0.584417,,0.603900,0.584700,0.122,53.1
339,0.582333,,0.603900,0.584700,0.124,53.2
340,0.590300,,0.603900,0.590300,0.131,53.4
341,0.589950,,0.603900,0.590300,0.122,53.5
342,0.591450,,0.603900,0.591450,0.121,53.6
343,0.594400,,0.603900,0.594400,0.122,53.7
344,0.591717,,0.603900,0.594400,0.136,53.9
345,0.596800,,0.603900,0.596800,0.121,54.0
346,0.598900,,0.603900,0.598900,0.123,54.1
347,0.603300,,0.603900,0.603300,0.134,54.3
348,0.601850,,0.603900,0.603300,0.120,54.4
349,0.604500,,0.603900,0.604500,0.120,54.5
350,0.605017,0.7317999601364136,0.731800,0.605017,0.152,54.6
351,0.605783,,0.731800,0.605783,0.112,54.8
352,0.606233,,0.731800,0.606233,0.134,54.9
353,0.613517,,0.731800,0.613517,0.121,55.0
354,0.611033,,0.731800,0.613517,0.119,55.1
355,0.614200,,0.731800,0.614200,0.123,55.3
356,0.616333,,0.731800,0.616333,0.135,55.4
357,0.615517,,0.731800,0.616333,0.124,55.5
358,0.617433,,0.731800,0.617433,0.136,55.7
359,0.621500,,0.731800,0.621500,0.121,55.8
360,0.619667,,0.731800,0.621500,0.124,55.9
361,0.620300,,0.731800,0.621500,0.134,56.0
362,0.622317,,0.731800,0.622317,0.120,56.2
363,0.625133,,0.731800,0.625133,0.120,56.3
364,0.627100,,0.731800,0.627100,0.133,56.4
365,0.627833,,0.731800,0.627833,0.117,56.5
366,0.626583,,0.731800,0.627833,0.120,56.6
367,0.630217,,0.731800,0.630217,0.122,56.8
368,0.630750,,0.731800,0.630750,0.134,56.9
369,0.630383,,0.731800,0.630750,0.120,57.0
370,0.631517,,0.731800,0.631517,0.122,57.1
371,0.634317,,0.731800,0.634317,0.135,57.3
372,0.635433,,0.731800,0.635433,0.120,57.4
373,0.636083,,0.731800,0.636083,0.119,57.5
374,0.638467,,0.731800,0.638467,0.119,57.6
375,0.639250,,0.731800,0.639250,0.119,57.8
376,0.638933,,0.731800,0.639250,0.137,57.9
377,0.640583,,0.731800,0.640583,0.139,58.0
378,0.640583,,0.731800,0.640583,0.138,58.2
379,0.642200,,0.731800,0.642200,0.133,58.3
380,0.644283,,0.731800,0.644283,0.121,58.4
381,0.642683,,0.731800,0.644283,0.120,58.5
382,0.648217,,0.731800,0.648217,0.120,58.7
383,0.645600,,0.731800,0.648217,0.119,58.8
384,0.647850,,0.731800,0.648217,0.123,58.9
385,0.645950,,0.731800,0.648217,0.135,59.0
386,0.651817,,0.731800,0.651817,0.124,59.2
387,0.646817,,0.731800,0.651817,0.137,59.3
388,0.651267,,0.731800,0.651817,0.133,59.4
389,0.650017,,0.731800,0.651817,0.121,59.6
390,0.652733,,0.731800,0.652733,0.120,59.7
391,0.654100,,0.731800,0.654100,0.119,59.8
392,0.657900,,0.731800,0.657900,0.132,59.9
393,0.653633,,0.731800,0.657900,0.134,60.1
394,0.658367,,0.731800,0.658367,0.120,60.2
395,0.657567,,0.731800,0.658367,0.123,60.3
396,0.660900,,0.731800,0.660900,0.139,60.4
397,0.660867,,0.731800,0.660900,0.138,60.6
398,0.663133,,0.731800,0.663133,0.135,60.7
399,0.662050,,0.731800,0.663133,0.120,60.8
400,0.663433,0.7732999920845032,0.773300,0.663433,0.148,61.0
401,0.662883,,0.773300,0.663433,0.112,61.1
402,0.663200,,0.773300,0.663433,0.118,61.2
403,0.665633,,0.773300,0.665633,0.119,61.3
404,0.667050,,0.773300,0.667050,0.119,61.4
405,0.667100,,0.773300,0.667100,0.118,61.6
406,0.671483,,0.773300,0.671483,0.123,61.7
407,0.668433,,0.773300,0.671483,0.134,61.8
408,0.670133,,0.773300,0.671483,0.120,61.9
409,0.672333,,0.773300,0.672333,0.118,62.1
410,0.672483,,0.773300,0.672483,0.120,62.2
411,0.673283,,0.773300,0.673283,0.124,62.3
412,0.675050,,0.773300,0.675050,0.134,62.4
413,0.676617,,0.773300,0.676617,0.123,62.6
414,0.679667,,0.773300,0.679667,0.134,62.7
415,0.676950,,0.773300,0.679667,0.121,62.8
416,0.674017,,0.773300,0.679667,0.124,62.9
417,0.679883,,0.773300,0.679883,0.133,63.1
418,0.681167,,0.773300,0.681167,0.135,63.2
419,0.683450,,0.773300,0.683450,0.121,63.3
420,0.682333,,0.773300,0.683450,0.119,63.4
421,0.681117,,0.773300,0.683450,0.126,63.6
422,0.684783,,0.773300,0.684783,0.121,63.7
423,0.686433,,0.773300,0.686433,0.118,63.8
424,0.687267,,0.773300,0.687267,0.120,63.9
425,0.684700,,0.773300,0.687267,0.124,64.1
426,0.686733,,0.773300,0.687267,0.134,64.2
427,0.688917,,0.773300,0.688917,0.125,64.3
428,0.689200,,0.773300,0.689200,0.135,64.5
429,0.687950,,0.773300,0.689200,0.120,64.6
430,0.688067,,0.773300,0.689200,0.125,64.7
431,0.691183,,0.773300,0.691183,0.132,64.8
432,0.691817,,0.773300,0.691817,0.120,64.9
433,0.692467,,0.773300,0.692467,0.119,65.1
434,0.692467,,0.773300,0.692467,0.118,65.2
435,0.693183,,0.773300,0.693183,0.121,65.3
436,0.690100,,0.773300,0.693183,0.124,65.4
437,0.692183,,0.773300,0.693183,0.135,65.6
438,0.695000,,0.773300,0.695000,0.125,65.7
439,0.695033,,0.773300,0.695033,0.134,65.8
440,0.693550,,0.773300,0.695033,0.124,65.9
441,0.699450,,0.773300,0.699450,0.134,66.1
442,0.699750,,0.773300,0.699750,0.120,66.2
443,0.698500,,0.773300,0.699750,0.120,66.3
444,0.700367,,0.773300,0.700367,0.123,66.4
445,0.698117,,0.773300,0.700367,0.120,66.6
446,0.697467,,0.773300,0.700367,0.121,66.7
447,0.700033,,0.773300,0.700367,0.133,66.8
448,0.703333,,0.773300,0.703333,0.119,66.9
449,0.701833,,0.773300,0.703333,0.123,67.1
450,0.703133,0.8122999668121338,0.812300,0.703333,0.167,67.2
451,0.704317,,0.812300,0.704317,0.123,67.3
452,0.704067,,0.812300,0.704317,0.120,67.5
453,0.704050,,0.812300,0.704317,0.119,67.6
454,0.708217,,0.812300,0.708217,0.118,67.7
455,0.706917,,0.812300,0.708217,0.119,67.8
456,0.707867,,0.812300,0.708217,0.120,67.9
457,0.708483,,0.812300,0.708483,0.121,68.1
458,0.708583,,0.812300,0.708583,0.138,68.2
459,0.709000,,0.812300,0.709000,0.133,68.3
460,0.710217,,0.812300,0.710217,0.122,68.5
461,0.710267,,0.812300,0.710267,0.120,68.6
462,0.711733,,0.812300,0.711733,0.124,68.7
463,0.712300,,0.812300,0.712300,0.138,68.8
464,0.713917,,0.812300,0.713917,0.137,69.0
465,0.713000,,0.812300,0.713917,0.134,69.1
466,0.713850,,0.812300,0.713917,0.122,69.2
467,0.714950,,0.812300,0.714950,0.119,69.4
468,0.716500,,0.812300,0.716500,0.120,69.5
469,0.714933,,0.812300,0.716500,0.122,69.6
470,0.716733,,0.812300,0.716733,0.120,69.7
471,0.715767,,0.812300,0.716733,0.119,69.8
472,0.717783,,0.812300,0.717783,0.119,70.0
473,0.717483,,0.812300,0.717783,0.121,70.1
474,0.717417,,0.812300,0.717783,0.123,70.2
475,0.718450,,0.812300,0.718450,0.134,70.3
476,0.719233,,0.812300,0.719233,0.121,70.4
477,0.720017,,0.812300,0.720017,0.125,70.6
478,0.719850,,0.812300,0.720017,0.140,70.7
479,0.720200,,0.812300,0.720200,0.134,70.8
480,0.721867,,0.812300,0.721867,0.123,71.0
481,0.720733,,0.812300,0.721867,0.134,71.1
482,0.722917,,0.812300,0.722917,0.120,71.2
483,0.722400,,0.812300,0.722917,0.123,71.3
484,0.723067,,0.812300,0.723067,0.135,71.5
485,0.724183,,0.812300,0.724183,0.120,71.6
486,0.723167,,0.812300,0.724183,0.122,71.7
487,0.724650,,0.812300,0.724650,0.120,71.8
488,0.725983,,0.812300,0.725983,0.121,72.0
489,0.725083,,0.812300,0.725983,0.119,72.1
490,0.727217,,0.812300,0.727217,0.118,72.2
491,0.727117,,0.812300,0.727217,0.118,72.3
492,0.727883,,0.812300,0.727883,0.125,72.4
493,0.730233,,0.812300,0.730233,0.140,72.6
494,0.728433,,0.812300,0.730233,0.133,72.7
495,0.728600,,0.812300,0.730233,0.123,72.8
496,0.728883,,0.812300,0.730233,0.123,73.0
497,0.728133,,0.812300,0.730233,0.135,73.1
498,0.731517,,0.812300,0.731517,0.121,73.2
499,0.729683,,0.812300,0.731517,0.123,73.3
500,0.731583,0.8346999883651733,0.834700,0.731583,0.166,73.5
501,0.731483,,0.834700,0.731583,0.129,73.6
502,0.728850,,0.834700,0.731583,0.133,73.8
503,0.731317,,0.834700,0.731583,0.123,73.9
504,0.733750,,0.834700,0.733750,0.124,74.0
505,0.733350,,0.834700,0.733750,0.134,74.2
506,0.733767,,0.834700,0.733767,0.121,74.3
507,0.733417,,0.834700,0.733767,0.123,74.4
508,0.736450,,0.834700,0.736450,0.133,74.5
509,0.734883,,0.834700,0.736450,0.120,74.6
510,0.736100,,0.834700,0.736450,0.123,74.8
511,0.736417,,0.834700,0.736450,0.137,74.9
512,0.738667,,0.834700,0.738667,0.136,75.0
513,0.737167,,0.834700,0.738667,0.124,75.2
514,0.737767,,0.834700,0.738667,0.133,75.3
515,0.737150,,0.834700,0.738667,0.121,75.4
516,0.738133,,0.834700,0.738667,0.118,75.5
517,0.739983,,0.834700,0.739983,0.120,75.7
518,0.741867,,0.834700,0.741867,0.123,75.8
519,0.738117,,0.834700,0.741867,0.133,75.9
520,0.738733,,0.834700,0.741867,0.122,76.0
521,0.740300,,0.834700,0.741867,0.120,76.2
522,0.739217,,0.834700,0.741867,0.118,76.3
523,0.742550,,0.834700,0.742550,0.119,76.4
524,0.743917,,0.834700,0.743917,0.122,76.5
525,0.744633,,0.834700,0.744633,0.136,76.7
526,0.743117,,0.834700,0.744633,0.138,76.8
527,0.743817,,0.834700,0.744633,0.140,76.9
528,0.742017,,0.834700,0.744633,0.133,77.1
529,0.742633,,0.834700,0.744633,0.125,77.2
530,0.744717,,0.834700,0.744717,0.137,77.3
531,0.744267,,0.834700,0.744717,0.133,77.5
532,0.744667,,0.834700,0.744717,0.120,77.6
533,0.746333,,0.834700,0.746333,0.122,77.7
534,0.746600,,0.834700,0.746600,0.135,77.8
535,0.745633,,0.834700,0.746600,0.120,78.0
536,0.746817,,0.834700,0.746817,0.122,78.1
537,0.748350,,0.834700,0.748350,0.138,78.2
538,0.750250,,0.834700,0.750250,0.136,78.4
539,0.748483,,0.834700,0.750250,0.123,78.5
540,0.749000,,0.834700,0.750250,0.119,78.6
541,0.751800,,0.834700,0.751800,0.123,78.7
542,0.749433,,0.834700,0.751800,0.135,78.9
543,0.750867,,0.834700,0.751800,0.120,79.0
544,0.751067,,0.834700,0.751800,0.119,79.1
545,0.751483,,0.834700,0.751800,0.124,79.2
546,0.755200,,0.834700,0.755200,0.134,79.4
547,0.752333,,0.834700,0.755200,0.121,79.5
548,0.754850,,0.834700,0.755200,0.118,79.6
549,0.751783,,0.834700,0.755200,0.123,79.7
550,0.749833,0.8503999710083008,0.850400,0.755200,0.163,79.9
551,0.756633,,0.850400,0.756633,0.110,80.0
552,0.755033,,0.850400,0.756633,0.119,80.1
553,0.755500,,0.850400,0.756633,0.124,80.2
554,0.756883,,0.850400,0.756883,0.134,80.4
555,0.759517,,0.850400,0.759517,0.121,80.5
556,0.754233,,0.850400,0.759517,0.121,80.6
557,0.757350,,0.850400,0.759517,0.123,80.7
558,0.757000,,0.850400,0.759517,0.136,80.9
559,0.757283,,0.850400,0.759517,0.122,81.0
560,0.754967,,0.850400,0.759517,0.123,81.1
561,0.759883,,0.850400,0.759883,0.136,81.2
562,0.757033,,0.850400,0.759883,0.124,81.4
563,0.758267,,0.850400,0.759883,0.121,81.5
564,0.758550,,0.850400,0.759883,0.123,81.6
565,0.759550,,0.850400,0.759883,0.133,81.7
566,0.761900,,0.850400,0.761900,0.121,81.9
567,0.758417,,0.850400,0.761900,0.120,82.0
568,0.758567,,0.850400,0.761900,0.118,82.1
569,0.764583,,0.850400,0.764583,0.120,82.2
570,0.761517,,0.850400,0.764583,0.121,82.3
571,0.762000,,0.850400,0.764583,0.121,82.5
572,0.763883,,0.850400,0.764583,0.119,82.6
573,0.762183,,0.850400,0.764583,0.121,82.7
574,0.758367,,0.850400,0.764583,0.131,82.8
575,0.761467,,0.850400,0.764583,0.121,83.0
576,0.759750,,0.850400,0.764583,0.121,83.1
577,0.764500,,0.850400,0.764583,0.121,83.2
578,0.762283,,0.850400,0.764583,0.124,83.3
579,0.765000,,0.850400,0.765000,0.135,83.5
580,0.762250,,0.850400,0.765000,0.120,83.6
581,0.763750,,0.850400,0.765000,0.118,83.7
582,0.765667,,0.850400,0.765667,0.119,83.8
583,0.762717,,0.850400,0.765667,0.118,83.9
584,0.764583,,0.850400,0.765667,0.118,84.1
585,0.765550,,0.850400,0.765667,0.118,84.2
586,0.766033,,0.850400,0.766033,0.123,84.3
587,0.765300,,0.850400,0.766033,0.133,84.4
588,0.768350,,0.850400,0.768350,0.120,84.6
589,0.765817,,0.850400,0.768350,0.118,84.7
590,0.766850,,0.850400,0.768350,0.118,84.8
591,0.764250,,0.850400,0.768350,0.119,84.9
592,0.767050,,0.850400,0.768350,0.122,85.0
593,0.766967,,0.850400,0.768350,0.137,85.2
594,0.767133,,0.850400,0.768350,0.136,85.3
595,0.769583,,0.850400,0.769583,0.133,85.4
596,0.764483,,0.850400,0.769583,0.121,85.6
597,0.769333,,0.850400,0.769583,0.121,85.7
598,0.767783,,0.850400,0.769583,0.123,85.8
599,0.767650,,0.850400,0.769583,0.134,85.9
600,0.770533,0.8547999858856201,0.854800,0.770533,0.160,86.1
601,0.768383,,0.854800,0.770533,0.124,86.2
602,0.769683,,0.854800,0.770533,0.121,86.3
603,0.770417,,0.854800,0.770533,0.119,86.5
604,0.771467,,0.854800,0.771467,0.120,86.6
605,0.769367,,0.854800,0.771467,0.124,86.7
606,0.769867,,0.854800,0.771467,0.138,86.8
607,0.770500,,0.854800,0.771467,0.134,87.0
608,0.772383,,0.854800,0.772383,0.122,87.1
609,0.773000,,0.854800,0.773000,0.122,87.2
610,0.772600,,0.854800,0.773000,0.137,87.4
611,0.773533,,0.854800,0.773533,0.134,87.5
612,0.773967,,0.854800,0.773967,0.121,87.6
613,0.772033,,0.854800,0.773967,0.122,87.7
614,0.772667,,0.854800,0.773967,0.121,87.9
615,0.772483,,0.854800,0.773967,0.120,88.0
616,0.773750,,0.854800,0.773967,0.119,88.1
617,0.774717,,0.854800,0.774717,0.122,88.2
618,0.773783,,0.854800,0.774717,0.134,88.3
619,0.772933,,0.854800,0.774717,0.119,88.5
620,0.775083,,0.854800,0.775083,0.121,88.6
621,0.774250,,0.854800,0.775083,0.123,88.7
622,0.775183,,0.854800,0.775183,0.135,88.8
623,0.777667,,0.854800,0.777667,0.121,89.0
624,0.775000,,0.854800,0.777667,0.120,89.1
625,0.777450,,0.854800,0.777667,0.122,89.2
626,0.775317,,0.854800,0.777667,0.136,89.3
627,0.775917,,0.854800,0.777667,0.136,89.5
628,0.777700,,0.854800,0.777700,0.134,89.6
629,0.775300,,0.854800,0.777700,0.120,89.7
630,0.778533,,0.854800,0.778533,0.119,89.9
631,0.778133,,0.854800,0.778533,0.121,90.0
632,0.777033,,0.854800,0.778533,0.120,90.1
633,0.778250,,0.854800,0.778533,0.120,90.2
634,0.780717,,0.854800,0.780717,0.120,90.3
635,0.779150,,0.854800,0.780717,0.124,90.5
636,0.779800,,0.854800,0.780717,0.135,90.6
637,0.778433,,0.854800,0.780717,0.122,90.7
638,0.781067,,0.854800,0.781067,0.117,90.8
639,0.779433,,0.854800,0.781067,0.122,91.0
640,0.780433,,0.854800,0.781067,0.119,91.1
641,0.780267,,0.854800,0.781067,0.119,91.2
642,0.778950,,0.854800,0.781067,0.123,91.3
643,0.780417,,0.854800,0.781067,0.134,91.4
644,0.782783,,0.854800,0.782783,0.121,91.6
645,0.778150,,0.854800,0.782783,0.121,91.7
646,0.780600,,0.854800,0.782783,0.123,91.8
647,0.778383,,0.854800,0.782783,0.128,91.9
648,0.781200,,0.854800,0.782783,0.132,92.1
649,0.782350,,0.854800,0.782783,0.124,92.2
650,0.783583,0.8619999885559082,0.862000,0.783583,0.161,92.4
651,0.780767,,0.862000,0.783583,0.124,92.5
652,0.784083,,0.862000,0.784083,0.134,92.6
653,0.783500,,0.862000,0.784083,0.127,92.7
654,0.780933,,0.862000,0.784083,0.125,92.9
655,0.783183,,0.862000,0.784083,0.133,93.0
656,0.784183,,0.862000,0.784183,0.122,93.1
657,0.781950,,0.862000,0.784183,0.121,93.2
658,0.784067,,0.862000,0.784183,0.123,93.4
659,0.784450,,0.862000,0.784450,0.135,93.5
660,0.786683,,0.862000,0.786683,0.126,93.6
661,0.784683,,0.862000,0.786683,0.135,93.8
662,0.785350,,0.862000,0.786683,0.122,93.9
663,0.786367,,0.862000,0.786683,0.128,94.0
664,0.786100,,0.862000,0.786683,0.122,94.1
665,0.786650,,0.862000,0.786683,0.120,94.3
666,0.785483,,0.862000,0.786683,0.120,94.4
667,0.786867,,0.862000,0.786867,0.120,94.5
668,0.789817,,0.862000,0.789817,0.134,94.6
669,0.790667,,0.862000,0.790667,0.136,94.8
670,0.788517,,0.862000,0.790667,0.123,94.9
671,0.789783,,0.862000,0.790667,0.127,95.0
672,0.789100,,0.862000,0.790667,0.136,95.1
673,0.791233,,0.862000,0.791233,0.121,95.3
674,0.789917,,0.862000,0.791233,0.122,95.4
675,0.788583,,0.862000,0.791233,0.129,95.5
676,0.789883,,0.862000,0.791233,0.123,95.6
677,0.789617,,0.862000,0.791233,0.127,95.8
678,0.791933,,0.862000,0.791933,0.127,95.9
679,0.789300,,0.862000,0.791933,0.143,96.0
680,0.791833,,0.862000,0.791933,0.141,96.2
681,0.791417,,0.862000,0.791933,0.126,96.3
682,0.791100,,0.862000,0.791933,0.137,96.4
683,0.790317,,0.862000,0.791933,0.126,96.6
684,0.792200,,0.862000,0.792200,0.126,96.7
685,0.791417,,0.862000,0.792200,0.125,96.8
686,0.792617,,0.862000,0.792617,0.139,97.0
687,0.793450,,0.862000,0.793450,0.137,97.1
688,0.793867,,0.862000,0.793867,0.126,97.2
689,0.791217,,0.862000,0.793867,0.125,97.3
690,0.791433,,0.862000,0.793867,0.136,97.5
691,0.790867,,0.862000,0.793867,0.127,97.6
692,0.793400,,0.862000,0.793867,0.123,97.7
693,0.795150,,0.862000,0.795150,0.122,97.9
694,0.795233,,0.862000,0.795233,0.121,98.0
695,0.794067,,0.862000,0.795233,0.121,98.1
696,0.793400,,0.862000,0.795233,0.119,98.2
697,0.794283,,0.862000,0.795233,0.118,98.3
698,0.793217,,0.862000,0.795233,0.125,98.5
699,0.794950,,0.862000,0.795233,0.134,98.6
700,0.793917,0.8735999464988708,0.873600,0.795233,0.151,98.7
701,0.795983,,0.873600,0.795983,0.113,98.9
702,0.793233,,0.873600,0.795983,0.134,99.0
703,0.794633,,0.873600,0.795983,0.121,99.1
704,0.796400,,0.873600,0.796400,0.123,99.2
705,0.796933,,0.873600,0.796933,0.137,99.4
706,0.796033,,0.873600,0.796933,0.137,99.5
707,0.797267,,0.873600,0.797267,0.135,99.6
708,0.796733,,0.873600,0.797267,0.120,99.8
709,0.796083,,0.873600,0.797267,0.119,99.9
710,0.796867,,0.873600,0.797267,0.123,100.0
711,0.796767,,0.873600,0.797267,0.135,100.1
712,0.798150,,0.873600,0.798150,0.122,100.3
713,0.794050,,0.873600,0.798150,0.134,100.4
714,0.797100,,0.873600,0.798150,0.121,100.5
715,0.797317,,0.873600,0.798150,0.121,100.6
716,0.798017,,0.873600,0.798150,0.119,100.8
717,0.796033,,0.873600,0.798150,0.124,100.9
718,0.796833,,0.873600,0.798150,0.133,101.0
719,0.796617,,0.873600,0.798150,0.123,101.1
720,0.798500,,0.873600,0.798500,0.122,101.3
721,0.798100,,0.873600,0.798500,0.123,101.4
722,0.799017,,0.873600,0.799017,0.134,101.5
723,0.799483,,0.873600,0.799483,0.122,101.6
724,0.799000,,0.873600,0.799483,0.122,101.8
725,0.798583,,0.873600,0.799483,0.141,101.9
726,0.802200,,0.873600,0.802200,0.138,102.0
727,0.800483,,0.873600,0.802200,0.134,102.2
728,0.799783,,0.873600,0.802200,0.124,102.3
729,0.799200,,0.873600,0.802200,0.138,102.4
730,0.799233,,0.873600,0.802200,0.138,102.6
731,0.799583,,0.873600,0.802200,0.133,102.7
732,0.798800,,0.873600,0.802200,0.126,102.8
733,0.799500,,0.873600,0.802200,0.134,103.0
734,0.798883,,0.873600,0.802200,0.119,103.1
735,0.799750,,0.873600,0.802200,0.121,103.2
736,0.801167,,0.873600,0.802200,0.121,103.3
737,0.800183,,0.873600,0.802200,0.120,103.4
738,0.800233,,0.873600,0.802200,0.119,103.6
739,0.800233,,0.873600,0.802200,0.122,103.7
740,0.802733,,0.873600,0.802733,0.121,103.8
741,0.803933,,0.873600,0.803933,0.121,103.9
742,0.801317,,0.873600,0.803933,0.119,104.1
743,0.801267,,0.873600,0.803933,0.124,104.2
744,0.801133,,0.873600,0.803933,0.134,104.3
745,0.800650,,0.873600,0.803933,0.122,104.4
746,0.803317,,0.873600,0.803933,0.121,104.6
747,0.802767,,0.873600,0.803933,0.123,104.7
748,0.802950,,0.873600,0.803933,0.135,104.8
749,0.803300,,0.873600,0.803933,0.120,104.9
750,0.803650,0.8756999969482422,0.875700,0.803933,0.150,105.1
751,0.802283,,0.875700,0.803933,0.112,105.2
752,0.802783,,0.875700,0.803933,0.134,105.3
753,0.802283,,0.875700,0.803933,0.119,105.4
754,0.801317,,0.875700,0.803933,0.120,105.6
755,0.804233,,0.875700,0.804233,0.120,105.7
756,0.802517,,0.875700,0.804233,0.127,105.8
757,0.805900,,0.875700,0.805900,0.125,105.9
758,0.804267,,0.875700,0.805900,0.132,106.1
759,0.804717,,0.875700,0.805900,0.125,106.2
760,0.801967,,0.875700,0.805900,0.134,106.3
761,0.803050,,0.875700,0.805900,0.122,106.4
762,0.802417,,0.875700,0.805900,0.122,106.6
763,0.801983,,0.875700,0.805900,0.125,106.7
764,0.805250,,0.875700,0.805900,0.135,106.8
765,0.804000,,0.875700,0.805900,0.127,107.0
766,0.804583,,0.875700,0.805900,0.137,107.1
767,0.804583,,0.875700,0.805900,0.123,107.2
768,0.805267,,0.875700,0.805900,0.122,107.3
769,0.804450,,0.875700,0.805900,0.121,107.5
770,0.806617,,0.875700,0.806617,0.122,107.6
771,0.804500,,0.875700,0.806617,0.120,107.7
772,0.804750,,0.875700,0.806617,0.120,107.8
773,0.807583,,0.875700,0.807583,0.123,107.9
774,0.803533,,0.875700,0.807583,0.141,108.1
775,0.805133,,0.875700,0.807583,0.136,108.2
776,0.806400,,0.875700,0.807583,0.122,108.3
777,0.805567,,0.875700,0.807583,0.122,108.5
778,0.805783,,0.875700,0.807583,0.134,108.6
779,0.805800,,0.875700,0.807583,0.135,108.7
780,0.807700,,0.875700,0.807700,0.119,108.9
781,0.804650,,0.875700,0.807700,0.120,109.0
782,0.807333,,0.875700,0.807700,0.126,109.1
783,0.806150,,0.875700,0.807700,0.133,109.2
784,0.808217,,0.875700,0.808217,0.120,109.4
785,0.805200,,0.875700,0.808217,0.118,109.5
786,0.808033,,0.875700,0.808217,0.119,109.6
787,0.806800,,0.875700,0.808217,0.122,109.7
788,0.806417,,0.875700,0.808217,0.133,109.8
789,0.808100,,0.875700,0.808217,0.121,110.0
790,0.807433,,0.875700,0.808217,0.121,110.1
791,0.808567,,0.875700,0.808567,0.125,110.2
792,0.807867,,0.875700,0.808567,0.137,110.3
793,0.810350,,0.875700,0.810350,0.132,110.5
794,0.807683,,0.875700,0.810350,0.120,110.6
795,0.809550,,0.875700,0.810350,0.130,110.7
796,0.807883,,0.875700,0.810350,0.120,110.9
797,0.809967,,0.875700,0.810350,0.124,111.0
798,0.811650,,0.875700,0.811650,0.135,111.1
799,0.811683,,0.875700,0.811683,0.125,111.2
800,0.808383,0.8764999508857727,0.876500,0.811683,0.154,111.4
801,0.808967,,0.876500,0.811683,0.129,111.5
802,0.810417,,0.876500,0.811683,0.139,111.7
803,0.807350,,0.876500,0.811683,0.136,111.8
804,0.809917,,0.876500,0.811683,0.124,111.9
805,0.810133,,0.876500,0.811683,0.133,112.0
806,0.808867,,0.876500,0.811683,0.122,112.2
807,0.811150,,0.876500,0.811683,0.129,112.3
808,0.811333,,0.876500,0.811683,0.135,112.4
809,0.812383,,0.876500,0.812383,0.127,112.6
810,0.810450,,0.876500,0.812383,0.121,112.7
811,0.809667,,0.876500,0.812383,0.121,112.8
812,0.810517,,0.876500,0.812383,0.119,112.9
813,0.812183,,0.876500,0.812383,0.120,113.0
814,0.811250,,0.876500,0.812383,0.120,113.2
815,0.810700,,0.876500,0.812383,0.128,113.3
816,0.811383,,0.876500,0.812383,0.138,113.4
817,0.811667,,0.876500,0.812383,0.140,113.6
818,0.811550,,0.876500,0.812383,0.139,113.7
819,0.814000,,0.876500,0.814000,0.138,113.8
820,0.812200,,0.876500,0.814000,0.136,114.0
821,0.812117,,0.876500,0.814000,0.122,114.1
822,0.813367,,0.876500,0.814000,0.121,114.2
823,0.810400,,0.876500,0.814000,0.125,114.3
824,0.813000,,0.876500,0.814000,0.137,114.5
825,0.811067,,0.876500,0.814000,0.122,114.6
826,0.813333,,0.876500,0.814000,0.126,114.7
827,0.810967,,0.876500,0.814000,0.138,114.9
828,0.811600,,0.876500,0.814000,0.137,115.0
829,0.812367,,0.876500,0.814000,0.135,115.1
830,0.812050,,0.876500,0.814000,0.131,115.3
831,0.813267,,0.876500,0.814000,0.133,115.4
832,0.814217,,0.876500,0.814217,0.124,115.5
833,0.813283,,0.876500,0.814217,0.135,115.7
834,0.814683,,0.876500,0.814683,0.133,115.8
835,0.814283,,0.876500,0.814683,0.125,115.9
836,0.813933,,0.876500,0.814683,0.134,116.1
837,0.811383,,0.876500,0.814683,0.119,116.2
838,0.815717,,0.876500,0.815717,0.123,116.3
839,0.814750,,0.876500,0.815717,0.136,116.4
840,0.813050,,0.876500,0.815717,0.134,116.6
841,0.814917,,0.876500,0.815717,0.119,116.7
842,0.813833,,0.876500,0.815717,0.118,116.8
843,0.813300,,0.876500,0.815717,0.120,116.9
844,0.814783,,0.876500,0.815717,0.123,117.0
845,0.813800,,0.876500,0.815717,0.137,117.2
846,0.812567,,0.876500,0.815717,0.134,117.3
847,0.813650,,0.876500,0.815717,0.124,117.4
848,0.815267,,0.876500,0.815717,0.134,117.6
849,0.812300,,0.876500,0.815717,0.136,117.7
850,0.813117,0.8780999183654785,0.878100,0.815717,0.150,117.9
851,0.815983,,0.878100,0.815983,0.111,118.0
852,0.814800,,0.878100,0.815983,0.121,118.1
853,0.815500,,0.878100,0.815983,0.123,118.2
854,0.817533,,0.878100,0.817533,0.137,118.4
855,0.813133,,0.878100,0.817533,0.138,118.5
856,0.815150,,0.878100,0.817533,0.136,118.6
857,0.815917,,0.878100,0.817533,0.134,118.8
858,0.817383,,0.878100,0.817533,0.123,118.9
859,0.818383,,0.878100,0.818383,0.134,119.0
860,0.816367,,0.878100,0.818383,0.123,119.1
861,0.818000,,0.878100,0.818383,0.121,119.3
862,0.817300,,0.878100,0.818383,0.132,119.4
863,0.817767,,0.878100,0.818383,0.119,119.5
864,0.816850,,0.878100,0.818383,0.123,119.6
865,0.815550,,0.878100,0.818383,0.133,119.8
866,0.816017,,0.878100,0.818383,0.120,119.9
867,0.814550,,0.878100,0.818383,0.118,120.0
868,0.818500,,0.878100,0.818500,0.119,120.1
869,0.818417,,0.878100,0.818500,0.117,120.2
870,0.819900,,0.878100,0.819900,0.119,120.4
871,0.818283,,0.878100,0.819900,0.119,120.5
872,0.817450,,0.878100,0.819900,0.122,120.6
873,0.818100,,0.878100,0.819900,0.136,120.7
874,0.818867,,0.878100,0.819900,0.132,120.9
875,0.818150,,0.878100,0.819900,0.123,121.0
876,0.817733,,0.878100,0.819900,0.134,121.1
877,0.820150,,0.878100,0.820150,0.124,121.3
878,0.817233,,0.878100,0.820150,0.137,121.4
879,0.817400,,0.878100,0.820150,0.132,121.5
880,0.819783,,0.878100,0.820150,0.120,121.6
881,0.817033,,0.878100,0.820150,0.122,121.8
882,0.819750,,0.878100,0.820150,0.124,121.9
883,0.819950,,0.878100,0.820150,0.121,122.0
884,0.819533,,0.878100,0.820150,0.123,122.1
885,0.816217,,0.878100,0.820150,0.134,122.3
886,0.819583,,0.878100,0.820150,0.120,122.4
887,0.819117,,0.878100,0.820150,0.125,122.5
888,0.820400,,0.878100,0.820400,0.139,122.7
889,0.819383,,0.878100,0.820400,0.138,122.8
890,0.817900,,0.878100,0.820400,0.133,122.9
891,0.819067,,0.878100,0.820400,0.120,123.0
892,0.817917,,0.878100,0.820400,0.123,123.2
893,0.817517,,0.878100,0.820400,0.137,123.3
894,0.818767,,0.878100,0.820400,0.138,123.4
895,0.818467,,0.878100,0.820400,0.134,123.6
896,0.819183,,0.878100,0.820400,0.124,123.7
897,0.819783,,0.878100,0.820400,0.135,123.8
898,0.818383,,0.878100,0.820400,0.130,124.0
899,0.820467,,0.878100,0.820467,0.139,124.1
900,0.818267,0.8797999024391174,0.879800,0.820467,0.164,124.3
901,0.820200,,0.879800,0.820467,0.116,124.4
902,0.819217,,0.879800,0.820467,0.135,124.5
903,0.819800,,0.879800,0.820467,0.125,124.6
904,0.822000,,0.879800,0.822000,0.133,124.8
905,0.819050,,0.879800,0.822000,0.120,124.9
906,0.820000,,0.879800,0.822000,0.122,125.0
907,0.819933,,0.879800,0.822000,0.125,125.1
908,0.822217,,0.879800,0.822217,0.136,125.3
909,0.820017,,0.879800,0.822217,0.136,125.4
910,0.818983,,0.879800,0.822217,0.123,125.5
911,0.818483,,0.879800,0.822217,0.133,125.7
912,0.819733,,0.879800,0.822217,0.122,125.8
913,0.820267,,0.879800,0.822217,0.123,125.9
914,0.820950,,0.879800,0.822217,0.134,126.0
915,0.821167,,0.879800,0.822217,0.121,126.2
916,0.820883,,0.879800,0.822217,0.118,126.3
917,0.819450,,0.879800,0.822217,0.119,126.4
918,0.821800,,0.879800,0.822217,0.118,126.5
919,0.820400,,0.879800,0.822217,0.121,126.6
920,0.820800,,0.879800,0.822217,0.135,126.8
921,0.822600,,0.879800,0.822600,0.123,126.9
922,0.820567,,0.879800,0.822600,0.134,127.0
923,0.822967,,0.879800,0.822967,0.123,127.2
924,0.820417,,0.879800,0.822967,0.137,127.3
925,0.822467,,0.879800,0.822967,0.134,127.4
926,0.819883,,0.879800,0.822967,0.119,127.5
927,0.820750,,0.879800,0.822967,0.123,127.7
928,0.822000,,0.879800,0.822967,0.136,127.8
929,0.822983,,0.879800,0.822983,0.132,127.9
930,0.819233,,0.879800,0.822983,0.122,128.1
931,0.823583,,0.879800,0.823583,0.121,128.2
932,0.822433,,0.879800,0.823583,0.125,128.3
933,0.821583,,0.879800,0.823583,0.138,128.4
934,0.822567,,0.879800,0.823583,0.134,128.6
935,0.823350,,0.879800,0.823583,0.126,128.7
936,0.824633,,0.879800,0.824633,0.138,128.8
937,0.823517,,0.879800,0.824633,0.138,129.0
938,0.824000,,0.879800,0.824633,0.136,129.1
939,0.823867,,0.879800,0.824633,0.121,129.2
940,0.822617,,0.879800,0.824633,0.125,129.4
941,0.822200,,0.879800,0.824633,0.139,129.5
942,0.823100,,0.879800,0.824633,0.139,129.6
943,0.822783,,0.879800,0.824633,0.136,129.8
944,0.825033,,0.879800,0.825033,0.121,129.9
945,0.828300,,0.879800,0.828300,0.122,130.0
946,0.823800,,0.879800,0.828300,0.136,130.2
947,0.824350,,0.879800,0.828300,0.124,130.3
948,0.824467,,0.879800,0.828300,0.137,130.4
949,0.823200,,0.879800,0.828300,0.137,130.6
950,0.825350,0.8809999227523804,0.881000,0.828300,0.173,130.7
951,0.825450,,0.881000,0.828300,0.126,130.9
952,0.825967,,0.881000,0.828300,0.137,131.0
953,0.825567,,0.881000,0.828300,0.124,131.1
954,0.826050,,0.881000,0.828300,0.135,131.2
955,0.826250,,0.881000,0.828300,0.124,131.4
956,0.825383,,0.881000,0.828300,0.124,131.5
957,0.825900,,0.881000,0.828300,0.123,131.6
958,0.823783,,0.881000,0.828300,0.120,131.7
959,0.823600,,0.881000,0.828300,0.123,131.9
960,0.826683,,0.881000,0.828300,0.134,132.0
961,0.826250,,0.881000,0.828300,0.125,132.1
962,0.825383,,0.881000,0.828300,0.135,132.3
963,0.826733,,0.881000,0.828300,0.120,132.4
964,0.826000,,0.881000,0.828300,0.123,132.5
965,0.826167,,0.881000,0.828300,0.123,132.6
966,0.827667,,0.881000,0.828300,0.120,132.7
967,0.826617,,0.881000,0.828300,0.119,132.9
968,0.827300,,0.881000,0.828300,0.123,133.0
969,0.825733,,0.881000,0.828300,0.136,133.1
970,0.828133,,0.881000,0.828300,0.138,133.3
971,0.826600,,0.881000,0.828300,0.138,133.4
972,0.826883,,0.881000,0.828300,0.133,133.5
973,0.825233,,0.881000,0.828300,0.120,133.7
974,0.828700,,0.881000,0.828700,0.123,133.8
975,0.828317,,0.881000,0.828700,0.138,133.9
976,0.827867,,0.881000,0.828700,0.136,134.0
977,0.827250,,0.881000,0.828700,0.134,134.2
978,0.828917,,0.881000,0.828917,0.120,134.3
979,0.828150,,0.881000,0.828917,0.118,134.4
980,0.829750,,0.881000,0.829750,0.118,134.5
981,0.828900,,0.881000,0.829750,0.121,134.7
982,0.827133,,0.881000,0.829750,0.124,134.8
983,0.828100,,0.881000,0.829750,0.135,134.9
984,0.830300,,0.881000,0.830300,0.119,135.0
985,0.827267,,0.881000,0.830300,0.121,135.2
986,0.829200,,0.881000,0.830300,0.123,135.3
987,0.826933,,0.881000,0.830300,0.141,135.4
988,0.826983,,0.881000,0.830300,0.135,135.6
989,0.827717,,0.881000,0.830300,0.137,135.7
990,0.830750,,0.881000,0.830750,0.122,135.8
991,0.829817,,0.881000,0.830750,0.122,135.9
992,0.827033,,0.881000,0.830750,0.122,136.1
993,0.828833,,0.881000,0.830750,0.138,136.2
994,0.827450,,0.881000,0.830750,0.125,136.3
995,0.830817,,0.881000,0.830817,0.135,136.5
996,0.829517,,0.881000,0.830817,0.125,136.6
997,0.831317,,0.881000,0.831317,0.138,136.7
998,0.828967,,0.881000,0.831317,0.123,136.8
999,0.828850,,0.881000,0.831317,0.124,137.0
1000,0.827550,0.8849999904632568,0.885000,0.831317,0.165,137.1
1001,0.826233,,0.885000,0.831317,0.110,137.2
1002,0.829850,,0.885000,0.831317,0.121,137.4
1003,0.827233,,0.885000,0.831317,0.120,137.5
1004,0.829733,,0.885000,0.831317,0.123,137.6
1005,0.830117,,0.885000,0.831317,0.135,137.7
1006,0.829650,,0.885000,0.831317,0.127,137.9
1007,0.830017,,0.885000,0.831317,0.133,138.0
1008,0.826933,,0.885000,0.831317,0.124,138.1
1009,0.829033,,0.885000,0.831317,0.132,138.3
1010,0.827017,,0.885000,0.831317,0.123,138.4
1011,0.829033,,0.885000,0.831317,0.135,138.5
1012,0.829683,,0.885000,0.831317,0.120,138.6
1013,0.828650,,0.885000,0.831317,0.119,138.8
1014,0.830100,,0.885000,0.831317,0.125,138.9
1015,0.828900,,0.885000,0.831317,0.138,139.0
1016,0.830450,,0.885000,0.831317,0.135,139.2
1017,0.828367,,0.885000,0.831317,0.120,139.3
1018,0.830683,,0.885000,0.831317,0.119,139.4
1019,0.830850,,0.885000,0.831317,0.119,139.5
1020,0.830017,,0.885000,0.831317,0.120,139.6
1021,0.828867,,0.885000,0.831317,0.123,139.8
1022,0.830917,,0.885000,0.831317,0.135,139.9
1023,0.829350,,0.885000,0.831317,0.121,140.0
1024,0.829600,,0.885000,0.831317,0.119,140.1
1025,0.831167,,0.885000,0.831317,0.123,140.3
1026,0.832500,,0.885000,0.832500,0.137,140.4
1027,0.832583,,0.885000,0.832583,0.137,140.5
1028,0.832433,,0.885000,0.832583,0.134,140.7
1029,0.830483,,0.885000,0.832583,0.120,140.8
1030,0.832200,,0.885000,0.832583,0.118,140.9
1031,0.830250,,0.885000,0.832583,0.120,141.0
1032,0.828683,,0.885000,0.832583,0.120,141.1
1033,0.833033,,0.885000,0.833033,0.119,141.3
1034,0.831300,,0.885000,0.833033,0.117,141.4
1035,0.830867,,0.885000,0.833033,0.123,141.5
1036,0.831850,,0.885000,0.833033,0.135,141.6
1037,0.831317,,0.885000,0.833033,0.122,141.8
1038,0.830867,,0.885000,0.833033,0.131,141.9
1039,0.830583,,0.885000,0.833033,0.123,142.0
1040,0.832150,,0.885000,0.833033,0.127,142.1
1041,0.828867,,0.885000,0.833033,0.134,142.3
1042,0.831983,,0.885000,0.833033,0.121,142.4
1043,0.830633,,0.885000,0.833033,0.128,142.5
1044,0.832150,,0.885000,0.833033,0.120,142.6
1045,0.832917,,0.885000,0.833033,0.126,142.8
1046,0.832717,,0.885000,0.833033,0.121,142.9
1047,0.831500,,0.885000,0.833033,0.122,143.0
1048,0.831900,,0.885000,0.833033,0.126,143.1
1049,0.829733,,0.885000,0.833033,0.123,143.3
1050,0.831467,0.8877999782562256,0.887800,0.833033,0.150,143.4
1051,0.831600,,0.887800,0.833033,0.112,143.5
1052,0.831000,,0.887800,0.833033,0.133,143.7
1053,0.832650,,0.887800,0.833033,0.119,143.8
1054,0.830250,,0.887800,0.833033,0.121,143.9
1055,0.832750,,0.887800,0.833033,0.120,144.0
1056,0.832500,,0.887800,0.833033,0.119,144.1
1057,0.834267,,0.887800,0.834267,0.121,144.3
1058,0.832933,,0.887800,0.834267,0.123,144.4
1059,0.833383,,0.887800,0.834267,0.138,144.5
1060,0.831317,,0.887800,0.834267,0.137,144.7
1061,0.832333,,0.887800,0.834267,0.132,144.8
1062,0.832417,,0.887800,0.834267,0.124,144.9
1063,0.833400,,0.887800,0.834267,0.132,145.0
1064,0.832767,,0.887800,0.834267,0.123,145.2
1065,0.833017,,0.887800,0.834267,0.133,145.3
1066,0.832683,,0.887800,0.834267,0.119,145.4
1067,0.834650,,0.887800,0.834650,0.119,145.5
1068,0.833700,,0.887800,0.834650,0.123,145.7
1069,0.835017,,0.887800,0.835017,0.133,145.8
1070,0.833583,,0.887800,0.835017,0.123,145.9
1071,0.834750,,0.887800,0.835017,0.135,146.0
1072,0.833183,,0.887800,0.835017,0.133,146.2
1073,0.833383,,0.887800,0.835017,0.122,146.3
1074,0.833967,,0.887800,0.835017,0.120,146.4
1075,0.835267,,0.887800,0.835267,0.120,146.5
1076,0.834733,,0.887800,0.835267,0.119,146.7
1077,0.834667,,0.887800,0.835267,0.117,146.8
1078,0.833233,,0.887800,0.835267,0.122,146.9
1079,0.834617,,0.887800,0.835267,0.135,147.0
1080,0.834050,,0.887800,0.835267,0.137,147.2
1081,0.836217,,0.887800,0.836217,0.132,147.3
1082,0.835233,,0.887800,0.836217,0.119,147.4
1083,0.834483,,0.887800,0.836217,0.123,147.5
1084,0.833950,,0.887800,0.836217,0.135,147.7
1085,0.835483,,0.887800,0.836217,0.119,147.8
1086,0.831000,,0.887800,0.836217,0.120,147.9
1087,0.832500,,0.887800,0.836217,0.119,148.0
1088,0.834967,,0.887800,0.836217,0.122,148.2
1089,0.834567,,0.887800,0.836217,0.134,148.3
1090,0.834783,,0.887800,0.836217,0.125,148.4
1091,0.834467,,0.887800,0.836217,0.135,148.6
1092,0.834050,,0.887800,0.836217,0.126,148.7
1093,0.835283,,0.887800,0.836217,0.134,148.8
1094,0.836967,,0.887800,0.836967,0.122,148.9
1095,0.836867,,0.887800,0.836967,0.121,149.1
1096,0.834983,,0.887800,0.836967,0.119,149.2
1097,0.836783,,0.887800,0.836967,0.121,149.3
1098,0.836133,,0.887800,0.836967,0.125,149.4
1099,0.836500,,0.887800,0.836967,0.136,149.6
1100,0.835283,0.8863999843597412,0.887800,0.836967,0.153,149.7
1101,0.836417,,0.887800,0.836967,0.109,149.8
1102,0.836717,,0.887800,0.836967,0.120,149.9
1103,0.836517,,0.887800,0.836967,0.119,150.1
1104,0.837017,,0.887800,0.837017,0.123,150.2
1105,0.837233,,0.887800,0.837233,0.138,150.3
1106,0.838000,,0.887800,0.838000,0.135,150.5
1107,0.838850,,0.887800,0.838850,0.126,150.6
1108,0.836167,,0.887800,0.838850,0.134,150.7
1109,0.837567,,0.887800,0.838850,0.136,150.9
1110,0.838233,,0.887800,0.838850,0.122,151.0
1111,0.836500,,0.887800,0.838850,0.122,151.1
1112,0.838333,,0.887800,0.838850,0.121,151.2
1113,0.835750,,0.887800,0.838850,0.122,151.3
1114,0.838167,,0.887800,0.838850,0.139,151.5
1115,0.837617,,0.887800,0.838850,0.136,151.6
1116,0.835517,,0.887800,0.838850,0.120,151.7
1117,0.835533,,0.887800,0.838850,0.124,151.9
1118,0.836833,,0.887800,0.838850,0.135,152.0
1119,0.838783,,0.887800,0.838850,0.125,152.1
1120,0.835600,,0.887800,0.838850,0.135,152.2
1121,0.839167,,0.887800,0.839167,0.120,152.4
1122,0.838633,,0.887800,0.839167,0.119,152.5
1123,0.837633,,0.887800,0.839167,0.120,152.6
1124,0.837250,,0.887800,0.839167,0.119,152.7
1125,0.838667,,0.887800,0.839167,0.120,152.8
1126,0.838083,,0.887800,0.839167,0.120,153.0
1127,0.839233,,0.887800,0.839233,0.120,153.1
1128,0.839050,,0.887800,0.839233,0.121,153.2
1129,0.839033,,0.887800,0.839233,0.135,153.3
1130,0.839150,,0.887800,0.839233,0.121,153.5
1131,0.839933,,0.887800,0.839933,0.119,153.6
1132,0.837467,,0.887800,0.839933,0.122,153.7
1133,0.837517,,0.887800,0.839933,0.137,153.8
1134,0.836700,,0.887800,0.839933,0.121,154.0
1135,0.838233,,0.887800,0.839933,0.119,154.1
1136,0.838217,,0.887800,0.839933,0.123,154.2
1137,0.838583,,0.887800,0.839933,0.135,154.3
1138,0.838633,,0.887800,0.839933,0.124,154.5
1139,0.838633,,0.887800,0.839933,0.136,154.6
1140,0.840317,,0.887800,0.840317,0.125,154.7
1141,0.838617,,0.887800,0.840317,0.136,154.9
1142,0.837200,,0.887800,0.840317,0.122,155.0
1143,0.838783,,0.887800,0.840317,0.121,155.1
1144,0.838533,,0.887800,0.840317,0.125,155.2
1145,0.839050,,0.887800,0.840317,0.137,155.4
1146,0.837500,,0.887800,0.840317,0.120,155.5
1147,0.839717,,0.887800,0.840317,0.121,155.6
1148,0.840183,,0.887800,0.840317,0.127,155.7
1149,0.838017,,0.887800,0.840317,0.122,155.9
1150,0.840583,0.8911999464035034,0.891200,0.840583,0.167,156.0
1151,0.837867,,0.891200,0.840583,0.123,156.1
1152,0.837867,,0.891200,0.840583,0.120,156.3
1153,0.839133,,0.891200,0.840583,0.147,156.4
1154,0.837600,,0.891200,0.840583,0.131,156.5
1155,0.839950,,0.891200,0.840583,0.145,156.7
1156,0.841467,,0.891200,0.841467,0.138,156.8
1157,0.840233,,0.891200,0.841467,0.131,157.0
1158,0.838633,,0.891200,0.841467,0.131,157.1
1159,0.839117,,0.891200,0.841467,0.143,157.2
1160,0.838600,,0.891200,0.841467,0.126,157.4
1161,0.840383,,0.891200,0.841467,0.123,157.5
1162,0.839250,,0.891200,0.841467,0.121,157.6
1163,0.840867,,0.891200,0.841467,0.121,157.7
1164,0.841383,,0.891200,0.841467,0.120,157.8
1165,0.838617,,0.891200,0.841467,0.120,158.0
1166,0.840517,,0.891200,0.841467,0.123,158.1
1167,0.839167,,0.891200,0.841467,0.120,158.2
1168,0.839817,,0.891200,0.841467,0.118,158.3
1169,0.841633,,0.891200,0.841633,0.121,158.4
1170,0.839650,,0.891200,0.841633,0.120,158.6
1171,0.839733,,0.891200,0.841633,0.121,158.7
1172,0.841983,,0.891200,0.841983,0.122,158.8
1173,0.841550,,0.891200,0.841983,0.139,158.9
1174,0.840350,,0.891200,0.841983,0.135,159.1
1175,0.841183,,0.891200,0.841983,0.124,159.2
1176,0.841950,,0.891200,0.841983,0.131,159.3
1177,0.840300,,0.891200,0.841983,0.123,159.5
1178,0.838117,,0.891200,0.841983,0.119,159.6
1179,0.841217,,0.891200,0.841983,0.123,159.7
1180,0.838500,,0.891200,0.841983,0.121,159.8
1181,0.841350,,0.891200,0.841983,0.120,159.9
1182,0.843267,,0.891200,0.843267,0.120,160.1
1183,0.842500,,0.891200,0.843267,0.120,160.2
1184,0.843117,,0.891200,0.843267,0.120,160.3
1185,0.842633,,0.891200,0.843267,0.123,160.4
1186,0.841267,,0.891200,0.843267,0.133,160.6
1187,0.842067,,0.891200,0.843267,0.121,160.7
1188,0.843617,,0.891200,0.843617,0.120,160.8
1189,0.841967,,0.891200,0.843617,0.119,160.9
1190,0.843917,,0.891200,0.843917,0.120,161.0
1191,0.842383,,0.891200,0.843917,0.122,161.2
1192,0.841250,,0.891200,0.843917,0.126,161.3
1193,0.842483,,0.891200,0.843917,0.135,161.4
1194,0.842300,,0.891200,0.843917,0.130,161.6
1195,0.842083,,0.891200,0.843917,0.132,161.7
1196,0.842917,,0.891200,0.843917,0.120,161.8
1197,0.844117,,0.891200,0.844117,0.121,161.9
1198,0.841350,,0.891200,0.844117,0.119,162.0
1199,0.840883,,0.891200,0.844117,0.119,162.2
1200,0.843533,0.8899999260902405,0.891200,0.844117,0.150,162.3
1201,0.845317,,0.891200,0.845317,0.109,162.4
1202,0.842133,,0.891200,0.845317,0.126,162.5
1203,0.842783,,0.891200,0.845317,0.134,162.7
1204,0.841717,,0.891200,0.845317,0.121,162.8
1205,0.842283,,0.891200,0.845317,0.121,162.9
1206,0.841417,,0.891200,0.845317,0.135,163.1
1207,0.843433,,0.891200,0.845317,0.120,163.2
1208,0.840867,,0.891200,0.845317,0.119,163.3
1209,0.841900,,0.891200,0.845317,0.124,163.4
1210,0.843917,,0.891200,0.845317,0.134,163.6
1211,0.842617,,0.891200,0.845317,0.119,163.7
1212,0.842583,,0.891200,0.845317,0.122,163.8
1213,0.844350,,0.891200,0.845317,0.134,163.9
1214,0.844617,,0.891200,0.845317,0.120,164.1
1215,0.840867,,0.891200,0.845317,0.118,164.2
1216,0.841000,,0.891200,0.845317,0.119,164.3
1217,0.844967,,0.891200,0.845317,0.120,164.4
1218,0.841933,,0.891200,0.845317,0.126,164.5
1219,0.843950,,0.891200,0.845317,0.137,164.7
1220,0.844450,,0.891200,0.845317,0.132,164.8
1221,0.843500,,0.891200,0.845317,0.123,164.9
1222,0.843333,,0.891200,0.845317,0.133,165.1
1223,0.843550,,0.891200,0.845317,0.119,165.2
1224,0.845650,,0.891200,0.845650,0.119,165.3
1225,0.843167,,0.891200,0.845650,0.118,165.4
1226,0.842967,,0.891200,0.845650,0.119,165.5
1227,0.845533,,0.891200,0.845650,0.120,165.7
1228,0.844150,,0.891200,0.845650,0.123,165.8
1229,0.843400,,0.891200,0.845650,0.134,165.9
1230,0.845083,,0.891200,0.845650,0.120,166.0
1231,0.843667,,0.891200,0.845650,0.120,166.2
1232,0.845400,,0.891200,0.845650,0.119,166.3
1233,0.845100,,0.891200,0.845650,0.120,166.4
1234,0.845633,,0.891200,0.845650,0.118,166.5
1235,0.844800,,0.891200,0.845650,0.123,166.6
1236,0.845183,,0.891200,0.845650,0.120,166.8
1237,0.844383,,0.891200,0.845650,0.119,166.9
1238,0.845683,,0.891200,0.845683,0.118,167.0
1239,0.846283,,0.891200,0.846283,0.121,167.1
1240,0.844300,,0.891200,0.846283,0.119,167.2
1241,0.842200,,0.891200,0.846283,0.120,167.3
1242,0.845117,,0.891200,0.846283,0.123,167.5
1243,0.844133,,0.891200,0.846283,0.136,167.6
1244,0.845617,,0.891200,0.846283,0.132,167.7
1245,0.845017,,0.891200,0.846283,0.126,167.9
1246,0.845933,,0.891200,0.846283,0.136,168.0
1247,0.845250,,0.891200,0.846283,0.129,168.1
1248,0.847433,,0.891200,0.847433,0.135,168.3
1249,0.847250,,0.891200,0.847433,0.122,168.4
1250,0.844767,0.8932000398635864,0.893200,0.847433,0.152,168.5
1251,0.844100,,0.893200,0.847433,0.115,168.7
1252,0.846750,,0.893200,0.847433,0.142,168.8
1253,0.846500,,0.893200,0.847433,0.135,168.9
1254,0.845417,,0.893200,0.847433,0.126,169.1
1255,0.846983,,0.893200,0.847433,0.136,169.2
1256,0.846000,,0.893200,0.847433,0.123,169.3
1257,0.845900,,0.893200,0.847433,0.121,169.4
1258,0.846100,,0.893200,0.847433,0.121,169.6
1259,0.846817,,0.893200,0.847433,0.125,169.7
1260,0.845217,,0.893200,0.847433,0.141,169.8
1261,0.845967,,0.893200,0.847433,0.135,170.0
1262,0.846183,,0.893200,0.847433,0.122,170.1
1263,0.846483,,0.893200,0.847433,0.120,170.2
1264,0.846167,,0.893200,0.847433,0.121,170.3
1265,0.848050,,0.893200,0.848050,0.121,170.4
1266,0.846150,,0.893200,0.848050,0.122,170.6
1267,0.847233,,0.893200,0.848050,0.120,170.7
1268,0.848667,,0.893200,0.848667,0.124,170.8
1269,0.844717,,0.893200,0.848667,0.120,170.9
1270,0.846950,,0.893200,0.848667,0.126,171.1
1271,0.847600,,0.893200,0.848667,0.134,171.2
1272,0.845150,,0.893200,0.848667,0.125,171.3
1273,0.846700,,0.893200,0.848667,0.137,171.5
1274,0.847283,,0.893200,0.848667,0.132,171.6
1275,0.847500,,0.893200,0.848667,0.122,171.7
1276,0.849217,,0.893200,0.849217,0.126,171.8
1277,0.847267,,0.893200,0.849217,0.122,172.0
1278,0.848133,,0.893200,0.849217,0.123,172.1
1279,0.848350,,0.893200,0.849217,0.120,172.2
1280,0.847967,,0.893200,0.849217,0.123,172.3
1281,0.846300,,0.893200,0.849217,0.139,172.5
1282,0.848100,,0.893200,0.849217,0.136,172.6
1283,0.847133,,0.893200,0.849217,0.122,172.7
1284,0.849567,,0.893200,0.849567,0.126,172.8
1285,0.849450,,0.893200,0.849567,0.124,173.0
1286,0.846817,,0.893200,0.849567,0.121,173.1
1287,0.847217,,0.893200,0.849567,0.120,173.2
1288,0.847783,,0.893200,0.849567,0.120,173.3
1289,0.847167,,0.893200,0.849567,0.123,173.4
1290,0.846817,,0.893200,0.849567,0.135,173.6
1291,0.846433,,0.893200,0.849567,0.121,173.7
1292,0.849233,,0.893200,0.849567,0.120,173.8
1293,0.847517,,0.893200,0.849567,0.121,173.9
1294,0.846733,,0.893200,0.849567,0.122,174.1
1295,0.847867,,0.893200,0.849567,0.122,174.2
1296,0.847967,,0.893200,0.849567,0.124,174.3
1297,0.846867,,0.893200,0.849567,0.134,174.4
1298,0.850250,,0.893200,0.850250,0.121,174.6
1299,0.848933,,0.893200,0.850250,0.121,174.7
1300,0.850117,0.8942000269889832,0.894200,0.850250,0.155,174.8
1301,0.847717,,0.894200,0.850250,0.111,175.0
1302,0.846450,,0.894200,0.850250,0.123,175.1
1303,0.848600,,0.894200,0.850250,0.121,175.2
1304,0.849567,,0.894200,0.850250,0.121,175.3
1305,0.847767,,0.894200,0.850250,0.121,175.4
1306,0.848450,,0.894200,0.850250,0.124,175.6
1307,0.850700,,0.894200,0.850700,0.135,175.7
1308,0.848367,,0.894200,0.850700,0.123,175.8
1309,0.847600,,0.894200,0.850700,0.121,175.9
1310,0.848150,,0.894200,0.850700,0.125,176.1
1311,0.849417,,0.894200,0.850700,0.138,176.2
1312,0.847667,,0.894200,0.850700,0.134,176.3
1313,0.849500,,0.894200,0.850700,0.124,176.5
1314,0.848567,,0.894200,0.850700,0.139,176.6
1315,0.849300,,0.894200,0.850700,0.136,176.7
1316,0.847700,,0.894200,0.850700,0.121,176.9
1317,0.848967,,0.894200,0.850700,0.121,177.0
1318,0.849733,,0.894200,0.850700,0.121,177.1
1319,0.849033,,0.894200,0.850700,0.121,177.2
1320,0.850933,,0.894200,0.850933,0.122,177.3
1321,0.848717,,0.894200,0.850933,0.120,177.5
1322,0.849683,,0.894200,0.850933,0.121,177.6
1323,0.849183,,0.894200,0.850933,0.120,177.7
1324,0.847783,,0.894200,0.850933,0.121,177.8
1325,0.848817,,0.894200,0.850933,0.120,177.9
1326,0.849967,,0.894200,0.850933,0.119,178.1
1327,0.848750,,0.894200,0.850933,0.120,178.2
1328,0.848233,,0.894200,0.850933,0.127,178.3
1329,0.850017,,0.894200,0.850933,0.134,178.4
1330,0.847717,,0.894200,0.850933,0.123,178.6
1331,0.849233,,0.894200,0.850933,0.120,178.7
1332,0.848200,,0.894200,0.850933,0.132,178.8
1333,0.847767,,0.894200,0.850933,0.118,178.9
1334,0.851333,,0.894200,0.851333,0.123,179.1
1335,0.849200,,0.894200,0.851333,0.121,179.2
1336,0.849550,,0.894200,0.851333,0.118,179.3
1337,0.851083,,0.894200,0.851333,0.119,179.4
1338,0.849367,,0.894200,0.851333,0.120,179.5
1339,0.850717,,0.894200,0.851333,0.119,179.7
1340,0.848267,,0.894200,0.851333,0.119,179.8
1341,0.849350,,0.894200,0.851333,0.118,179.9
1342,0.848667,,0.894200,0.851333,0.118,180.0
1343,0.849950,,0.894200,0.851333,0.119,180.1
1344,0.849700,,0.894200,0.851333,0.118,180.3
1345,0.851317,,0.894200,0.851333,0.119,180.4
1346,0.850333,,0.894200,0.851333,0.121,180.5
1347,0.850700,,0.894200,0.851333,0.119,180.6
1348,0.851117,,0.894200,0.851333,0.120,180.7
1349,0.847917,,0.894200,0.851333,0.119,180.9
1350,0.851583,0.8954999446868896,0.895500,0.851583,0.149,181.0
1351,0.852083,,0.895500,0.852083,0.111,181.1
1352,0.849350,,0.895500,0.852083,0.119,181.2
1353,0.849517,,0.895500,0.852083,0.118,181.3
1354,0.852400,,0.895500,0.852400,0.122,181.5
1355,0.850750,,0.895500,0.852400,0.120,181.6
1356,0.851833,,0.895500,0.852400,0.117,181.7
1357,0.850800,,0.895500,0.852400,0.118,181.8
1358,0.851000,,0.895500,0.852400,0.121,181.9
1359,0.848817,,0.895500,0.852400,0.133,182.1
1360,0.852350,,0.895500,0.852400,0.124,182.2
1361,0.850283,,0.895500,0.852400,0.133,182.3
1362,0.850717,,0.895500,0.852400,0.122,182.5
1363,0.851517,,0.895500,0.852400,0.120,182.6
1364,0.851483,,0.895500,0.852400,0.119,182.7
1365,0.850867,,0.895500,0.852400,0.122,182.8
1366,0.849750,,0.895500,0.852400,0.133,183.0
1367,0.852350,,0.895500,0.852400,0.123,183.1
1368,0.852217,,0.895500,0.852400,0.133,183.2
1369,0.851100,,0.895500,0.852400,0.120,183.3
1370,0.851983,,0.895500,0.852400,0.119,183.4
1371,0.850083,,0.895500,0.852400,0.120,183.6
1372,0.852283,,0.895500,0.852400,0.124,183.7
1373,0.850217,,0.895500,0.852400,0.121,183.8
1374,0.851183,,0.895500,0.852400,0.121,183.9
1375,0.850700,,0.895500,0.852400,0.119,184.1
1376,0.851117,,0.895500,0.852400,0.120,184.2
1377,0.850400,,0.895500,0.852400,0.119,184.3
1378,0.852083,,0.895500,0.852400,0.119,184.4
1379,0.851267,,0.895500,0.852400,0.123,184.5
1380,0.852750,,0.895500,0.852750,0.135,184.7
1381,0.851383,,0.895500,0.852750,0.120,184.8
1382,0.852767,,0.895500,0.852767,0.122,184.9
1383,0.850350,,0.895500,0.852767,0.124,185.0
1384,0.852333,,0.895500,0.852767,0.121,185.2
1385,0.850167,,0.895500,0.852767,0.121,185.3
1386,0.852783,,0.895500,0.852783,0.124,185.4
1387,0.851317,,0.895500,0.852783,0.131,185.5
1388,0.853600,,0.895500,0.853600,0.126,185.7
1389,0.853183,,0.895500,0.853600,0.121,185.8
1390,0.853683,,0.895500,0.853683,0.120,185.9
1391,0.853033,,0.895500,0.853683,0.119,186.0
1392,0.853150,,0.895500,0.853683,0.121,186.1
1393,0.852400,,0.895500,0.853683,0.123,186.3
1394,0.851117,,0.895500,0.853683,0.133,186.4
1395,0.853850,,0.895500,0.853850,0.122,186.5
1396,0.852683,,0.895500,0.853850,0.119,186.6
1397,0.851250,,0.895500,0.853850,0.121,186.8
1398,0.852200,,0.895500,0.853850,0.122,186.9
1399,0.853217,,0.895500,0.853850,0.134,187.0
1400,0.853183,0.8955000042915344,0.895500,0.853850,0.154,187.2
1401,0.852450,,0.895500,0.853850,0.121,187.3
1402,0.851917,,0.895500,0.853850,0.121,187.4
1403,0.853217,,0.895500,0.853850,0.124,187.5
1404,0.850767,,0.895500,0.853850,0.133,187.7
1405,0.852817,,0.895500,0.853850,0.121,187.8
1406,0.853650,,0.895500,0.853850,0.123,187.9
1407,0.852850,,0.895500,0.853850,0.119,188.0
1408,0.852100,,0.895500,0.853850,0.124,188.2
1409,0.852117,,0.895500,0.853850,0.138,188.3
1410,0.853000,,0.895500,0.853850,0.133,188.4
1411,0.854083,,0.895500,0.854083,0.122,188.5
1412,0.852300,,0.895500,0.854083,0.123,188.7
1413,0.853950,,0.895500,0.854083,0.134,188.8
1414,0.852667,,0.895500,0.854083,0.125,188.9
1415,0.853267,,0.895500,0.854083,0.134,189.1
1416,0.852450,,0.895500,0.854083,0.124,189.2
1417,0.851733,,0.895500,0.854083,0.120,189.3
1418,0.854200,,0.895500,0.854200,0.128,189.4
1419,0.853283,,0.895500,0.854200,0.120,189.6
1420,0.853267,,0.895500,0.854200,0.120,189.7
1421,0.854417,,0.895500,0.854417,0.120,189.8
1422,0.853400,,0.895500,0.854417,0.120,189.9
1423,0.853950,,0.895500,0.854417,0.120,190.0
1424,0.855083,,0.895500,0.855083,0.123,190.2
1425,0.853317,,0.895500,0.855083,0.134,190.3
1426,0.854417,,0.895500,0.855083,0.120,190.4
1427,0.853650,,0.895500,0.855083,0.120,190.5
1428,0.852817,,0.895500,0.855083,0.121,190.7
1429,0.854417,,0.895500,0.855083,0.120,190.8
1430,0.853250,,0.895500,0.855083,0.120,190.9
1431,0.854417,,0.895500,0.855083,0.123,191.0
1432,0.853583,,0.895500,0.855083,0.123,191.1
1433,0.853083,,0.895500,0.855083,0.134,191.3
1434,0.853667,,0.895500,0.855083,0.120,191.4
1435,0.854417,,0.895500,0.855083,0.133,191.5
1436,0.854150,,0.895500,0.855083,0.128,191.7
1437,0.854200,,0.895500,0.855083,0.121,191.8
1438,0.853383,,0.895500,0.855083,0.121,191.9
1439,0.854300,,0.895500,0.855083,0.121,192.0
1440,0.851333,,0.895500,0.855083,0.125,192.1
1441,0.852250,,0.895500,0.855083,0.135,192.3
1442,0.854067,,0.895500,0.855083,0.124,192.4
1443,0.853517,,0.895500,0.855083,0.135,192.5
1444,0.853700,,0.895500,0.855083,0.121,192.7
1445,0.852933,,0.895500,0.855083,0.121,192.8
1446,0.854367,,0.895500,0.855083,0.120,192.9
1447,0.854850,,0.895500,0.855083,0.120,193.0
1448,0.854083,,0.895500,0.855083,0.124,193.1
1449,0.854150,,0.895500,0.855083,0.138,193.3
1450,0.852833,0.8967999815940857,0.896800,0.855083,0.165,193.4
1451,0.853683,,0.896800,0.855083,0.114,193.6
1452,0.853317,,0.896800,0.855083,0.132,193.7
1453,0.852633,,0.896800,0.855083,0.120,193.8
1454,0.851667,,0.896800,0.855083,0.120,193.9
1455,0.853067,,0.896800,0.855083,0.120,194.0
1456,0.855117,,0.896800,0.855117,0.124,194.2
1457,0.853250,,0.896800,0.855117,0.138,194.3
1458,0.854183,,0.896800,0.855117,0.121,194.4
1459,0.852650,,0.896800,0.855117,0.119,194.5
1460,0.853417,,0.896800,0.855117,0.124,194.7
1461,0.853467,,0.896800,0.855117,0.139,194.8
1462,0.853950,,0.896800,0.855117,0.135,194.9
1463,0.851933,,0.896800,0.855117,0.123,195.1
1464,0.853517,,0.896800,0.855117,0.124,195.2
1465,0.853183,,0.896800,0.855117,0.137,195.3
1466,0.853000,,0.896800,0.855117,0.126,195.5
1467,0.851967,,0.896800,0.855117,0.131,195.6
1468,0.851833,,0.896800,0.855117,0.123,195.7
1469,0.853750,,0.896800,0.855117,0.127,195.8
1470,0.851667,,0.896800,0.855117,0.132,196.0
1471,0.853683,,0.896800,0.855117,0.122,196.1
1472,0.852800,,0.896800,0.855117,0.134,196.2
1473,0.852517,,0.896800,0.855117,0.121,196.3
1474,0.854883,,0.896800,0.855117,0.122,196.5
1475,0.853900,,0.896800,0.855117,0.120,196.6
1476,0.851983,,0.896800,0.855117,0.125,196.7
1477,0.853600,,0.896800,0.855117,0.122,196.8
1478,0.853217,,0.896800,0.855117,0.121,197.0
1479,0.853350,,0.896800,0.855117,0.119,197.1
1480,0.853650,,0.896800,0.855117,0.123,197.2
1481,0.852450,,0.896800,0.855117,0.134,197.3
1482,0.853250,,0.896800,0.855117,0.131,197.5
1483,0.854433,,0.896800,0.855117,0.134,197.6
1484,0.853767,,0.896800,0.855117,0.134,197.7
1485,0.852083,,0.896800,0.855117,0.125,197.9
1486,0.852500,,0.896800,0.855117,0.133,198.0
1487,0.853783,,0.896800,0.855117,0.120,198.1
1488,0.853667,,0.896800,0.855117,0.121,198.2
1489,0.853850,,0.896800,0.855117,0.122,198.4
1490,0.853200,,0.896800,0.855117,0.141,198.5
1491,0.852650,,0.896800,0.855117,0.138,198.6
1492,0.853233,,0.896800,0.855117,0.135,198.8
1493,0.851400,,0.896800,0.855117,0.124,198.9
1494,0.852250,,0.896800,0.855117,0.134,199.0
1495,0.850183,,0.896800,0.855117,0.122,199.1
1496,0.854167,,0.896800,0.855117,0.122,199.3
1497,0.853433,,0.896800,0.855117,0.124,199.4
1498,0.852267,,0.896800,0.855117,0.136,199.5
1499,0.854167,,0.896800,0.855117,0.139,199.7
1500,0.851900,0.8956000208854675,0.896800,0.855117,0.166,199.8
1501,0.851383,,0.896800,0.855117,0.110,199.9
1502,0.852667,,0.896800,0.855117,0.119,200.1
1503,0.852217,,0.896800,0.855117,0.120,200.2
1504,0.851633,,0.896800,0.855117,0.119,200.3
1505,0.853383,,0.896800,0.855117,0.119,200.4
1506,0.852183,,0.896800,0.855117,0.124,200.5
1507,0.851400,,0.896800,0.855117,0.139,200.7
1508,0.852083,,0.896800,0.855117,0.135,200.8
1509,0.855500,,0.896800,0.855500,0.123,200.9
1510,0.853667,,0.896800,0.855500,0.135,201.1
1511,0.854767,,0.896800,0.855500,0.120,201.2
1512,0.852333,,0.896800,0.855500,0.119,201.3
1513,0.852933,,0.896800,0.855500,0.116,201.4
1514,0.852650,,0.896800,0.855500,0.121,201.6
1515,0.852583,,0.896800,0.855500,0.123,201.7
1516,0.853750,,0.896800,0.855500,0.120,201.8
1517,0.854200,,0.896800,0.855500,0.118,201.9
1518,0.851817,,0.896800,0.855500,0.119,202.0
1519,0.853433,,0.896800,0.855500,0.123,202.2
1520,0.853717,,0.896800,0.855500,0.138,202.3
1521,0.853667,,0.896800,0.855500,0.135,202.4
1522,0.853883,,0.896800,0.855500,0.121,202.6
1523,0.854967,,0.896800,0.855500,0.120,202.7
1524,0.855433,,0.896800,0.855500,0.120,202.8
1525,0.855233,,0.896800,0.855500,0.124,202.9
1526,0.852583,,0.896800,0.855500,0.134,203.0
1527,0.855550,,0.896800,0.855550,0.120,203.2
1528,0.855700,,0.896800,0.855700,0.119,203.3
1529,0.854867,,0.896800,0.855700,0.125,203.4
1530,0.856217,,0.896800,0.856217,0.123,203.5
1531,0.855733,,0.896800,0.856217,0.133,203.7
1532,0.854233,,0.896800,0.856217,0.122,203.8
1533,0.855800,,0.896800,0.856217,0.124,203.9
1534,0.854283,,0.896800,0.856217,0.134,204.0
1535,0.855683,,0.896800,0.856217,0.120,204.2
1536,0.853067,,0.896800,0.856217,0.120,204.3
1537,0.855583,,0.896800,0.856217,0.120,204.4
1538,0.854933,,0.896800,0.856217,0.124,204.5
1539,0.855533,,0.896800,0.856217,0.134,204.7
1540,0.855383,,0.896800,0.856217,0.121,204.8
1541,0.855550,,0.896800,0.856217,0.121,204.9
1542,0.854583,,0.896800,0.856217,0.120,205.0
1543,0.853333,,0.896800,0.856217,0.122,205.1
1544,0.855400,,0.896800,0.856217,0.119,205.3
1545,0.855483,,0.896800,0.856217,0.118,205.4
1546,0.855200,,0.896800,0.856217,0.123,205.5
1547,0.855467,,0.896800,0.856217,0.136,205.6
1548,0.853600,,0.896800,0.856217,0.124,205.8
1549,0.855417,,0.896800,0.856217,0.134,205.9
1550,0.856267,0.8950000405311584,0.896800,0.856267,0.150,206.1
1551,0.855667,,0.896800,0.856267,0.110,206.2
1552,0.854650,,0.896800,0.856267,0.124,206.3
1553,0.856100,,0.896800,0.856267,0.138,206.4
1554,0.855717,,0.896800,0.856267,0.134,206.6
1555,0.853567,,0.896800,0.856267,0.120,206.7
1556,0.855217,,0.896800,0.856267,0.126,206.8
1557,0.855500,,0.896800,0.856267,0.120,206.9
1558,0.854333,,0.896800,0.856267,0.122,207.0
1559,0.855067,,0.896800,0.856267,0.125,207.2
1560,0.853933,,0.896800,0.856267,0.122,207.3
1561,0.853017,,0.896800,0.856267,0.125,207.4
1562,0.855683,,0.896800,0.856267,0.121,207.5
1563,0.853350,,0.896800,0.856267,0.123,207.7
1564,0.856733,,0.896800,0.856733,0.132,207.8
1565,0.855550,,0.896800,0.856733,0.121,207.9
1566,0.854850,,0.896800,0.856733,0.122,208.0
1567,0.855800,,0.896800,0.856733,0.119,208.2
1568,0.854800,,0.896800,0.856733,0.122,208.3
1569,0.854583,,0.896800,0.856733,0.134,208.4
1570,0.855483,,0.896800,0.856733,0.120,208.5
1571,0.856100,,0.896800,0.856733,0.119,208.7
1572,0.854600,,0.896800,0.856733,0.120,208.8
1573,0.855583,,0.896800,0.856733,0.123,208.9
1574,0.855233,,0.896800,0.856733,0.135,209.0
1575,0.856933,,0.896800,0.856933,0.135,209.2
1576,0.855300,,0.896800,0.856933,0.127,209.3
1577,0.855817,,0.896800,0.856933,0.134,209.4
1578,0.856083,,0.896800,0.856933,0.124,209.6
1579,0.855050,,0.896800,0.856933,0.136,209.7
1580,0.855017,,0.896800,0.856933,0.122,209.8
1581,0.856850,,0.896800,0.856933,0.133,209.9
1582,0.853800,,0.896800,0.856933,0.134,210.1
1583,0.856683,,0.896800,0.856933,0.122,210.2
1584,0.856200,,0.896800,0.856933,0.123,210.3
1585,0.855717,,0.896800,0.856933,0.133,210.5
1586,0.856150,,0.896800,0.856933,0.121,210.6
1587,0.855217,,0.896800,0.856933,0.121,210.7
1588,0.855783,,0.896800,0.856933,0.121,210.8
1589,0.854933,,0.896800,0.856933,0.121,210.9
1590,0.856100,,0.896800,0.856933,0.134,211.1
1591,0.857333,,0.896800,0.857333,0.121,211.2
1592,0.855583,,0.896800,0.857333,0.122,211.3
1593,0.856183,,0.896800,0.857333,0.125,211.4
1594,0.854883,,0.896800,0.857333,0.134,211.6
1595,0.856200,,0.896800,0.857333,0.128,211.7
1596,0.856483,,0.896800,0.857333,0.139,211.8
1597,0.855817,,0.896800,0.857333,0.159,212.0
1598,0.855733,,0.896800,0.857333,0.154,212.2
1599,0.856483,,0.896800,0.857333,0.139,212.3
1600,0.855483,0.8961999416351318,0.896800,0.857333,0.162,212.5
1601,0.856250,,0.896800,0.857333,0.128,212.6
1602,0.855417,,0.896800,0.857333,0.122,212.7
1603,0.854700,,0.896800,0.857333,0.127,212.8
1604,0.854167,,0.896800,0.857333,0.136,213.0
1605,0.855050,,0.896800,0.857333,0.122,213.1
1606,0.856117,,0.896800,0.857333,0.129,213.2
1607,0.856483,,0.896800,0.857333,0.128,213.3
1608,0.857067,,0.896800,0.857333,0.141,213.5
1609,0.854767,,0.896800,0.857333,0.138,213.6
1610,0.857000,,0.896800,0.857333,0.122,213.7
1611,0.855467,,0.896800,0.857333,0.124,213.9
1612,0.856233,,0.896800,0.857333,0.126,214.0
1613,0.855900,,0.896800,0.857333,0.125,214.1
1614,0.854783,,0.896800,0.857333,0.127,214.2
1615,0.857000,,0.896800,0.857333,0.148,214.4
1616,0.855017,,0.896800,0.857333,0.156,214.6
1617,0.857533,,0.896800,0.857533,0.139,214.7
1618,0.856167,,0.896800,0.857533,0.131,214.8
1619,0.855183,,0.896800,0.857533,0.133,215.0
1620,0.855217,,0.896800,0.857533,0.132,215.1
1621,0.856550,,0.896800,0.857533,0.143,215.2
1622,0.856950,,0.896800,0.857533,0.136,215.4
1623,0.855650,,0.896800,0.857533,0.128,215.5
1624,0.856433,,0.896800,0.857533,0.135,215.6
1625,0.856467,,0.896800,0.857533,0.123,215.8
1626,0.856467,,0.896800,0.857533,0.122,215.9
1627,0.856083,,0.896800,0.857533,0.127,216.0
1628,0.854850,,0.896800,0.857533,0.126,216.1
1629,0.856850,,0.896800,0.857533,0.129,216.3
1630,0.858683,,0.896800,0.858683,0.138,216.4
1631,0.855517,,0.896800,0.858683,0.127,216.5
1632,0.857300,,0.896800,0.858683,0.127,216.6
1633,0.856800,,0.896800,0.858683,0.126,216.8
1634,0.857567,,0.896800,0.858683,0.137,216.9
1635,0.858500,,0.896800,0.858683,0.121,217.0
1636,0.857267,,0.896800,0.858683,0.138,217.2
1637,0.857817,,0.896800,0.858683,0.140,217.3
1638,0.858283,,0.896800,0.858683,0.141,217.5
1639,0.857617,,0.896800,0.858683,0.145,217.6
1640,0.856267,,0.896800,0.858683,0.139,217.7
1641,0.856633,,0.896800,0.858683,0.127,217.9
1642,0.856583,,0.896800,0.858683,0.124,218.0
1643,0.856083,,0.896800,0.858683,0.125,218.1
1644,0.859417,,0.896800,0.859417,0.135,218.2
1645,0.856867,,0.896800,0.859417,0.127,218.4
1646,0.856500,,0.896800,0.859417,0.139,218.5
1647,0.857700,,0.896800,0.859417,0.124,218.6
1648,0.856967,,0.896800,0.859417,0.126,218.8
1649,0.857833,,0.896800,0.859417,0.126,218.9
1650,0.857483,0.8956000208854675,0.896800,0.859417,0.157,219.0
1651,0.857500,,0.896800,0.859417,0.118,219.2
1652,0.855833,,0.896800,0.859417,0.127,219.3
1653,0.856217,,0.896800,0.859417,0.137,219.4
1654,0.855600,,0.896800,0.859417,0.121,219.5
1655,0.857417,,0.896800,0.859417,0.124,219.7
1656,0.857167,,0.896800,0.859417,0.121,219.8
1657,0.858450,,0.896800,0.859417,0.122,219.9
1658,0.857850,,0.896800,0.859417,0.122,220.0
1659,0.855967,,0.896800,0.859417,0.126,220.2
1660,0.857017,,0.896800,0.859417,0.124,220.3
1661,0.856633,,0.896800,0.859417,0.123,220.4
1662,0.857400,,0.896800,0.859417,0.124,220.5
1663,0.859117,,0.896800,0.859417,0.126,220.7
1664,0.857783,,0.896800,0.859417,0.133,220.8
1665,0.858767,,0.896800,0.859417,0.124,220.9
1666,0.855850,,0.896800,0.859417,0.121,221.0
1667,0.858383,,0.896800,0.859417,0.119,221.2
1668,0.858600,,0.896800,0.859417,0.126,221.3
1669,0.858133,,0.896800,0.859417,0.138,221.4
1670,0.858450,,0.896800,0.859417,0.131,221.6
1671,0.860583,,0.896800,0.860583,0.145,221.7
1672,0.858400,,0.896800,0.860583,0.149,221.8
1673,0.858300,,0.896800,0.860583,0.143,222.0
1674,0.858650,,0.896800,0.860583,0.136,222.1
1675,0.858333,,0.896800,0.860583,0.143,222.3
1676,0.859300,,0.896800,0.860583,0.131,222.4
1677,0.859567,,0.896800,0.860583,0.148,222.5
1678,0.858483,,0.896800,0.860583,0.148,222.7
1679,0.859817,,0.896800,0.860583,0.139,222.8
1680,0.859367,,0.896800,0.860583,0.149,223.0
1681,0.860100,,0.896800,0.860583,0.149,223.1
1682,0.857783,,0.896800,0.860583,0.147,223.3
1683,0.857967,,0.896800,0.860583,0.142,223.4
1684,0.860417,,0.896800,0.860583,0.131,223.6
1685,0.860133,,0.896800,0.860583,0.151,223.7
1686,0.859167,,0.896800,0.860583,0.151,223.9
1687,0.860900,,0.896800,0.860900,0.146,224.0
1688,0.860183,,0.896800,0.860900,0.148,224.1
1689,0.859367,,0.896800,0.860900,0.151,224.3
1690,0.860350,,0.896800,0.860900,0.145,224.4
1691,0.859000,,0.896800,0.860900,0.130,224.6
1692,0.859617,,0.896800,0.860900,0.151,224.7
1693,0.859950,,0.896800,0.860900,0.150,224.9
1694,0.861033,,0.896800,0.861033,0.146,225.0
1695,0.859533,,0.896800,0.861033,0.136,225.2
1696,0.860183,,0.896800,0.861033,0.148,225.3
1697,0.860417,,0.896800,0.861033,0.143,225.4
1698,0.858550,,0.896800,0.861033,0.132,225.6
1699,0.860700,,0.896800,0.861033,0.142,225.7
1700,0.858817,0.8974999189376831,0.897500,0.861033,0.167,225.9
1701,0.860767,,0.897500,0.861033,0.136,226.0
1702,0.859467,,0.897500,0.861033,0.150,226.2
1703,0.858383,,0.897500,0.861033,0.152,226.3
1704,0.858717,,0.897500,0.861033,0.149,226.5
1705,0.861400,,0.897500,0.861400,0.143,226.6
1706,0.861050,,0.897500,0.861400,0.133,226.8
1707,0.861417,,0.897500,0.861417,0.145,226.9
1708,0.862917,,0.897500,0.862917,0.131,227.0
1709,0.860083,,0.897500,0.862917,0.133,227.2
1710,0.860967,,0.897500,0.862917,0.152,227.3
1711,0.860750,,0.897500,0.862917,0.153,227.5
1712,0.858633,,0.897500,0.862917,0.147,227.6
1713,0.861350,,0.897500,0.862917,0.135,227.8
1714,0.860933,,0.897500,0.862917,0.139,227.9
1715,0.860400,,0.897500,0.862917,0.130,228.0
1716,0.860500,,0.897500,0.862917,0.144,228.2
1717,0.858017,,0.897500,0.862917,0.141,228.3
1718,0.862200,,0.897500,0.862917,0.130,228.4
1719,0.861800,,0.897500,0.862917,0.141,228.6
1720,0.860067,,0.897500,0.862917,0.131,228.7
1721,0.861850,,0.897500,0.862917,0.126,228.8
1722,0.859533,,0.897500,0.862917,0.133,229.0
1723,0.858833,,0.897500,0.862917,0.139,229.1
1724,0.861100,,0.897500,0.862917,0.128,229.2
1725,0.861233,,0.897500,0.862917,0.136,229.4
1726,0.860183,,0.897500,0.862917,0.144,229.5
1727,0.862983,,0.897500,0.862983,0.140,229.7
1728,0.862050,,0.897500,0.862983,0.124,229.8
1729,0.861233,,0.897500,0.862983,0.120,229.9
1730,0.862467,,0.897500,0.862983,0.122,230.0
1731,0.861067,,0.897500,0.862983,0.136,230.2
1732,0.862500,,0.897500,0.862983,0.120,230.3
1733,0.862167,,0.897500,0.862983,0.124,230.4
1734,0.862083,,0.897500,0.862983,0.122,230.5
1735,0.861050,,0.897500,0.862983,0.121,230.6
1736,0.860883,,0.897500,0.862983,0.117,230.8
1737,0.861250,,0.897500,0.862983,0.120,230.9
1738,0.863050,,0.897500,0.863050,0.122,231.0
1739,0.860333,,0.897500,0.863050,0.133,231.1
1740,0.862767,,0.897500,0.863050,0.124,231.3
1741,0.861967,,0.897500,0.863050,0.138,231.4
1742,0.862917,,0.897500,0.863050,0.138,231.5
1743,0.862867,,0.897500,0.863050,0.122,231.7
1744,0.862000,,0.897500,0.863050,0.120,231.8
1745,0.862150,,0.897500,0.863050,0.125,231.9
1746,0.862017,,0.897500,0.863050,0.134,232.0
1747,0.862117,,0.897500,0.863050,0.121,232.2
1748,0.862500,,0.897500,0.863050,0.119,232.3
1749,0.863633,,0.897500,0.863633,0.119,232.4
1750,0.862967,0.8972999453544617,0.897500,0.863633,0.154,232.5
1751,0.863333,,0.897500,0.863633,0.109,232.7
1752,0.862767,,0.897500,0.863633,0.120,232.8
1753,0.863733,,0.897500,0.863733,0.118,232.9
1754,0.862317,,0.897500,0.863733,0.123,233.0
1755,0.862683,,0.897500,0.863733,0.137,233.2
1756,0.861933,,0.897500,0.863733,0.135,233.3
1757,0.860567,,0.897500,0.863733,0.119,233.4
1758,0.863167,,0.897500,0.863733,0.119,233.5
1759,0.861450,,0.897500,0.863733,0.122,233.7
1760,0.863483,,0.897500,0.863733,0.119,233.8
1761,0.862133,,0.897500,0.863733,0.119,233.9
1762,0.862583,,0.897500,0.863733,0.122,234.0
1763,0.861283,,0.897500,0.863733,0.134,234.1
1764,0.862817,,0.897500,0.863733,0.122,234.3
1765,0.861567,,0.897500,0.863733,0.119,234.4
1766,0.861483,,0.897500,0.863733,0.121,234.5
1767,0.861233,,0.897500,0.863733,0.118,234.6
1768,0.863817,,0.897500,0.863817,0.120,234.7
1769,0.863400,,0.897500,0.863817,0.119,234.9
1770,0.862517,,0.897500,0.863817,0.123,235.0
1771,0.864067,,0.897500,0.864067,0.135,235.1
1772,0.863067,,0.897500,0.864067,0.121,235.2
1773,0.860817,,0.897500,0.864067,0.126,235.4
1774,0.864067,,0.897500,0.864067,0.125,235.5
1775,0.862633,,0.897500,0.864067,0.135,235.6
1776,0.863650,,0.897500,0.864067,0.122,235.8
1777,0.862117,,0.897500,0.864067,0.119,235.9
1778,0.864950,,0.897500,0.864950,0.119,236.0
1779,0.862400,,0.897500,0.864950,0.119,236.1
1780,0.863867,,0.897500,0.864950,0.119,236.2
1781,0.862850,,0.897500,0.864950,0.123,236.4
1782,0.864033,,0.897500,0.864950,0.141,236.5
1783,0.863017,,0.897500,0.864950,0.134,236.6
1784,0.864400,,0.897500,0.864950,0.120,236.7
1785,0.864300,,0.897500,0.864950,0.120,236.9
1786,0.861350,,0.897500,0.864950,0.124,237.0
1787,0.864167,,0.897500,0.864950,0.137,237.1
1788,0.864250,,0.897500,0.864950,0.135,237.3
1789,0.861633,,0.897500,0.864950,0.118,237.4
1790,0.863550,,0.897500,0.864950,0.122,237.5
1791,0.865083,,0.897500,0.865083,0.133,237.6
1792,0.863917,,0.897500,0.865083,0.124,237.8
1793,0.862683,,0.897500,0.865083,0.125,237.9
1794,0.863150,,0.897500,0.865083,0.125,238.0
1795,0.863317,,0.897500,0.865083,0.136,238.1
1796,0.862583,,0.897500,0.865083,0.120,238.3
1797,0.863883,,0.897500,0.865083,0.123,238.4
1798,0.862483,,0.897500,0.865083,0.135,238.5
1799,0.864067,,0.897500,0.865083,0.120,238.6
1800,0.865133,0.8982000350952148,0.898200,0.865133,0.154,238.8
1801,0.863033,,0.898200,0.865133,0.125,238.9
1802,0.862250,,0.898200,0.865133,0.121,239.0
1803,0.865000,,0.898200,0.865133,0.121,239.2
1804,0.864017,,0.898200,0.865133,0.121,239.3
1805,0.862833,,0.898200,0.865133,0.120,239.4
1806,0.863717,,0.898200,0.865133,0.120,239.5
1807,0.862667,,0.898200,0.865133,0.122,239.6
1808,0.864000,,0.898200,0.865133,0.137,239.8
1809,0.863800,,0.898200,0.865133,0.134,239.9
1810,0.863533,,0.898200,0.865133,0.121,240.0
1811,0.863300,,0.898200,0.865133,0.120,240.2
1812,0.865083,,0.898200,0.865133,0.119,240.3
1813,0.864350,,0.898200,0.865133,0.130,240.4
1814,0.864733,,0.898200,0.865133,0.121,240.5
1815,0.864817,,0.898200,0.865133,0.123,240.7
1816,0.864767,,0.898200,0.865133,0.140,240.8
1817,0.864233,,0.898200,0.865133,0.133,240.9
1818,0.862233,,0.898200,0.865133,0.121,241.0
1819,0.863283,,0.898200,0.865133,0.133,241.2
1820,0.864883,,0.898200,0.865133,0.138,241.3
1821,0.863517,,0.898200,0.865133,0.135,241.5
1822,0.861800,,0.898200,0.865133,0.123,241.6
1823,0.864833,,0.898200,0.865133,0.121,241.7
1824,0.864533,,0.898200,0.865133,0.124,241.8
1825,0.863383,,0.898200,0.865133,0.134,242.0
1826,0.862867,,0.898200,0.865133,0.131,242.1
1827,0.864683,,0.898200,0.865133,0.137,242.2
1828,0.863533,,0.898200,0.865133,0.128,242.4
1829,0.863800,,0.898200,0.865133,0.136,242.5
1830,0.864617,,0.898200,0.865133,0.126,242.6
1831,0.864717,,0.898200,0.865133,0.127,242.7
1832,0.863633,,0.898200,0.865133,0.118,242.9
1833,0.865367,,0.898200,0.865367,0.123,243.0
1834,0.864817,,0.898200,0.865367,0.134,243.1
1835,0.865533,,0.898200,0.865533,0.122,243.2
1836,0.863550,,0.898200,0.865533,0.126,243.4
1837,0.864750,,0.898200,0.865533,0.132,243.5
1838,0.864633,,0.898200,0.865533,0.134,243.6
1839,0.864217,,0.898200,0.865533,0.122,243.7
1840,0.864800,,0.898200,0.865533,0.120,243.9
1841,0.862717,,0.898200,0.865533,0.122,244.0
1842,0.863817,,0.898200,0.865533,0.150,244.1
1843,0.863067,,0.898200,0.865533,0.150,244.3
1844,0.863617,,0.898200,0.865533,0.136,244.4
1845,0.864617,,0.898200,0.865533,0.137,244.6
1846,0.862867,,0.898200,0.865533,0.134,244.7
1847,0.863400,,0.898200,0.865533,0.127,244.8
1848,0.863217,,0.898200,0.865533,0.137,245.0
1849,0.865867,,0.898200,0.865867,0.134,245.1
1850,0.863850,0.8999000191688538,0.899900,0.865867,0.156,245.3
1851,0.865600,,0.899900,0.865867,0.118,245.4
1852,0.862317,,0.899900,0.865867,0.131,245.5
1853,0.864267,,0.899900,0.865867,0.121,245.6
1854,0.864417,,0.899900,0.865867,0.121,245.7
1855,0.863217,,0.899900,0.865867,0.120,245.9
1856,0.864817,,0.899900,0.865867,0.119,246.0
1857,0.863850,,0.899900,0.865867,0.121,246.1
1858,0.863333,,0.899900,0.865867,0.123,246.2
1859,0.865317,,0.899900,0.865867,0.134,246.4
1860,0.864883,,0.899900,0.865867,0.121,246.5
1861,0.864567,,0.899900,0.865867,0.122,246.6
1862,0.864900,,0.899900,0.865867,0.135,246.7
1863,0.863500,,0.899900,0.865867,0.122,246.9
1864,0.863333,,0.899900,0.865867,0.119,247.0
1865,0.864717,,0.899900,0.865867,0.121,247.1
1866,0.865183,,0.899900,0.865867,0.124,247.2
1867,0.864833,,0.899900,0.865867,0.133,247.4
1868,0.864283,,0.899900,0.865867,0.124,247.5
1869,0.863667,,0.899900,0.865867,0.119,247.6
1870,0.864850,,0.899900,0.865867,0.121,247.7
1871,0.863783,,0.899900,0.865867,0.118,247.8
1872,0.865583,,0.899900,0.865867,0.120,248.0
1873,0.864250,,0.899900,0.865867,0.119,248.1
1874,0.865467,,0.899900,0.865867,0.121,248.2
1875,0.866233,,0.899900,0.866233,0.120,248.3
1876,0.865383,,0.899900,0.866233,0.120,248.4
1877,0.863950,,0.899900,0.866233,0.120,248.6
1878,0.865200,,0.899900,0.866233,0.120,248.7
1879,0.864800,,0.899900,0.866233,0.119,248.8
1880,0.864683,,0.899900,0.866233,0.120,248.9
1881,0.864617,,0.899900,0.866233,0.121,249.0
1882,0.865100,,0.899900,0.866233,0.134,249.2
1883,0.865283,,0.899900,0.866233,0.126,249.3
1884,0.865800,,0.899900,0.866233,0.136,249.4
1885,0.864300,,0.899900,0.866233,0.129,249.6
1886,0.864733,,0.899900,0.866233,0.134,249.7
1887,0.865333,,0.899900,0.866233,0.120,249.8
1888,0.864900,,0.899900,0.866233,0.119,249.9
1889,0.863883,,0.899900,0.866233,0.122,250.1
1890,0.865600,,0.899900,0.866233,0.133,250.2
1891,0.864067,,0.899900,0.866233,0.123,250.3
1892,0.865750,,0.899900,0.866233,0.120,250.4
1893,0.865000,,0.899900,0.866233,0.124,250.6
1894,0.865383,,0.899900,0.866233,0.136,250.7
1895,0.866200,,0.899900,0.866233,0.120,250.8
1896,0.866433,,0.899900,0.866433,0.123,250.9
1897,0.866117,,0.899900,0.866433,0.139,251.1
1898,0.865300,,0.899900,0.866433,0.137,251.2
1899,0.864783,,0.899900,0.866433,0.135,251.3
1900,0.866800,0.899399995803833,0.899900,0.866800,0.156,251.5
1901,0.865050,,0.899900,0.866800,0.122,251.6
1902,0.865000,,0.899900,0.866800,0.121,251.7
1903,0.866700,,0.899900,0.866800,0.121,251.9
1904,0.866367,,0.899900,0.866800,0.120,252.0
1905,0.866317,,0.899900,0.866800,0.120,252.1
1906,0.866050,,0.899900,0.866800,0.121,252.2
1907,0.866117,,0.899900,0.866800,0.121,252.4
1908,0.866200,,0.899900,0.866800,0.119,252.5
1909,0.866333,,0.899900,0.866800,0.125,252.6
1910,0.867100,,0.899900,0.867100,0.120,252.7
1911,0.864717,,0.899900,0.867100,0.120,252.8
1912,0.867083,,0.899900,0.867100,0.120,253.0
1913,0.867333,,0.899900,0.867333,0.119,253.1
1914,0.865483,,0.899900,0.867333,0.121,253.2
1915,0.866250,,0.899900,0.867333,0.119,253.3
1916,0.864883,,0.899900,0.867333,0.120,253.4
1917,0.868717,,0.899900,0.868717,0.121,253.6
1918,0.866167,,0.899900,0.868717,0.120,253.7
1919,0.867233,,0.899900,0.868717,0.121,253.8
1920,0.866450,,0.899900,0.868717,0.121,253.9
1921,0.866733,,0.899900,0.868717,0.120,254.0
1922,0.867583,,0.899900,0.868717,0.123,254.2
1923,0.866600,,0.899900,0.868717,0.134,254.3
1924,0.868250,,0.899900,0.868717,0.120,254.4
1925,0.867800,,0.899900,0.868717,0.128,254.5
1926,0.867233,,0.899900,0.868717,0.134,254.7
1927,0.868000,,0.899900,0.868717,0.125,254.8
1928,0.866283,,0.899900,0.868717,0.136,254.9
1929,0.866150,,0.899900,0.868717,0.125,255.1
1930,0.866817,,0.899900,0.868717,0.136,255.2
1931,0.865167,,0.899900,0.868717,0.126,255.3
1932,0.867633,,0.899900,0.868717,0.141,255.5
1933,0.866383,,0.899900,0.868717,0.140,255.6
1934,0.867817,,0.899900,0.868717,0.138,255.7
1935,0.867617,,0.899900,0.868717,0.124,255.9
1936,0.867150,,0.899900,0.868717,0.124,256.0
1937,0.867167,,0.899900,0.868717,0.123,256.1
1938,0.867933,,0.899900,0.868717,0.126,256.2
1939,0.867500,,0.899900,0.868717,0.137,256.4
1940,0.868283,,0.899900,0.868717,0.122,256.5
1941,0.867683,,0.899900,0.868717,0.126,256.6
1942,0.866867,,0.899900,0.868717,0.139,256.8
1943,0.868350,,0.899900,0.868717,0.121,256.9
1944,0.867500,,0.899900,0.868717,0.124,257.0
1945,0.868567,,0.899900,0.868717,0.127,257.1
1946,0.866783,,0.899900,0.868717,0.140,257.3
1947,0.868333,,0.899900,0.868717,0.138,257.4
1948,0.868267,,0.899900,0.868717,0.140,257.6
1949,0.868867,,0.899900,0.868867,0.136,257.7
1950,0.866600,0.9003999829292297,0.900400,0.868867,0.158,257.8
1951,0.868817,,0.900400,0.868867,0.112,258.0
1952,0.867533,,0.900400,0.868867,0.140,258.1
1953,0.867233,,0.900400,0.868867,0.122,258.2
1954,0.869567,,0.900400,0.869567,0.120,258.3
1955,0.869450,,0.900400,0.869567,0.122,258.5
1956,0.867517,,0.900400,0.869567,0.121,258.6
1957,0.869383,,0.900400,0.869567,0.122,258.7
1958,0.868567,,0.900400,0.869567,0.121,258.8
1959,0.869033,,0.900400,0.869567,0.122,258.9
1960,0.867750,,0.900400,0.869567,0.121,259.1
1961,0.867450,,0.900400,0.869567,0.129,259.2
1962,0.867917,,0.900400,0.869567,0.137,259.3
1963,0.868667,,0.900400,0.869567,0.122,259.5
1964,0.867883,,0.900400,0.869567,0.131,259.6
1965,0.868383,,0.900400,0.869567,0.136,259.7
1966,0.868183,,0.900400,0.869567,0.127,259.9
1967,0.868817,,0.900400,0.869567,0.135,260.0
1968,0.869333,,0.900400,0.869567,0.122,260.1
1969,0.869200,,0.900400,0.869567,0.122,260.2
1970,0.870417,,0.900400,0.870417,0.125,260.4
1971,0.869217,,0.900400,0.870417,0.122,260.5
1972,0.869050,,0.900400,0.870417,0.124,260.6
1973,0.868633,,0.900400,0.870417,0.122,260.7
1974,0.868417,,0.900400,0.870417,0.121,260.8
1975,0.869917,,0.900400,0.870417,0.120,261.0
1976,0.868733,,0.900400,0.870417,0.121,261.1
1977,0.868550,,0.900400,0.870417,0.121,261.2
1978,0.866467,,0.900400,0.870417,0.126,261.3
1979,0.868683,,0.900400,0.870417,0.126,261.5
1980,0.869017,,0.900400,0.870417,0.135,261.6
1981,0.868633,,0.900400,0.870417,0.124,261.7
1982,0.869767,,0.900400,0.870417,0.138,261.9
1983,0.869517,,0.900400,0.870417,0.138,262.0
1984,0.868917,,0.900400,0.870417,0.137,262.1
1985,0.869083,,0.900400,0.870417,0.125,262.3
1986,0.870383,,0.900400,0.870417,0.140,262.4
1987,0.870067,,0.900400,0.870417,0.124,262.5
1988,0.870417,,0.900400,0.870417,0.122,262.6
1989,0.871183,,0.900400,0.871183,0.125,262.8
1990,0.870783,,0.900400,0.871183,0.137,262.9
1991,0.868883,,0.900400,0.871183,0.124,263.0
1992,0.869167,,0.900400,0.871183,0.120,263.1
1993,0.867517,,0.900400,0.871183,0.122,263.3
1994,0.867500,,0.900400,0.871183,0.123,263.4
1995,0.868083,,0.900400,0.871183,0.121,263.5
1996,0.869683,,0.900400,0.871183,0.126,263.6
1997,0.867717,,0.900400,0.871183,0.137,263.8
1998,0.869067,,0.900400,0.871183,0.123,263.9
1999,0.869400,,0.900400,0.871183,0.122,264.0
2000,0.870383,0.9017000198364258,0.901700,0.871183,0.150,264.2
2001,0.868050,,0.901700,0.871183,0.111,264.3
2002,0.870150,,0.901700,0.871183,0.121,264.4
2003,0.867600,,0.901700,0.871183,0.127,264.5
2004,0.867567,,0.901700,0.871183,0.123,264.7
2005,0.867617,,0.901700,0.871183,0.120,264.8
2006,0.871967,,0.901700,0.871967,0.121,264.9
2007,0.869667,,0.901700,0.871967,0.124,265.0
2008,0.868567,,0.901700,0.871967,0.136,265.2
2009,0.868650,,0.901700,0.871967,0.122,265.3
2010,0.870617,,0.901700,0.871967,0.122,265.4
2011,0.871300,,0.901700,0.871967,0.123,265.5
2012,0.868617,,0.901700,0.871967,0.123,265.6
2013,0.869100,,0.901700,0.871967,0.120,265.8
2014,0.870283,,0.901700,0.871967,0.121,265.9
2015,0.869417,,0.901700,0.871967,0.134,266.0
2016,0.870767,,0.901700,0.871967,0.122,266.1
2017,0.870750,,0.901700,0.871967,0.138,266.3
2018,0.870883,,0.901700,0.871967,0.138,266.4
2019,0.868833,,0.901700,0.871967,0.133,266.6
2020,0.870050,,0.901700,0.871967,0.121,266.7
2021,0.869217,,0.901700,0.871967,0.120,266.8
2022,0.868750,,0.901700,0.871967,0.123,266.9
2023,0.870150,,0.901700,0.871967,0.134,267.1
2024,0.868467,,0.901700,0.871967,0.120,267.2
2025,0.869800,,0.901700,0.871967,0.121,267.3
2026,0.869433,,0.901700,0.871967,0.124,267.4
2027,0.869500,,0.901700,0.871967,0.135,267.6
2028,0.870833,,0.901700,0.871967,0.123,267.7
2029,0.870183,,0.901700,0.871967,0.118,267.8
2030,0.869933,,0.901700,0.871967,0.129,267.9
2031,0.869717,,0.901700,0.871967,0.138,268.1
2032,0.869450,,0.901700,0.871967,0.136,268.2
2033,0.870133,,0.901700,0.871967,0.120,268.3
2034,0.869083,,0.901700,0.871967,0.120,268.4
2035,0.871700,,0.901700,0.871967,0.121,268.6
2036,0.869900,,0.901700,0.871967,0.124,268.7
2037,0.871283,,0.901700,0.871967,0.121,268.8
2038,0.870817,,0.901700,0.871967,0.123,268.9
2039,0.870867,,0.901700,0.871967,0.135,269.1
2040,0.870100,,0.901700,0.871967,0.121,269.2
2041,0.870633,,0.901700,0.871967,0.120,269.3
2042,0.869300,,0.901700,0.871967,0.119,269.4
2043,0.870050,,0.901700,0.871967,0.120,269.5
2044,0.870283,,0.901700,0.871967,0.121,269.7
2045,0.870633,,0.901700,0.871967,0.121,269.8
2046,0.871650,,0.901700,0.871967,0.121,269.9
2047,0.868867,,0.901700,0.871967,0.119,270.0
2048,0.870633,,0.901700,0.871967,0.123,270.1
2049,0.870833,,0.901700,0.871967,0.135,270.3
2050,0.871850,0.9017999768257141,0.901800,0.871967,0.155,270.4
2051,0.870283,,0.901800,0.871967,0.124,270.6
2052,0.869967,,0.901800,0.871967,0.119,270.7
2053,0.870983,,0.901800,0.871967,0.121,270.8
2054,0.870300,,0.901800,0.871967,0.121,270.9
2055,0.871617,,0.901800,0.871967,0.120,271.0
2056,0.870483,,0.901800,0.871967,0.120,271.2
2057,0.869967,,0.901800,0.871967,0.123,271.3
2058,0.869183,,0.901800,0.871967,0.133,271.4
2059,0.870833,,0.901800,0.871967,0.124,271.5
2060,0.869400,,0.901800,0.871967,0.138,271.7
2061,0.870400,,0.901800,0.871967,0.135,271.8
2062,0.868800,,0.901800,0.871967,0.125,271.9
2063,0.868667,,0.901800,0.871967,0.134,272.1
2064,0.870517,,0.901800,0.871967,0.121,272.2
2065,0.871717,,0.901800,0.871967,0.121,272.3
2066,0.871667,,0.901800,0.871967,0.118,272.4
2067,0.870250,,0.901800,0.871967,0.121,272.6
2068,0.870167,,0.901800,0.871967,0.120,272.7
2069,0.871367,,0.901800,0.871967,0.123,272.8
2070,0.869800,,0.901800,0.871967,0.134,272.9
2071,0.872217,,0.901800,0.872217,0.125,273.1
2072,0.872300,,0.901800,0.872300,0.137,273.2
2073,0.870950,,0.901800,0.872300,0.121,273.3
2074,0.870033,,0.901800,0.872300,0.120,273.4
2075,0.868017,,0.901800,0.872300,0.120,273.6
2076,0.870000,,0.901800,0.872300,0.119,273.7
2077,0.870783,,0.901800,0.872300,0.120,273.8
2078,0.871383,,0.901800,0.872300,0.122,273.9
2079,0.871050,,0.901800,0.872300,0.138,274.1
2080,0.871467,,0.901800,0.872300,0.134,274.2
2081,0.869767,,0.901800,0.872300,0.119,274.3
2082,0.870883,,0.901800,0.872300,0.119,274.4
2083,0.870383,,0.901800,0.872300,0.122,274.5
2084,0.870700,,0.901800,0.872300,0.131,274.7
2085,0.870167,,0.901800,0.872300,0.123,274.8
2086,0.871200,,0.901800,0.872300,0.134,274.9
2087,0.869550,,0.901800,0.872300,0.123,275.1
2088,0.870567,,0.901800,0.872300,0.124,275.2
2089,0.868700,,0.901800,0.872300,0.135,275.3
2090,0.870733,,0.901800,0.872300,0.120,275.4
2091,0.871450,,0.901800,0.872300,0.122,275.6
2092,0.871217,,0.901800,0.872300,0.133,275.7
2093,0.870700,,0.901800,0.872300,0.120,275.8
2094,0.872117,,0.901800,0.872300,0.120,275.9
2095,0.872633,,0.901800,0.872633,0.119,276.0
2096,0.869467,,0.901800,0.872633,0.118,276.2
2097,0.871217,,0.901800,0.872633,0.121,276.3
2098,0.871867,,0.901800,0.872633,0.120,276.4
2099,0.870300,,0.901800,0.872633,0.120,276.5
2100,0.873000,0.9043999910354614,0.904400,0.873000,0.151,276.7
2101,0.871717,,0.904400,0.873000,0.108,276.8
2102,0.870667,,0.904400,0.873000,0.120,276.9
2103,0.871550,,0.904400,0.873000,0.120,277.0
2104,0.870433,,0.904400,0.873000,0.121,277.1
2105,0.869650,,0.904400,0.873000,0.134,277.3
2106,0.872533,,0.904400,0.873000,0.120,277.4
2107,0.871050,,0.904400,0.873000,0.122,277.5
2108,0.870100,,0.904400,0.873000,0.131,277.7
2109,0.871050,,0.904400,0.873000,0.120,277.8
2110,0.873167,,0.904400,0.873167,0.122,277.9
2111,0.872233,,0.904400,0.873167,0.135,278.0
2112,0.872350,,0.904400,0.873167,0.122,278.2
2113,0.869883,,0.904400,0.873167,0.120,278.3
2114,0.871117,,0.904400,0.873167,0.120,278.4
2115,0.871217,,0.904400,0.873167,0.119,278.5
2116,0.870783,,0.904400,0.873167,0.120,278.6
2117,0.871933,,0.904400,0.873167,0.118,278.7
2118,0.871233,,0.904400,0.873167,0.122,278.9
2119,0.869967,,0.904400,0.873167,0.135,279.0
2120,0.871017,,0.904400,0.873167,0.123,279.1
2121,0.871867,,0.904400,0.873167,0.138,279.3
2122,0.870500,,0.904400,0.873167,0.135,279.4
2123,0.873350,,0.904400,0.873350,0.120,279.5
2124,0.871967,,0.904400,0.873350,0.125,279.6
2125,0.872167,,0.904400,0.873350,0.132,279.8
2126,0.872417,,0.904400,0.873350,0.123,279.9
2127,0.871250,,0.904400,0.873350,0.133,280.0
2128,0.872800,,0.904400,0.873350,0.121,280.2
2129,0.871633,,0.904400,0.873350,0.122,280.3
2130,0.872017,,0.904400,0.873350,0.135,280.4
2131,0.872900,,0.904400,0.873350,0.120,280.5
2132,0.868717,,0.904400,0.873350,0.121,280.7
2133,0.870317,,0.904400,0.873350,0.119,280.8
2134,0.872467,,0.904400,0.873350,0.119,280.9
2135,0.873133,,0.904400,0.873350,0.118,281.0
2136,0.872417,,0.904400,0.873350,0.120,281.1
2137,0.871017,,0.904400,0.873350,0.119,281.2
2138,0.871067,,0.904400,0.873350,0.118,281.4
2139,0.870817,,0.904400,0.873350,0.121,281.5
2140,0.870383,,0.904400,0.873350,0.122,281.6
2141,0.872017,,0.904400,0.873350,0.120,281.7
2142,0.871033,,0.904400,0.873350,0.119,281.8
2143,0.872233,,0.904400,0.873350,0.119,282.0
2144,0.871233,,0.904400,0.873350,0.119,282.1
2145,0.872400,,0.904400,0.873350,0.122,282.2
2146,0.872200,,0.904400,0.873350,0.134,282.3
2147,0.872933,,0.904400,0.873350,0.119,282.5
2148,0.871617,,0.904400,0.873350,0.123,282.6
2149,0.871683,,0.904400,0.873350,0.121,282.7
2150,0.872950,0.904699981212616,0.904700,0.873350,0.147,282.9
2151,0.871617,,0.904700,0.873350,0.110,283.0
2152,0.870750,,0.904700,0.873350,0.121,283.1
2153,0.872067,,0.904700,0.873350,0.124,283.2
2154,0.871767,,0.904700,0.873350,0.138,283.3
2155,0.871617,,0.904700,0.873350,0.138,283.5
2156,0.871350,,0.904700,0.873350,0.139,283.6
2157,0.871500,,0.904700,0.873350,0.135,283.8
2158,0.871083,,0.904700,0.873350,0.122,283.9
2159,0.871683,,0.904700,0.873350,0.120,284.0
2160,0.871583,,0.904700,0.873350,0.123,284.1
2161,0.871683,,0.904700,0.873350,0.133,284.3
2162,0.871583,,0.904700,0.873350,0.119,284.4
2163,0.872000,,0.904700,0.873350,0.120,284.5
2164,0.871617,,0.904700,0.873350,0.122,284.6
2165,0.871583,,0.904700,0.873350,0.119,284.7
2166,0.872183,,0.904700,0.873350,0.122,284.9
2167,0.873350,,0.904700,0.873350,0.135,285.0
2168,0.871683,,0.904700,0.873350,0.126,285.1
2169,0.872650,,0.904700,0.873350,0.140,285.3
2170,0.871933,,0.904700,0.873350,0.123,285.4
2171,0.872983,,0.904700,0.873350,0.123,285.5
2172,0.871000,,0.904700,0.873350,0.134,285.6
2173,0.873900,,0.904700,0.873900,0.122,285.8
2174,0.872450,,0.904700,0.873900,0.120,285.9
2175,0.871883,,0.904700,0.873900,0.118,286.0
2176,0.874467,,0.904700,0.874467,0.122,286.1
2177,0.871567,,0.904700,0.874467,0.135,286.3
2178,0.872383,,0.904700,0.874467,0.136,286.4
2179,0.872133,,0.904700,0.874467,0.125,286.5
2180,0.872567,,0.904700,0.874467,0.136,286.7
2181,0.873367,,0.904700,0.874467,0.123,286.8
2182,0.872100,,0.904700,0.874467,0.126,286.9
2183,0.871250,,0.904700,0.874467,0.122,287.0
2184,0.872467,,0.904700,0.874467,0.126,287.1
2185,0.871350,,0.904700,0.874467,0.137,287.3
2186,0.873917,,0.904700,0.874467,0.131,287.4
2187,0.872700,,0.904700,0.874467,0.120,287.5
2188,0.873900,,0.904700,0.874467,0.124,287.7
2189,0.870967,,0.904700,0.874467,0.122,287.8
2190,0.872467,,0.904700,0.874467,0.127,287.9
2191,0.873883,,0.904700,0.874467,0.136,288.0
2192,0.873467,,0.904700,0.874467,0.118,288.2
2193,0.871983,,0.904700,0.874467,0.127,288.3
2194,0.872417,,0.904700,0.874467,0.126,288.4
2195,0.872900,,0.904700,0.874467,0.134,288.5
2196,0.872600,,0.904700,0.874467,0.126,288.7
2197,0.873767,,0.904700,0.874467,0.139,288.8
2198,0.872383,,0.904700,0.874467,0.140,289.0
2199,0.872517,,0.904700,0.874467,0.136,289.1
2200,0.874850,0.9060999751091003,0.906100,0.874850,0.149,289.2
2201,0.871833,,0.906100,0.874850,0.117,289.4
2202,0.873400,,0.906100,0.874850,0.138,289.5
2203,0.873483,,0.906100,0.874850,0.129,289.6
2204,0.874317,,0.906100,0.874850,0.141,289.8
2205,0.871550,,0.906100,0.874850,0.138,289.9
2206,0.871450,,0.906100,0.874850,0.128,290.0
2207,0.873283,,0.906100,0.874850,0.121,290.2
2208,0.872150,,0.906100,0.874850,0.125,290.3
2209,0.873567,,0.906100,0.874850,0.136,290.4
2210,0.871933,,0.906100,0.874850,0.128,290.5
2211,0.871800,,0.906100,0.874850,0.121,290.7
2212,0.872867,,0.906100,0.874850,0.119,290.8
2213,0.873950,,0.906100,0.874850,0.125,290.9
2214,0.871883,,0.906100,0.874850,0.135,291.0
2215,0.872867,,0.906100,0.874850,0.122,291.2
2216,0.874583,,0.906100,0.874850,0.121,291.3
2217,0.872467,,0.906100,0.874850,0.120,291.4
2218,0.872250,,0.906100,0.874850,0.120,291.5
2219,0.873050,,0.906100,0.874850,0.120,291.6
2220,0.873250,,0.906100,0.874850,0.120,291.8
2221,0.874167,,0.906100,0.874850,0.119,291.9
2222,0.873450,,0.906100,0.874850,0.123,292.0
2223,0.872217,,0.906100,0.874850,0.133,292.1
2224,0.874617,,0.906100,0.874850,0.124,292.3
2225,0.872467,,0.906100,0.874850,0.134,292.4
2226,0.873100,,0.906100,0.874850,0.120,292.5
2227,0.873417,,0.906100,0.874850,0.123,292.6
2228,0.874200,,0.906100,0.874850,0.137,292.8
2229,0.873483,,0.906100,0.874850,0.134,292.9
2230,0.874500,,0.906100,0.874850,0.123,293.0
2231,0.872500,,0.906100,0.874850,0.121,293.2
2232,0.874867,,0.906100,0.874867,0.136,293.3
2233,0.874533,,0.906100,0.874867,0.120,293.4
2234,0.871683,,0.906100,0.874867,0.120,293.5
2235,0.872550,,0.906100,0.874867,0.123,293.7
2236,0.873767,,0.906100,0.874867,0.139,293.8
2237,0.873383,,0.906100,0.874867,0.136,293.9
2238,0.872633,,0.906100,0.874867,0.120,294.0
2239,0.872717,,0.906100,0.874867,0.120,294.2
2240,0.874000,,0.906100,0.874867,0.120,294.3
2241,0.871700,,0.906100,0.874867,0.124,294.4
2242,0.873167,,0.906100,0.874867,0.133,294.5
2243,0.874000,,0.906100,0.874867,0.121,294.7
2244,0.874483,,0.906100,0.874867,0.121,294.8
2245,0.873717,,0.906100,0.874867,0.120,294.9
2246,0.872983,,0.906100,0.874867,0.120,295.0
2247,0.874833,,0.906100,0.874867,0.120,295.1
2248,0.874233,,0.906100,0.874867,0.120,295.3
2249,0.874133,,0.906100,0.874867,0.122,295.4
2250,0.874333,0.9039999842643738,0.906100,0.874867,0.154,295.5
2251,0.873617,,0.906100,0.874867,0.107,295.7
2252,0.873333,,0.906100,0.874867,0.122,295.8
2253,0.875317,,0.906100,0.875317,0.137,295.9
2254,0.873517,,0.906100,0.875317,0.134,296.0
2255,0.873583,,0.906100,0.875317,0.121,296.2
2256,0.874350,,0.906100,0.875317,0.123,296.3
2257,0.873517,,0.906100,0.875317,0.134,296.4
2258,0.873600,,0.906100,0.875317,0.123,296.5
2259,0.874100,,0.906100,0.875317,0.133,296.7
2260,0.874600,,0.906100,0.875317,0.135,296.8
2261,0.872467,,0.906100,0.875317,0.121,296.9
2262,0.872450,,0.906100,0.875317,0.124,297.1
2263,0.875200,,0.906100,0.875317,0.120,297.2
2264,0.875150,,0.906100,0.875317,0.128,297.3
2265,0.873867,,0.906100,0.875317,0.120,297.4
2266,0.874283,,0.906100,0.875317,0.120,297.5
2267,0.872017,,0.906100,0.875317,0.120,297.7
2268,0.873983,,0.906100,0.875317,0.118,297.8
2269,0.874700,,0.906100,0.875317,0.119,297.9
2270,0.874333,,0.906100,0.875317,0.118,298.0
2271,0.872500,,0.906100,0.875317,0.118,298.1
2272,0.874167,,0.906100,0.875317,0.123,298.3
2273,0.873900,,0.906100,0.875317,0.122,298.4
2274,0.874717,,0.906100,0.875317,0.138,298.5
2275,0.873550,,0.906100,0.875317,0.122,298.6
2276,0.875900,,0.906100,0.875900,0.120,298.8
2277,0.874083,,0.906100,0.875900,0.119,298.9
2278,0.872700,,0.906100,0.875900,0.123,299.0
2279,0.873800,,0.906100,0.875900,0.133,299.1
2280,0.873783,,0.906100,0.875900,0.126,299.3
2281,0.872833,,0.906100,0.875900,0.134,299.4
2282,0.875583,,0.906100,0.875900,0.122,299.5
2283,0.874700,,0.906100,0.875900,0.125,299.6
2284,0.873983,,0.906100,0.875900,0.136,299.8
2285,0.874067,,0.906100,0.875900,0.122,299.9
2286,0.873583,,0.906100,0.875900,0.122,300.0
2287,0.872933,,0.906100,0.875900,0.125,300.1
2288,0.873367,,0.906100,0.875900,0.134,300.3
2289,0.874150,,0.906100,0.875900,0.123,300.4
2290,0.874583,,0.906100,0.875900,0.128,300.5
2291,0.874017,,0.906100,0.875900,0.133,300.7
2292,0.874533,,0.906100,0.875900,0.122,300.8
2293,0.873683,,0.906100,0.875900,0.121,300.9
2294,0.874100,,0.906100,0.875900,0.119,301.0
2295,0.874250,,0.906100,0.875900,0.123,301.2
2296,0.874983,,0.906100,0.875900,0.135,301.3
2297,0.874050,,0.906100,0.875900,0.121,301.4
2298,0.874050,,0.906100,0.875900,0.119,301.5
2299,0.873133,,0.906100,0.875900,0.121,301.6
2300,0.873733,0.9065998792648315,0.906600,0.875900,0.154,301.8
2301,0.873600,,0.906600,0.875900,0.124,301.9
2302,0.875033,,0.906600,0.875900,0.120,302.0
2303,0.875517,,0.906600,0.875900,0.123,302.2
2304,0.873150,,0.906600,0.875900,0.134,302.3
2305,0.875067,,0.906600,0.875900,0.124,302.4
2306,0.874567,,0.906600,0.875900,0.134,302.6
2307,0.875117,,0.906600,0.875900,0.124,302.7
2308,0.875333,,0.906600,0.875900,0.135,302.8
2309,0.874683,,0.906600,0.875900,0.121,302.9
2310,0.874783,,0.906600,0.875900,0.129,303.1
2311,0.874550,,0.906600,0.875900,0.126,303.2
2312,0.874983,,0.906600,0.875900,0.134,303.3
2313,0.873150,,0.906600,0.875900,0.135,303.5
2314,0.875100,,0.906600,0.875900,0.119,303.6
2315,0.874233,,0.906600,0.875900,0.120,303.7
2316,0.874900,,0.906600,0.875900,0.124,303.8
2317,0.874617,,0.906600,0.875900,0.138,304.0
2318,0.876367,,0.906600,0.876367,0.138,304.1
2319,0.875217,,0.906600,0.876367,0.133,304.2
2320,0.876917,,0.906600,0.876917,0.119,304.4
2321,0.875150,,0.906600,0.876917,0.119,304.5
2322,0.874817,,0.906600,0.876917,0.130,304.6
2323,0.875333,,0.906600,0.876917,0.118,304.7
2324,0.875567,,0.906600,0.876917,0.119,304.8
2325,0.874183,,0.906600,0.876917,0.122,305.0
2326,0.874183,,0.906600,0.876917,0.120,305.1
2327,0.875217,,0.906600,0.876917,0.119,305.2
2328,0.876783,,0.906600,0.876917,0.119,305.3
2329,0.874367,,0.906600,0.876917,0.124,305.4
2330,0.875483,,0.906600,0.876917,0.133,305.6
2331,0.875000,,0.906600,0.876917,0.120,305.7
2332,0.874667,,0.906600,0.876917,0.123,305.8
2333,0.875033,,0.906600,0.876917,0.137,306.0
2334,0.874383,,0.906600,0.876917,0.135,306.1
2335,0.875483,,0.906600,0.876917,0.123,306.2
2336,0.875067,,0.906600,0.876917,0.138,306.4
2337,0.875917,,0.906600,0.876917,0.134,306.5
2338,0.873217,,0.906600,0.876917,0.123,306.6
2339,0.877367,,0.906600,0.877367,0.133,306.7
2340,0.876317,,0.906600,0.877367,0.121,306.9
2341,0.876783,,0.906600,0.877367,0.122,307.0
2342,0.873300,,0.906600,0.877367,0.126,307.1
2343,0.876450,,0.906600,0.877367,0.125,307.2
2344,0.875600,,0.906600,0.877367,0.136,307.4
2345,0.875117,,0.906600,0.877367,0.123,307.5
2346,0.875750,,0.906600,0.877367,0.123,307.6
2347,0.875183,,0.906600,0.877367,0.135,307.8
2348,0.875367,,0.906600,0.877367,0.121,307.9
2349,0.875617,,0.906600,0.877367,0.121,308.0
2350,0.874550,0.9067000150680542,0.906700,0.877367,0.151,308.1
2351,0.876567,,0.906700,0.877367,0.111,308.3
2352,0.874633,,0.906700,0.877367,0.120,308.4
2353,0.875500,,0.906700,0.877367,0.123,308.5
2354,0.874233,,0.906700,0.877367,0.136,308.6
2355,0.877217,,0.906700,0.877367,0.125,308.8
2356,0.875367,,0.906700,0.877367,0.134,308.9
2357,0.874433,,0.906700,0.877367,0.129,309.0
2358,0.875000,,0.906700,0.877367,0.121,309.1
2359,0.876767,,0.906700,0.877367,0.123,309.3
2360,0.874650,,0.906700,0.877367,0.122,309.4
2361,0.875350,,0.906700,0.877367,0.120,309.5
2362,0.876367,,0.906700,0.877367,0.124,309.6
2363,0.877433,,0.906700,0.877433,0.139,309.8
2364,0.874450,,0.906700,0.877433,0.136,309.9
2365,0.876983,,0.906700,0.877433,0.124,310.0
2366,0.875967,,0.906700,0.877433,0.137,310.2
2367,0.876583,,0.906700,0.877433,0.123,310.3
2368,0.875267,,0.906700,0.877433,0.123,310.4
2369,0.876767,,0.906700,0.877433,0.127,310.5
2370,0.875783,,0.906700,0.877433,0.122,310.7
2371,0.876217,,0.906700,0.877433,0.126,310.8
2372,0.876350,,0.906700,0.877433,0.122,310.9
2373,0.874583,,0.906700,0.877433,0.120,311.0
2374,0.876417,,0.906700,0.877433,0.121,311.2
2375,0.876700,,0.906700,0.877433,0.120,311.3
2376,0.877000,,0.906700,0.877433,0.123,311.4
2377,0.877117,,0.906700,0.877433,0.121,311.5
2378,0.875467,,0.906700,0.877433,0.121,311.6
2379,0.876267,,0.906700,0.877433,0.120,311.8
2380,0.875167,,0.906700,0.877433,0.123,311.9
2381,0.875850,,0.906700,0.877433,0.136,312.0
2382,0.877900,,0.906700,0.877900,0.121,312.1
2383,0.876317,,0.906700,0.877900,0.119,312.3
2384,0.875983,,0.906700,0.877900,0.120,312.4
2385,0.876567,,0.906700,0.877900,0.124,312.5
2386,0.875667,,0.906700,0.877900,0.123,312.6
2387,0.876583,,0.906700,0.877900,0.122,312.8
2388,0.875767,,0.906700,0.877900,0.121,312.9
2389,0.876967,,0.906700,0.877900,0.121,313.0
2390,0.875783,,0.906700,0.877900,0.120,313.1
2391,0.875500,,0.906700,0.877900,0.120,313.2
2392,0.875200,,0.906700,0.877900,0.120,313.4
2393,0.876650,,0.906700,0.877900,0.130,313.5
2394,0.876317,,0.906700,0.877900,0.127,313.6
2395,0.876200,,0.906700,0.877900,0.135,313.7
2396,0.877050,,0.906700,0.877900,0.125,313.9
2397,0.875167,,0.906700,0.877900,0.139,314.0
2398,0.876183,,0.906700,0.877900,0.134,314.1
2399,0.874300,,0.906700,0.877900,0.122,314.3
2400,0.875800,0.9063000082969666,0.906700,0.877900,0.149,314.4
2401,0.875717,,0.906700,0.877900,0.110,314.5
2402,0.875883,,0.906700,0.877900,0.123,314.6
2403,0.874600,,0.906700,0.877900,0.121,314.8
2404,0.873633,,0.906700,0.877900,0.124,314.9
2405,0.876400,,0.906700,0.877900,0.138,315.0
2406,0.875767,,0.906700,0.877900,0.140,315.2
2407,0.876550,,0.906700,0.877900,0.134,315.3
2408,0.876883,,0.906700,0.877900,0.122,315.4
2409,0.874250,,0.906700,0.877900,0.122,315.6
2410,0.877850,,0.906700,0.877900,0.123,315.7
2411,0.875900,,0.906700,0.877900,0.120,315.8
2412,0.877717,,0.906700,0.877900,0.120,315.9
2413,0.875400,,0.906700,0.877900,0.121,316.0
2414,0.877200,,0.906700,0.877900,0.121,316.2
2415,0.876833,,0.906700,0.877900,0.131,316.3
2416,0.875767,,0.906700,0.877900,0.121,316.4
2417,0.875150,,0.906700,0.877900,0.122,316.5
2418,0.875367,,0.906700,0.877900,0.120,316.6
2419,0.875650,,0.906700,0.877900,0.123,316.8
2420,0.874567,,0.906700,0.877900,0.121,316.9
2421,0.875000,,0.906700,0.877900,0.121,317.0
2422,0.875250,,0.906700,0.877900,0.120,317.1
2423,0.876183,,0.906700,0.877900,0.120,317.3
2424,0.874783,,0.906700,0.877900,0.124,317.4
2425,0.875433,,0.906700,0.877900,0.139,317.5
2426,0.874800,,0.906700,0.877900,0.136,317.7
2427,0.877783,,0.906700,0.877900,0.126,317.8
2428,0.875483,,0.906700,0.877900,0.135,317.9
2429,0.875500,,0.906700,0.877900,0.122,318.0
2430,0.874683,,0.906700,0.877900,0.121,318.2
2431,0.875683,,0.906700,0.877900,0.120,318.3
2432,0.876967,,0.906700,0.877900,0.120,318.4
2433,0.876967,,0.906700,0.877900,0.124,318.5
2434,0.877267,,0.906700,0.877900,0.136,318.7
2435,0.876333,,0.906700,0.877900,0.122,318.8
2436,0.875400,,0.906700,0.877900,0.123,318.9
2437,0.876267,,0.906700,0.877900,0.120,319.0
2438,0.877550,,0.906700,0.877900,0.121,319.1
2439,0.876383,,0.906700,0.877900,0.120,319.3
2440,0.877717,,0.906700,0.877900,0.121,319.4
2441,0.876383,,0.906700,0.877900,0.119,319.5
2442,0.878817,,0.906700,0.878817,0.125,319.6
2443,0.875967,,0.906700,0.878817,0.135,319.8
2444,0.876583,,0.906700,0.878817,0.124,319.9
2445,0.877100,,0.906700,0.878817,0.121,320.0
2446,0.876633,,0.906700,0.878817,0.122,320.1
2447,0.876817,,0.906700,0.878817,0.122,320.2
2448,0.877217,,0.906700,0.878817,0.122,320.4
2449,0.876633,,0.906700,0.878817,0.123,320.5
2450,0.877517,0.9077998995780945,0.907800,0.878817,0.149,320.6
2451,0.876783,,0.907800,0.878817,0.113,320.8
2452,0.877367,,0.907800,0.878817,0.134,320.9
2453,0.877867,,0.907800,0.878817,0.124,321.0
2454,0.875017,,0.907800,0.878817,0.126,321.1
2455,0.877083,,0.907800,0.878817,0.134,321.3
2456,0.877883,,0.907800,0.878817,0.120,321.4
2457,0.877050,,0.907800,0.878817,0.120,321.5
2458,0.878183,,0.907800,0.878817,0.123,321.6
2459,0.876133,,0.907800,0.878817,0.120,321.8
2460,0.877317,,0.907800,0.878817,0.124,321.9
2461,0.876017,,0.907800,0.878817,0.134,322.0
2462,0.877250,,0.907800,0.878817,0.127,322.1
2463,0.876733,,0.907800,0.878817,0.126,322.3
2464,0.878533,,0.907800,0.878817,0.136,322.4
2465,0.876800,,0.907800,0.878817,0.123,322.5
2466,0.878200,,0.907800,0.878817,0.121,322.6
2467,0.877383,,0.907800,0.878817,0.124,322.8
2468,0.877583,,0.907800,0.878817,0.139,322.9
2469,0.878483,,0.907800,0.878817,0.135,323.0
2470,0.880033,,0.907800,0.880033,0.126,323.2
2471,0.877317,,0.907800,0.880033,0.126,323.3
2472,0.877150,,0.907800,0.880033,0.139,323.4
2473,0.878383,,0.907800,0.880033,0.137,323.6
2474,0.876317,,0.907800,0.880033,0.127,323.7
2475,0.878200,,0.907800,0.880033,0.136,323.8
2476,0.876900,,0.907800,0.880033,0.122,324.0
2477,0.877283,,0.907800,0.880033,0.123,324.1
2478,0.877917,,0.907800,0.880033,0.127,324.2
2479,0.876850,,0.907800,0.880033,0.122,324.3
2480,0.878833,,0.907800,0.880033,0.120,324.4
2481,0.876600,,0.907800,0.880033,0.122,324.6
2482,0.878000,,0.907800,0.880033,0.121,324.7
2483,0.878800,,0.907800,0.880033,0.121,324.8
2484,0.876417,,0.907800,0.880033,0.124,324.9
2485,0.879033,,0.907800,0.880033,0.141,325.1
2486,0.876033,,0.907800,0.880033,0.140,325.2
2487,0.878183,,0.907800,0.880033,0.130,325.3
2488,0.878117,,0.907800,0.880033,0.126,325.5
2489,0.878433,,0.907800,0.880033,0.135,325.6
2490,0.876683,,0.907800,0.880033,0.125,325.7
2491,0.876917,,0.907800,0.880033,0.138,325.9
2492,0.878800,,0.907800,0.880033,0.136,326.0
2493,0.877667,,0.907800,0.880033,0.123,326.1
2494,0.876283,,0.907800,0.880033,0.121,326.3
2495,0.876217,,0.907800,0.880033,0.134,326.4
2496,0.878033,,0.907800,0.880033,0.129,326.5
2497,0.876767,,0.907800,0.880033,0.122,326.6
2498,0.879017,,0.907800,0.880033,0.123,326.8
2499,0.877833,,0.907800,0.880033,0.124,326.9
2500,0.878100,0.9055999517440796,0.907800,0.880033,0.153,327.0
2501,0.878633,,0.907800,0.880033,0.111,327.1
2502,0.877200,,0.907800,0.880033,0.123,327.3
2503,0.877150,,0.907800,0.880033,0.124,327.4
2504,0.878583,,0.907800,0.880033,0.123,327.5
2505,0.878450,,0.907800,0.880033,0.124,327.6
2506,0.878317,,0.907800,0.880033,0.136,327.8
2507,0.878100,,0.907800,0.880033,0.123,327.9
2508,0.877517,,0.907800,0.880033,0.120,328.0
2509,0.877967,,0.907800,0.880033,0.122,328.1
2510,0.877067,,0.907800,0.880033,0.120,328.3
2511,0.878217,,0.907800,0.880033,0.122,328.4
2512,0.879033,,0.907800,0.880033,0.122,328.5
2513,0.877533,,0.907800,0.880033,0.120,328.6
2514,0.878217,,0.907800,0.880033,0.118,328.7
2515,0.877617,,0.907800,0.880033,0.121,328.9
2516,0.877217,,0.907800,0.880033,0.125,329.0
2517,0.878133,,0.907800,0.880033,0.134,329.1
2518,0.878250,,0.907800,0.880033,0.121,329.2
2519,0.877567,,0.907800,0.880033,0.123,329.4
2520,0.877567,,0.907800,0.880033,0.123,329.5
2521,0.878017,,0.907800,0.880033,0.122,329.6
2522,0.878033,,0.907800,0.880033,0.119,329.7
2523,0.877500,,0.907800,0.880033,0.121,329.9
2524,0.879367,,0.907800,0.880033,0.122,330.0
2525,0.879283,,0.907800,0.880033,0.119,330.1
2526,0.877683,,0.907800,0.880033,0.120,330.2
2527,0.879867,,0.907800,0.880033,0.121,330.3
2528,0.877533,,0.907800,0.880033,0.119,330.5
2529,0.878983,,0.907800,0.880033,0.123,330.6
2530,0.877750,,0.907800,0.880033,0.136,330.7
2531,0.877883,,0.907800,0.880033,0.121,330.8
2532,0.879033,,0.907800,0.880033,0.121,331.0
2533,0.878650,,0.907800,0.880033,0.117,331.1
2534,0.879067,,0.907800,0.880033,0.122,331.2
2535,0.876967,,0.907800,0.880033,0.121,331.3
2536,0.876683,,0.907800,0.880033,0.130,331.4
2537,0.878600,,0.907800,0.880033,0.120,331.6
2538,0.878550,,0.907800,0.880033,0.124,331.7
2539,0.878150,,0.907800,0.880033,0.120,331.8
2540,0.878300,,0.907800,0.880033,0.120,331.9
2541,0.878883,,0.907800,0.880033,0.124,332.1
2542,0.880350,,0.907800,0.880350,0.134,332.2
2543,0.877933,,0.907800,0.880350,0.124,332.3
2544,0.879417,,0.907800,0.880350,0.132,332.4
2545,0.878883,,0.907800,0.880350,0.121,332.6
2546,0.879733,,0.907800,0.880350,0.125,332.7
2547,0.879550,,0.907800,0.880350,0.135,332.8
2548,0.878933,,0.907800,0.880350,0.125,332.9
2549,0.878883,,0.907800,0.880350,0.121,333.1
2550,0.879733,0.9081999659538269,0.908200,0.880350,0.150,333.2
2551,0.880117,,0.908200,0.880350,0.109,333.3
2552,0.878933,,0.908200,0.880350,0.124,333.5
2553,0.879833,,0.908200,0.880350,0.135,333.6
2554,0.878950,,0.908200,0.880350,0.120,333.7
2555,0.878950,,0.908200,0.880350,0.122,333.8
2556,0.878000,,0.908200,0.880350,0.121,334.0
2557,0.878433,,0.908200,0.880350,0.119,334.1
2558,0.879283,,0.908200,0.880350,0.120,334.2
2559,0.877683,,0.908200,0.880350,0.119,334.3
2560,0.877850,,0.908200,0.880350,0.130,334.4
2561,0.879217,,0.908200,0.880350,0.126,334.6
2562,0.879083,,0.908200,0.880350,0.137,334.7
2563,0.879533,,0.908200,0.880350,0.137,334.8
2564,0.877583,,0.908200,0.880350,0.122,335.0
2565,0.878983,,0.908200,0.880350,0.121,335.1
2566,0.878333,,0.908200,0.880350,0.121,335.2
2567,0.880033,,0.908200,0.880350,0.120,335.3
2568,0.878950,,0.908200,0.880350,0.120,335.4
2569,0.880000,,0.908200,0.880350,0.121,335.6
2570,0.877800,,0.908200,0.880350,0.119,335.7
2571,0.878100,,0.908200,0.880350,0.122,335.8
2572,0.878983,,0.908200,0.880350,0.124,335.9
2573,0.879717,,0.908200,0.880350,0.120,336.1
2574,0.877633,,0.908200,0.880350,0.119,336.2
2575,0.879900,,0.908200,0.880350,0.122,336.3
2576,0.879383,,0.908200,0.880350,0.121,336.4
2577,0.879117,,0.908200,0.880350,0.131,336.5
2578,0.878800,,0.908200,0.880350,0.120,336.7
2579,0.877800,,0.908200,0.880350,0.123,336.8
2580,0.878550,,0.908200,0.880350,0.138,336.9
2581,0.879117,,0.908200,0.880350,0.141,337.1
2582,0.878033,,0.908200,0.880350,0.135,337.2
2583,0.878633,,0.908200,0.880350,0.123,337.3
2584,0.879350,,0.908200,0.880350,0.120,337.4
2585,0.879300,,0.908200,0.880350,0.123,337.6
2586,0.879400,,0.908200,0.880350,0.135,337.7
2587,0.879150,,0.908200,0.880350,0.122,337.8
2588,0.879000,,0.908200,0.880350,0.121,337.9
2589,0.878267,,0.908200,0.880350,0.122,338.1
2590,0.878917,,0.908200,0.880350,0.120,338.2
2591,0.878233,,0.908200,0.880350,0.120,338.3
2592,0.879367,,0.908200,0.880350,0.122,338.4
2593,0.880333,,0.908200,0.880350,0.121,338.6
2594,0.879217,,0.908200,0.880350,0.121,338.7
2595,0.878833,,0.908200,0.880350,0.119,338.8
2596,0.877183,,0.908200,0.880350,0.121,338.9
2597,0.878167,,0.908200,0.880350,0.122,339.0
2598,0.879833,,0.908200,0.880350,0.126,339.2
2599,0.879017,,0.908200,0.880350,0.137,339.3
2600,0.878067,0.9088999629020691,0.908900,0.880350,0.154,339.5
2601,0.879417,,0.908900,0.880350,0.112,339.6
2602,0.878950,,0.908900,0.880350,0.139,339.7
2603,0.877717,,0.908900,0.880350,0.135,339.8
2604,0.879350,,0.908900,0.880350,0.127,340.0
2605,0.878950,,0.908900,0.880350,0.138,340.1
2606,0.878833,,0.908900,0.880350,0.125,340.2
2607,0.878050,,0.908900,0.880350,0.121,340.3
2608,0.878367,,0.908900,0.880350,0.131,340.5
2609,0.877317,,0.908900,0.880350,0.121,340.6
2610,0.879933,,0.908900,0.880350,0.120,340.7
2611,0.879367,,0.908900,0.880350,0.121,340.8
2612,0.879567,,0.908900,0.880350,0.119,341.0
2613,0.880517,,0.908900,0.880517,0.121,341.1
2614,0.880167,,0.908900,0.880517,0.121,341.2
2615,0.877683,,0.908900,0.880517,0.123,341.3
2616,0.878917,,0.908900,0.880517,0.121,341.4
2617,0.879200,,0.908900,0.880517,0.123,341.6
2618,0.878467,,0.908900,0.880517,0.121,341.7
2619,0.879733,,0.908900,0.880517,0.120,341.8
2620,0.879050,,0.908900,0.880517,0.121,341.9
2621,0.879700,,0.908900,0.880517,0.120,342.1
2622,0.878683,,0.908900,0.880517,0.120,342.2
2623,0.880133,,0.908900,0.880517,0.123,342.3
2624,0.878850,,0.908900,0.880517,0.122,342.4
2625,0.880233,,0.908900,0.880517,0.124,342.5
2626,0.879450,,0.908900,0.880517,0.136,342.7
2627,0.879083,,0.908900,0.880517,0.127,342.8
2628,0.878867,,0.908900,0.880517,0.135,342.9
2629,0.878850,,0.908900,0.880517,0.126,343.1
2630,0.877850,,0.908900,0.880517,0.135,343.2
2631,0.879400,,0.908900,0.880517,0.122,343.3
2632,0.878217,,0.908900,0.880517,0.126,343.4
2633,0.881083,,0.908900,0.881083,0.136,343.6
2634,0.879000,,0.908900,0.881083,0.122,343.7
2635,0.877217,,0.908900,0.881083,0.123,343.8
2636,0.878700,,0.908900,0.881083,0.134,344.0
2637,0.879667,,0.908900,0.881083,0.120,344.1
2638,0.877717,,0.908900,0.881083,0.120,344.2
2639,0.879367,,0.908900,0.881083,0.120,344.3
2640,0.876617,,0.908900,0.881083,0.126,344.4
2641,0.877850,,0.908900,0.881083,0.120,344.6
2642,0.878517,,0.908900,0.881083,0.129,344.7
2643,0.878017,,0.908900,0.881083,0.123,344.8
2644,0.879500,,0.908900,0.881083,0.123,344.9
2645,0.878133,,0.908900,0.881083,0.122,345.1
2646,0.878817,,0.908900,0.881083,0.120,345.2
2647,0.879267,,0.908900,0.881083,0.119,345.3
2648,0.880217,,0.908900,0.881083,0.124,345.4
2649,0.879733,,0.908900,0.881083,0.134,345.6
2650,0.878517,0.9068999886512756,0.908900,0.881083,0.147,345.7
2651,0.877567,,0.908900,0.881083,0.109,345.8
2652,0.878867,,0.908900,0.881083,0.124,345.9
2653,0.878233,,0.908900,0.881083,0.134,346.1
2654,0.880867,,0.908900,0.881083,0.121,346.2
2655,0.879717,,0.908900,0.881083,0.122,346.3
2656,0.880167,,0.908900,0.881083,0.138,346.5
2657,0.879383,,0.908900,0.881083,0.135,346.6
2658,0.878567,,0.908900,0.881083,0.120,346.7
2659,0.879117,,0.908900,0.881083,0.121,346.8
2660,0.880617,,0.908900,0.881083,0.124,347.0
2661,0.879283,,0.908900,0.881083,0.128,347.1
2662,0.876833,,0.908900,0.881083,0.120,347.2
2663,0.879650,,0.908900,0.881083,0.120,347.3
2664,0.878933,,0.908900,0.881083,0.124,347.4
2665,0.879350,,0.908900,0.881083,0.135,347.6
2666,0.878117,,0.908900,0.881083,0.124,347.7
2667,0.878933,,0.908900,0.881083,0.133,347.8
2668,0.877317,,0.908900,0.881083,0.119,348.0
2669,0.880567,,0.908900,0.881083,0.120,348.1
2670,0.881050,,0.908900,0.881083,0.123,348.2
2671,0.881117,,0.908900,0.881117,0.134,348.3
2672,0.879833,,0.908900,0.881117,0.122,348.5
2673,0.877567,,0.908900,0.881117,0.119,348.6
2674,0.877617,,0.908900,0.881117,0.122,348.7
2675,0.879367,,0.908900,0.881117,0.119,348.8
2676,0.878600,,0.908900,0.881117,0.122,348.9
2677,0.877883,,0.908900,0.881117,0.133,349.1
2678,0.877700,,0.908900,0.881117,0.120,349.2
2679,0.878833,,0.908900,0.881117,0.120,349.3
2680,0.878350,,0.908900,0.881117,0.119,349.4
2681,0.877850,,0.908900,0.881117,0.124,349.6
2682,0.879183,,0.908900,0.881117,0.138,349.7
2683,0.877617,,0.908900,0.881117,0.139,349.8
2684,0.880650,,0.908900,0.881117,0.133,350.0
2685,0.878000,,0.908900,0.881117,0.132,350.1
2686,0.879650,,0.908900,0.881117,0.123,350.2
2687,0.878150,,0.908900,0.881117,0.123,350.3
2688,0.880000,,0.908900,0.881117,0.140,350.5
2689,0.877517,,0.908900,0.881117,0.134,350.6
2690,0.877400,,0.908900,0.881117,0.127,350.7
2691,0.877467,,0.908900,0.881117,0.136,350.9
2692,0.877750,,0.908900,0.881117,0.124,351.0
2693,0.879500,,0.908900,0.881117,0.136,351.1
2694,0.879350,,0.908900,0.881117,0.121,351.3
2695,0.877483,,0.908900,0.881117,0.127,351.4
2696,0.880200,,0.908900,0.881117,0.134,351.5
2697,0.878417,,0.908900,0.881117,0.123,351.6
2698,0.879667,,0.908900,0.881117,0.123,351.8
2699,0.878383,,0.908900,0.881117,0.125,351.9
2700,0.879200,0.9062999486923218,0.908900,0.881117,0.162,352.1
2701,0.878733,,0.908900,0.881117,0.115,352.2
2702,0.878200,,0.908900,0.881117,0.127,352.3
2703,0.879333,,0.908900,0.881117,0.139,352.4
2704,0.879583,,0.908900,0.881117,0.134,352.6
2705,0.880333,,0.908900,0.881117,0.120,352.7
2706,0.879883,,0.908900,0.881117,0.121,352.8
2707,0.879250,,0.908900,0.881117,0.123,352.9
2708,0.879117,,0.908900,0.881117,0.123,353.1
2709,0.878517,,0.908900,0.881117,0.119,353.2
2710,0.880550,,0.908900,0.881117,0.119,353.3
2711,0.878983,,0.908900,0.881117,0.120,353.4
2712,0.880733,,0.908900,0.881117,0.121,353.5
2713,0.879533,,0.908900,0.881117,0.123,353.7
2714,0.879533,,0.908900,0.881117,0.127,353.8
2715,0.879950,,0.908900,0.881117,0.135,353.9
2716,0.877400,,0.908900,0.881117,0.129,354.0
2717,0.878300,,0.908900,0.881117,0.138,354.2
2718,0.879333,,0.908900,0.881117,0.126,354.3
2719,0.880167,,0.908900,0.881117,0.124,354.4
2720,0.879467,,0.908900,0.881117,0.123,354.6
2721,0.878783,,0.908900,0.881117,0.125,354.7
2722,0.877883,,0.908900,0.881117,0.124,354.8
2723,0.879133,,0.908900,0.881117,0.122,354.9
2724,0.881233,,0.908900,0.881233,0.123,355.1
2725,0.879683,,0.908900,0.881233,0.123,355.2
2726,0.880150,,0.908900,0.881233,0.124,355.3
2727,0.879867,,0.908900,0.881233,0.134,355.4
2728,0.878683,,0.908900,0.881233,0.122,355.6
2729,0.880967,,0.908900,0.881233,0.120,355.7
2730,0.879700,,0.908900,0.881233,0.120,355.8
2731,0.880600,,0.908900,0.881233,0.120,355.9
2732,0.879733,,0.908900,0.881233,0.122,356.0
2733,0.880267,,0.908900,0.881233,0.134,356.2
2734,0.880133,,0.908900,0.881233,0.121,356.3
2735,0.881800,,0.908900,0.881800,0.119,356.4
2736,0.879550,,0.908900,0.881800,0.120,356.5
2737,0.881117,,0.908900,0.881800,0.120,356.7
2738,0.881100,,0.908900,0.881800,0.120,356.8
2739,0.880017,,0.908900,0.881800,0.122,356.9
2740,0.878867,,0.908900,0.881800,0.135,357.0
2741,0.879017,,0.908900,0.881800,0.122,357.2
2742,0.879400,,0.908900,0.881800,0.122,357.3
2743,0.879533,,0.908900,0.881800,0.121,357.4
2744,0.879517,,0.908900,0.881800,0.120,357.5
2745,0.879050,,0.908900,0.881800,0.120,357.6
2746,0.879400,,0.908900,0.881800,0.119,357.8
2747,0.880750,,0.908900,0.881800,0.119,357.9
2748,0.879967,,0.908900,0.881800,0.123,358.0
2749,0.879450,,0.908900,0.881800,0.134,358.1
2750,0.879500,0.9054999947547913,0.908900,0.881800,0.152,358.3
2751,0.878933,,0.908900,0.881800,0.125,358.4
2752,0.879983,,0.908900,0.881800,0.119,358.5
2753,0.879800,,0.908900,0.881800,0.119,358.6
2754,0.879717,,0.908900,0.881800,0.117,358.8
2755,0.879367,,0.908900,0.881800,0.120,358.9
2756,0.880483,,0.908900,0.881800,0.118,359.0
2757,0.879200,,0.908900,0.881800,0.120,359.1
2758,0.879683,,0.908900,0.881800,0.119,359.2
2759,0.879933,,0.908900,0.881800,0.119,359.4
2760,0.880483,,0.908900,0.881800,0.123,359.5
2761,0.878750,,0.908900,0.881800,0.133,359.6
2762,0.879550,,0.908900,0.881800,0.121,359.7
2763,0.879033,,0.908900,0.881800,0.119,359.9
2764,0.880417,,0.908900,0.881800,0.121,360.0
2765,0.879650,,0.908900,0.881800,0.124,360.1
2766,0.882450,,0.908900,0.882450,0.129,360.2
2767,0.879300,,0.908900,0.882450,0.122,360.3
2768,0.880383,,0.908900,0.882450,0.125,360.5
2769,0.880133,,0.908900,0.882450,0.121,360.6
2770,0.877617,,0.908900,0.882450,0.120,360.7
2771,0.879917,,0.908900,0.882450,0.121,360.8
2772,0.879500,,0.908900,0.882450,0.121,361.0
2773,0.878483,,0.908900,0.882450,0.122,361.1
2774,0.881117,,0.908900,0.882450,0.133,361.2
2775,0.878717,,0.908900,0.882450,0.121,361.3
2776,0.880567,,0.908900,0.882450,0.120,361.5
2777,0.877867,,0.908900,0.882450,0.119,361.6
2778,0.880200,,0.908900,0.882450,0.120,361.7
2779,0.878933,,0.908900,0.882450,0.121,361.8
2780,0.879100,,0.908900,0.882450,0.118,361.9
2781,0.878733,,0.908900,0.882450,0.120,362.1
2782,0.879867,,0.908900,0.882450,0.119,362.2
2783,0.880117,,0.908900,0.882450,0.120,362.3
2784,0.880217,,0.908900,0.882450,0.121,362.4
2785,0.879983,,0.908900,0.882450,0.119,362.5
2786,0.880500,,0.908900,0.882450,0.128,362.7
2787,0.878950,,0.908900,0.882450,0.121,362.8
2788,0.879500,,0.908900,0.882450,0.121,362.9
2789,0.879017,,0.908900,0.882450,0.127,363.0
2790,0.880300,,0.908900,0.882450,0.120,363.1
2791,0.880133,,0.908900,0.882450,0.119,363.3
2792,0.877950,,0.908900,0.882450,0.122,363.4
2793,0.879300,,0.908900,0.882450,0.134,363.5
2794,0.880317,,0.908900,0.882450,0.124,363.6
2795,0.880783,,0.908900,0.882450,0.134,363.8
2796,0.880750,,0.908900,0.882450,0.121,363.9
2797,0.879500,,0.908900,0.882450,0.121,364.0
2798,0.881533,,0.908900,0.882450,0.122,364.1
2799,0.879967,,0.908900,0.882450,0.135,364.3
2800,0.880600,0.9038999676704407,0.908900,0.882450,0.153,364.4
2801,0.880117,,0.908900,0.882450,0.124,364.6
2802,0.879750,,0.908900,0.882450,0.124,364.7
2803,0.880967,,0.908900,0.882450,0.122,364.8
2804,0.880167,,0.908900,0.882450,0.122,364.9
2805,0.879650,,0.908900,0.882450,0.120,365.0
2806,0.880533,,0.908900,0.882450,0.124,365.2
2807,0.879700,,0.908900,0.882450,0.133,365.3
2808,0.879200,,0.908900,0.882450,0.125,365.4
2809,0.880700,,0.908900,0.882450,0.120,365.5
2810,0.879417,,0.908900,0.882450,0.123,365.7
2811,0.878650,,0.908900,0.882450,0.136,365.8
2812,0.879967,,0.908900,0.882450,0.121,365.9
2813,0.880733,,0.908900,0.882450,0.120,366.0
2814,0.878717,,0.908900,0.882450,0.120,366.2
2815,0.879467,,0.908900,0.882450,0.119,366.3
2816,0.880200,,0.908900,0.882450,0.122,366.4
2817,0.880367,,0.908900,0.882450,0.134,366.5
2818,0.880117,,0.908900,0.882450,0.121,366.7
2819,0.880550,,0.908900,0.882450,0.121,366.8
2820,0.880433,,0.908900,0.882450,0.119,366.9
2821,0.878350,,0.908900,0.882450,0.119,367.0
2822,0.881733,,0.908900,0.882450,0.120,367.1
2823,0.881117,,0.908900,0.882450,0.123,367.3
2824,0.879700,,0.908900,0.882450,0.134,367.4
2825,0.879267,,0.908900,0.882450,0.120,367.5
2826,0.879083,,0.908900,0.882450,0.120,367.6
2827,0.880317,,0.908900,0.882450,0.119,367.8
2828,0.881433,,0.908900,0.882450,0.121,367.9
2829,0.878433,,0.908900,0.882450,0.120,368.0
2830,0.879917,,0.908900,0.882450,0.120,368.1
2831,0.880283,,0.908900,0.882450,0.124,368.2
2832,0.878600,,0.908900,0.882450,0.138,368.4
2833,0.880867,,0.908900,0.882450,0.136,368.5
2834,0.879183,,0.908900,0.882450,0.120,368.6
2835,0.879483,,0.908900,0.882450,0.122,368.8
2836,0.878967,,0.908900,0.882450,0.133,368.9
2837,0.879967,,0.908900,0.882450,0.120,369.0
2838,0.879300,,0.908900,0.882450,0.120,369.1
2839,0.880017,,0.908900,0.882450,0.121,369.3
2840,0.876250,,0.908900,0.882450,0.120,369.4
2841,0.878050,,0.908900,0.882450,0.118,369.5
2842,0.878250,,0.908900,0.882450,0.119,369.6
2843,0.878733,,0.908900,0.882450,0.131,369.7
2844,0.879100,,0.908900,0.882450,0.120,369.9
2845,0.879517,,0.908900,0.882450,0.122,370.0
2846,0.878450,,0.908900,0.882450,0.122,370.1
2847,0.879650,,0.908900,0.882450,0.135,370.2
2848,0.880617,,0.908900,0.882450,0.120,370.4
2849,0.878867,,0.908900,0.882450,0.122,370.5
2850,0.879333,0.9047999382019043,0.908900,0.882450,0.149,370.6
2851,0.877850,,0.908900,0.882450,0.111,370.7
2852,0.878883,,0.908900,0.882450,0.119,370.9
2853,0.878250,,0.908900,0.882450,0.120,371.0
2854,0.877883,,0.908900,0.882450,0.121,371.1
2855,0.878650,,0.908900,0.882450,0.119,371.2
2856,0.879117,,0.908900,0.882450,0.120,371.3
2857,0.878850,,0.908900,0.882450,0.120,371.5
2858,0.879250,,0.908900,0.882450,0.118,371.6
2859,0.880183,,0.908900,0.882450,0.119,371.7
2860,0.880050,,0.908900,0.882450,0.119,371.8
2861,0.879867,,0.908900,0.882450,0.119,371.9
2862,0.877767,,0.908900,0.882450,0.121,372.1
2863,0.879217,,0.908900,0.882450,0.138,372.2
2864,0.880317,,0.908900,0.882450,0.138,372.3
2865,0.878167,,0.908900,0.882450,0.131,372.5
2866,0.880067,,0.908900,0.882450,0.121,372.6
2867,0.880133,,0.908900,0.882450,0.122,372.7
2868,0.879150,,0.908900,0.882450,0.119,372.8
2869,0.881067,,0.908900,0.882450,0.121,372.9
2870,0.879517,,0.908900,0.882450,0.134,373.1
2871,0.880767,,0.908900,0.882450,0.122,373.2
2872,0.879350,,0.908900,0.882450,0.119,373.3
2873,0.881150,,0.908900,0.882450,0.119,373.4
2874,0.880883,,0.908900,0.882450,0.117,373.6
2875,0.880917,,0.908900,0.882450,0.119,373.7
2876,0.880867,,0.908900,0.882450,0.118,373.8
2877,0.880250,,0.908900,0.882450,0.122,373.9
2878,0.881400,,0.908900,0.882450,0.133,374.1
2879,0.878600,,0.908900,0.882450,0.118,374.2
2880,0.880317,,0.908900,0.882450,0.121,374.3
2881,0.879717,,0.908900,0.882450,0.120,374.4
2882,0.879467,,0.908900,0.882450,0.120,374.5
2883,0.880600,,0.908900,0.882450,0.123,374.7
2884,0.879767,,0.908900,0.882450,0.135,374.8
2885,0.880350,,0.908900,0.882450,0.117,374.9
2886,0.879817,,0.908900,0.882450,0.120,375.0
2887,0.880267,,0.908900,0.882450,0.118,375.1
2888,0.878783,,0.908900,0.882450,0.124,375.3
2889,0.879250,,0.908900,0.882450,0.140,375.4
2890,0.880583,,0.908900,0.882450,0.133,375.5
2891,0.881283,,0.908900,0.882450,0.121,375.7
2892,0.881783,,0.908900,0.882450,0.119,375.8
2893,0.880033,,0.908900,0.882450,0.119,375.9
2894,0.879467,,0.908900,0.882450,0.120,376.0
2895,0.880017,,0.908900,0.882450,0.120,376.1
2896,0.881633,,0.908900,0.882450,0.124,376.3
2897,0.879133,,0.908900,0.882450,0.135,376.4
2898,0.880267,,0.908900,0.882450,0.121,376.5
2899,0.879517,,0.908900,0.882450,0.121,376.6
2900,0.880900,0.9061999320983887,0.908900,0.882450,0.149,376.8
2901,0.882483,,0.908900,0.882483,0.107,376.9
2902,0.880200,,0.908900,0.882483,0.121,377.0
2903,0.880367,,0.908900,0.882483,0.119,377.1
2904,0.880967,,0.908900,0.882483,0.124,377.3
2905,0.880450,,0.908900,0.882483,0.136,377.4
2906,0.879367,,0.908900,0.882483,0.122,377.5
2907,0.882000,,0.908900,0.882483,0.120,377.6
2908,0.881017,,0.908900,0.882483,0.119,377.8
2909,0.880183,,0.908900,0.882483,0.119,377.9
2910,0.881150,,0.908900,0.882483,0.120,378.0
2911,0.879533,,0.908900,0.882483,0.121,378.1
2912,0.878467,,0.908900,0.882483,0.131,378.3
2913,0.879867,,0.908900,0.882483,0.121,378.4
2914,0.880533,,0.908900,0.882483,0.119,378.5
2915,0.879133,,0.908900,0.882483,0.121,378.6
2916,0.881450,,0.908900,0.882483,0.119,378.7
2917,0.881167,,0.908900,0.882483,0.119,378.9
2918,0.879417,,0.908900,0.882483,0.119,379.0
2919,0.880050,,0.908900,0.882483,0.123,379.1
2920,0.880917,,0.908900,0.882483,0.137,379.2
2921,0.879767,,0.908900,0.882483,0.132,379.4
2922,0.878867,,0.908900,0.882483,0.119,379.5
2923,0.878967,,0.908900,0.882483,0.122,379.6
2924,0.879050,,0.908900,0.882483,0.122,379.7
2925,0.880917,,0.908900,0.882483,0.124,379.8
2926,0.880033,,0.908900,0.882483,0.137,380.0
2927,0.877950,,0.908900,0.882483,0.133,380.1
2928,0.882133,,0.908900,0.882483,0.123,380.2
2929,0.881733,,0.908900,0.882483,0.122,380.4
2930,0.880017,,0.908900,0.882483,0.119,380.5
2931,0.881567,,0.908900,0.882483,0.120,380.6
2932,0.881367,,0.908900,0.882483,0.123,380.7
2933,0.878883,,0.908900,0.882483,0.120,380.8
2934,0.881083,,0.908900,0.882483,0.121,381.0
2935,0.880617,,0.908900,0.882483,0.124,381.1
2936,0.881500,,0.908900,0.882483,0.133,381.2
2937,0.880450,,0.908900,0.882483,0.120,381.3
2938,0.881317,,0.908900,0.882483,0.119,381.5
2939,0.880217,,0.908900,0.882483,0.119,381.6
2940,0.879400,,0.908900,0.882483,0.121,381.7
2941,0.880183,,0.908900,0.882483,0.122,381.8
2942,0.879883,,0.908900,0.882483,0.121,381.9
2943,0.880817,,0.908900,0.882483,0.119,382.1
2944,0.880583,,0.908900,0.882483,0.119,382.2
2945,0.881667,,0.908900,0.882483,0.128,382.3
2946,0.879400,,0.908900,0.882483,0.138,382.4
2947,0.879650,,0.908900,0.882483,0.134,382.6
2948,0.880117,,0.908900,0.882483,0.121,382.7
2949,0.880783,,0.908900,0.882483,0.123,382.8
2950,0.883317,0.9072999358177185,0.908900,0.883317,0.153,383.0
2951,0.881250,,0.908900,0.883317,0.123,383.1
2952,0.880217,,0.908900,0.883317,0.123,383.2
2953,0.883733,,0.908900,0.883733,0.137,383.4
2954,0.881617,,0.908900,0.883733,0.134,383.5
2955,0.879817,,0.908900,0.883733,0.123,383.6
2956,0.880283,,0.908900,0.883733,0.134,383.8
2957,0.880767,,0.908900,0.883733,0.123,383.9
2958,0.880817,,0.908900,0.883733,0.123,384.0
2959,0.881050,,0.908900,0.883733,0.124,384.1
2960,0.879717,,0.908900,0.883733,0.137,384.3
2961,0.881483,,0.908900,0.883733,0.134,384.4
2962,0.879333,,0.908900,0.883733,0.120,384.5
2963,0.880317,,0.908900,0.883733,0.119,384.6
2964,0.880917,,0.908900,0.883733,0.118,384.8
2965,0.881817,,0.908900,0.883733,0.119,384.9
2966,0.881150,,0.908900,0.883733,0.121,385.0
2967,0.880333,,0.908900,0.883733,0.120,385.1
2968,0.881833,,0.908900,0.883733,0.120,385.2
2969,0.879033,,0.908900,0.883733,0.119,385.4
2970,0.881850,,0.908900,0.883733,0.119,385.5
2971,0.879250,,0.908900,0.883733,0.119,385.6
2972,0.881483,,0.908900,0.883733,0.119,385.7
2973,0.880650,,0.908900,0.883733,0.120,385.8
2974,0.881633,,0.908900,0.883733,0.122,385.9
2975,0.881367,,0.908900,0.883733,0.135,386.1
2976,0.880533,,0.908900,0.883733,0.119,386.2
2977,0.881450,,0.908900,0.883733,0.121,386.3
2978,0.880150,,0.908900,0.883733,0.120,386.4
2979,0.880100,,0.908900,0.883733,0.124,386.6
2980,0.881667,,0.908900,0.883733,0.133,386.7
2981,0.881433,,0.908900,0.883733,0.125,386.8
2982,0.879683,,0.908900,0.883733,0.135,387.0
2983,0.881517,,0.908900,0.883733,0.124,387.1
2984,0.880883,,0.908900,0.883733,0.135,387.2
2985,0.880367,,0.908900,0.883733,0.119,387.3
2986,0.880400,,0.908900,0.883733,0.119,387.5
2987,0.882017,,0.908900,0.883733,0.119,387.6
2988,0.881667,,0.908900,0.883733,0.119,387.7
2989,0.880267,,0.908900,0.883733,0.120,387.8
2990,0.880683,,0.908900,0.883733,0.119,387.9
2991,0.882083,,0.908900,0.883733,0.120,388.1
2992,0.882083,,0.908900,0.883733,0.123,388.2
2993,0.881283,,0.908900,0.883733,0.134,388.3
2994,0.881367,,0.908900,0.883733,0.120,388.4
2995,0.881717,,0.908900,0.883733,0.123,388.6
2996,0.883983,,0.908900,0.883983,0.137,388.7
2997,0.880567,,0.908900,0.883983,0.134,388.8
2998,0.881533,,0.908900,0.883983,0.120,388.9
2999,0.880517,,0.908900,0.883983,0.119,389.1
