epoch,train_acc,val_acc,best_val,best_train,epoch_time,cum_time
0,0.077017,0.104000,0.104000,0.077017,10.380,10.4
1,0.077150,,0.104000,0.077150,1.222,11.6
2,0.076033,,0.104000,0.077150,1.739,13.3
3,0.077417,,0.104000,0.077417,1.309,14.7
4,0.076933,,0.104000,0.077417,1.324,16.0
5,0.077500,,0.104000,0.077500,1.328,17.3
6,0.078250,,0.104000,0.078250,1.309,18.6
7,0.080067,,0.104000,0.080067,1.315,19.9
8,0.078350,,0.104000,0.080067,1.305,21.2
9,0.081167,,0.104000,0.081167,1.308,22.5
10,0.081950,,0.104000,0.081950,1.309,23.8
11,0.081483,,0.104000,0.081950,1.307,25.2
12,0.082667,,0.104000,0.082667,1.307,26.5
13,0.083650,,0.104000,0.083650,1.310,27.8
14,0.083733,,0.104000,0.083733,1.307,29.1
15,0.082967,,0.104000,0.083733,1.309,30.4
16,0.083500,,0.104000,0.083733,1.309,31.7
17,0.083150,,0.104000,0.083733,1.310,33.0
18,0.084317,,0.104000,0.084317,1.307,34.3
19,0.085700,,0.104000,0.085700,1.310,35.6
20,0.087617,,0.104000,0.087617,1.309,36.9
21,0.090117,,0.104000,0.090117,1.309,38.2
22,0.089617,,0.104000,0.090117,1.306,39.5
23,0.089783,,0.104000,0.090117,1.307,40.9
24,0.091683,,0.104000,0.091683,1.309,42.2
25,0.093983,,0.104000,0.093983,1.311,43.5
26,0.094333,,0.104000,0.094333,1.308,44.8
27,0.096450,,0.104000,0.096450,1.310,46.1
28,0.098617,,0.104000,0.098617,1.308,47.4
29,0.101483,,0.104000,0.101483,1.319,48.7
30,0.103233,,0.104000,0.103233,1.316,50.0
31,0.107450,,0.104000,0.107450,1.317,51.4
32,0.108267,,0.104000,0.108267,1.319,52.7
33,0.111133,,0.104000,0.111133,1.318,54.0
34,0.109533,,0.104000,0.111133,1.308,55.3
35,0.114400,,0.104000,0.114400,1.310,56.6
36,0.114100,,0.104000,0.114400,1.309,57.9
37,0.113017,,0.104000,0.114400,1.309,59.2
38,0.114667,,0.104000,0.114667,1.310,60.5
39,0.116367,,0.104000,0.116367,1.309,61.8
40,0.117133,,0.104000,0.117133,1.313,63.2
41,0.115667,,0.104000,0.117133,1.309,64.5
42,0.115783,,0.104000,0.117133,1.309,65.8
43,0.115950,,0.104000,0.117133,1.318,67.1
44,0.116117,,0.104000,0.117133,1.309,68.4
45,0.115167,,0.104000,0.117133,1.309,69.7
46,0.114467,,0.104000,0.117133,1.309,71.0
47,0.114117,,0.104000,0.117133,1.308,72.3
48,0.112717,,0.104000,0.117133,1.309,73.6
49,0.113033,,0.104000,0.117133,1.308,74.9
50,0.110783,,0.104000,0.117133,1.309,76.3
51,0.110600,,0.104000,0.117133,1.308,77.6
52,0.109167,,0.104000,0.117133,1.318,78.9
53,0.108800,,0.104000,0.117133,1.309,80.2
54,0.108067,,0.104000,0.117133,1.310,81.5
55,0.108217,,0.104000,0.117133,1.309,82.8
56,0.106500,,0.104000,0.117133,1.308,84.1
57,0.107133,,0.104000,0.117133,1.308,85.4
58,0.106550,,0.104000,0.117133,1.308,86.7
59,0.106467,,0.104000,0.117133,1.309,88.0
60,0.105367,,0.104000,0.117133,1.318,89.4
61,0.105317,,0.104000,0.117133,1.317,90.7
62,0.105133,,0.104000,0.117133,1.318,92.0
63,0.105517,,0.104000,0.117133,1.318,93.3
64,0.104817,,0.104000,0.117133,1.318,94.6
65,0.105000,,0.104000,0.117133,1.309,95.9
66,0.104600,,0.104000,0.117133,1.309,97.2
67,0.105000,,0.104000,0.117133,1.309,98.6
68,0.104500,,0.104000,0.117133,1.307,99.9
69,0.105033,,0.104000,0.117133,1.310,101.2
70,0.105317,,0.104000,0.117133,1.308,102.5
71,0.105117,,0.104000,0.117133,1.319,103.8
72,0.105150,,0.104000,0.117133,1.307,105.1
73,0.104550,,0.104000,0.117133,1.309,106.4
74,0.104933,,0.104000,0.117133,1.315,107.7
75,0.104850,,0.104000,0.117133,1.309,109.0
76,0.104300,,0.104000,0.117133,1.309,110.4
77,0.104667,,0.104000,0.117133,1.308,111.7
78,0.104900,,0.104000,0.117133,1.308,113.0
79,0.105017,,0.104000,0.117133,1.308,114.3
80,0.104533,,0.104000,0.117133,1.310,115.6
81,0.105183,,0.104000,0.117133,1.310,116.9
82,0.104917,,0.104000,0.117133,1.307,118.2
83,0.105500,,0.104000,0.117133,1.311,119.5
84,0.105500,,0.104000,0.117133,1.308,120.8
85,0.105267,,0.104000,0.117133,1.309,122.1
86,0.106633,,0.104000,0.117133,1.309,123.4
87,0.105583,,0.104000,0.117133,1.309,124.7
88,0.105233,,0.104000,0.117133,1.308,126.1
89,0.106617,,0.104000,0.117133,1.308,127.4
90,0.105817,,0.104000,0.117133,1.308,128.7
91,0.106900,,0.104000,0.117133,1.319,130.0
92,0.105950,,0.104000,0.117133,1.317,131.3
93,0.106633,,0.104000,0.117133,1.316,132.6
94,0.106650,,0.104000,0.117133,1.318,133.9
95,0.106900,,0.104000,0.117133,1.319,135.3
96,0.107350,,0.104000,0.117133,1.304,136.6
97,0.106867,,0.104000,0.117133,1.307,137.9
98,0.106583,,0.104000,0.117133,1.317,139.2
99,0.106483,,0.104000,0.117133,1.308,140.5
100,0.107700,,0.104000,0.117133,1.308,141.8
101,0.106783,,0.104000,0.117133,1.309,143.1
102,0.107800,,0.104000,0.117133,1.319,144.4
103,0.107133,,0.104000,0.117133,1.307,145.7
104,0.107783,,0.104000,0.117133,1.309,147.1
105,0.107967,,0.104000,0.117133,1.309,148.4
106,0.107817,,0.104000,0.117133,1.308,149.7
107,0.108100,,0.104000,0.117133,1.309,151.0
108,0.107250,,0.104000,0.117133,1.310,152.3
109,0.108050,,0.104000,0.117133,1.308,153.6
110,0.108583,,0.104000,0.117133,1.311,154.9
111,0.107533,,0.104000,0.117133,1.309,156.2
112,0.107283,,0.104000,0.117133,1.308,157.5
113,0.107517,,0.104000,0.117133,1.308,158.8
114,0.107633,,0.104000,0.117133,1.310,160.1
115,0.107233,,0.104000,0.117133,1.307,161.4
116,0.107450,,0.104000,0.117133,1.309,162.8
117,0.106533,,0.104000,0.117133,1.309,164.1
118,0.107267,,0.104000,0.117133,1.309,165.4
119,0.107383,,0.104000,0.117133,1.308,166.7
120,0.107350,,0.104000,0.117133,1.309,168.0
121,0.107633,,0.104000,0.117133,1.318,169.3
122,0.107283,,0.104000,0.117133,1.318,170.6
123,0.106900,,0.104000,0.117133,1.318,171.9
124,0.106150,,0.104000,0.117133,1.319,173.3
125,0.106950,,0.104000,0.117133,1.318,174.6
126,0.106750,,0.104000,0.117133,1.317,175.9
127,0.106583,,0.104000,0.117133,1.309,177.2
128,0.107450,,0.104000,0.117133,1.309,178.5
129,0.106783,,0.104000,0.117133,1.309,179.8
130,0.107350,,0.104000,0.117133,1.308,181.1
131,0.107467,,0.104000,0.117133,1.310,182.4
132,0.107383,,0.104000,0.117133,1.307,183.8
133,0.108083,,0.104000,0.117133,1.320,185.1
134,0.108250,,0.104000,0.117133,1.307,186.4
135,0.107450,,0.104000,0.117133,1.309,187.7
136,0.108650,,0.104000,0.117133,1.310,189.0
137,0.108383,,0.104000,0.117133,1.308,190.3
138,0.108833,,0.104000,0.117133,1.308,191.6
139,0.109733,,0.104000,0.117133,1.310,192.9
140,0.110250,,0.104000,0.117133,1.306,194.2
141,0.109400,,0.104000,0.117133,1.309,195.5
142,0.110467,,0.104000,0.117133,1.310,196.8
143,0.111567,,0.104000,0.117133,1.308,198.2
144,0.111417,,0.104000,0.117133,1.310,199.5
145,0.110500,,0.104000,0.117133,1.308,200.8
146,0.111733,,0.104000,0.117133,1.309,202.1
147,0.113367,,0.104000,0.117133,1.309,203.4
148,0.112483,,0.104000,0.117133,1.310,204.7
149,0.113283,,0.104000,0.117133,1.306,206.0
150,0.114367,,0.104000,0.117133,1.308,207.3
151,0.114783,,0.104000,0.117133,1.310,208.6
152,0.115550,,0.104000,0.117133,1.420,210.0
153,0.115717,,0.104000,0.117133,1.502,211.5
154,0.115467,,0.104000,0.117133,1.320,212.9
155,0.115700,,0.104000,0.117133,1.310,214.2
156,0.116700,,0.104000,0.117133,1.320,215.5
157,0.116283,,0.104000,0.117133,1.311,216.8
158,0.116983,,0.104000,0.117133,1.310,218.1
159,0.117117,,0.104000,0.117133,1.309,219.4
160,0.118433,,0.104000,0.118433,1.311,220.7
161,0.119550,,0.104000,0.119550,1.322,222.1
162,0.119317,,0.104000,0.119550,1.321,223.4
163,0.119900,,0.104000,0.119900,1.322,224.7
164,0.120283,,0.104000,0.120283,1.320,226.0
165,0.121250,,0.104000,0.121250,1.321,227.3
166,0.120283,,0.104000,0.121250,1.312,228.7
167,0.122150,,0.104000,0.122150,1.315,230.0
168,0.120683,,0.104000,0.122150,1.311,231.3
169,0.122550,,0.104000,0.122550,1.309,232.6
170,0.121767,,0.104000,0.122550,1.308,233.9
171,0.121533,,0.104000,0.122550,1.310,235.2
172,0.122267,,0.104000,0.122550,1.312,236.5
173,0.121583,,0.104000,0.122550,1.309,237.8
174,0.122733,,0.104000,0.122733,1.311,239.1
175,0.122550,,0.104000,0.122733,1.318,240.5
176,0.122967,,0.104000,0.122967,1.307,241.8
177,0.123500,,0.104000,0.123500,1.310,243.1
178,0.122067,,0.104000,0.123500,1.311,244.4
179,0.122600,,0.104000,0.123500,1.310,245.7
180,0.123383,,0.104000,0.123500,1.310,247.0
181,0.123117,,0.104000,0.123500,1.309,248.3
182,0.123033,,0.104000,0.123500,1.310,249.6
183,0.123183,,0.104000,0.123500,1.308,250.9
184,0.123917,,0.104000,0.123917,1.309,252.2
185,0.123350,,0.104000,0.123917,1.318,253.6
186,0.125017,,0.104000,0.125017,1.311,254.9
187,0.124117,,0.104000,0.125017,1.312,256.2
188,0.124250,,0.104000,0.125017,1.310,257.5
189,0.126650,,0.104000,0.126650,1.310,258.8
190,0.125933,,0.104000,0.126650,1.311,260.1
191,0.125183,,0.104000,0.126650,1.312,261.4
192,0.126817,,0.104000,0.126817,1.310,262.7
193,0.127733,,0.104000,0.127733,1.319,264.1
194,0.128867,,0.104000,0.128867,1.317,265.4
195,0.128667,,0.104000,0.128867,1.319,266.7
196,0.128917,,0.104000,0.128917,1.319,268.0
197,0.130167,,0.104000,0.130167,1.321,269.3
198,0.129517,,0.104000,0.130167,1.321,270.7
199,0.131450,,0.104000,0.131450,1.308,272.0
200,0.132067,,0.104000,0.132067,1.309,273.3
201,0.134050,,0.104000,0.134050,1.308,274.6
202,0.134283,,0.104000,0.134283,1.310,275.9
203,0.133750,,0.104000,0.134283,1.311,277.2
204,0.133733,,0.104000,0.134283,1.310,278.5
205,0.133717,,0.104000,0.134283,1.309,279.8
206,0.135117,,0.104000,0.135117,1.309,281.1
207,0.135333,,0.104000,0.135333,1.308,282.4
208,0.136767,,0.104000,0.136767,1.310,283.8
209,0.137700,,0.104000,0.137700,1.319,285.1
210,0.138400,,0.104000,0.138400,1.318,286.4
211,0.140367,,0.104000,0.140367,1.310,287.7
212,0.139050,,0.104000,0.140367,1.313,289.0
213,0.139417,,0.104000,0.140367,1.309,290.3
214,0.140650,,0.104000,0.140650,1.309,291.6
215,0.141800,,0.104000,0.141800,1.308,292.9
216,0.141583,,0.104000,0.141800,1.309,294.2
217,0.141917,,0.104000,0.141917,1.319,295.6
218,0.143867,,0.104000,0.143867,1.314,296.9
219,0.144517,,0.104000,0.144517,1.310,298.2
220,0.145000,,0.104000,0.145000,1.311,299.5
221,0.147450,,0.104000,0.147450,1.309,300.8
222,0.146000,,0.104000,0.147450,1.311,302.1
223,0.148133,,0.104000,0.148133,1.316,303.4
224,0.149233,,0.104000,0.149233,1.309,304.7
225,0.150283,,0.104000,0.150283,1.319,306.1
226,0.150983,,0.104000,0.150983,1.318,307.4
227,0.150250,,0.104000,0.150983,1.319,308.7
228,0.151683,,0.104000,0.151683,1.318,310.0
229,0.152183,,0.104000,0.152183,1.318,311.3
230,0.154983,,0.104000,0.154983,1.309,312.6
231,0.155050,,0.104000,0.155050,1.307,314.0
232,0.155267,,0.104000,0.155267,1.309,315.3
233,0.158050,,0.104000,0.158050,1.309,316.6
234,0.160417,,0.104000,0.160417,1.309,317.9
235,0.161367,,0.104000,0.161367,1.310,319.2
236,0.164833,,0.104000,0.164833,1.317,320.5
237,0.163767,,0.104000,0.164833,1.318,321.8
238,0.165533,,0.104000,0.165533,1.317,323.1
239,0.166717,,0.104000,0.166717,1.322,324.5
240,0.168417,,0.104000,0.168417,1.327,325.8
241,0.170483,,0.104000,0.170483,1.306,327.1
242,0.171467,,0.104000,0.171467,1.309,328.4
243,0.173400,,0.104000,0.173400,1.318,329.7
244,0.174200,,0.104000,0.174200,1.326,331.1
245,0.173550,,0.104000,0.174200,1.313,332.4
246,0.176367,,0.104000,0.176367,1.311,333.7
247,0.180217,,0.104000,0.180217,1.313,335.0
248,0.181167,,0.104000,0.181167,1.318,336.3
249,0.182467,,0.104000,0.182467,1.311,337.6
250,0.184833,,0.104000,0.184833,1.311,338.9
251,0.185833,,0.104000,0.185833,1.309,340.2
252,0.186650,,0.104000,0.186650,1.328,341.6
253,0.188383,,0.104000,0.188383,1.312,342.9
254,0.188367,,0.104000,0.188383,1.309,344.2
255,0.189583,,0.104000,0.189583,1.309,345.5
256,0.192267,,0.104000,0.192267,1.330,346.8
257,0.194617,,0.104000,0.194617,1.309,348.1
258,0.195717,,0.104000,0.195717,1.309,349.4
259,0.197050,,0.104000,0.197050,1.320,350.8
260,0.198333,,0.104000,0.198333,1.335,352.1
261,0.197550,,0.104000,0.198333,1.320,353.4
262,0.200933,,0.104000,0.200933,1.321,354.7
263,0.201717,,0.104000,0.201717,1.322,356.1
264,0.203183,,0.104000,0.203183,1.332,357.4
265,0.205267,,0.104000,0.205267,1.309,358.7
266,0.206683,,0.104000,0.206683,1.308,360.0
267,0.207750,,0.104000,0.207750,1.309,361.3
268,0.212067,,0.104000,0.212067,1.320,362.6
269,0.213867,,0.104000,0.213867,1.314,364.0
270,0.213033,,0.104000,0.213867,1.312,365.3
271,0.214817,,0.104000,0.214817,1.312,366.6
272,0.216600,,0.104000,0.216600,1.319,367.9
273,0.218583,,0.104000,0.218583,1.311,369.2
274,0.219500,,0.104000,0.219500,1.310,370.5
275,0.218133,,0.104000,0.219500,1.324,371.8
276,0.221933,,0.104000,0.221933,1.315,373.2
277,0.222933,,0.104000,0.222933,1.319,374.5
278,0.227017,,0.104000,0.227017,1.307,375.8
279,0.226050,,0.104000,0.227017,1.318,377.1
280,0.230683,,0.104000,0.230683,1.314,378.4
281,0.231333,,0.104000,0.231333,1.308,379.7
282,0.231250,,0.104000,0.231333,1.310,381.0
283,0.231917,,0.104000,0.231917,1.321,382.4
284,0.235767,,0.104000,0.235767,1.310,383.7
285,0.239600,,0.104000,0.239600,1.308,385.0
286,0.241883,,0.104000,0.241883,1.309,386.3
287,0.242350,,0.104000,0.242350,1.317,387.6
288,0.242967,,0.104000,0.242967,1.311,388.9
289,0.245917,,0.104000,0.245917,1.311,390.2
290,0.247083,,0.104000,0.247083,1.311,391.5
291,0.247967,,0.104000,0.247967,1.318,392.8
292,0.250233,,0.104000,0.250233,1.312,394.2
293,0.251517,,0.104000,0.251517,1.308,395.5
294,0.255017,,0.104000,0.255017,1.320,396.8
295,0.256100,,0.104000,0.256100,1.332,398.1
296,0.257400,,0.104000,0.257400,1.319,399.4
297,0.257850,,0.104000,0.257850,1.318,400.8
298,0.260383,,0.104000,0.260383,1.318,402.1
299,0.261067,,0.104000,0.261067,1.320,403.4
300,0.261717,,0.104000,0.261717,1.309,404.7
301,0.264283,,0.104000,0.264283,1.311,406.0
302,0.265533,,0.104000,0.265533,1.319,407.3
303,0.266500,,0.104000,0.266500,1.319,408.7
304,0.268500,,0.104000,0.268500,1.310,410.0
305,0.268467,,0.104000,0.268500,1.310,411.3
306,0.270483,,0.104000,0.270483,1.309,412.6
307,0.269600,,0.104000,0.270483,1.317,413.9
308,0.271950,,0.104000,0.271950,1.308,415.2
309,0.274050,,0.104000,0.274050,1.309,416.5
310,0.274933,,0.104000,0.274933,1.313,417.8
311,0.275783,,0.104000,0.275783,1.315,419.1
312,0.278833,,0.104000,0.278833,1.311,420.5
313,0.278750,,0.104000,0.278833,1.310,421.8
314,0.278917,,0.104000,0.278917,1.314,423.1
315,0.282150,,0.104000,0.282150,1.319,424.4
316,0.282000,,0.104000,0.282150,1.308,425.7
317,0.282233,,0.104000,0.282233,1.309,427.0
318,0.283950,,0.104000,0.283950,1.315,428.3
319,0.284250,,0.104000,0.284250,1.310,429.6
320,0.283900,,0.104000,0.284250,1.308,430.9
321,0.285050,,0.104000,0.285050,1.319,432.3
322,0.285883,,0.104000,0.285883,1.317,433.6
323,0.287483,,0.104000,0.287483,1.311,434.9
324,0.286633,,0.104000,0.287483,1.314,436.2
325,0.287933,,0.104000,0.287933,1.308,437.5
326,0.291200,,0.104000,0.291200,1.320,438.8
327,0.291450,,0.104000,0.291450,1.320,440.2
328,0.291583,,0.104000,0.291583,1.319,441.5
329,0.292583,,0.104000,0.292583,1.319,442.8
330,0.292083,,0.104000,0.292583,1.328,444.1
331,0.292533,,0.104000,0.292583,1.320,445.4
332,0.295333,,0.104000,0.295333,1.320,446.8
333,0.296417,,0.104000,0.296417,1.317,448.1
334,0.295700,,0.104000,0.296417,1.320,449.4
335,0.297733,,0.104000,0.297733,1.313,450.7
336,0.296100,,0.104000,0.297733,1.308,452.0
337,0.297633,,0.104000,0.297733,1.310,453.3
338,0.301000,,0.104000,0.301000,1.322,454.7
339,0.300283,,0.104000,0.301000,1.314,456.0
340,0.301917,,0.104000,0.301917,1.312,457.3
341,0.302883,,0.104000,0.302883,1.310,458.6
342,0.305217,,0.104000,0.305217,1.323,459.9
343,0.304833,,0.104000,0.305217,1.311,461.2
344,0.304317,,0.104000,0.305217,1.309,462.5
345,0.307500,,0.104000,0.307500,1.307,463.8
346,0.306067,,0.104000,0.307500,1.318,465.2
347,0.307933,,0.104000,0.307933,1.308,466.5
348,0.308733,,0.104000,0.308733,1.307,467.8
349,0.307117,,0.104000,0.308733,1.312,469.1
350,0.309100,,0.104000,0.309100,1.321,470.4
351,0.308233,,0.104000,0.309100,1.308,471.7
352,0.309917,,0.104000,0.309917,1.318,473.0
353,0.310217,,0.104000,0.310217,1.312,474.3
354,0.309250,,0.104000,0.310217,1.313,475.7
355,0.310033,,0.104000,0.310217,1.307,477.0
356,0.310583,,0.104000,0.310583,1.309,478.3
357,0.311033,,0.104000,0.311033,1.312,479.6
358,0.312933,,0.104000,0.312933,1.313,480.9
359,0.309733,,0.104000,0.312933,1.308,482.2
360,0.310883,,0.104000,0.312933,1.308,483.5
361,0.311267,,0.104000,0.312933,1.324,484.8
362,0.312333,,0.104000,0.312933,1.324,486.2
363,0.313050,,0.104000,0.313050,1.319,487.5
364,0.314117,,0.104000,0.314117,1.317,488.8
365,0.313650,,0.104000,0.314117,1.328,490.1
366,0.314917,,0.104000,0.314917,1.320,491.4
367,0.315183,,0.104000,0.315183,1.310,492.8
368,0.316567,,0.104000,0.316567,1.309,494.1
369,0.315733,,0.104000,0.316567,1.317,495.4
370,0.316450,,0.104000,0.316567,1.312,496.7
371,0.319967,,0.104000,0.319967,1.318,498.0
372,0.318383,,0.104000,0.319967,1.319,499.3
373,0.319867,,0.104000,0.319967,1.321,500.7
374,0.321317,,0.104000,0.321317,1.310,502.0
375,0.321850,,0.104000,0.321850,1.307,503.3
376,0.322650,,0.104000,0.322650,1.309,504.6
377,0.321417,,0.104000,0.322650,1.325,505.9
378,0.322917,,0.104000,0.322917,1.309,507.2
379,0.323050,,0.104000,0.323050,1.315,508.5
380,0.325233,,0.104000,0.325233,1.311,509.8
381,0.326050,,0.104000,0.326050,1.322,511.2
382,0.325600,,0.104000,0.326050,1.376,512.5
383,0.325767,,0.104000,0.326050,1.519,514.1
384,0.327700,,0.104000,0.327700,1.353,515.4
385,0.326100,,0.104000,0.327700,1.343,516.8
386,0.327933,,0.104000,0.327933,1.336,518.1
387,0.327233,,0.104000,0.327933,1.311,519.4
388,0.329050,,0.104000,0.329050,1.314,520.7
389,0.329667,,0.104000,0.329667,1.314,522.0
390,0.328583,,0.104000,0.329667,1.200,523.2
391,0.330733,,0.104000,0.330733,1.316,524.5
392,0.329800,,0.104000,0.330733,1.320,525.9
393,0.330600,,0.104000,0.330733,1.313,527.2
394,0.331083,,0.104000,0.331083,1.309,528.5
395,0.331167,,0.104000,0.331167,1.309,529.8
396,0.331717,,0.104000,0.331717,1.318,531.1
397,0.332617,,0.104000,0.332617,1.310,532.4
398,0.332833,,0.104000,0.332833,1.312,533.7
399,0.333833,,0.104000,0.333833,1.311,535.0
400,0.332233,,0.104000,0.333833,1.325,536.4
401,0.335067,,0.104000,0.335067,1.311,537.7
402,0.334367,,0.104000,0.335067,1.310,539.0
403,0.335900,,0.104000,0.335900,1.310,540.3
404,0.335967,,0.104000,0.335967,1.321,541.6
405,0.336983,,0.104000,0.336983,1.309,542.9
406,0.338100,,0.104000,0.338100,1.311,544.2
407,0.336667,,0.104000,0.338100,1.310,545.6
408,0.338083,,0.104000,0.338100,1.320,546.9
409,0.339650,,0.104000,0.339650,1.308,548.2
410,0.340000,,0.104000,0.340000,1.310,549.5
411,0.340600,,0.104000,0.340600,1.315,550.8
412,0.338800,,0.104000,0.340600,1.320,552.1
413,0.340400,,0.104000,0.340600,1.311,553.4
414,0.341117,,0.104000,0.341117,1.310,554.7
415,0.340050,,0.104000,0.341117,1.313,556.1
416,0.340683,,0.104000,0.341117,1.317,557.4
417,0.342350,,0.104000,0.342350,1.311,558.7
418,0.342000,,0.104000,0.342350,1.317,560.0
419,0.342483,,0.104000,0.342483,1.331,561.3
420,0.342450,,0.104000,0.342483,1.323,562.7
421,0.344983,,0.104000,0.344983,1.321,564.0
422,0.343700,,0.104000,0.344983,1.322,565.3
423,0.344483,,0.104000,0.344983,1.319,566.6
424,0.345400,,0.104000,0.345400,1.311,567.9
425,0.344783,,0.104000,0.345400,1.311,569.2
426,0.345433,,0.104000,0.345433,1.311,570.6
427,0.345417,,0.104000,0.345433,1.329,571.9
428,0.346117,,0.104000,0.346117,1.312,573.2
429,0.345400,,0.104000,0.346117,1.313,574.5
430,0.345267,,0.104000,0.346117,1.312,575.8
431,0.346483,,0.104000,0.346483,1.319,577.1
432,0.347217,,0.104000,0.347217,1.312,578.4
433,0.347550,,0.104000,0.347550,1.310,579.8
434,0.345500,,0.104000,0.347550,1.311,581.1
435,0.347667,,0.104000,0.347667,1.326,582.4
436,0.348517,,0.104000,0.348517,1.310,583.7
437,0.348867,,0.104000,0.348867,1.307,585.0
438,0.349550,,0.104000,0.349550,1.319,586.3
439,0.350683,,0.104000,0.350683,1.327,587.7
440,0.350600,,0.104000,0.350683,1.311,589.0
441,0.352067,,0.104000,0.352067,1.310,590.3
442,0.350383,,0.104000,0.352067,1.308,591.6
443,0.352167,,0.104000,0.352167,1.324,592.9
444,0.352733,,0.104000,0.352733,1.308,594.2
445,0.352700,,0.104000,0.352733,1.309,595.5
446,0.353167,,0.104000,0.353167,1.313,596.8
447,0.353050,,0.104000,0.353167,1.328,598.2
448,0.354117,,0.104000,0.354117,1.311,599.5
449,0.352633,,0.104000,0.354117,1.309,600.8
450,0.355750,,0.104000,0.355750,1.314,602.1
451,0.356050,,0.104000,0.356050,1.318,603.4
452,0.355867,,0.104000,0.356050,1.309,604.7
453,0.357083,,0.104000,0.357083,1.312,606.0
454,0.357450,,0.104000,0.357450,1.335,607.4
455,0.357717,,0.104000,0.357717,1.326,608.7
456,0.358183,,0.104000,0.358183,1.319,610.0
457,0.358083,,0.104000,0.358183,1.321,611.3
458,0.358483,,0.104000,0.358483,1.329,612.7
459,0.359683,,0.104000,0.359683,1.311,614.0
460,0.360717,,0.104000,0.360717,1.309,615.3
461,0.360950,,0.104000,0.360950,1.312,616.6
462,0.359883,,0.104000,0.360950,1.326,617.9
463,0.359183,,0.104000,0.360950,1.312,619.2
464,0.360833,,0.104000,0.360950,1.313,620.6
465,0.361317,,0.104000,0.361317,1.319,621.9
466,0.363117,,0.104000,0.363117,1.321,623.2
467,0.363333,,0.104000,0.363333,1.315,624.5
468,0.363783,,0.104000,0.363783,1.313,625.8
469,0.362050,,0.104000,0.363783,1.309,627.1
470,0.364783,,0.104000,0.364783,1.329,628.5
471,0.365717,,0.104000,0.365717,1.323,629.8
472,0.364367,,0.104000,0.365717,1.317,631.1
473,0.364300,,0.104000,0.365717,1.317,632.4
474,0.365617,,0.104000,0.365717,1.322,633.7
475,0.363900,,0.104000,0.365717,1.316,635.1
476,0.365333,,0.104000,0.365717,1.317,636.4
477,0.366200,,0.104000,0.366200,1.316,637.7
478,0.367450,,0.104000,0.367450,1.322,639.0
479,0.367617,,0.104000,0.367617,1.317,640.3
480,0.367333,,0.104000,0.367617,1.314,641.6
481,0.367900,,0.104000,0.367900,1.319,643.0
482,0.365867,,0.104000,0.367900,1.321,644.3
483,0.368417,,0.104000,0.368417,1.317,645.6
484,0.369600,,0.104000,0.369600,1.318,646.9
485,0.370367,,0.104000,0.370367,1.320,648.2
486,0.369100,,0.104000,0.370367,1.320,649.6
487,0.369250,,0.104000,0.370367,1.315,650.9
488,0.371900,,0.104000,0.371900,1.314,652.2
489,0.371450,,0.104000,0.371900,1.321,653.5
490,0.372250,,0.104000,0.372250,1.320,654.8
491,0.375433,,0.104000,0.375433,1.326,656.2
492,0.371667,,0.104000,0.375433,1.327,657.5
493,0.372383,,0.104000,0.375433,1.329,658.8
494,0.372400,,0.104000,0.375433,1.324,660.1
495,0.372950,,0.104000,0.375433,1.324,661.5
496,0.374383,,0.104000,0.375433,1.326,662.8
497,0.377150,,0.104000,0.377150,1.329,664.1
498,0.377817,,0.104000,0.377817,1.316,665.4
499,0.376883,,0.104000,0.377817,1.314,666.7
500,0.376917,,0.104000,0.377817,1.314,668.1
501,0.376517,,0.104000,0.377817,1.321,669.4
502,0.377867,,0.104000,0.377867,1.315,670.7
503,0.379983,,0.104000,0.379983,1.326,672.0
504,0.378950,,0.104000,0.379983,1.313,673.3
505,0.380167,,0.104000,0.380167,1.320,674.7
506,0.377867,,0.104000,0.380167,1.317,676.0
507,0.378950,,0.104000,0.380167,1.325,677.3
508,0.381617,,0.104000,0.381617,1.315,678.6
509,0.380400,,0.104000,0.381617,1.323,679.9
510,0.381967,,0.104000,0.381967,1.318,681.3
511,0.380567,,0.104000,0.381967,1.315,682.6
512,0.380200,,0.104000,0.381967,1.314,683.9
513,0.383467,,0.104000,0.383467,1.324,685.2
514,0.381800,,0.104000,0.383467,1.316,686.5
515,0.381933,,0.104000,0.383467,1.314,687.8
516,0.383050,,0.104000,0.383467,1.319,689.2
517,0.383800,,0.104000,0.383800,1.319,690.5
518,0.383000,,0.104000,0.383800,1.314,691.8
519,0.382300,,0.104000,0.383800,1.315,693.1
520,0.382133,,0.104000,0.383800,1.317,694.4
521,0.382733,,0.104000,0.383800,1.316,695.7
522,0.386817,,0.104000,0.386817,1.314,697.0
523,0.385833,,0.104000,0.386817,1.317,698.4
524,0.386483,,0.104000,0.386817,1.320,699.7
525,0.387417,,0.104000,0.387417,1.317,701.0
526,0.385150,,0.104000,0.387417,1.315,702.3
527,0.388917,,0.104000,0.388917,1.318,703.6
528,0.387950,,0.104000,0.388917,1.322,705.0
529,0.388783,,0.104000,0.388917,1.315,706.3
530,0.388467,,0.104000,0.388917,1.324,707.6
531,0.390350,,0.104000,0.390350,1.325,708.9
532,0.387983,,0.104000,0.390350,1.330,710.3
533,0.389200,,0.104000,0.390350,1.325,711.6
534,0.390300,,0.104000,0.390350,1.328,712.9
535,0.390950,,0.104000,0.390950,1.324,714.2
536,0.392333,,0.104000,0.392333,1.319,715.5
537,0.392883,,0.104000,0.392883,1.314,716.9
538,0.393683,,0.104000,0.393683,1.316,718.2
539,0.393217,,0.104000,0.393683,1.315,719.5
540,0.394150,,0.104000,0.394150,1.320,720.8
541,0.394517,,0.104000,0.394517,1.313,722.1
542,0.396433,,0.104000,0.396433,1.318,723.4
543,0.395150,,0.104000,0.396433,1.314,724.8
544,0.395633,,0.104000,0.396433,1.320,726.1
545,0.395617,,0.104000,0.396433,1.316,727.4
546,0.396767,,0.104000,0.396767,1.313,728.7
547,0.397150,,0.104000,0.397150,1.316,730.0
548,0.399200,,0.104000,0.399200,1.320,731.3
549,0.398917,,0.104000,0.399200,1.315,732.7
550,0.402167,,0.104000,0.402167,1.315,734.0
551,0.400267,,0.104000,0.402167,1.315,735.3
552,0.400467,,0.104000,0.402167,1.321,736.6
553,0.401400,,0.104000,0.402167,1.315,737.9
554,0.402333,,0.104000,0.402333,1.316,739.2
555,0.401667,,0.104000,0.402333,1.318,740.6
556,0.402950,,0.104000,0.402950,1.317,741.9
557,0.404817,,0.104000,0.404817,1.316,743.2
558,0.403867,,0.104000,0.404817,1.317,744.5
559,0.406683,,0.104000,0.406683,1.320,745.8
560,0.407517,,0.104000,0.407517,1.318,747.1
561,0.406117,,0.104000,0.407517,1.315,748.5
562,0.408567,,0.104000,0.408567,1.313,749.8
563,0.408100,,0.104000,0.408567,1.330,751.1
564,0.409350,,0.104000,0.409350,1.325,752.4
565,0.410067,,0.104000,0.410067,1.313,753.7
566,0.411817,,0.104000,0.411817,1.315,755.1
567,0.410700,,0.104000,0.411817,1.322,756.4
568,0.416217,,0.104000,0.416217,1.323,757.7
569,0.414900,,0.104000,0.416217,1.324,759.0
570,0.416100,,0.104000,0.416217,1.324,760.3
571,0.417550,,0.104000,0.417550,1.330,761.7
572,0.416450,,0.104000,0.417550,1.322,763.0
573,0.417917,,0.104000,0.417917,1.323,764.3
574,0.420933,,0.104000,0.420933,1.309,765.6
575,0.422167,,0.104000,0.422167,1.321,767.0
576,0.423250,,0.104000,0.423250,1.315,768.3
577,0.422250,,0.104000,0.423250,1.314,769.6
578,0.423033,,0.104000,0.423250,1.314,770.9
579,0.424000,,0.104000,0.424000,1.323,772.2
580,0.425483,,0.104000,0.425483,1.314,773.5
581,0.426700,,0.104000,0.426700,1.316,774.8
582,0.426933,,0.104000,0.426933,1.324,776.2
583,0.430267,,0.104000,0.430267,1.323,777.5
584,0.427317,,0.104000,0.430267,1.317,778.8
585,0.428117,,0.104000,0.430267,1.317,780.1
586,0.430200,,0.104000,0.430267,1.315,781.4
587,0.429367,,0.104000,0.430267,1.320,782.8
588,0.431300,,0.104000,0.431300,1.316,784.1
589,0.432367,,0.104000,0.432367,1.315,785.4
590,0.432650,,0.104000,0.432650,1.316,786.7
591,0.434183,,0.104000,0.434183,1.320,788.0
592,0.435617,,0.104000,0.435617,1.317,789.3
593,0.437600,,0.104000,0.437600,1.314,790.7
594,0.438300,,0.104000,0.438300,1.318,792.0
595,0.437100,,0.104000,0.438300,1.318,793.3
596,0.437267,,0.104000,0.438300,1.316,794.6
597,0.440283,,0.104000,0.440283,1.318,795.9
598,0.439167,,0.104000,0.440283,1.318,797.2
599,0.439967,,0.104000,0.440283,1.319,798.6
600,0.443133,,0.104000,0.443133,1.318,799.9
601,0.442683,,0.104000,0.443133,1.316,801.2
602,0.443900,,0.104000,0.443900,1.320,802.5
603,0.444167,,0.104000,0.444167,1.315,803.8
604,0.446450,,0.104000,0.446450,1.315,805.2
605,0.447400,,0.104000,0.447400,1.317,806.5
606,0.448867,,0.104000,0.448867,1.330,807.8
607,0.446417,,0.104000,0.448867,1.326,809.1
608,0.449567,,0.104000,0.449567,1.391,810.5
609,0.450083,,0.104000,0.450083,1.326,811.8
610,0.452117,,0.104000,0.452117,1.323,813.2
611,0.451700,,0.104000,0.452117,1.315,814.5
612,0.455317,,0.104000,0.455317,1.321,815.8
613,0.456350,,0.104000,0.456350,1.487,817.3
614,0.455383,,0.104000,0.456350,1.346,818.6
615,0.455667,,0.104000,0.456350,1.353,820.0
616,0.457100,,0.104000,0.457100,1.332,821.3
617,0.458800,,0.104000,0.458800,1.325,822.6
618,0.458600,,0.104000,0.458800,1.328,824.0
619,0.462017,,0.104000,0.462017,1.317,825.3
620,0.463183,,0.104000,0.463183,1.313,826.6
621,0.463650,,0.104000,0.463650,1.332,827.9
622,0.466217,,0.104000,0.466217,1.319,829.3
623,0.465350,,0.104000,0.466217,1.324,830.6
624,0.468717,,0.104000,0.468717,1.322,831.9
625,0.471833,,0.104000,0.471833,1.317,833.2
626,0.471333,,0.104000,0.471833,1.315,834.5
627,0.472100,,0.104000,0.472100,1.316,835.8
628,0.473550,,0.104000,0.473550,1.314,837.2
629,0.472500,,0.104000,0.473550,1.320,838.5
630,0.476933,,0.104000,0.476933,1.317,839.8
631,0.477567,,0.104000,0.477567,1.312,841.1
632,0.478933,,0.104000,0.478933,1.315,842.4
633,0.479117,,0.104000,0.479117,1.319,843.7
634,0.481367,,0.104000,0.481367,1.318,845.1
635,0.481617,,0.104000,0.481617,1.316,846.4
636,0.485833,,0.104000,0.485833,1.315,847.7
637,0.485833,,0.104000,0.485833,1.320,849.0
638,0.488150,,0.104000,0.488150,1.316,850.3
639,0.488233,,0.104000,0.488233,1.317,851.6
640,0.490983,,0.104000,0.490983,1.317,853.0
641,0.493333,,0.104000,0.493333,1.322,854.3
642,0.496633,,0.104000,0.496633,1.317,855.6
643,0.497300,,0.104000,0.497300,1.316,856.9
644,0.502367,,0.104000,0.502367,1.321,858.2
645,0.503067,,0.104000,0.503067,1.323,859.6
646,0.504367,,0.104000,0.504367,1.313,860.9
647,0.506467,,0.104000,0.506467,1.314,862.2
648,0.510567,,0.104000,0.510567,1.315,863.5
649,0.512817,,0.104000,0.512817,1.321,864.8
650,0.516950,,0.104000,0.516950,1.316,866.1
651,0.518600,,0.104000,0.518600,1.316,867.5
652,0.523250,,0.104000,0.523250,1.322,868.8
653,0.526250,,0.104000,0.526250,1.331,870.1
654,0.527900,,0.104000,0.527900,1.322,871.4
655,0.529917,,0.104000,0.529917,1.325,872.8
656,0.534317,,0.104000,0.534317,1.323,874.1
657,0.535183,,0.104000,0.535183,1.325,875.4
658,0.539083,,0.104000,0.539083,1.313,876.7
659,0.542233,,0.104000,0.542233,1.315,878.0
660,0.541950,,0.104000,0.542233,1.317,879.3
661,0.547317,,0.104000,0.547317,1.315,880.7
662,0.547600,,0.104000,0.547600,1.316,882.0
663,0.551050,,0.104000,0.551050,1.313,883.3
664,0.552817,,0.104000,0.552817,1.318,884.6
665,0.554200,,0.104000,0.554200,1.317,885.9
666,0.559150,,0.104000,0.559150,1.312,887.2
667,0.560650,,0.104000,0.560650,1.315,888.6
668,0.565850,,0.104000,0.565850,1.318,889.9
669,0.565667,,0.104000,0.565850,1.317,891.2
670,0.566833,,0.104000,0.566833,1.314,892.5
671,0.574667,,0.104000,0.574667,1.314,893.8
672,0.572833,,0.104000,0.574667,1.323,895.1
673,0.572817,,0.104000,0.574667,1.313,896.5
674,0.576833,,0.104000,0.576833,1.323,897.8
675,0.578667,,0.104000,0.578667,1.316,899.1
676,0.578483,,0.104000,0.578667,1.321,900.4
677,0.582617,,0.104000,0.582617,1.315,901.7
678,0.582767,,0.104000,0.582767,1.313,903.0
679,0.587400,,0.104000,0.587400,1.312,904.4
680,0.588583,,0.104000,0.588583,1.322,905.7
681,0.589833,,0.104000,0.589833,1.313,907.0
682,0.591133,,0.104000,0.591133,1.316,908.3
683,0.593867,,0.104000,0.593867,1.315,909.6
684,0.593633,,0.104000,0.593867,1.324,910.9
685,0.596083,,0.104000,0.596083,1.314,912.3
686,0.598283,,0.104000,0.598283,1.314,913.6
687,0.598483,,0.104000,0.598483,1.315,914.9
688,0.602383,,0.104000,0.602383,1.320,916.2
689,0.603633,,0.104000,0.603633,1.323,917.5
690,0.604600,,0.104000,0.604600,1.322,918.9
691,0.605283,,0.104000,0.605283,1.324,920.2
692,0.607100,,0.104000,0.607100,1.330,921.5
693,0.607983,,0.104000,0.607983,1.325,922.8
694,0.609017,,0.104000,0.609017,1.326,924.2
695,0.612750,,0.104000,0.612750,1.314,925.5
696,0.609700,,0.104000,0.612750,1.317,926.8
697,0.611883,,0.104000,0.612750,1.313,928.1
698,0.616883,,0.104000,0.616883,1.312,929.4
699,0.616950,,0.104000,0.616950,1.318,930.7
700,0.617783,,0.104000,0.617783,1.312,932.0
701,0.618717,,0.104000,0.618717,1.315,933.4
702,0.621033,,0.104000,0.621033,1.315,934.7
703,0.621683,,0.104000,0.621683,1.322,936.0
704,0.623917,,0.104000,0.623917,1.315,937.3
705,0.625017,,0.104000,0.625017,1.314,938.6
706,0.624550,,0.104000,0.625017,1.315,939.9
707,0.626817,,0.104000,0.626817,1.320,941.3
708,0.628283,,0.104000,0.628283,1.316,942.6
709,0.633350,,0.104000,0.633350,1.317,943.9
710,0.634867,,0.104000,0.634867,1.316,945.2
711,0.632950,,0.104000,0.634867,1.321,946.5
712,0.636233,,0.104000,0.636233,1.316,947.8
713,0.638433,,0.104000,0.638433,1.316,949.2
714,0.637150,,0.104000,0.638433,1.316,950.5
715,0.639600,,0.104000,0.639600,1.322,951.8
716,0.639567,,0.104000,0.639600,1.317,953.1
717,0.642317,,0.104000,0.642317,1.320,954.4
718,0.645283,,0.104000,0.645283,1.322,955.8
719,0.645317,,0.104000,0.645317,1.320,957.1
720,0.646367,,0.104000,0.646367,1.317,958.4
721,0.648283,,0.104000,0.648283,1.315,959.7
722,0.647833,,0.104000,0.648283,1.317,961.0
723,0.647833,,0.104000,0.648283,1.319,962.3
724,0.651483,,0.104000,0.651483,1.312,963.7
725,0.650500,,0.104000,0.651483,1.315,965.0
726,0.648167,,0.104000,0.651483,1.319,966.3
727,0.654883,,0.104000,0.654883,1.330,967.6
728,0.654267,,0.104000,0.654883,1.324,968.9
729,0.657533,,0.104000,0.657533,1.325,970.3
730,0.658933,,0.104000,0.658933,1.328,971.6
731,0.659583,,0.104000,0.659583,1.327,972.9
732,0.657750,,0.104000,0.659583,1.324,974.3
733,0.661683,,0.104000,0.661683,1.317,975.6
734,0.663083,,0.104000,0.663083,1.319,976.9
735,0.664683,,0.104000,0.664683,1.314,978.2
736,0.666850,,0.104000,0.666850,1.316,979.5
737,0.665033,,0.104000,0.666850,1.314,980.8
738,0.669750,,0.104000,0.669750,1.323,982.2
739,0.668867,,0.104000,0.669750,1.314,983.5
740,0.669367,,0.104000,0.669750,1.315,984.8
741,0.672283,,0.104000,0.672283,1.316,986.1
742,0.674617,,0.104000,0.674617,1.320,987.4
743,0.673033,,0.104000,0.674617,1.317,988.7
744,0.673133,,0.104000,0.674617,1.315,990.1
745,0.675400,,0.104000,0.675400,1.312,991.4
746,0.674900,,0.104000,0.675400,1.329,992.7
747,0.676883,,0.104000,0.676883,1.326,994.0
748,0.677850,,0.104000,0.677850,1.317,995.3
749,0.679533,,0.104000,0.679533,1.317,996.7
750,0.676850,,0.104000,0.679533,1.321,998.0
751,0.680200,,0.104000,0.680200,1.315,999.3
752,0.684417,,0.104000,0.684417,1.325,1000.6
753,0.682083,,0.104000,0.684417,1.311,1001.9
754,0.683867,,0.104000,0.684417,1.321,1003.2
755,0.683267,,0.104000,0.684417,1.314,1004.6
756,0.686350,,0.104000,0.686350,1.315,1005.9
757,0.688617,,0.104000,0.688617,1.316,1007.2
758,0.688267,,0.104000,0.688617,1.320,1008.5
759,0.687100,,0.104000,0.688617,1.315,1009.8
760,0.689417,,0.104000,0.689417,1.315,1011.1
761,0.691800,,0.104000,0.691800,1.317,1012.5
762,0.687600,,0.104000,0.691800,1.320,1013.8
763,0.691883,,0.104000,0.691883,1.313,1015.1
764,0.691817,,0.104000,0.691883,1.314,1016.4
765,0.689450,,0.104000,0.691883,1.327,1017.7
766,0.692267,,0.104000,0.692267,1.326,1019.1
767,0.694883,,0.104000,0.694883,1.327,1020.4
768,0.697483,,0.104000,0.697483,1.322,1021.7
769,0.697267,,0.104000,0.697483,1.330,1023.0
770,0.696283,,0.104000,0.697483,1.324,1024.4
771,0.697783,,0.104000,0.697783,1.321,1025.7
772,0.698600,,0.104000,0.698600,1.315,1027.0
773,0.698917,,0.104000,0.698917,1.317,1028.3
774,0.697500,,0.104000,0.698917,1.325,1029.6
775,0.698567,,0.104000,0.698917,1.327,1031.0
776,0.700850,,0.104000,0.700850,1.314,1032.3
777,0.701800,,0.104000,0.701800,1.321,1033.6
778,0.699667,,0.104000,0.701800,1.316,1034.9
779,0.701583,,0.104000,0.701800,1.315,1036.2
780,0.702017,,0.104000,0.702017,1.316,1037.5
781,0.703117,,0.104000,0.703117,1.317,1038.9
782,0.703017,,0.104000,0.703117,1.315,1040.2
783,0.705100,,0.104000,0.705100,1.314,1041.5
784,0.706283,,0.104000,0.706283,1.312,1042.8
785,0.706983,,0.104000,0.706983,1.318,1044.1
786,0.708467,,0.104000,0.708467,1.316,1045.4
787,0.706283,,0.104000,0.708467,1.313,1046.7
788,0.709250,,0.104000,0.709250,1.315,1048.1
789,0.708167,,0.104000,0.709250,1.323,1049.4
790,0.709517,,0.104000,0.709517,1.325,1050.7
791,0.710300,,0.104000,0.710300,1.317,1052.0
792,0.710817,,0.104000,0.710817,1.318,1053.3
793,0.710750,,0.104000,0.710817,1.320,1054.7
794,0.709083,,0.104000,0.710817,1.317,1056.0
795,0.712083,,0.104000,0.712083,1.314,1057.3
796,0.712700,,0.104000,0.712700,1.322,1058.6
797,0.712133,,0.104000,0.712700,1.316,1059.9
798,0.713933,,0.104000,0.713933,1.316,1061.3
799,0.712817,,0.104000,0.713933,1.315,1062.6
800,0.713583,,0.104000,0.713933,1.321,1063.9
801,0.715150,,0.104000,0.715150,1.322,1065.2
802,0.715333,,0.104000,0.715333,1.317,1066.5
803,0.715933,,0.104000,0.715933,1.325,1067.9
804,0.716167,,0.104000,0.716167,1.328,1069.2
805,0.716567,,0.104000,0.716567,1.322,1070.5
806,0.715733,,0.104000,0.716567,1.322,1071.8
807,0.719317,,0.104000,0.719317,1.321,1073.1
808,0.721150,,0.104000,0.721150,1.324,1074.5
809,0.720883,,0.104000,0.721150,1.324,1075.8
810,0.720750,,0.104000,0.721150,1.313,1077.1
811,0.720167,,0.104000,0.721150,1.313,1078.4
812,0.721800,,0.104000,0.721800,1.320,1079.7
813,0.720017,,0.104000,0.721800,1.315,1081.1
814,0.722567,,0.104000,0.722567,1.312,1082.4
815,0.724950,,0.104000,0.724950,1.314,1083.7
816,0.725400,,0.104000,0.725400,1.322,1085.0
817,0.722333,,0.104000,0.725400,1.323,1086.3
818,0.728750,,0.104000,0.728750,1.311,1087.6
819,0.726733,,0.104000,0.728750,1.315,1089.0
820,0.727550,,0.104000,0.728750,1.318,1090.3
821,0.726317,,0.104000,0.728750,1.314,1091.6
822,0.726100,,0.104000,0.728750,1.314,1092.9
823,0.730100,,0.104000,0.730100,1.312,1094.2
824,0.731200,,0.104000,0.731200,1.317,1095.5
825,0.729033,,0.104000,0.731200,1.313,1096.8
826,0.728283,,0.104000,0.731200,1.315,1098.2
827,0.730767,,0.104000,0.731200,1.313,1099.5
828,0.731433,,0.104000,0.731433,1.318,1100.8
829,0.731167,,0.104000,0.731433,1.313,1102.1
830,0.733150,,0.104000,0.733150,1.316,1103.4
831,0.735350,,0.104000,0.735350,1.315,1104.7
832,0.732433,,0.104000,0.735350,1.323,1106.1
833,0.735650,,0.104000,0.735650,1.311,1107.4
834,0.732200,,0.104000,0.735650,1.316,1108.7
835,0.735117,,0.104000,0.735650,1.318,1110.0
836,0.734917,,0.104000,0.735650,1.317,1111.3
837,0.735450,,0.104000,0.735650,1.317,1112.6
838,0.735017,,0.104000,0.735650,1.374,1114.0
839,0.737783,,0.104000,0.737783,1.318,1115.3
840,0.738800,,0.104000,0.738800,1.307,1116.6
841,0.736633,,0.104000,0.738800,1.322,1118.0
842,0.739183,,0.104000,0.739183,1.317,1119.3
843,0.740733,,0.104000,0.740733,1.534,1120.8
844,0.741817,,0.104000,0.741817,1.348,1122.2
845,0.742267,,0.104000,0.742267,1.325,1123.5
846,0.740300,,0.104000,0.742267,1.313,1124.8
847,0.742450,,0.104000,0.742450,1.319,1126.1
848,0.740650,,0.104000,0.742450,1.326,1127.4
849,0.740317,,0.104000,0.742450,1.324,1128.8
850,0.742933,,0.104000,0.742933,1.323,1130.1
851,0.742067,,0.104000,0.742933,1.329,1131.4
852,0.743900,,0.104000,0.743900,1.322,1132.7
853,0.744100,,0.104000,0.744100,1.319,1134.1
854,0.744750,,0.104000,0.744750,1.314,1135.4
855,0.746433,,0.104000,0.746433,1.321,1136.7
856,0.744350,,0.104000,0.746433,1.317,1138.0
857,0.747167,,0.104000,0.747167,1.315,1139.3
858,0.746633,,0.104000,0.747167,1.314,1140.6
859,0.747967,,0.104000,0.747967,1.322,1142.0
860,0.748317,,0.104000,0.748317,1.313,1143.3
861,0.748000,,0.104000,0.748317,1.313,1144.6
862,0.747517,,0.104000,0.748317,1.315,1145.9
863,0.748883,,0.104000,0.748883,1.319,1147.2
864,0.748633,,0.104000,0.748883,1.317,1148.5
865,0.746183,,0.104000,0.748883,1.314,1149.8
866,0.749133,,0.104000,0.749133,1.318,1151.2
867,0.752083,,0.104000,0.752083,1.318,1152.5
868,0.750483,,0.104000,0.752083,1.315,1153.8
869,0.752667,,0.104000,0.752667,1.312,1155.1
870,0.749850,,0.104000,0.752667,1.316,1156.4
871,0.754900,,0.104000,0.754900,1.316,1157.7
872,0.755100,,0.104000,0.755100,1.314,1159.1
873,0.753400,,0.104000,0.755100,1.312,1160.4
874,0.755717,,0.104000,0.755717,1.317,1161.7
875,0.753533,,0.104000,0.755717,1.324,1163.0
876,0.755883,,0.104000,0.755883,1.312,1164.3
877,0.756500,,0.104000,0.756500,1.317,1165.6
878,0.759250,,0.104000,0.759250,1.319,1167.0
879,0.755817,,0.104000,0.759250,1.316,1168.3
880,0.759800,,0.104000,0.759800,1.316,1169.6
881,0.758300,,0.104000,0.759800,1.317,1170.9
882,0.758267,,0.104000,0.759800,1.320,1172.2
883,0.759700,,0.104000,0.759800,1.315,1173.5
884,0.758383,,0.104000,0.759800,1.313,1174.9
885,0.758633,,0.104000,0.759800,1.325,1176.2
886,0.760383,,0.104000,0.760383,1.330,1177.5
887,0.760500,,0.104000,0.760500,1.324,1178.8
888,0.760167,,0.104000,0.760500,1.324,1180.2
889,0.759500,,0.104000,0.760500,1.324,1181.5
890,0.760983,,0.104000,0.760983,1.328,1182.8
891,0.762117,,0.104000,0.762117,1.316,1184.1
892,0.762117,,0.104000,0.762117,1.316,1185.4
893,0.763233,,0.104000,0.763233,1.316,1186.8
894,0.762800,,0.104000,0.763233,1.329,1188.1
895,0.763317,,0.104000,0.763317,1.315,1189.4
896,0.766000,,0.104000,0.766000,1.316,1190.7
897,0.764983,,0.104000,0.766000,1.317,1192.0
898,0.764267,,0.104000,0.766000,1.324,1193.4
899,0.764317,,0.104000,0.766000,1.316,1194.7
900,0.767167,,0.104000,0.767167,1.326,1196.0
901,0.766683,,0.104000,0.767167,1.316,1197.3
902,0.765250,,0.104000,0.767167,1.320,1198.6
903,0.766117,,0.104000,0.767167,1.316,1199.9
904,0.768033,,0.104000,0.768033,1.315,1201.3
905,0.765800,,0.104000,0.768033,1.319,1202.6
906,0.767883,,0.104000,0.768033,1.318,1203.9
907,0.769833,,0.104000,0.769833,1.317,1205.2
908,0.770283,,0.104000,0.770283,1.315,1206.5
909,0.769417,,0.104000,0.770283,1.320,1207.9
910,0.769850,,0.104000,0.770283,1.315,1209.2
911,0.769750,,0.104000,0.770283,1.312,1210.5
912,0.773333,,0.104000,0.773333,1.314,1211.8
913,0.769550,,0.104000,0.773333,1.319,1213.1
914,0.771917,,0.104000,0.773333,1.314,1214.4
915,0.770617,,0.104000,0.773333,1.316,1215.7
916,0.770117,,0.104000,0.773333,1.314,1217.1
917,0.773700,,0.104000,0.773700,1.321,1218.4
918,0.771433,,0.104000,0.773700,1.315,1219.7
919,0.773483,,0.104000,0.773700,1.319,1221.0
920,0.772950,,0.104000,0.773700,1.319,1222.3
921,0.774067,,0.104000,0.774067,1.358,1223.7
922,0.774250,,0.104000,0.774250,1.358,1225.0
923,0.775050,,0.104000,0.775050,1.324,1226.4
924,0.776200,,0.104000,0.776200,1.309,1227.7
925,0.775183,,0.104000,0.776200,1.318,1229.0
926,0.774750,,0.104000,0.776200,1.318,1230.3
927,0.775117,,0.104000,0.776200,1.318,1231.6
928,0.775700,,0.104000,0.776200,1.318,1233.0
929,0.774383,,0.104000,0.776200,1.338,1234.3
930,0.777333,,0.104000,0.777333,1.320,1235.6
931,0.776583,,0.104000,0.777333,1.309,1236.9
932,0.774167,,0.104000,0.777333,1.313,1238.2
933,0.776500,,0.104000,0.777333,1.345,1239.6
934,0.775050,,0.104000,0.777333,1.331,1240.9
935,0.774500,,0.104000,0.777333,1.314,1242.2
936,0.777983,,0.104000,0.777983,1.321,1243.5
937,0.776367,,0.104000,0.777983,1.327,1244.9
938,0.776567,,0.104000,0.777983,1.317,1246.2
939,0.777717,,0.104000,0.777983,1.314,1247.5
940,0.779083,,0.104000,0.779083,1.319,1248.8
941,0.777783,,0.104000,0.779083,1.325,1250.1
942,0.778883,,0.104000,0.779083,1.315,1251.5
943,0.775067,,0.104000,0.779083,1.313,1252.8
944,0.777200,,0.104000,0.779083,1.320,1254.1
945,0.778367,,0.104000,0.779083,1.315,1255.4
946,0.780500,,0.104000,0.780500,1.316,1256.7
947,0.778267,,0.104000,0.780500,1.315,1258.0
948,0.779767,,0.104000,0.780500,1.319,1259.4
949,0.778600,,0.104000,0.780500,1.314,1260.7
950,0.781483,,0.104000,0.781483,1.313,1262.0
951,0.781367,,0.104000,0.781483,1.315,1263.3
952,0.784767,,0.104000,0.784767,1.319,1264.6
953,0.782083,,0.104000,0.784767,1.316,1265.9
954,0.782967,,0.104000,0.784767,1.316,1267.2
955,0.782067,,0.104000,0.784767,1.315,1268.6
956,0.782600,,0.104000,0.784767,1.332,1269.9
957,0.780633,,0.104000,0.784767,1.314,1271.2
958,0.780183,,0.104000,0.784767,1.315,1272.5
959,0.785017,,0.104000,0.785017,1.314,1273.8
960,0.782683,,0.104000,0.785017,1.323,1275.2
961,0.782567,,0.104000,0.785017,1.316,1276.5
962,0.783583,,0.104000,0.785017,1.316,1277.8
963,0.786100,,0.104000,0.786100,1.327,1279.1
964,0.783300,,0.104000,0.786100,1.327,1280.4
965,0.784617,,0.104000,0.786100,1.324,1281.8
966,0.784417,,0.104000,0.786100,1.325,1283.1
967,0.784133,,0.104000,0.786100,1.328,1284.4
968,0.783883,,0.104000,0.786100,1.331,1285.8
969,0.784200,,0.104000,0.786100,1.322,1287.1
970,0.785233,,0.104000,0.786100,1.315,1288.4
971,0.785783,,0.104000,0.786100,1.317,1289.7
972,0.787117,,0.104000,0.787117,1.316,1291.0
973,0.786983,,0.104000,0.787117,1.314,1292.3
974,0.788900,,0.104000,0.788900,1.316,1293.7
975,0.788267,,0.104000,0.788900,1.319,1295.0
976,0.784350,,0.104000,0.788900,1.315,1296.3
977,0.786767,,0.104000,0.788900,1.315,1297.6
978,0.788250,,0.104000,0.788900,1.316,1298.9
979,0.787583,,0.104000,0.788900,1.323,1300.2
980,0.787100,,0.104000,0.788900,1.316,1301.6
981,0.786500,,0.104000,0.788900,1.316,1302.9
982,0.786933,,0.104000,0.788900,1.314,1304.2
983,0.790467,,0.104000,0.790467,1.332,1305.5
984,0.787883,,0.104000,0.790467,1.316,1306.8
985,0.790417,,0.104000,0.790467,1.315,1308.2
986,0.787250,,0.104000,0.790467,1.315,1309.5
987,0.788983,,0.104000,0.790467,1.321,1310.8
988,0.789750,,0.104000,0.790467,1.315,1312.1
989,0.791583,,0.104000,0.791583,1.311,1313.4
990,0.789483,,0.104000,0.791583,1.315,1314.7
991,0.789983,,0.104000,0.791583,1.320,1316.0
992,0.790350,,0.104000,0.791583,1.315,1317.4
993,0.791100,,0.104000,0.791583,1.315,1318.7
994,0.791917,,0.104000,0.791917,1.312,1320.0
995,0.791717,,0.104000,0.791917,1.323,1321.3
996,0.791200,,0.104000,0.791917,1.314,1322.6
997,0.790767,,0.104000,0.791917,1.313,1323.9
998,0.791767,,0.104000,0.791917,1.314,1325.3
999,0.791050,,0.104000,0.791917,1.322,1326.6
1000,0.789817,0.877500,0.877500,0.791917,1.449,1328.0
1001,0.793350,,0.877500,0.793350,1.202,1329.2
1002,0.791283,,0.877500,0.793350,1.327,1330.6
1003,0.790717,,0.877500,0.793350,1.326,1331.9
1004,0.794100,,0.877500,0.794100,1.325,1333.2
1005,0.791767,,0.877500,0.794100,1.324,1334.5
1006,0.793083,,0.877500,0.794100,1.328,1335.9
1007,0.792733,,0.877500,0.794100,1.325,1337.2
1008,0.792117,,0.877500,0.794100,1.314,1338.5
1009,0.794933,,0.877500,0.794933,1.315,1339.8
1010,0.794283,,0.877500,0.794933,1.321,1341.1
1011,0.792833,,0.877500,0.794933,1.317,1342.4
1012,0.794617,,0.877500,0.794933,1.314,1343.8
1013,0.794917,,0.877500,0.794933,1.313,1345.1
1014,0.794383,,0.877500,0.794933,1.323,1346.4
1015,0.794300,,0.877500,0.794933,1.314,1347.7
1016,0.794333,,0.877500,0.794933,1.321,1349.0
1017,0.794300,,0.877500,0.794933,1.322,1350.4
1018,0.794167,,0.877500,0.794933,1.321,1351.7
1019,0.795550,,0.877500,0.795550,1.316,1353.0
1020,0.796300,,0.877500,0.796300,1.316,1354.3
1021,0.794550,,0.877500,0.796300,1.314,1355.6
1022,0.795750,,0.877500,0.796300,1.320,1356.9
1023,0.796317,,0.877500,0.796317,1.315,1358.3
1024,0.796317,,0.877500,0.796317,1.313,1359.6
1025,0.794367,,0.877500,0.796317,1.314,1360.9
1026,0.796667,,0.877500,0.796667,1.322,1362.2
1027,0.796933,,0.877500,0.796933,1.313,1363.5
1028,0.795200,,0.877500,0.796933,1.315,1364.8
1029,0.800167,,0.877500,0.800167,1.315,1366.2
1030,0.797683,,0.877500,0.800167,1.319,1367.5
1031,0.798300,,0.877500,0.800167,1.313,1368.8
1032,0.796867,,0.877500,0.800167,1.315,1370.1
1033,0.798200,,0.877500,0.800167,1.316,1371.4
1034,0.800250,,0.877500,0.800250,1.319,1372.7
1035,0.798033,,0.877500,0.800250,1.315,1374.0
1036,0.799450,,0.877500,0.800250,1.314,1375.4
1037,0.799067,,0.877500,0.800250,1.317,1376.7
1038,0.798783,,0.877500,0.800250,1.319,1378.0
1039,0.799200,,0.877500,0.800250,1.326,1379.3
1040,0.801733,,0.877500,0.801733,1.323,1380.6
1041,0.799900,,0.877500,0.801733,1.331,1382.0
1042,0.799267,,0.877500,0.801733,1.325,1383.3
1043,0.801100,,0.877500,0.801733,1.327,1384.6
1044,0.802317,,0.877500,0.802317,1.321,1386.0
1045,0.802917,,0.877500,0.802917,1.335,1387.3
1046,0.801933,,0.877500,0.802917,1.315,1388.6
1047,0.801017,,0.877500,0.802917,1.316,1389.9
1048,0.801100,,0.877500,0.802917,1.323,1391.2
1049,0.802050,,0.877500,0.802917,1.322,1392.6
1050,0.799750,,0.877500,0.802917,1.315,1393.9
1051,0.800983,,0.877500,0.802917,1.314,1395.2
1052,0.803767,,0.877500,0.803767,1.325,1396.5
1053,0.801450,,0.877500,0.803767,1.321,1397.8
1054,0.804300,,0.877500,0.804300,1.316,1399.2
1055,0.801833,,0.877500,0.804300,1.313,1400.5
1056,0.802433,,0.877500,0.804300,1.318,1401.8
1057,0.803650,,0.877500,0.804300,1.331,1403.1
1058,0.802833,,0.877500,0.804300,1.319,1404.4
1059,0.804833,,0.877500,0.804833,1.323,1405.8
1060,0.806233,,0.877500,0.806233,1.323,1407.1
1061,0.804133,,0.877500,0.806233,1.321,1408.4
1062,0.803533,,0.877500,0.806233,1.317,1409.7
1063,0.803583,,0.877500,0.806233,1.316,1411.0
1064,0.803783,,0.877500,0.806233,1.314,1412.3
1065,0.804067,,0.877500,0.806233,1.321,1413.7
1066,0.805767,,0.877500,0.806233,1.317,1415.0
1067,0.804950,,0.877500,0.806233,1.316,1416.3
1068,0.806583,,0.877500,0.806583,1.319,1417.6
1069,0.806283,,0.877500,0.806583,1.318,1418.9
1070,0.806617,,0.877500,0.806617,1.317,1420.3
1071,0.804250,,0.877500,0.806617,1.316,1421.6
1072,0.803600,,0.877500,0.806617,1.318,1422.9
1073,0.805800,,0.877500,0.806617,1.318,1424.2
1074,0.806967,,0.877500,0.806967,1.315,1425.5
1075,0.805600,,0.877500,0.806967,1.317,1426.8
1076,0.806050,,0.877500,0.806967,1.320,1428.2
1077,0.807050,,0.877500,0.807050,1.312,1429.5
1078,0.806033,,0.877500,0.807050,1.314,1430.8
1079,0.806833,,0.877500,0.807050,1.325,1432.1
1080,0.807983,,0.877500,0.807983,1.330,1433.4
1081,0.806617,,0.877500,0.807983,1.325,1434.8
1082,0.807150,,0.877500,0.807983,1.324,1436.1
1083,0.805583,,0.877500,0.807983,1.322,1437.4
1084,0.808350,,0.877500,0.808350,1.322,1438.7
1085,0.804633,,0.877500,0.808350,1.316,1440.0
1086,0.806650,,0.877500,0.808350,1.313,1441.4
1087,0.807583,,0.877500,0.808350,1.313,1442.7
1088,0.805183,,0.877500,0.808350,1.322,1444.0
1089,0.810833,,0.877500,0.810833,1.317,1445.3
1090,0.807550,,0.877500,0.810833,1.316,1446.6
1091,0.807250,,0.877500,0.810833,1.314,1447.9
1092,0.808433,,0.877500,0.810833,1.323,1449.3
1093,0.808850,,0.877500,0.810833,1.317,1450.6
1094,0.806083,,0.877500,0.810833,1.316,1451.9
1095,0.806083,,0.877500,0.810833,1.325,1453.2
1096,0.807850,,0.877500,0.810833,1.324,1454.5
1097,0.807900,,0.877500,0.810833,1.315,1455.9
1098,0.808017,,0.877500,0.810833,1.316,1457.2
1099,0.810483,,0.877500,0.810833,1.316,1458.5
1100,0.808700,,0.877500,0.810833,1.322,1459.8
1101,0.806850,,0.877500,0.810833,1.316,1461.1
1102,0.808867,,0.877500,0.810833,1.318,1462.5
1103,0.808417,,0.877500,0.810833,1.315,1463.8
1104,0.810717,,0.877500,0.810833,1.320,1465.1
1105,0.808483,,0.877500,0.810833,1.314,1466.4
1106,0.810050,,0.877500,0.810833,1.313,1467.7
1107,0.809833,,0.877500,0.810833,1.321,1469.0
1108,0.807483,,0.877500,0.810833,1.316,1470.3
1109,0.810467,,0.877500,0.810833,1.315,1471.7
1110,0.808933,,0.877500,0.810833,1.312,1473.0
1111,0.809933,,0.877500,0.810833,1.318,1474.3
1112,0.809750,,0.877500,0.810833,1.315,1475.6
1113,0.805667,,0.877500,0.810833,1.312,1476.9
1114,0.810917,,0.877500,0.810917,1.324,1478.2
1115,0.810867,,0.877500,0.810917,1.322,1479.6
1116,0.809733,,0.877500,0.810917,1.313,1480.9
1117,0.808317,,0.877500,0.810917,1.323,1482.2
1118,0.810100,,0.877500,0.810917,1.325,1483.5
1119,0.810767,,0.877500,0.810917,1.333,1484.9
1120,0.809500,,0.877500,0.810917,1.325,1486.2
1121,0.810600,,0.877500,0.810917,1.323,1487.5
1122,0.811200,,0.877500,0.811200,1.324,1488.8
1123,0.811400,,0.877500,0.811400,1.323,1490.2
1124,0.812450,,0.877500,0.812450,1.311,1491.5
1125,0.812850,,0.877500,0.812850,1.315,1492.8
1126,0.814250,,0.877500,0.814250,1.315,1494.1
1127,0.811033,,0.877500,0.814250,1.322,1495.4
1128,0.810900,,0.877500,0.814250,1.313,1496.7
1129,0.811017,,0.877500,0.814250,1.313,1498.0
1130,0.812167,,0.877500,0.814250,1.315,1499.4
1131,0.810383,,0.877500,0.814250,1.325,1500.7
1132,0.811900,,0.877500,0.814250,1.314,1502.0
1133,0.813650,,0.877500,0.814250,1.325,1503.3
1134,0.813183,,0.877500,0.814250,1.315,1504.6
1135,0.813367,,0.877500,0.814250,1.321,1506.0
1136,0.811950,,0.877500,0.814250,1.314,1507.3
1137,0.813067,,0.877500,0.814250,1.313,1508.6
1138,0.813083,,0.877500,0.814250,1.314,1509.9
1139,0.812817,,0.877500,0.814250,1.322,1511.2
1140,0.813167,,0.877500,0.814250,1.315,1512.5
1141,0.814033,,0.877500,0.814250,1.315,1513.9
1142,0.813167,,0.877500,0.814250,1.317,1515.2
1143,0.812850,,0.877500,0.814250,1.319,1516.5
1144,0.814250,,0.877500,0.814250,1.316,1517.8
1145,0.813033,,0.877500,0.814250,1.314,1519.1
1146,0.815500,,0.877500,0.815500,1.317,1520.4
1147,0.815567,,0.877500,0.815567,1.318,1521.8
1148,0.811117,,0.877500,0.815567,1.315,1523.1
1149,0.813900,,0.877500,0.815567,1.315,1524.4
1150,0.814433,,0.877500,0.815567,1.321,1525.7
1151,0.812633,,0.877500,0.815567,1.316,1527.0
1152,0.815600,,0.877500,0.815600,1.326,1528.3
1153,0.813250,,0.877500,0.815600,1.313,1529.7
1154,0.815700,,0.877500,0.815700,1.327,1531.0
1155,0.814300,,0.877500,0.815700,1.325,1532.3
1156,0.814100,,0.877500,0.815700,1.323,1533.6
1157,0.815667,,0.877500,0.815700,1.323,1535.0
1158,0.816333,,0.877500,0.816333,1.328,1536.3
1159,0.814267,,0.877500,0.816333,1.323,1537.6
1160,0.815917,,0.877500,0.816333,1.311,1538.9
1161,0.814017,,0.877500,0.816333,1.372,1540.3
1162,0.817283,,0.877500,0.817283,1.318,1541.6
1163,0.813200,,0.877500,0.817283,1.511,1543.1
1164,0.817700,,0.877500,0.817700,1.325,1544.4
1165,0.815150,,0.877500,0.817700,1.325,1545.8
1166,0.813183,,0.877500,0.817700,1.327,1547.1
1167,0.816183,,0.877500,0.817700,1.325,1548.4
1168,0.817183,,0.877500,0.817700,1.315,1549.7
1169,0.815833,,0.877500,0.817700,1.316,1551.1
1170,0.814983,,0.877500,0.817700,1.319,1552.4
1171,0.816550,,0.877500,0.817700,1.314,1553.7
1172,0.816267,,0.877500,0.817700,1.312,1555.0
1173,0.817000,,0.877500,0.817700,1.316,1556.3
1174,0.816100,,0.877500,0.817700,1.316,1557.6
1175,0.815533,,0.877500,0.817700,1.315,1558.9
1176,0.816200,,0.877500,0.817700,1.314,1560.3
1177,0.815167,,0.877500,0.817700,1.318,1561.6
1178,0.815183,,0.877500,0.817700,1.315,1562.9
1179,0.817500,,0.877500,0.817700,1.314,1564.2
1180,0.817083,,0.877500,0.817700,1.313,1565.5
1181,0.815967,,0.877500,0.817700,1.318,1566.8
1182,0.817517,,0.877500,0.817700,1.312,1568.2
1183,0.816217,,0.877500,0.817700,1.314,1569.5
1184,0.815167,,0.877500,0.817700,1.315,1570.8
1185,0.817833,,0.877500,0.817833,1.316,1572.1
1186,0.817817,,0.877500,0.817833,1.323,1573.4
1187,0.818233,,0.877500,0.818233,1.315,1574.7
1188,0.816917,,0.877500,0.818233,1.313,1576.0
1189,0.815333,,0.877500,0.818233,1.317,1577.4
1190,0.817150,,0.877500,0.818233,1.315,1578.7
1191,0.817400,,0.877500,0.818233,1.316,1580.0
1192,0.815033,,0.877500,0.818233,1.314,1581.3
1193,0.815600,,0.877500,0.818233,1.321,1582.6
1194,0.819200,,0.877500,0.819200,1.316,1583.9
1195,0.817083,,0.877500,0.819200,1.312,1585.3
1196,0.817600,,0.877500,0.819200,1.314,1586.6
1197,0.819433,,0.877500,0.819433,1.320,1587.9
1198,0.817250,,0.877500,0.819433,1.322,1589.2
1199,0.815133,,0.877500,0.819433,1.323,1590.5
1200,0.819483,,0.877500,0.819483,1.325,1591.9
1201,0.819667,,0.877500,0.819667,1.331,1593.2
1202,0.818650,,0.877500,0.819667,1.325,1594.5
1203,0.819450,,0.877500,0.819667,1.325,1595.8
1204,0.818600,,0.877500,0.819667,1.314,1597.2
1205,0.818600,,0.877500,0.819667,1.320,1598.5
1206,0.819717,,0.877500,0.819717,1.313,1599.8
1207,0.819550,,0.877500,0.819717,1.314,1601.1
1208,0.817183,,0.877500,0.819717,1.316,1602.4
1209,0.821050,,0.877500,0.821050,1.321,1603.7
1210,0.819200,,0.877500,0.821050,1.315,1605.1
1211,0.820983,,0.877500,0.821050,1.316,1606.4
1212,0.819583,,0.877500,0.821050,1.320,1607.7
1213,0.820900,,0.877500,0.821050,1.328,1609.0
1214,0.821100,,0.877500,0.821100,1.329,1610.3
1215,0.821450,,0.877500,0.821450,1.314,1611.7
1216,0.820067,,0.877500,0.821450,1.318,1613.0
1217,0.819650,,0.877500,0.821450,1.317,1614.3
1218,0.822450,,0.877500,0.822450,1.316,1615.6
1219,0.820133,,0.877500,0.822450,1.316,1616.9
1220,0.819050,,0.877500,0.822450,1.320,1618.2
1221,0.820250,,0.877500,0.822450,1.324,1619.6
1222,0.822933,,0.877500,0.822933,1.317,1620.9
1223,0.821767,,0.877500,0.822933,1.318,1622.2
1224,0.821867,,0.877500,0.822933,1.319,1623.5
1225,0.822150,,0.877500,0.822933,1.318,1624.8
1226,0.823200,,0.877500,0.823200,1.316,1626.2
1227,0.822600,,0.877500,0.823200,1.313,1627.5
1228,0.821300,,0.877500,0.823200,1.320,1628.8
1229,0.824067,,0.877500,0.824067,1.313,1630.1
1230,0.825217,,0.877500,0.825217,1.314,1631.4
1231,0.823167,,0.877500,0.825217,1.315,1632.7
1232,0.822317,,0.877500,0.825217,1.320,1634.1
1233,0.823183,,0.877500,0.825217,1.314,1635.4
1234,0.821867,,0.877500,0.825217,1.314,1636.7
1235,0.824133,,0.877500,0.825217,1.315,1638.0
1236,0.823850,,0.877500,0.825217,1.331,1639.3
1237,0.823500,,0.877500,0.825217,1.324,1640.7
1238,0.823417,,0.877500,0.825217,1.323,1642.0
1239,0.824200,,0.877500,0.825217,1.324,1643.3
1240,0.823467,,0.877500,0.825217,1.330,1644.6
1241,0.822283,,0.877500,0.825217,1.322,1646.0
1242,0.824783,,0.877500,0.825217,1.313,1647.3
1243,0.823683,,0.877500,0.825217,1.314,1648.6
1244,0.822700,,0.877500,0.825217,1.319,1649.9
1245,0.823233,,0.877500,0.825217,1.316,1651.2
1246,0.823783,,0.877500,0.825217,1.316,1652.5
1247,0.825317,,0.877500,0.825317,1.318,1653.8
1248,0.824550,,0.877500,0.825317,1.329,1655.2
1249,0.823317,,0.877500,0.825317,1.314,1656.5
1250,0.823967,,0.877500,0.825317,1.313,1657.8
1251,0.825367,,0.877500,0.825367,1.319,1659.1
1252,0.824483,,0.877500,0.825367,1.316,1660.4
1253,0.825167,,0.877500,0.825367,1.316,1661.8
1254,0.824133,,0.877500,0.825367,1.315,1663.1
1255,0.823150,,0.877500,0.825367,1.321,1664.4
1256,0.824450,,0.877500,0.825367,1.323,1665.7
1257,0.824750,,0.877500,0.825367,1.315,1667.0
1258,0.823633,,0.877500,0.825367,1.315,1668.3
1259,0.826667,,0.877500,0.826667,1.322,1669.7
1260,0.825100,,0.877500,0.826667,1.316,1671.0
1261,0.823250,,0.877500,0.826667,1.316,1672.3
1262,0.826017,,0.877500,0.826667,1.315,1673.6
1263,0.826967,,0.877500,0.826967,1.320,1674.9
1264,0.825533,,0.877500,0.826967,1.312,1676.2
1265,0.826350,,0.877500,0.826967,1.315,1677.6
1266,0.826683,,0.877500,0.826967,1.316,1678.9
1267,0.827300,,0.877500,0.827300,1.318,1680.2
1268,0.826617,,0.877500,0.827300,1.313,1681.5
1269,0.825867,,0.877500,0.827300,1.314,1682.8
1270,0.825883,,0.877500,0.827300,1.316,1684.1
1271,0.824783,,0.877500,0.827300,1.324,1685.5
1272,0.824450,,0.877500,0.827300,1.315,1686.8
1273,0.826200,,0.877500,0.827300,1.317,1688.1
1274,0.826150,,0.877500,0.827300,1.326,1689.4
1275,0.826117,,0.877500,0.827300,1.326,1690.7
1276,0.827733,,0.877500,0.827733,1.325,1692.1
1277,0.825783,,0.877500,0.827733,1.327,1693.4
1278,0.827567,,0.877500,0.827733,1.327,1694.7
1279,0.824867,,0.877500,0.827733,1.328,1696.1
1280,0.826083,,0.877500,0.827733,1.316,1697.4
1281,0.827233,,0.877500,0.827733,1.317,1698.7
1282,0.826350,,0.877500,0.827733,1.317,1700.0
1283,0.826717,,0.877500,0.827733,1.329,1701.3
1284,0.826917,,0.877500,0.827733,1.314,1702.6
1285,0.826683,,0.877500,0.827733,1.316,1704.0
1286,0.826650,,0.877500,0.827733,1.319,1705.3
1287,0.827600,,0.877500,0.827733,1.317,1706.6
1288,0.827167,,0.877500,0.827733,1.315,1707.9
1289,0.825367,,0.877500,0.827733,1.316,1709.2
1290,0.827317,,0.877500,0.827733,1.322,1710.6
1291,0.826933,,0.877500,0.827733,1.318,1711.9
1292,0.827033,,0.877500,0.827733,1.316,1713.2
1293,0.826133,,0.877500,0.827733,1.314,1714.5
1294,0.827783,,0.877500,0.827783,1.322,1715.8
1295,0.826600,,0.877500,0.827783,1.314,1717.1
1296,0.826050,,0.877500,0.827783,1.317,1718.5
1297,0.826433,,0.877500,0.827783,1.313,1719.8
1298,0.828383,,0.877500,0.828383,1.321,1721.1
1299,0.826750,,0.877500,0.828383,1.325,1722.4
1300,0.828933,,0.877500,0.828933,1.315,1723.7
1301,0.828317,,0.877500,0.828933,1.313,1725.0
1302,0.828083,,0.877500,0.828933,1.322,1726.4
1303,0.827683,,0.877500,0.828933,1.316,1727.7
1304,0.828600,,0.877500,0.828933,1.315,1729.0
1305,0.829817,,0.877500,0.829817,1.313,1730.3
1306,0.828317,,0.877500,0.829817,1.321,1731.6
1307,0.829133,,0.877500,0.829817,1.325,1733.0
1308,0.829633,,0.877500,0.829817,1.316,1734.3
1309,0.828133,,0.877500,0.829817,1.318,1735.6
1310,0.826217,,0.877500,0.829817,1.323,1736.9
1311,0.828400,,0.877500,0.829817,1.318,1738.2
1312,0.826383,,0.877500,0.829817,1.325,1739.6
1313,0.828683,,0.877500,0.829817,1.328,1740.9
1314,0.827533,,0.877500,0.829817,1.327,1742.2
1315,0.827950,,0.877500,0.829817,1.324,1743.5
1316,0.829667,,0.877500,0.829817,1.324,1744.9
1317,0.829050,,0.877500,0.829817,1.327,1746.2
1318,0.830833,,0.877500,0.830833,1.329,1747.5
1319,0.828800,,0.877500,0.830833,1.317,1748.8
1320,0.829050,,0.877500,0.830833,1.317,1750.1
1321,0.827917,,0.877500,0.830833,1.320,1751.5
1322,0.827367,,0.877500,0.830833,1.322,1752.8
1323,0.829133,,0.877500,0.830833,1.313,1754.1
1324,0.829417,,0.877500,0.830833,1.316,1755.4
1325,0.828950,,0.877500,0.830833,1.321,1756.7
1326,0.829617,,0.877500,0.830833,1.316,1758.1
1327,0.828183,,0.877500,0.830833,1.314,1759.4
1328,0.829017,,0.877500,0.830833,1.311,1760.7
1329,0.829100,,0.877500,0.830833,1.321,1762.0
1330,0.830167,,0.877500,0.830833,1.311,1763.3
1331,0.828850,,0.877500,0.830833,1.313,1764.6
1332,0.828867,,0.877500,0.830833,1.316,1765.9
1333,0.829050,,0.877500,0.830833,1.323,1767.3
1334,0.828650,,0.877500,0.830833,1.316,1768.6
1335,0.829183,,0.877500,0.830833,1.313,1769.9
1336,0.829983,,0.877500,0.830833,1.317,1771.2
1337,0.826300,,0.877500,0.830833,1.320,1772.5
1338,0.829183,,0.877500,0.830833,1.316,1773.8
1339,0.829900,,0.877500,0.830833,1.314,1775.2
1340,0.830117,,0.877500,0.830833,1.317,1776.5
1341,0.830183,,0.877500,0.830833,1.322,1777.8
1342,0.832983,,0.877500,0.832983,1.315,1779.1
1343,0.828817,,0.877500,0.832983,1.314,1780.4
1344,0.829167,,0.877500,0.832983,1.314,1781.7
1345,0.830767,,0.877500,0.832983,1.321,1783.1
1346,0.831317,,0.877500,0.832983,1.313,1784.4
1347,0.829767,,0.877500,0.832983,1.315,1785.7
1348,0.830267,,0.877500,0.832983,1.316,1787.0
1349,0.829717,,0.877500,0.832983,1.322,1788.3
1350,0.828683,,0.877500,0.832983,1.315,1789.6
1351,0.830550,,0.877500,0.832983,1.324,1791.0
1352,0.831350,,0.877500,0.832983,1.330,1792.3
1353,0.829933,,0.877500,0.832983,1.325,1793.6
1354,0.830233,,0.877500,0.832983,1.325,1794.9
1355,0.831517,,0.877500,0.832983,1.322,1796.3
1356,0.829750,,0.877500,0.832983,1.322,1797.6
1357,0.829467,,0.877500,0.832983,1.318,1798.9
1358,0.830367,,0.877500,0.832983,1.314,1800.2
1359,0.831550,,0.877500,0.832983,1.312,1801.5
1360,0.832083,,0.877500,0.832983,1.318,1802.9
1361,0.832600,,0.877500,0.832983,1.326,1804.2
1362,0.830767,,0.877500,0.832983,1.315,1805.5
1363,0.829400,,0.877500,0.832983,1.312,1806.8
1364,0.832250,,0.877500,0.832983,1.320,1808.1
1365,0.830100,,0.877500,0.832983,1.315,1809.4
1366,0.830917,,0.877500,0.832983,1.313,1810.8
1367,0.831733,,0.877500,0.832983,1.313,1812.1
1368,0.831567,,0.877500,0.832983,1.320,1813.4
1369,0.832183,,0.877500,0.832983,1.312,1814.7
1370,0.832967,,0.877500,0.832983,1.314,1816.0
1371,0.833600,,0.877500,0.833600,1.310,1817.3
1372,0.831933,,0.877500,0.833600,1.322,1818.6
1373,0.834283,,0.877500,0.834283,1.314,1820.0
1374,0.831767,,0.877500,0.834283,1.312,1821.3
1375,0.833067,,0.877500,0.834283,1.313,1822.6
1376,0.832350,,0.877500,0.834283,1.323,1823.9
1377,0.832983,,0.877500,0.834283,1.319,1825.2
1378,0.832633,,0.877500,0.834283,1.316,1826.5
1379,0.832400,,0.877500,0.834283,1.316,1827.9
1380,0.832383,,0.877500,0.834283,1.331,1829.2
1381,0.829233,,0.877500,0.834283,1.311,1830.5
1382,0.831817,,0.877500,0.834283,1.312,1831.8
1383,0.830917,,0.877500,0.834283,1.314,1833.1
1384,0.833350,,0.877500,0.834283,1.323,1834.4
1385,0.832567,,0.877500,0.834283,1.312,1835.8
1386,0.832550,,0.877500,0.834283,1.313,1837.1
1387,0.832183,,0.877500,0.834283,1.321,1838.4
1388,0.832483,,0.877500,0.834283,1.332,1839.7
1389,0.834183,,0.877500,0.834283,1.324,1841.0
1390,0.831017,,0.877500,0.834283,1.325,1842.4
1391,0.830400,,0.877500,0.834283,1.326,1843.7
1392,0.832100,,0.877500,0.834283,1.329,1845.0
1393,0.833500,,0.877500,0.834283,1.320,1846.3
1394,0.832933,,0.877500,0.834283,1.389,1847.7
1395,0.830983,,0.877500,0.834283,1.490,1849.2
1396,0.833950,,0.877500,0.834283,1.334,1850.6
1397,0.833583,,0.877500,0.834283,1.330,1851.9
1398,0.831383,,0.877500,0.834283,1.323,1853.2
1399,0.832683,,0.877500,0.834283,1.326,1854.5
1400,0.830800,,0.877500,0.834283,1.320,1855.9
1401,0.832500,,0.877500,0.834283,1.317,1857.2
1402,0.833233,,0.877500,0.834283,1.319,1858.5
1403,0.832867,,0.877500,0.834283,1.327,1859.8
1404,0.834983,,0.877500,0.834983,1.312,1861.1
1405,0.832183,,0.877500,0.834983,1.314,1862.5
1406,0.833350,,0.877500,0.834983,1.314,1863.8
1407,0.833617,,0.877500,0.834983,1.317,1865.1
1408,0.833867,,0.877500,0.834983,1.315,1866.4
1409,0.833367,,0.877500,0.834983,1.312,1867.7
1410,0.835050,,0.877500,0.835050,1.314,1869.0
1411,0.835150,,0.877500,0.835150,1.317,1870.3
1412,0.833783,,0.877500,0.835150,1.315,1871.7
1413,0.834450,,0.877500,0.835150,1.315,1873.0
1414,0.832067,,0.877500,0.835150,1.316,1874.3
1415,0.832917,,0.877500,0.835150,1.315,1875.6
1416,0.834950,,0.877500,0.835150,1.315,1876.9
1417,0.834100,,0.877500,0.835150,1.311,1878.2
1418,0.834083,,0.877500,0.835150,1.314,1879.5
1419,0.834933,,0.877500,0.835150,1.321,1880.9
1420,0.835583,,0.877500,0.835583,1.315,1882.2
1421,0.834733,,0.877500,0.835583,1.314,1883.5
1422,0.837017,,0.877500,0.837017,1.326,1884.8
1423,0.835550,,0.877500,0.837017,1.320,1886.1
1424,0.835133,,0.877500,0.837017,1.315,1887.5
1425,0.836050,,0.877500,0.837017,1.319,1888.8
1426,0.833783,,0.877500,0.837017,1.316,1890.1
1427,0.833583,,0.877500,0.837017,1.317,1891.4
1428,0.836350,,0.877500,0.837017,1.314,1892.7
1429,0.835833,,0.877500,0.837017,1.317,1894.0
1430,0.837983,,0.877500,0.837983,1.317,1895.4
1431,0.834600,,0.877500,0.837983,1.316,1896.7
1432,0.832867,,0.877500,0.837983,1.324,1898.0
1433,0.835683,,0.877500,0.837983,1.325,1899.3
1434,0.834450,,0.877500,0.837983,1.330,1900.6
1435,0.836933,,0.877500,0.837983,1.324,1902.0
1436,0.835600,,0.877500,0.837983,1.325,1903.3
1437,0.835683,,0.877500,0.837983,1.323,1904.6
1438,0.833967,,0.877500,0.837983,1.321,1905.9
1439,0.835100,,0.877500,0.837983,1.315,1907.3
1440,0.836300,,0.877500,0.837983,1.314,1908.6
1441,0.834417,,0.877500,0.837983,1.317,1909.9
1442,0.834867,,0.877500,0.837983,1.321,1911.2
1443,0.834483,,0.877500,0.837983,1.315,1912.5
1444,0.834700,,0.877500,0.837983,1.314,1913.8
1445,0.837333,,0.877500,0.837983,1.315,1915.2
1446,0.835750,,0.877500,0.837983,1.321,1916.5
1447,0.834083,,0.877500,0.837983,1.315,1917.8
1448,0.834667,,0.877500,0.837983,1.312,1919.1
1449,0.834433,,0.877500,0.837983,1.323,1920.4
1450,0.835583,,0.877500,0.837983,1.321,1921.7
1451,0.835533,,0.877500,0.837983,1.314,1923.1
1452,0.837950,,0.877500,0.837983,1.314,1924.4
1453,0.836000,,0.877500,0.837983,1.313,1925.7
1454,0.836283,,0.877500,0.837983,1.320,1927.0
1455,0.835233,,0.877500,0.837983,1.313,1928.3
1456,0.835050,,0.877500,0.837983,1.315,1929.6
1457,0.836050,,0.877500,0.837983,1.316,1930.9
1458,0.837367,,0.877500,0.837983,1.322,1932.3
1459,0.838233,,0.877500,0.838233,1.318,1933.6
1460,0.835683,,0.877500,0.838233,1.316,1934.9
1461,0.836300,,0.877500,0.838233,1.318,1936.2
1462,0.836367,,0.877500,0.838233,1.321,1937.5
1463,0.836150,,0.877500,0.838233,1.315,1938.9
1464,0.836667,,0.877500,0.838233,1.315,1940.2
1465,0.838750,,0.877500,0.838750,1.319,1941.5
1466,0.838083,,0.877500,0.838750,1.314,1942.8
1467,0.836500,,0.877500,0.838750,1.313,1944.1
1468,0.837500,,0.877500,0.838750,1.314,1945.4
1469,0.838250,,0.877500,0.838750,1.330,1946.8
1470,0.837467,,0.877500,0.838750,1.323,1948.1
1471,0.838983,,0.877500,0.838983,1.324,1949.4
1472,0.837150,,0.877500,0.838983,1.324,1950.7
1473,0.838150,,0.877500,0.838983,1.330,1952.1
1474,0.837850,,0.877500,0.838983,1.323,1953.4
1475,0.837317,,0.877500,0.838983,1.318,1954.7
1476,0.836950,,0.877500,0.838983,1.323,1956.0
1477,0.838133,,0.877500,0.838983,1.321,1957.3
1478,0.838983,,0.877500,0.838983,1.314,1958.7
1479,0.838150,,0.877500,0.838983,1.312,1960.0
1480,0.836800,,0.877500,0.838983,1.324,1961.3
1481,0.838333,,0.877500,0.838983,1.328,1962.6
1482,0.838317,,0.877500,0.838983,1.319,1963.9
1483,0.838233,,0.877500,0.838983,1.316,1965.3
1484,0.837283,,0.877500,0.838983,1.317,1966.6
1485,0.840467,,0.877500,0.840467,1.322,1967.9
1486,0.837483,,0.877500,0.840467,1.316,1969.2
1487,0.838083,,0.877500,0.840467,1.318,1970.5
1488,0.836833,,0.877500,0.840467,1.314,1971.8
1489,0.838767,,0.877500,0.840467,1.321,1973.2
1490,0.837917,,0.877500,0.840467,1.317,1974.5
1491,0.836500,,0.877500,0.840467,1.315,1975.8
1492,0.838800,,0.877500,0.840467,1.319,1977.1
1493,0.837833,,0.877500,0.840467,1.321,1978.4
1494,0.837783,,0.877500,0.840467,1.315,1979.8
1495,0.838800,,0.877500,0.840467,1.315,1981.1
1496,0.837183,,0.877500,0.840467,1.315,1982.4
1497,0.837850,,0.877500,0.840467,1.317,1983.7
1498,0.838967,,0.877500,0.840467,1.316,1985.0
1499,0.837083,,0.877500,0.840467,1.315,1986.3
1500,0.837967,,0.877500,0.840467,1.319,1987.7
1501,0.838933,,0.877500,0.840467,1.314,1989.0
1502,0.840100,,0.877500,0.840467,1.317,1990.3
1503,0.837500,,0.877500,0.840467,1.317,1991.6
1504,0.838100,,0.877500,0.840467,1.322,1992.9
1505,0.837483,,0.877500,0.840467,1.313,1994.2
1506,0.839367,,0.877500,0.840467,1.316,1995.6
1507,0.838000,,0.877500,0.840467,1.322,1996.9
1508,0.837633,,0.877500,0.840467,1.329,1998.2
1509,0.837750,,0.877500,0.840467,1.326,1999.5
1510,0.837367,,0.877500,0.840467,1.322,2000.9
1511,0.836783,,0.877500,0.840467,1.323,2002.2
1512,0.838467,,0.877500,0.840467,1.331,2003.5
1513,0.837933,,0.877500,0.840467,1.314,2004.8
1514,0.839017,,0.877500,0.840467,1.317,2006.1
1515,0.837967,,0.877500,0.840467,1.314,2007.4
1516,0.838950,,0.877500,0.840467,1.320,2008.8
1517,0.837217,,0.877500,0.840467,1.314,2010.1
1518,0.840233,,0.877500,0.840467,1.315,2011.4
1519,0.839750,,0.877500,0.840467,1.315,2012.7
1520,0.837333,,0.877500,0.840467,1.321,2014.0
1521,0.838533,,0.877500,0.840467,1.316,2015.4
1522,0.840617,,0.877500,0.840617,1.317,2016.7
1523,0.840500,,0.877500,0.840617,1.314,2018.0
1524,0.840717,,0.877500,0.840717,1.320,2019.3
1525,0.837550,,0.877500,0.840717,1.315,2020.6
1526,0.838117,,0.877500,0.840717,1.310,2021.9
1527,0.841083,,0.877500,0.841083,1.317,2023.2
1528,0.838217,,0.877500,0.841083,1.318,2024.6
1529,0.837550,,0.877500,0.841083,1.315,2025.9
1530,0.839983,,0.877500,0.841083,1.317,2027.2
1531,0.838233,,0.877500,0.841083,1.317,2028.5
1532,0.840050,,0.877500,0.841083,1.318,2029.8
1533,0.840017,,0.877500,0.841083,1.317,2031.1
1534,0.841567,,0.877500,0.841567,1.315,2032.5
1535,0.839600,,0.877500,0.841567,1.318,2033.8
1536,0.838950,,0.877500,0.841567,1.315,2035.1
1537,0.839483,,0.877500,0.841567,1.314,2036.4
1538,0.840150,,0.877500,0.841567,1.323,2037.7
1539,0.840383,,0.877500,0.841567,1.321,2039.1
1540,0.839333,,0.877500,0.841567,1.316,2040.4
1541,0.840550,,0.877500,0.841567,1.313,2041.7
1542,0.840700,,0.877500,0.841567,1.316,2043.0
1543,0.838283,,0.877500,0.841567,1.323,2044.3
1544,0.839383,,0.877500,0.841567,1.315,2045.6
1545,0.839833,,0.877500,0.841567,1.324,2047.0
1546,0.839750,,0.877500,0.841567,1.325,2048.3
1547,0.839417,,0.877500,0.841567,1.332,2049.6
1548,0.839933,,0.877500,0.841567,1.321,2050.9
1549,0.841167,,0.877500,0.841567,1.325,2052.3
1550,0.840717,,0.877500,0.841567,1.324,2053.6
1551,0.840200,,0.877500,0.841567,1.318,2054.9
1552,0.840133,,0.877500,0.841567,1.312,2056.2
1553,0.842283,,0.877500,0.842283,1.314,2057.5
1554,0.840217,,0.877500,0.842283,1.316,2058.8
1555,0.839517,,0.877500,0.842283,1.320,2060.2
1556,0.840100,,0.877500,0.842283,1.314,2061.5
1557,0.840967,,0.877500,0.842283,1.323,2062.8
1558,0.839867,,0.877500,0.842283,1.314,2064.1
1559,0.838850,,0.877500,0.842283,1.321,2065.4
1560,0.840467,,0.877500,0.842283,1.313,2066.8
1561,0.842817,,0.877500,0.842817,1.314,2068.1
1562,0.841517,,0.877500,0.842817,1.314,2069.4
1563,0.839983,,0.877500,0.842817,1.319,2070.7
1564,0.840700,,0.877500,0.842817,1.314,2072.0
1565,0.840850,,0.877500,0.842817,1.314,2073.3
1566,0.841433,,0.877500,0.842817,1.317,2074.6
1567,0.841367,,0.877500,0.842817,1.317,2076.0
1568,0.842417,,0.877500,0.842817,1.315,2077.3
1569,0.842517,,0.877500,0.842817,1.316,2078.6
1570,0.841983,,0.877500,0.842817,1.317,2079.9
1571,0.842300,,0.877500,0.842817,1.316,2081.2
1572,0.841200,,0.877500,0.842817,1.324,2082.5
1573,0.841233,,0.877500,0.842817,1.315,2083.9
1574,0.841900,,0.877500,0.842817,1.322,2085.2
1575,0.842833,,0.877500,0.842833,1.318,2086.5
1576,0.841817,,0.877500,0.842833,1.315,2087.8
1577,0.840033,,0.877500,0.842833,1.314,2089.1
1578,0.842917,,0.877500,0.842917,1.321,2090.5
1579,0.841650,,0.877500,0.842917,1.316,2091.8
1580,0.842500,,0.877500,0.842917,1.313,2093.1
1581,0.842133,,0.877500,0.842917,1.315,2094.4
1582,0.842800,,0.877500,0.842917,1.332,2095.7
1583,0.843883,,0.877500,0.843883,1.322,2097.1
1584,0.842167,,0.877500,0.843883,1.323,2098.4
1585,0.841067,,0.877500,0.843883,1.323,2099.7
1586,0.843750,,0.877500,0.843883,1.329,2101.0
1587,0.841800,,0.877500,0.843883,1.322,2102.3
1588,0.842417,,0.877500,0.843883,1.313,2103.7
1589,0.842100,,0.877500,0.843883,1.312,2105.0
1590,0.843083,,0.877500,0.843883,1.323,2106.3
1591,0.843017,,0.877500,0.843883,1.331,2107.6
1592,0.841867,,0.877500,0.843883,1.319,2108.9
1593,0.842017,,0.877500,0.843883,1.319,2110.3
1594,0.841617,,0.877500,0.843883,1.324,2111.6
1595,0.842800,,0.877500,0.843883,1.319,2112.9
1596,0.842867,,0.877500,0.843883,1.317,2114.2
1597,0.844467,,0.877500,0.844467,1.321,2115.5
1598,0.840967,,0.877500,0.844467,1.323,2116.9
1599,0.842967,,0.877500,0.844467,1.318,2118.2
1600,0.843133,,0.877500,0.844467,1.319,2119.5
1601,0.842783,,0.877500,0.844467,1.320,2120.8
1602,0.840867,,0.877500,0.844467,1.325,2122.1
1603,0.839617,,0.877500,0.844467,1.315,2123.5
1604,0.843183,,0.877500,0.844467,1.314,2124.8
1605,0.842200,,0.877500,0.844467,1.319,2126.1
1606,0.840583,,0.877500,0.844467,1.339,2127.4
1607,0.840983,,0.877500,0.844467,1.308,2128.7
1608,0.840683,,0.877500,0.844467,1.301,2130.0
1609,0.842083,,0.877500,0.844467,1.326,2131.4
1610,0.842750,,0.877500,0.844467,1.314,2132.7
1611,0.843817,,0.877500,0.844467,1.311,2134.0
1612,0.841050,,0.877500,0.844467,1.310,2135.3
1613,0.844167,,0.877500,0.844467,1.326,2136.6
1614,0.841333,,0.877500,0.844467,1.310,2137.9
1615,0.843150,,0.877500,0.844467,1.310,2139.3
1616,0.843283,,0.877500,0.844467,1.310,2140.6
1617,0.843917,,0.877500,0.844467,1.329,2141.9
1618,0.842717,,0.877500,0.844467,1.317,2143.2
1619,0.843933,,0.877500,0.844467,1.308,2144.5
1620,0.842917,,0.877500,0.844467,1.308,2145.8
1621,0.842317,,0.877500,0.844467,1.335,2147.2
1622,0.842767,,0.877500,0.844467,1.322,2148.5
1623,0.843100,,0.877500,0.844467,1.319,2149.8
1624,0.842033,,0.877500,0.844467,1.379,2151.2
1625,0.842150,,0.877500,0.844467,1.333,2152.5
1626,0.842617,,0.877500,0.844467,1.315,2153.8
1627,0.843883,,0.877500,0.844467,1.314,2155.1
1628,0.841850,,0.877500,0.844467,1.543,2156.7
1629,0.842017,,0.877500,0.844467,1.366,2158.1
1630,0.842783,,0.877500,0.844467,1.393,2159.4
1631,0.843833,,0.877500,0.844467,1.397,2160.8
1632,0.843717,,0.877500,0.844467,1.397,2162.2
1633,0.841550,,0.877500,0.844467,1.388,2163.6
1634,0.844917,,0.877500,0.844917,1.387,2165.0
1635,0.844267,,0.877500,0.844917,1.387,2166.4
1636,0.843933,,0.877500,0.844917,1.390,2167.8
1637,0.844600,,0.877500,0.844917,1.385,2169.2
1638,0.842433,,0.877500,0.844917,1.385,2170.6
1639,0.843467,,0.877500,0.844917,1.386,2171.9
1640,0.844500,,0.877500,0.844917,1.392,2173.3
1641,0.844333,,0.877500,0.844917,1.388,2174.7
1642,0.842433,,0.877500,0.844917,1.403,2176.1
1643,0.845517,,0.877500,0.845517,1.407,2177.5
1644,0.844417,,0.877500,0.845517,1.416,2179.0
1645,0.842900,,0.877500,0.845517,1.402,2180.4
1646,0.841883,,0.877500,0.845517,1.403,2181.8
1647,0.844067,,0.877500,0.845517,1.414,2183.2
1648,0.842567,,0.877500,0.845517,1.427,2184.6
1649,0.843883,,0.877500,0.845517,1.426,2186.0
1650,0.844983,,0.877500,0.845517,1.429,2187.5
1651,0.844850,,0.877500,0.845517,1.462,2188.9
1652,0.844583,,0.877500,0.845517,1.450,2190.4
1653,0.842633,,0.877500,0.845517,1.449,2191.8
1654,0.842383,,0.877500,0.845517,1.455,2193.3
1655,0.844867,,0.877500,0.845517,1.417,2194.7
1656,0.842750,,0.877500,0.845517,1.412,2196.1
1657,0.842167,,0.877500,0.845517,1.409,2197.5
1658,0.843217,,0.877500,0.845517,1.418,2198.9
1659,0.844133,,0.877500,0.845517,1.414,2200.3
1660,0.843883,,0.877500,0.845517,1.349,2201.7
1661,0.843967,,0.877500,0.845517,1.344,2203.0
1662,0.843383,,0.877500,0.845517,1.384,2204.4
1663,0.842183,,0.877500,0.845517,1.371,2205.8
1664,0.843067,,0.877500,0.845517,1.375,2207.2
1665,0.842283,,0.877500,0.845517,1.376,2208.5
1666,0.843317,,0.877500,0.845517,1.375,2209.9
1667,0.844450,,0.877500,0.845517,1.372,2211.3
1668,0.843167,,0.877500,0.845517,1.370,2212.7
1669,0.843817,,0.877500,0.845517,1.377,2214.0
1670,0.845000,,0.877500,0.845517,1.374,2215.4
1671,0.844867,,0.877500,0.845517,1.370,2216.8
1672,0.843700,,0.877500,0.845517,1.370,2218.1
1673,0.845333,,0.877500,0.845517,1.376,2219.5
1674,0.844000,,0.877500,0.845517,1.374,2220.9
1675,0.843717,,0.877500,0.845517,1.372,2222.3
1676,0.844017,,0.877500,0.845517,1.371,2223.6
1677,0.843433,,0.877500,0.845517,1.384,2225.0
1678,0.845500,,0.877500,0.845517,1.371,2226.4
1679,0.844350,,0.877500,0.845517,1.363,2227.8
1680,0.844017,,0.877500,0.845517,1.355,2229.1
1681,0.845750,,0.877500,0.845750,1.370,2230.5
1682,0.844750,,0.877500,0.845750,1.375,2231.9
1683,0.845333,,0.877500,0.845750,1.373,2233.2
1684,0.844633,,0.877500,0.845750,1.378,2234.6
1685,0.843850,,0.877500,0.845750,1.371,2236.0
1686,0.843750,,0.877500,0.845750,1.370,2237.4
1687,0.844517,,0.877500,0.845750,1.372,2238.7
1688,0.844100,,0.877500,0.845750,1.388,2240.1
1689,0.845250,,0.877500,0.845750,1.372,2241.5
1690,0.844250,,0.877500,0.845750,1.371,2242.9
1691,0.843967,,0.877500,0.845750,1.372,2244.2
1692,0.843667,,0.877500,0.845750,1.376,2245.6
1693,0.844133,,0.877500,0.845750,1.372,2247.0
1694,0.845983,,0.877500,0.845983,1.372,2248.3
1695,0.844033,,0.877500,0.845983,1.379,2249.7
1696,0.844233,,0.877500,0.845983,1.367,2251.1
1697,0.843183,,0.877500,0.845983,1.372,2252.5
1698,0.846067,,0.877500,0.846067,1.368,2253.8
1699,0.844500,,0.877500,0.846067,1.371,2255.2
1700,0.846033,,0.877500,0.846067,1.338,2256.5
1701,0.846067,,0.877500,0.846067,1.337,2257.9
1702,0.845983,,0.877500,0.846067,1.339,2259.2
1703,0.843017,,0.877500,0.846067,1.375,2260.6
1704,0.847833,,0.877500,0.847833,1.368,2262.0
1705,0.845033,,0.877500,0.847833,1.371,2263.3
1706,0.845733,,0.877500,0.847833,1.370,2264.7
1707,0.843883,,0.877500,0.847833,1.376,2266.1
1708,0.844817,,0.877500,0.847833,1.373,2267.4
1709,0.843667,,0.877500,0.847833,1.371,2268.8
1710,0.842900,,0.877500,0.847833,1.377,2270.2
1711,0.844417,,0.877500,0.847833,1.370,2271.6
1712,0.845883,,0.877500,0.847833,1.372,2272.9
1713,0.845717,,0.877500,0.847833,1.370,2274.3
1714,0.845483,,0.877500,0.847833,1.387,2275.7
1715,0.847100,,0.877500,0.847833,1.384,2277.1
1716,0.844050,,0.877500,0.847833,1.380,2278.5
1717,0.846067,,0.877500,0.847833,1.380,2279.8
1718,0.846067,,0.877500,0.847833,1.385,2281.2
1719,0.845350,,0.877500,0.847833,1.379,2282.6
1720,0.845217,,0.877500,0.847833,1.381,2284.0
1721,0.844600,,0.877500,0.847833,1.387,2285.4
1722,0.844267,,0.877500,0.847833,1.381,2286.8
1723,0.847200,,0.877500,0.847833,1.384,2288.1
1724,0.845167,,0.877500,0.847833,1.375,2289.5
1725,0.847017,,0.877500,0.847833,1.379,2290.9
1726,0.845433,,0.877500,0.847833,1.367,2292.3
1727,0.844767,,0.877500,0.847833,1.372,2293.6
1728,0.845417,,0.877500,0.847833,1.371,2295.0
1729,0.846783,,0.877500,0.847833,1.379,2296.4
1730,0.845717,,0.877500,0.847833,1.374,2297.8
1731,0.844917,,0.877500,0.847833,1.372,2299.1
1732,0.845933,,0.877500,0.847833,1.376,2300.5
1733,0.845883,,0.877500,0.847833,1.350,2301.9
1734,0.847350,,0.877500,0.847833,1.354,2303.2
1735,0.847150,,0.877500,0.847833,1.344,2304.6
1736,0.846150,,0.877500,0.847833,1.346,2305.9
1737,0.845883,,0.877500,0.847833,1.348,2307.2
1738,0.846367,,0.877500,0.847833,1.342,2308.6
1739,0.847033,,0.877500,0.847833,1.344,2309.9
1740,0.846133,,0.877500,0.847833,1.358,2311.3
1741,0.847183,,0.877500,0.847833,1.344,2312.6
1742,0.844517,,0.877500,0.847833,1.341,2314.0
1743,0.846600,,0.877500,0.847833,1.316,2315.3
1744,0.848550,,0.877500,0.848550,1.366,2316.7
1745,0.848617,,0.877500,0.848617,1.373,2318.0
1746,0.846950,,0.877500,0.848617,1.357,2319.4
1747,0.848017,,0.877500,0.848617,1.338,2320.7
1748,0.847850,,0.877500,0.848617,1.372,2322.1
1749,0.849250,,0.877500,0.849250,1.372,2323.5
1750,0.847717,,0.877500,0.849250,1.374,2324.8
1751,0.848133,,0.877500,0.849250,1.373,2326.2
1752,0.846067,,0.877500,0.849250,1.369,2327.6
1753,0.846883,,0.877500,0.849250,1.372,2329.0
1754,0.846450,,0.877500,0.849250,1.368,2330.3
1755,0.848917,,0.877500,0.849250,1.385,2331.7
1756,0.848033,,0.877500,0.849250,1.371,2333.1
1757,0.847300,,0.877500,0.849250,1.374,2334.5
1758,0.849767,,0.877500,0.849767,1.379,2335.8
1759,0.849183,,0.877500,0.849767,1.385,2337.2
1760,0.848017,,0.877500,0.849767,1.380,2338.6
1761,0.847117,,0.877500,0.849767,1.371,2340.0
1762,0.848050,,0.877500,0.849767,1.368,2341.3
1763,0.848767,,0.877500,0.849767,1.374,2342.7
1764,0.847333,,0.877500,0.849767,1.372,2344.1
1765,0.847650,,0.877500,0.849767,1.374,2345.5
1766,0.849167,,0.877500,0.849767,1.372,2346.8
1767,0.848233,,0.877500,0.849767,1.372,2348.2
1768,0.846967,,0.877500,0.849767,1.374,2349.6
1769,0.847383,,0.877500,0.849767,1.369,2350.9
1770,0.849383,,0.877500,0.849767,1.385,2352.3
1771,0.848333,,0.877500,0.849767,1.372,2353.7
1772,0.846650,,0.877500,0.849767,1.347,2355.1
1773,0.847267,,0.877500,0.849767,1.339,2356.4
1774,0.849550,,0.877500,0.849767,1.354,2357.7
1775,0.848350,,0.877500,0.849767,1.340,2359.1
1776,0.849717,,0.877500,0.849767,1.341,2360.4
1777,0.849083,,0.877500,0.849767,1.340,2361.8
1778,0.849500,,0.877500,0.849767,1.351,2363.1
1779,0.846533,,0.877500,0.849767,1.340,2364.5
1780,0.847533,,0.877500,0.849767,1.336,2365.8
1781,0.848433,,0.877500,0.849767,1.339,2367.1
1782,0.847683,,0.877500,0.849767,1.346,2368.5
1783,0.849933,,0.877500,0.849933,1.342,2369.8
1784,0.848733,,0.877500,0.849933,1.341,2371.2
1785,0.848700,,0.877500,0.849933,1.345,2372.5
1786,0.849033,,0.877500,0.849933,1.344,2373.9
1787,0.848400,,0.877500,0.849933,1.340,2375.2
1788,0.851700,,0.877500,0.851700,1.342,2376.5
1789,0.849967,,0.877500,0.851700,1.347,2377.9
1790,0.850283,,0.877500,0.851700,1.341,2379.2
1791,0.851100,,0.877500,0.851700,1.341,2380.6
1792,0.848517,,0.877500,0.851700,1.340,2381.9
1793,0.849233,,0.877500,0.851700,1.346,2383.2
1794,0.849783,,0.877500,0.851700,1.339,2384.6
1795,0.847883,,0.877500,0.851700,1.340,2385.9
1796,0.847900,,0.877500,0.851700,1.343,2387.3
1797,0.850617,,0.877500,0.851700,1.348,2388.6
1798,0.849533,,0.877500,0.851700,1.342,2390.0
1799,0.849700,,0.877500,0.851700,1.339,2391.3
1800,0.848133,,0.877500,0.851700,1.352,2392.7
1801,0.848167,,0.877500,0.851700,1.346,2394.0
1802,0.851200,,0.877500,0.851700,1.345,2395.3
1803,0.850300,,0.877500,0.851700,1.375,2396.7
1804,0.850433,,0.877500,0.851700,1.371,2398.1
1805,0.850650,,0.877500,0.851700,1.374,2399.5
1806,0.851617,,0.877500,0.851700,1.373,2400.8
1807,0.850600,,0.877500,0.851700,1.373,2402.2
1808,0.850467,,0.877500,0.851700,1.375,2403.6
1809,0.850983,,0.877500,0.851700,1.374,2405.0
1810,0.850250,,0.877500,0.851700,1.370,2406.3
1811,0.848567,,0.877500,0.851700,1.370,2407.7
1812,0.849600,,0.877500,0.851700,1.375,2409.1
1813,0.850350,,0.877500,0.851700,1.371,2410.4
1814,0.849400,,0.877500,0.851700,1.371,2411.8
1815,0.850750,,0.877500,0.851700,1.370,2413.2
1816,0.849167,,0.877500,0.851700,1.379,2414.6
1817,0.850667,,0.877500,0.851700,1.371,2415.9
1818,0.849383,,0.877500,0.851700,1.371,2417.3
1819,0.849383,,0.877500,0.851700,1.374,2418.7
1820,0.848683,,0.877500,0.851700,1.372,2420.1
1821,0.849700,,0.877500,0.851700,1.372,2421.4
1822,0.850150,,0.877500,0.851700,1.370,2422.8
1823,0.850333,,0.877500,0.851700,1.376,2424.2
1824,0.849667,,0.877500,0.851700,1.370,2425.5
1825,0.850617,,0.877500,0.851700,1.371,2426.9
1826,0.850000,,0.877500,0.851700,1.371,2428.3
1827,0.850217,,0.877500,0.851700,1.378,2429.7
1828,0.850150,,0.877500,0.851700,1.371,2431.0
1829,0.851017,,0.877500,0.851700,1.332,2432.4
1830,0.848900,,0.877500,0.851700,1.341,2433.7
1831,0.850783,,0.877500,0.851700,1.375,2435.1
1832,0.849150,,0.877500,0.851700,1.371,2436.4
1833,0.850550,,0.877500,0.851700,1.372,2437.8
1834,0.848367,,0.877500,0.851700,1.372,2439.2
1835,0.848900,,0.877500,0.851700,1.343,2440.5
1836,0.850317,,0.877500,0.851700,1.341,2441.9
1837,0.849067,,0.877500,0.851700,1.343,2443.2
1838,0.849733,,0.877500,0.851700,1.351,2444.6
1839,0.850467,,0.877500,0.851700,1.344,2445.9
1840,0.850300,,0.877500,0.851700,1.347,2447.3
1841,0.850767,,0.877500,0.851700,1.344,2448.6
1842,0.849783,,0.877500,0.851700,1.348,2450.0
1843,0.848583,,0.877500,0.851700,1.343,2451.3
1844,0.850267,,0.877500,0.851700,1.341,2452.6
1845,0.849200,,0.877500,0.851700,1.342,2454.0
1846,0.852417,,0.877500,0.852417,1.350,2455.3
1847,0.851600,,0.877500,0.852417,1.343,2456.7
1848,0.852767,,0.877500,0.852767,1.343,2458.0
1849,0.852250,,0.877500,0.852767,1.344,2459.4
1850,0.850267,,0.877500,0.852767,1.349,2460.7
1851,0.851067,,0.877500,0.852767,1.344,2462.0
1852,0.852233,,0.877500,0.852767,1.344,2463.4
1853,0.852600,,0.877500,0.852767,1.348,2464.7
1854,0.852200,,0.877500,0.852767,1.346,2466.1
1855,0.850667,,0.877500,0.852767,1.343,2467.4
1856,0.851700,,0.877500,0.852767,1.352,2468.8
1857,0.854617,,0.877500,0.854617,1.344,2470.1
1858,0.852583,,0.877500,0.854617,1.345,2471.5
1859,0.853367,,0.877500,0.854617,1.343,2472.8
1860,0.850517,,0.877500,0.854617,1.344,2474.2
1861,0.850733,,0.877500,0.854617,1.356,2475.5
1862,0.851967,,0.877500,0.854617,1.368,2476.9
1863,0.852350,,0.877500,0.854617,1.363,2478.2
1864,0.852450,,0.877500,0.854617,1.361,2479.6
1865,0.852183,,0.877500,0.854617,1.376,2481.0
1866,0.850817,,0.877500,0.854617,1.374,2482.4
1867,0.851833,,0.877500,0.854617,1.373,2483.7
1868,0.851850,,0.877500,0.854617,1.374,2485.1
1869,0.851867,,0.877500,0.854617,1.336,2486.4
1870,0.852083,,0.877500,0.854617,1.330,2487.8
1871,0.852833,,0.877500,0.854617,1.330,2489.1
1872,0.854133,,0.877500,0.854617,1.332,2490.4
1873,0.852133,,0.877500,0.854617,1.333,2491.8
1874,0.853117,,0.877500,0.854617,1.334,2493.1
1875,0.851767,,0.877500,0.854617,1.340,2494.4
1876,0.853117,,0.877500,0.854617,1.333,2495.8
1877,0.853350,,0.877500,0.854617,1.331,2497.1
1878,0.852967,,0.877500,0.854617,1.331,2498.4
1879,0.852000,,0.877500,0.854617,1.332,2499.8
1880,0.854533,,0.877500,0.854617,1.334,2501.1
1881,0.854117,,0.877500,0.854617,1.410,2502.5
1882,0.851633,,0.877500,0.854617,1.335,2503.8
1883,0.851717,,0.877500,0.854617,1.332,2505.2
1884,0.852617,,0.877500,0.854617,1.343,2506.5
1885,0.853083,,0.877500,0.854617,1.332,2507.9
1886,0.853217,,0.877500,0.854617,1.330,2509.2
1887,0.854383,,0.877500,0.854617,1.332,2510.5
1888,0.855300,,0.877500,0.855300,1.339,2511.9
1889,0.854500,,0.877500,0.855300,1.333,2513.2
1890,0.855650,,0.877500,0.855650,1.332,2514.5
1891,0.854417,,0.877500,0.855650,1.327,2515.8
1892,0.854117,,0.877500,0.855650,1.432,2517.3
1893,0.852950,,0.877500,0.855650,1.345,2518.6
1894,0.854050,,0.877500,0.855650,1.332,2520.0
1895,0.853383,,0.877500,0.855650,1.332,2521.3
1896,0.852267,,0.877500,0.855650,1.337,2522.6
1897,0.853433,,0.877500,0.855650,1.331,2524.0
1898,0.854317,,0.877500,0.855650,1.333,2525.3
1899,0.856433,,0.877500,0.856433,1.335,2526.6
1900,0.855333,,0.877500,0.856433,1.332,2528.0
1901,0.853550,,0.877500,0.856433,1.331,2529.3
1902,0.852300,,0.877500,0.856433,1.329,2530.6
1903,0.854467,,0.877500,0.856433,1.334,2531.9
1904,0.852450,,0.877500,0.856433,1.491,2533.4
1905,0.855100,,0.877500,0.856433,1.355,2534.8
1906,0.854450,,0.877500,0.856433,1.332,2536.1
1907,0.853967,,0.877500,0.856433,1.337,2537.5
1908,0.853467,,0.877500,0.856433,1.330,2538.8
1909,0.853367,,0.877500,0.856433,1.330,2540.1
1910,0.854633,,0.877500,0.856433,1.329,2541.5
1911,0.855200,,0.877500,0.856433,1.335,2542.8
1912,0.855000,,0.877500,0.856433,1.333,2544.1
1913,0.854117,,0.877500,0.856433,1.332,2545.5
1914,0.854317,,0.877500,0.856433,1.330,2546.8
1915,0.854933,,0.877500,0.856433,1.423,2548.2
1916,0.854833,,0.877500,0.856433,1.345,2549.6
1917,0.854200,,0.877500,0.856433,1.333,2550.9
1918,0.856133,,0.877500,0.856433,1.333,2552.2
1919,0.855083,,0.877500,0.856433,1.336,2553.6
1920,0.855383,,0.877500,0.856433,1.327,2554.9
1921,0.856367,,0.877500,0.856433,1.326,2556.2
1922,0.853500,,0.877500,0.856433,1.328,2557.5
1923,0.853750,,0.877500,0.856433,1.332,2558.9
1924,0.855750,,0.877500,0.856433,1.331,2560.2
1925,0.855083,,0.877500,0.856433,1.337,2561.5
1926,0.857000,,0.877500,0.857000,1.331,2562.9
1927,0.853033,,0.877500,0.857000,1.338,2564.2
1928,0.853667,,0.877500,0.857000,1.327,2565.5
1929,0.855333,,0.877500,0.857000,1.329,2566.9
1930,0.854067,,0.877500,0.857000,1.336,2568.2
1931,0.854033,,0.877500,0.857000,1.329,2569.5
1932,0.854300,,0.877500,0.857000,1.339,2570.9
1933,0.856967,,0.877500,0.857000,1.340,2572.2
1934,0.853367,,0.877500,0.857000,1.345,2573.5
1935,0.856917,,0.877500,0.857000,1.338,2574.9
1936,0.854800,,0.877500,0.857000,1.338,2576.2
1937,0.854500,,0.877500,0.857000,1.339,2577.6
1938,0.854850,,0.877500,0.857000,1.345,2578.9
1939,0.855033,,0.877500,0.857000,1.339,2580.2
1940,0.855483,,0.877500,0.857000,1.334,2581.6
1941,0.855050,,0.877500,0.857000,1.327,2582.9
1942,0.856967,,0.877500,0.857000,1.334,2584.2
1943,0.855583,,0.877500,0.857000,1.329,2585.6
1944,0.855483,,0.877500,0.857000,1.330,2586.9
1945,0.855567,,0.877500,0.857000,1.330,2588.2
1946,0.855083,,0.877500,0.857000,1.335,2589.6
1947,0.857183,,0.877500,0.857183,1.331,2590.9
1948,0.856100,,0.877500,0.857183,1.338,2592.2
1949,0.854683,,0.877500,0.857183,1.328,2593.6
1950,0.855567,,0.877500,0.857183,1.339,2594.9
1951,0.856583,,0.877500,0.857183,1.332,2596.2
1952,0.855000,,0.877500,0.857183,1.330,2597.6
1953,0.857150,,0.877500,0.857183,1.333,2598.9
1954,0.854117,,0.877500,0.857183,1.334,2600.2
1955,0.856100,,0.877500,0.857183,1.333,2601.6
1956,0.854967,,0.877500,0.857183,1.328,2602.9
1957,0.855133,,0.877500,0.857183,1.336,2604.2
1958,0.854050,,0.877500,0.857183,1.332,2605.6
1959,0.855617,,0.877500,0.857183,1.330,2606.9
1960,0.855450,,0.877500,0.857183,1.331,2608.2
1961,0.856650,,0.877500,0.857183,1.335,2609.6
1962,0.856367,,0.877500,0.857183,1.330,2610.9
1963,0.854967,,0.877500,0.857183,1.332,2612.2
1964,0.856383,,0.877500,0.857183,1.324,2613.5
1965,0.857017,,0.877500,0.857183,1.336,2614.9
1966,0.856567,,0.877500,0.857183,1.331,2616.2
1967,0.857233,,0.877500,0.857233,1.328,2617.5
1968,0.857250,,0.877500,0.857250,1.324,2618.9
1969,0.856767,,0.877500,0.857250,1.336,2620.2
1970,0.856667,,0.877500,0.857250,1.331,2621.5
1971,0.857767,,0.877500,0.857767,1.339,2622.9
1972,0.853800,,0.877500,0.857767,1.330,2624.2
1973,0.856800,,0.877500,0.857767,1.334,2625.5
1974,0.855050,,0.877500,0.857767,1.328,2626.9
1975,0.855850,,0.877500,0.857767,1.340,2628.2
1976,0.858233,,0.877500,0.858233,1.333,2629.5
1977,0.856300,,0.877500,0.858233,1.333,2630.9
1978,0.855900,,0.877500,0.858233,1.327,2632.2
1979,0.856783,,0.877500,0.858233,1.328,2633.5
1980,0.857650,,0.877500,0.858233,1.332,2634.9
1981,0.858067,,0.877500,0.858233,1.332,2636.2
1982,0.857250,,0.877500,0.858233,1.332,2637.5
1983,0.855967,,0.877500,0.858233,1.330,2638.8
1984,0.859233,,0.877500,0.859233,1.334,2640.2
1985,0.857483,,0.877500,0.859233,1.333,2641.5
1986,0.858000,,0.877500,0.859233,1.339,2642.9
1987,0.857600,,0.877500,0.859233,1.333,2644.2
1988,0.858400,,0.877500,0.859233,1.343,2645.5
1989,0.858483,,0.877500,0.859233,1.337,2646.9
1990,0.858633,,0.877500,0.859233,1.330,2648.2
1991,0.858567,,0.877500,0.859233,1.328,2649.5
1992,0.857267,,0.877500,0.859233,1.335,2650.9
1993,0.857533,,0.877500,0.859233,1.326,2652.2
1994,0.858450,,0.877500,0.859233,1.341,2653.5
1995,0.857733,,0.877500,0.859233,1.329,2654.9
1996,0.860700,,0.877500,0.860700,1.344,2656.2
1997,0.858983,,0.877500,0.860700,1.338,2657.5
1998,0.859333,,0.877500,0.860700,1.337,2658.9
1999,0.858567,,0.877500,0.860700,1.340,2660.2
2000,0.858217,0.910500,0.910500,0.860700,1.481,2661.7
2001,0.857067,,0.910500,0.860700,1.213,2662.9
2002,0.857833,,0.910500,0.860700,1.338,2664.2
2003,0.859233,,0.910500,0.860700,1.349,2665.6
2004,0.861133,,0.910500,0.861133,1.348,2666.9
2005,0.860250,,0.910500,0.861133,1.339,2668.3
2006,0.858500,,0.910500,0.861133,1.340,2669.6
2007,0.857600,,0.910500,0.861133,1.337,2671.0
2008,0.859317,,0.910500,0.861133,1.333,2672.3
2009,0.859683,,0.910500,0.861133,1.333,2673.6
2010,0.859167,,0.910500,0.861133,1.330,2675.0
2011,0.858050,,0.910500,0.861133,1.332,2676.3
2012,0.859600,,0.910500,0.861133,1.337,2677.6
2013,0.858850,,0.910500,0.861133,1.328,2679.0
2014,0.859050,,0.910500,0.861133,1.339,2680.3
2015,0.859833,,0.910500,0.861133,1.347,2681.6
2016,0.858900,,0.910500,0.861133,1.332,2683.0
2017,0.859133,,0.910500,0.861133,1.337,2684.3
2018,0.858883,,0.910500,0.861133,1.333,2685.6
2019,0.859717,,0.910500,0.861133,1.340,2687.0
2020,0.858817,,0.910500,0.861133,1.340,2688.3
2021,0.859333,,0.910500,0.861133,1.327,2689.7
2022,0.860567,,0.910500,0.861133,1.332,2691.0
2023,0.858517,,0.910500,0.861133,1.338,2692.3
2024,0.861767,,0.910500,0.861767,1.333,2693.7
2025,0.859383,,0.910500,0.861767,1.329,2695.0
2026,0.860750,,0.910500,0.861767,1.326,2696.3
2027,0.858783,,0.910500,0.861767,1.333,2697.6
2028,0.858933,,0.910500,0.861767,1.329,2699.0
2029,0.860367,,0.910500,0.861767,1.327,2700.3
2030,0.858200,,0.910500,0.861767,1.329,2701.6
2031,0.860483,,0.910500,0.861767,1.334,2703.0
2032,0.859517,,0.910500,0.861767,1.325,2704.3
2033,0.860050,,0.910500,0.861767,1.328,2705.6
2034,0.859717,,0.910500,0.861767,1.328,2706.9
2035,0.858617,,0.910500,0.861767,1.331,2708.3
2036,0.858150,,0.910500,0.861767,1.339,2709.6
2037,0.859950,,0.910500,0.861767,1.329,2710.9
2038,0.859167,,0.910500,0.861767,1.331,2712.3
2039,0.859467,,0.910500,0.861767,1.333,2713.6
2040,0.860717,,0.910500,0.861767,1.328,2714.9
2041,0.861883,,0.910500,0.861883,1.331,2716.3
2042,0.861700,,0.910500,0.861883,1.331,2717.6
2043,0.860383,,0.910500,0.861883,1.327,2718.9
2044,0.860267,,0.910500,0.861883,1.323,2720.2
2045,0.858817,,0.910500,0.861883,1.333,2721.6
2046,0.859650,,0.910500,0.861883,1.334,2722.9
2047,0.858800,,0.910500,0.861883,1.329,2724.2
2048,0.859783,,0.910500,0.861883,1.328,2725.6
2049,0.860183,,0.910500,0.861883,1.327,2726.9
2050,0.860367,,0.910500,0.861883,1.332,2728.2
2051,0.859217,,0.910500,0.861883,1.341,2729.6
2052,0.860600,,0.910500,0.861883,1.327,2730.9
2053,0.860733,,0.910500,0.861883,1.326,2732.2
2054,0.858683,,0.910500,0.861883,1.331,2733.6
2055,0.859733,,0.910500,0.861883,1.330,2734.9
2056,0.858567,,0.910500,0.861883,1.329,2736.2
2057,0.861383,,0.910500,0.861883,1.326,2737.5
2058,0.858750,,0.910500,0.861883,1.335,2738.9
2059,0.859933,,0.910500,0.861883,1.330,2740.2
2060,0.858683,,0.910500,0.861883,1.329,2741.5
2061,0.858183,,0.910500,0.861883,1.328,2742.9
2062,0.861500,,0.910500,0.861883,1.333,2744.2
2063,0.860300,,0.910500,0.861883,1.338,2745.5
2064,0.860000,,0.910500,0.861883,1.337,2746.9
2065,0.859033,,0.910500,0.861883,1.339,2748.2
2066,0.859417,,0.910500,0.861883,1.341,2749.5
2067,0.861767,,0.910500,0.861883,1.336,2750.9
2068,0.859667,,0.910500,0.861883,1.340,2752.2
2069,0.860683,,0.910500,0.861883,1.339,2753.6
2070,0.860133,,0.910500,0.861883,1.337,2754.9
2071,0.858517,,0.910500,0.861883,1.329,2756.2
2072,0.860950,,0.910500,0.861883,1.325,2757.6
2073,0.861450,,0.910500,0.861883,1.337,2758.9
2074,0.859450,,0.910500,0.861883,1.341,2760.2
2075,0.861817,,0.910500,0.861883,1.330,2761.6
2076,0.859333,,0.910500,0.861883,1.331,2762.9
2077,0.858933,,0.910500,0.861883,1.335,2764.2
2078,0.859233,,0.910500,0.861883,1.329,2765.6
2079,0.859883,,0.910500,0.861883,1.330,2766.9
2080,0.861133,,0.910500,0.861883,1.329,2768.2
2081,0.859400,,0.910500,0.861883,1.336,2769.6
2082,0.860933,,0.910500,0.861883,1.337,2770.9
2083,0.860650,,0.910500,0.861883,1.329,2772.2
2084,0.860717,,0.910500,0.861883,1.327,2773.5
2085,0.860833,,0.910500,0.861883,1.337,2774.9
2086,0.860900,,0.910500,0.861883,2.633,2777.5
2087,0.860517,,0.910500,0.861883,1.315,2778.8
2088,0.859500,,0.910500,0.861883,1.292,2780.1
2089,0.861983,,0.910500,0.861983,1.289,2781.4
2090,0.861017,,0.910500,0.861983,1.288,2782.7
2091,0.860017,,0.910500,0.861983,1.289,2784.0
2092,0.861250,,0.910500,0.861983,1.298,2785.3
2093,0.861533,,0.910500,0.861983,1.291,2786.6
2094,0.861550,,0.910500,0.861983,1.302,2787.9
2095,0.861300,,0.910500,0.861983,1.303,2789.2
2096,0.861300,,0.910500,0.861983,1.293,2790.5
2097,0.860883,,0.910500,0.861983,1.292,2791.8
2098,0.860150,,0.910500,0.861983,1.289,2793.1
2099,0.862117,,0.910500,0.862117,1.290,2794.3
2100,0.861300,,0.910500,0.862117,1.306,2795.7
2101,0.860733,,0.910500,0.862117,1.299,2797.0
2102,0.861033,,0.910500,0.862117,1.296,2798.2
2103,0.861950,,0.910500,0.862117,1.300,2799.5
2104,0.860267,,0.910500,0.862117,1.302,2800.8
2105,0.861150,,0.910500,0.862117,1.311,2802.2
2106,0.861967,,0.910500,0.862117,1.331,2803.5
2107,0.861717,,0.910500,0.862117,1.302,2804.8
2108,0.861150,,0.910500,0.862117,1.304,2806.1
2109,0.861417,,0.910500,0.862117,1.313,2807.4
2110,0.863200,,0.910500,0.863200,1.320,2808.7
2111,0.860000,,0.910500,0.863200,1.314,2810.0
2112,0.862117,,0.910500,0.863200,1.320,2811.4
2113,0.861183,,0.910500,0.863200,1.311,2812.7
2114,0.861433,,0.910500,0.863200,1.310,2814.0
2115,0.861967,,0.910500,0.863200,1.307,2815.3
2116,0.862483,,0.910500,0.863200,1.316,2816.6
2117,0.862017,,0.910500,0.863200,1.310,2817.9
2118,0.861667,,0.910500,0.863200,1.312,2819.2
2119,0.861900,,0.910500,0.863200,1.313,2820.5
2120,0.861050,,0.910500,0.863200,1.311,2821.9
2121,0.862467,,0.910500,0.863200,1.305,2823.2
2122,0.862567,,0.910500,0.863200,1.305,2824.5
2123,0.862583,,0.910500,0.863200,1.305,2825.8
2124,0.860450,,0.910500,0.863200,1.306,2827.1
2125,0.862417,,0.910500,0.863200,1.306,2828.4
2126,0.861550,,0.910500,0.863200,1.306,2829.7
2127,0.861583,,0.910500,0.863200,1.305,2831.0
2128,0.862467,,0.910500,0.863200,1.310,2832.3
2129,0.859000,,0.910500,0.863200,1.307,2833.6
2130,0.862450,,0.910500,0.863200,1.314,2834.9
2131,0.862467,,0.910500,0.863200,1.315,2836.2
2132,0.861467,,0.910500,0.863200,1.315,2837.6
2133,0.862033,,0.910500,0.863200,1.316,2838.9
2134,0.861950,,0.910500,0.863200,1.305,2840.2
2135,0.861367,,0.910500,0.863200,1.313,2841.5
2136,0.863783,,0.910500,0.863783,1.308,2842.8
2137,0.861917,,0.910500,0.863783,1.306,2844.1
2138,0.861483,,0.910500,0.863783,1.308,2845.4
2139,0.862083,,0.910500,0.863783,1.304,2846.7
2140,0.862250,,0.910500,0.863783,1.307,2848.0
2141,0.860500,,0.910500,0.863783,1.305,2849.3
2142,0.862717,,0.910500,0.863783,1.307,2850.6
2143,0.862167,,0.910500,0.863783,1.308,2851.9
2144,0.863067,,0.910500,0.863783,1.308,2853.2
2145,0.861967,,0.910500,0.863783,1.305,2854.6
2146,0.861983,,0.910500,0.863783,1.306,2855.9
2147,0.861767,,0.910500,0.863783,1.307,2857.2
2148,0.864300,,0.910500,0.864300,1.305,2858.5
2149,0.861433,,0.910500,0.864300,1.306,2859.8
2150,0.860533,,0.910500,0.864300,1.307,2861.1
2151,0.862050,,0.910500,0.864300,1.306,2862.4
2152,0.860967,,0.910500,0.864300,1.304,2863.7
2153,0.861617,,0.910500,0.864300,1.306,2865.0
2154,0.859767,,0.910500,0.864300,1.307,2866.3
2155,0.864300,,0.910500,0.864300,1.308,2867.6
2156,0.861483,,0.910500,0.864300,1.305,2868.9
2157,0.859867,,0.910500,0.864300,1.302,2870.2
2158,0.861500,,0.910500,0.864300,1.306,2871.5
2159,0.861500,,0.910500,0.864300,1.320,2872.8
2160,0.862433,,0.910500,0.864300,1.343,2874.2
2161,0.863367,,0.910500,0.864300,1.396,2875.6
2162,0.863850,,0.910500,0.864300,1.324,2876.9
2163,0.863383,,0.910500,0.864300,1.333,2878.2
2164,0.862383,,0.910500,0.864300,1.315,2879.6
2165,0.862600,,0.910500,0.864300,1.306,2880.9
2166,0.862700,,0.910500,0.864300,1.294,2882.2
2167,0.862783,,0.910500,0.864300,1.315,2883.5
2168,0.863933,,0.910500,0.864300,1.337,2884.8
2169,0.862400,,0.910500,0.864300,1.333,2886.1
2170,0.862883,,0.910500,0.864300,1.337,2887.5
2171,0.865033,,0.910500,0.865033,1.343,2888.8
2172,0.863733,,0.910500,0.865033,1.310,2890.1
2173,0.862267,,0.910500,0.865033,1.316,2891.5
2174,0.862850,,0.910500,0.865033,1.367,2892.8
2175,0.863600,,0.910500,0.865033,1.316,2894.1
2176,0.863767,,0.910500,0.865033,1.330,2895.5
2177,0.864033,,0.910500,0.865033,1.316,2896.8
2178,0.864100,,0.910500,0.865033,1.333,2898.1
2179,0.863867,,0.910500,0.865033,1.305,2899.4
2180,0.864233,,0.910500,0.865033,1.337,2900.8
2181,0.862633,,0.910500,0.865033,1.348,2902.1
2182,0.863700,,0.910500,0.865033,1.346,2903.4
2183,0.863500,,0.910500,0.865033,1.306,2904.8
2184,0.862983,,0.910500,0.865033,1.306,2906.1
2185,0.862717,,0.910500,0.865033,1.316,2907.4
2186,0.864667,,0.910500,0.865033,1.379,2908.8
2187,0.864633,,0.910500,0.865033,1.348,2910.1
2188,0.862500,,0.910500,0.865033,1.349,2911.5
2189,0.864783,,0.910500,0.865033,1.344,2912.8
2190,0.862950,,0.910500,0.865033,1.349,2914.1
2191,0.865133,,0.910500,0.865133,1.342,2915.5
2192,0.865100,,0.910500,0.865133,1.343,2916.8
2193,0.864317,,0.910500,0.865133,1.347,2918.2
2194,0.864817,,0.910500,0.865133,1.342,2919.5
2195,0.863717,,0.910500,0.865133,1.340,2920.9
2196,0.862133,,0.910500,0.865133,1.341,2922.2
2197,0.864417,,0.910500,0.865133,1.336,2923.5
2198,0.863850,,0.910500,0.865133,1.344,2924.9
2199,0.864017,,0.910500,0.865133,1.341,2926.2
2200,0.864850,,0.910500,0.865133,1.337,2927.6
2201,0.863733,,0.910500,0.865133,1.354,2928.9
2202,0.864017,,0.910500,0.865133,1.346,2930.3
2203,0.862683,,0.910500,0.865133,1.328,2931.6
2204,0.863033,,0.910500,0.865133,1.313,2932.9
2205,0.863650,,0.910500,0.865133,1.331,2934.2
2206,0.863517,,0.910500,0.865133,1.330,2935.6
2207,0.862867,,0.910500,0.865133,1.323,2936.9
2208,0.864600,,0.910500,0.865133,1.305,2938.2
2209,0.865117,,0.910500,0.865133,1.298,2939.5
2210,0.864583,,0.910500,0.865133,1.300,2940.8
2211,0.864317,,0.910500,0.865133,1.299,2942.1
2212,0.864717,,0.910500,0.865133,1.297,2943.4
2213,0.864150,,0.910500,0.865133,1.298,2944.7
2214,0.864533,,0.910500,0.865133,1.335,2946.0
2215,0.862383,,0.910500,0.865133,1.365,2947.4
2216,0.863900,,0.910500,0.865133,1.357,2948.7
2217,0.864583,,0.910500,0.865133,1.362,2950.1
2218,0.866233,,0.910500,0.866233,1.357,2951.5
2219,0.864100,,0.910500,0.866233,1.318,2952.8
2220,0.863850,,0.910500,0.866233,1.333,2954.1
2221,0.862900,,0.910500,0.866233,1.328,2955.4
2222,0.864283,,0.910500,0.866233,1.308,2956.7
2223,0.863717,,0.910500,0.866233,1.303,2958.0
2224,0.863750,,0.910500,0.866233,1.344,2959.4
2225,0.863317,,0.910500,0.866233,1.339,2960.7
2226,0.865700,,0.910500,0.866233,1.335,2962.1
2227,0.864883,,0.910500,0.866233,1.341,2963.4
2228,0.866467,,0.910500,0.866467,1.359,2964.8
2229,0.863483,,0.910500,0.866467,1.322,2966.1
2230,0.863450,,0.910500,0.866467,1.305,2967.4
2231,0.863333,,0.910500,0.866467,1.322,2968.7
2232,0.864550,,0.910500,0.866467,1.328,2970.0
2233,0.865100,,0.910500,0.866467,1.338,2971.4
2234,0.864583,,0.910500,0.866467,1.347,2972.7
2235,0.866183,,0.910500,0.866467,1.337,2974.1
2236,0.865500,,0.910500,0.866467,1.336,2975.4
2237,0.865833,,0.910500,0.866467,1.338,2976.7
2238,0.866333,,0.910500,0.866467,1.340,2978.1
2239,0.865767,,0.910500,0.866467,1.349,2979.4
2240,0.864483,,0.910500,0.866467,1.341,2980.8
2241,0.864967,,0.910500,0.866467,1.336,2982.1
2242,0.864733,,0.910500,0.866467,1.336,2983.4
2243,0.865517,,0.910500,0.866467,1.337,2984.8
2244,0.865533,,0.910500,0.866467,1.338,2986.1
2245,0.865517,,0.910500,0.866467,1.336,2987.4
2246,0.865733,,0.910500,0.866467,1.338,2988.8
2247,0.864183,,0.910500,0.866467,1.344,2990.1
2248,0.865550,,0.910500,0.866467,1.341,2991.5
2249,0.865500,,0.910500,0.866467,1.337,2992.8
2250,0.865433,,0.910500,0.866467,1.340,2994.1
2251,0.866083,,0.910500,0.866467,1.339,2995.5
2252,0.863617,,0.910500,0.866467,1.332,2996.8
2253,0.863800,,0.910500,0.866467,1.340,2998.2
2254,0.864417,,0.910500,0.866467,1.350,2999.5
2255,0.867033,,0.910500,0.867033,1.337,3000.8
2256,0.866050,,0.910500,0.867033,1.338,3002.2
2257,0.867783,,0.910500,0.867783,1.335,3003.5
2258,0.867883,,0.910500,0.867883,1.337,3004.9
2259,0.865533,,0.910500,0.867883,1.344,3006.2
2260,0.868567,,0.910500,0.868567,1.342,3007.5
2261,0.866950,,0.910500,0.868567,1.307,3008.8
2262,0.865917,,0.910500,0.868567,1.335,3010.2
2263,0.867267,,0.910500,0.868567,1.333,3011.5
2264,0.866350,,0.910500,0.868567,1.336,3012.9
2265,0.866383,,0.910500,0.868567,1.337,3014.2
2266,0.868450,,0.910500,0.868567,1.333,3015.5
2267,0.866850,,0.910500,0.868567,1.341,3016.9
2268,0.867133,,0.910500,0.868567,1.330,3018.2
2269,0.868283,,0.910500,0.868567,1.321,3019.5
2270,0.866650,,0.910500,0.868567,1.329,3020.8
2271,0.867600,,0.910500,0.868567,1.326,3022.2
2272,0.865617,,0.910500,0.868567,1.322,3023.5
2273,0.867500,,0.910500,0.868567,1.305,3024.8
2274,0.865117,,0.910500,0.868567,1.295,3026.1
2275,0.866967,,0.910500,0.868567,1.301,3027.4
2276,0.866267,,0.910500,0.868567,1.300,3028.7
2277,0.867450,,0.910500,0.868567,1.305,3030.0
2278,0.866067,,0.910500,0.868567,1.295,3031.3
2279,0.865267,,0.910500,0.868567,1.314,3032.6
2280,0.867317,,0.910500,0.868567,1.298,3033.9
2281,0.868233,,0.910500,0.868567,1.299,3035.2
2282,0.868367,,0.910500,0.868567,1.299,3036.5
2283,0.866700,,0.910500,0.868567,1.289,3037.8
2284,0.868033,,0.910500,0.868567,1.295,3039.1
2285,0.865833,,0.910500,0.868567,1.300,3040.4
2286,0.868233,,0.910500,0.868567,1.298,3041.7
2287,0.865933,,0.910500,0.868567,1.299,3043.0
2288,0.868567,,0.910500,0.868567,1.295,3044.3
2289,0.869483,,0.910500,0.869483,1.307,3045.6
2290,0.868533,,0.910500,0.869483,1.295,3046.9
2291,0.868683,,0.910500,0.869483,1.296,3048.2
2292,0.868700,,0.910500,0.869483,1.290,3049.5
2293,0.869117,,0.910500,0.869483,1.291,3050.8
2294,0.867183,,0.910500,0.869483,1.290,3052.0
2295,0.868967,,0.910500,0.869483,1.292,3053.3
2296,0.867933,,0.910500,0.869483,1.292,3054.6
2297,0.868750,,0.910500,0.869483,1.297,3055.9
2298,0.867567,,0.910500,0.869483,1.289,3057.2
2299,0.868500,,0.910500,0.869483,1.298,3058.5
2300,0.868567,,0.910500,0.869483,1.293,3059.8
2301,0.868900,,0.910500,0.869483,1.289,3061.1
2302,0.868867,,0.910500,0.869483,1.300,3062.4
2303,0.868067,,0.910500,0.869483,1.300,3063.7
2304,0.868483,,0.910500,0.869483,1.302,3065.0
2305,0.870867,,0.910500,0.870867,1.300,3066.3
2306,0.869400,,0.910500,0.870867,1.293,3067.6
2307,0.869233,,0.910500,0.870867,1.302,3068.9
2308,0.869983,,0.910500,0.870867,1.298,3070.2
2309,0.869850,,0.910500,0.870867,1.294,3071.5
2310,0.869833,,0.910500,0.870867,1.301,3072.8
2311,0.869700,,0.910500,0.870867,1.297,3074.1
2312,0.868817,,0.910500,0.870867,1.293,3075.4
2313,0.868983,,0.910500,0.870867,1.297,3076.7
2314,0.868783,,0.910500,0.870867,1.310,3078.0
2315,0.869783,,0.910500,0.870867,1.320,3079.3
2316,0.868750,,0.910500,0.870867,1.324,3080.6
2317,0.869833,,0.910500,0.870867,1.329,3082.0
2318,0.868617,,0.910500,0.870867,1.325,3083.3
2319,0.869867,,0.910500,0.870867,1.326,3084.6
2320,0.868283,,0.910500,0.870867,1.326,3085.9
2321,0.869433,,0.910500,0.870867,1.334,3087.3
2322,0.869917,,0.910500,0.870867,1.324,3088.6
2323,0.868100,,0.910500,0.870867,1.325,3089.9
2324,0.869667,,0.910500,0.870867,1.328,3091.2
2325,0.870933,,0.910500,0.870933,1.332,3092.6
2326,0.869300,,0.910500,0.870933,1.326,3093.9
2327,0.869667,,0.910500,0.870933,1.326,3095.2
2328,0.870833,,0.910500,0.870933,1.323,3096.6
2329,0.869600,,0.910500,0.870933,1.322,3097.9
2330,0.868917,,0.910500,0.870933,1.329,3099.2
2331,0.869300,,0.910500,0.870933,1.326,3100.5
2332,0.869883,,0.910500,0.870933,1.326,3101.9
2333,0.871367,,0.910500,0.871367,1.326,3103.2
2334,0.870117,,0.910500,0.871367,1.325,3104.5
2335,0.868133,,0.910500,0.871367,1.319,3105.8
2336,0.869900,,0.910500,0.871367,1.326,3107.2
2337,0.871700,,0.910500,0.871700,1.326,3108.5
2338,0.870400,,0.910500,0.871700,1.337,3109.8
2339,0.869300,,0.910500,0.871700,1.330,3111.1
2340,0.871250,,0.910500,0.871700,1.333,3112.5
2341,0.871617,,0.910500,0.871700,1.334,3113.8
2342,0.870533,,0.910500,0.871700,1.337,3115.1
2343,0.870133,,0.910500,0.871700,1.334,3116.5
2344,0.870533,,0.910500,0.871700,1.331,3117.8
2345,0.871567,,0.910500,0.871700,1.333,3119.1
2346,0.871233,,0.910500,0.871700,1.323,3120.5
2347,0.872000,,0.910500,0.872000,1.321,3121.8
2348,0.871167,,0.910500,0.872000,1.335,3123.1
2349,0.873033,,0.910500,0.873033,1.323,3124.4
2350,0.869850,,0.910500,0.873033,1.333,3125.8
2351,0.869767,,0.910500,0.873033,1.323,3127.1
2352,0.869100,,0.910500,0.873033,1.338,3128.4
2353,0.872583,,0.910500,0.873033,1.329,3129.8
2354,0.870683,,0.910500,0.873033,1.331,3131.1
2355,0.870900,,0.910500,0.873033,1.325,3132.4
2356,0.870800,,0.910500,0.873033,1.335,3133.8
2357,0.871267,,0.910500,0.873033,1.332,3135.1
2358,0.872483,,0.910500,0.873033,1.333,3136.4
2359,0.871483,,0.910500,0.873033,1.331,3137.8
2360,0.872783,,0.910500,0.873033,1.295,3139.1
2361,0.871233,,0.910500,0.873033,1.296,3140.3
2362,0.871900,,0.910500,0.873033,1.296,3141.6
2363,0.870850,,0.910500,0.873033,1.295,3142.9
2364,0.871450,,0.910500,0.873033,1.296,3144.2
2365,0.869500,,0.910500,0.873033,1.297,3145.5
2366,0.871983,,0.910500,0.873033,1.304,3146.8
2367,0.870350,,0.910500,0.873033,1.296,3148.1
2368,0.871550,,0.910500,0.873033,1.297,3149.4
2369,0.872117,,0.910500,0.873033,1.299,3150.7
2370,0.871967,,0.910500,0.873033,1.314,3152.0
2371,0.868833,,0.910500,0.873033,1.322,3153.4
2372,0.871767,,0.910500,0.873033,1.293,3154.7
2373,0.871067,,0.910500,0.873033,1.291,3155.9
2374,0.871617,,0.910500,0.873033,1.291,3157.2
2375,0.872383,,0.910500,0.873033,1.297,3158.5
2376,0.872717,,0.910500,0.873033,1.294,3159.8
2377,0.870967,,0.910500,0.873033,1.292,3161.1
2378,0.871350,,0.910500,0.873033,1.283,3162.4
2379,0.872767,,0.910500,0.873033,1.284,3163.7
2380,0.871417,,0.910500,0.873033,1.285,3165.0
2381,0.871650,,0.910500,0.873033,1.287,3166.3
2382,0.869950,,0.910500,0.873033,1.286,3167.5
2383,0.871333,,0.910500,0.873033,1.296,3168.8
2384,0.869900,,0.910500,0.873033,1.292,3170.1
2385,0.873417,,0.910500,0.873417,1.289,3171.4
2386,0.872667,,0.910500,0.873417,1.282,3172.7
2387,0.871933,,0.910500,0.873417,1.279,3174.0
2388,0.872533,,0.910500,0.873417,1.302,3175.3
2389,0.871883,,0.910500,0.873417,1.275,3176.6
2390,0.872217,,0.910500,0.873417,1.286,3177.8
2391,0.871100,,0.910500,0.873417,1.274,3179.1
2392,0.871917,,0.910500,0.873417,1.270,3180.4
2393,0.870617,,0.910500,0.873417,1.289,3181.7
2394,0.872567,,0.910500,0.873417,1.275,3183.0
2395,0.870100,,0.910500,0.873417,1.282,3184.2
2396,0.872833,,0.910500,0.873417,1.280,3185.5
2397,0.871917,,0.910500,0.873417,1.282,3186.8
2398,0.871333,,0.910500,0.873417,1.280,3188.1
2399,0.871600,,0.910500,0.873417,1.647,3189.7
2400,0.871450,,0.910500,0.873417,1.287,3191.0
2401,0.873067,,0.910500,0.873417,1.283,3192.3
2402,0.871683,,0.910500,0.873417,1.295,3193.6
2403,0.872950,,0.910500,0.873417,1.286,3194.9
2404,0.872417,,0.910500,0.873417,1.275,3196.2
2405,0.871383,,0.910500,0.873417,1.289,3197.4
2406,0.871983,,0.910500,0.873417,1.276,3198.7
2407,0.870033,,0.910500,0.873417,1.278,3200.0
2408,0.873017,,0.910500,0.873417,1.297,3201.3
2409,0.871667,,0.910500,0.873417,1.319,3202.6
2410,0.871917,,0.910500,0.873417,1.341,3204.0
2411,0.871933,,0.910500,0.873417,1.325,3205.3
2412,0.871583,,0.910500,0.873417,1.317,3206.6
2413,0.871433,,0.910500,0.873417,1.285,3207.9
2414,0.870717,,0.910500,0.873417,1.305,3209.2
2415,0.875000,,0.910500,0.875000,1.291,3210.5
2416,0.872167,,0.910500,0.875000,1.288,3211.8
2417,0.872583,,0.910500,0.875000,1.300,3213.1
2418,0.870967,,0.910500,0.875000,1.295,3214.4
2419,0.872450,,0.910500,0.875000,1.330,3215.7
2420,0.871717,,0.910500,0.875000,1.378,3217.1
2421,0.872150,,0.910500,0.875000,1.333,3218.4
2422,0.871850,,0.910500,0.875000,1.327,3219.7
2423,0.872550,,0.910500,0.875000,1.323,3221.0
2424,0.870483,,0.910500,0.875000,1.355,3222.4
2425,0.874317,,0.910500,0.875000,1.328,3223.7
2426,0.871333,,0.910500,0.875000,1.322,3225.1
2427,0.871200,,0.910500,0.875000,1.321,3226.4
2428,0.871417,,0.910500,0.875000,1.350,3227.7
2429,0.873533,,0.910500,0.875000,1.337,3229.1
2430,0.871683,,0.910500,0.875000,1.329,3230.4
2431,0.871267,,0.910500,0.875000,1.369,3231.8
2432,0.870667,,0.910500,0.875000,1.342,3233.1
2433,0.873500,,0.910500,0.875000,1.325,3234.4
2434,0.872267,,0.910500,0.875000,1.330,3235.8
2435,0.871867,,0.910500,0.875000,1.329,3237.1
2436,0.872817,,0.910500,0.875000,1.330,3238.4
2437,0.871633,,0.910500,0.875000,1.324,3239.7
2438,0.874933,,0.910500,0.875000,1.318,3241.1
2439,0.871717,,0.910500,0.875000,1.320,3242.4
2440,0.872367,,0.910500,0.875000,1.349,3243.7
2441,0.872350,,0.910500,0.875000,1.300,3245.0
2442,0.871267,,0.910500,0.875000,1.325,3246.3
2443,0.873550,,0.910500,0.875000,1.306,3247.7
2444,0.870250,,0.910500,0.875000,1.323,3249.0
2445,0.874000,,0.910500,0.875000,1.348,3250.3
2446,0.871433,,0.910500,0.875000,1.334,3251.7
2447,0.872833,,0.910500,0.875000,1.315,3253.0
2448,0.872300,,0.910500,0.875000,1.345,3254.3
2449,0.872233,,0.910500,0.875000,1.324,3255.6
2450,0.874067,,0.910500,0.875000,1.323,3257.0
2451,0.872583,,0.910500,0.875000,1.318,3258.3
2452,0.872617,,0.910500,0.875000,1.343,3259.6
2453,0.873133,,0.910500,0.875000,1.328,3261.0
2454,0.873617,,0.910500,0.875000,1.314,3262.3
2455,0.873500,,0.910500,0.875000,1.354,3263.6
2456,0.873967,,0.910500,0.875000,1.326,3264.9
2457,0.873500,,0.910500,0.875000,1.337,3266.3
2458,0.872317,,0.910500,0.875000,1.325,3267.6
2459,0.874200,,0.910500,0.875000,1.324,3268.9
2460,0.873850,,0.910500,0.875000,1.341,3270.3
2461,0.873367,,0.910500,0.875000,1.336,3271.6
2462,0.873367,,0.910500,0.875000,1.321,3272.9
2463,0.872600,,0.910500,0.875000,1.313,3274.2
2464,0.872933,,0.910500,0.875000,1.346,3275.6
2465,0.873133,,0.910500,0.875000,1.328,3276.9
2466,0.874450,,0.910500,0.875000,1.324,3278.2
2467,0.874883,,0.910500,0.875000,1.336,3279.6
2468,0.874217,,0.910500,0.875000,1.298,3280.9
2469,0.873217,,0.910500,0.875000,1.299,3282.2
2470,0.874583,,0.910500,0.875000,1.291,3283.5
2471,0.874600,,0.910500,0.875000,1.321,3284.8
2472,0.873867,,0.910500,0.875000,1.295,3286.1
2473,0.873017,,0.910500,0.875000,1.296,3287.4
2474,0.873333,,0.910500,0.875000,1.295,3288.7
2475,0.873750,,0.910500,0.875000,1.338,3290.0
2476,0.873950,,0.910500,0.875000,1.331,3291.3
2477,0.872033,,0.910500,0.875000,1.329,3292.7
2478,0.874867,,0.910500,0.875000,1.329,3294.0
2479,0.873867,,0.910500,0.875000,1.328,3295.3
2480,0.876333,,0.910500,0.876333,1.330,3296.7
2481,0.874367,,0.910500,0.876333,1.328,3298.0
2482,0.870733,,0.910500,0.876333,1.315,3299.3
2483,0.874800,,0.910500,0.876333,1.319,3300.6
2484,0.873417,,0.910500,0.876333,1.322,3301.9
2485,0.872850,,0.910500,0.876333,1.320,3303.3
2486,0.872750,,0.910500,0.876333,1.320,3304.6
2487,0.872883,,0.910500,0.876333,1.320,3305.9
2488,0.874167,,0.910500,0.876333,1.318,3307.2
2489,0.874283,,0.910500,0.876333,1.320,3308.5
2490,0.875617,,0.910500,0.876333,1.321,3309.9
2491,0.874283,,0.910500,0.876333,1.319,3311.2
2492,0.874250,,0.910500,0.876333,1.323,3312.5
2493,0.875167,,0.910500,0.876333,1.321,3313.8
2494,0.874067,,0.910500,0.876333,1.320,3315.1
2495,0.874933,,0.910500,0.876333,1.318,3316.5
2496,0.873917,,0.910500,0.876333,1.324,3317.8
2497,0.874217,,0.910500,0.876333,1.324,3319.1
2498,0.873350,,0.910500,0.876333,1.318,3320.4
2499,0.873717,,0.910500,0.876333,1.321,3321.7
2500,0.875017,,0.910500,0.876333,1.320,3323.1
2501,0.874983,,0.910500,0.876333,1.327,3324.4
2502,0.873850,,0.910500,0.876333,1.328,3325.7
2503,0.874450,,0.910500,0.876333,1.318,3327.0
2504,0.873950,,0.910500,0.876333,1.323,3328.4
2505,0.874633,,0.910500,0.876333,1.313,3329.7
2506,0.874067,,0.910500,0.876333,1.314,3331.0
2507,0.874533,,0.910500,0.876333,1.307,3332.3
2508,0.874000,,0.910500,0.876333,1.306,3333.6
2509,0.873050,,0.910500,0.876333,1.298,3334.9
2510,0.875183,,0.910500,0.876333,1.318,3336.2
2511,0.873300,,0.910500,0.876333,1.322,3337.5
2512,0.872933,,0.910500,0.876333,1.321,3338.9
2513,0.874883,,0.910500,0.876333,1.321,3340.2
2514,0.875400,,0.910500,0.876333,1.323,3341.5
2515,0.875617,,0.910500,0.876333,1.322,3342.8
2516,0.873600,,0.910500,0.876333,1.333,3344.2
2517,0.874650,,0.910500,0.876333,1.331,3345.5
2518,0.875950,,0.910500,0.876333,1.331,3346.8
2519,0.873950,,0.910500,0.876333,1.332,3348.2
2520,0.873433,,0.910500,0.876333,1.329,3349.5
2521,0.875183,,0.910500,0.876333,1.331,3350.8
2522,0.872900,,0.910500,0.876333,1.330,3352.1
2523,0.874383,,0.910500,0.876333,1.321,3353.5
2524,0.875683,,0.910500,0.876333,1.321,3354.8
2525,0.874667,,0.910500,0.876333,1.319,3356.1
2526,0.874900,,0.910500,0.876333,1.319,3357.4
2527,0.873283,,0.910500,0.876333,1.319,3358.7
2528,0.874317,,0.910500,0.876333,1.323,3360.1
2529,0.875600,,0.910500,0.876333,1.331,3361.4
2530,0.875033,,0.910500,0.876333,1.324,3362.7
2531,0.876333,,0.910500,0.876333,1.320,3364.0
2532,0.876817,,0.910500,0.876817,1.320,3365.4
2533,0.874417,,0.910500,0.876817,1.321,3366.7
2534,0.877817,,0.910500,0.877817,1.321,3368.0
2535,0.873900,,0.910500,0.877817,1.322,3369.3
2536,0.874750,,0.910500,0.877817,1.353,3370.7
2537,0.874500,,0.910500,0.877817,1.327,3372.0
2538,0.873750,,0.910500,0.877817,1.318,3373.3
2539,0.872967,,0.910500,0.877817,1.320,3374.6
2540,0.875467,,0.910500,0.877817,1.325,3376.0
2541,0.875017,,0.910500,0.877817,1.323,3377.3
2542,0.875483,,0.910500,0.877817,1.347,3378.6
2543,0.875467,,0.910500,0.877817,1.323,3380.0
2544,0.875000,,0.910500,0.877817,1.319,3381.3
2545,0.874267,,0.910500,0.877817,1.347,3382.6
2546,0.875667,,0.910500,0.877817,1.325,3383.9
2547,0.874317,,0.910500,0.877817,1.321,3385.3
2548,0.875400,,0.910500,0.877817,1.336,3386.6
2549,0.875533,,0.910500,0.877817,1.339,3387.9
2550,0.875383,,0.910500,0.877817,1.324,3389.3
2551,0.873833,,0.910500,0.877817,1.321,3390.6
2552,0.874200,,0.910500,0.877817,1.359,3392.0
2553,0.877133,,0.910500,0.877817,1.329,3393.3
2554,0.874767,,0.910500,0.877817,1.321,3394.6
2555,0.875150,,0.910500,0.877817,1.323,3395.9
2556,0.875517,,0.910500,0.877817,1.357,3397.3
2557,0.876950,,0.910500,0.877817,1.340,3398.6
2558,0.875917,,0.910500,0.877817,2.884,3401.5
2559,0.876383,,0.910500,0.877817,3.878,3405.4
2560,0.876983,,0.910500,0.877817,6.614,3412.0
2561,0.875833,,0.910500,0.877817,6.550,3418.5
2562,0.877700,,0.910500,0.877817,3.641,3422.2
2563,0.875717,,0.910500,0.877817,6.249,3428.4
2564,0.875950,,0.910500,0.877817,3.744,3432.2
2565,0.876867,,0.910500,0.877817,6.143,3438.3
2566,0.876967,,0.910500,0.877817,3.728,3442.1
2567,0.876667,,0.910500,0.877817,3.847,3445.9
2568,0.876183,,0.910500,0.877817,6.421,3452.3
2569,0.875900,,0.910500,0.877817,3.909,3456.2
2570,0.875600,,0.910500,0.877817,6.207,3462.4
2571,0.876667,,0.910500,0.877817,3.659,3466.1
2572,0.876467,,0.910500,0.877817,3.714,3469.8
2573,0.876233,,0.910500,0.877817,6.335,3476.1
2574,0.875533,,0.910500,0.877817,3.645,3479.8
2575,0.875200,,0.910500,0.877817,6.061,3485.9
2576,0.874083,,0.910500,0.877817,3.910,3489.8
2577,0.876350,,0.910500,0.877817,6.629,3496.4
2578,0.876683,,0.910500,0.877817,4.074,3500.5
2579,0.876350,,0.910500,0.877817,6.890,3507.4
2580,0.876733,,0.910500,0.877817,10.377,3517.7
2581,0.876283,,0.910500,0.877817,5.872,3523.6
2582,0.877267,,0.910500,0.877817,10.462,3534.1
2583,0.876150,,0.910500,0.877817,10.556,3544.6
2584,0.877083,,0.910500,0.877817,10.891,3555.5
2585,0.877267,,0.910500,0.877817,5.939,3561.5
2586,0.877650,,0.910500,0.877817,10.455,3571.9
2587,0.876600,,0.910500,0.877817,5.364,3577.3
2588,0.877683,,0.910500,0.877817,1.327,3578.6
2589,0.877850,,0.910500,0.877850,1.323,3579.9
2590,0.877817,,0.910500,0.877850,1.367,3581.3
2591,0.876250,,0.910500,0.877850,1.352,3582.6
2592,0.874583,,0.910500,0.877850,2.906,3585.5
2593,0.874650,,0.910500,0.877850,6.508,3592.1
2594,0.878050,,0.910500,0.878050,6.000,3598.1
2595,0.875233,,0.910500,0.878050,3.838,3601.9
2596,0.877067,,0.910500,0.878050,3.653,3605.5
2597,0.876100,,0.910500,0.878050,6.075,3611.6
2598,0.876233,,0.910500,0.878050,3.700,3615.3
2599,0.877017,,0.910500,0.878050,6.309,3621.6
2600,0.876383,,0.910500,0.878050,3.659,3625.3
2601,0.874367,,0.910500,0.878050,6.208,3631.5
2602,0.876867,,0.910500,0.878050,3.744,3635.2
2603,0.875217,,0.910500,0.878050,3.864,3639.1
2604,0.877133,,0.910500,0.878050,6.088,3645.2
2605,0.876567,,0.910500,0.878050,6.627,3651.8
2606,0.876017,,0.910500,0.878050,6.920,3658.7
2607,0.876083,,0.910500,0.878050,6.964,3665.7
2608,0.876550,,0.910500,0.878050,6.772,3672.5
2609,0.875833,,0.910500,0.878050,6.939,3679.4
2610,0.875700,,0.910500,0.878050,8.639,3688.0
2611,0.877083,,0.910500,0.878050,5.567,3693.6
2612,0.877533,,0.910500,0.878050,10.262,3703.9
2613,0.876517,,0.910500,0.878050,9.976,3713.9
2614,0.876950,,0.910500,0.878050,5.566,3719.4
2615,0.877150,,0.910500,0.878050,5.639,3725.1
2616,0.875700,,0.910500,0.878050,9.973,3735.0
