epoch,train_acc,val_acc,best_val,best_train,w_err,cos_o,epoch_time,cum_time
0,0.101917,0.14900000393390656,0.149000,0.101917,5.082256393507123e-09,1.0,7.708,7.7
1,0.101317,,0.149000,0.101917,,,0.198,7.9
2,0.103567,,0.149000,0.103567,,,0.201,8.1
3,0.101983,,0.149000,0.103567,,,0.131,8.2
4,0.101733,,0.149000,0.103567,,,0.133,8.4
5,0.102467,,0.149000,0.103567,,,0.131,8.5
6,0.099950,,0.149000,0.103567,,,0.132,8.6
7,0.100183,,0.149000,0.103567,,,0.134,8.8
8,0.099600,,0.149000,0.103567,,,0.130,8.9
9,0.100517,,0.149000,0.103567,,,0.133,9.0
10,0.104183,,0.149000,0.104183,,,0.130,9.2
11,0.099367,,0.149000,0.104183,,,0.131,9.3
12,0.101583,,0.149000,0.104183,,,0.131,9.4
13,0.102183,,0.149000,0.104183,,,0.129,9.5
14,0.102033,,0.149000,0.104183,,,0.127,9.7
15,0.102233,,0.149000,0.104183,,,0.132,9.8
16,0.100533,,0.149000,0.104183,,,0.132,9.9
17,0.102333,,0.149000,0.104183,,,0.130,10.1
18,0.101650,,0.149000,0.104183,,,0.129,10.2
19,0.102883,,0.149000,0.104183,,,0.132,10.3
20,0.103683,,0.149000,0.104183,,,0.132,10.5
21,0.102683,,0.149000,0.104183,,,0.133,10.6
22,0.103100,,0.149000,0.104183,,,0.132,10.7
23,0.103283,,0.149000,0.104183,,,0.132,10.9
24,0.104083,,0.149000,0.104183,,,0.133,11.0
25,0.104183,,0.149000,0.104183,,,0.134,11.1
26,0.104450,,0.149000,0.104450,,,0.132,11.3
27,0.104000,,0.149000,0.104450,,,0.132,11.4
28,0.104200,,0.149000,0.104450,,,0.131,11.5
29,0.105483,,0.149000,0.105483,,,0.133,11.7
30,0.105867,,0.149000,0.105867,,,0.133,11.8
31,0.105517,,0.149000,0.105867,,,0.129,11.9
32,0.105017,,0.149000,0.105867,,,0.129,12.0
33,0.105167,,0.149000,0.105867,,,0.130,12.2
34,0.106500,,0.149000,0.106500,,,0.134,12.3
35,0.107817,,0.149000,0.107817,,,0.132,12.4
36,0.106700,,0.149000,0.107817,,,0.129,12.6
37,0.108517,,0.149000,0.108517,,,0.143,12.7
38,0.106517,,0.149000,0.108517,,,0.130,12.8
39,0.106850,,0.149000,0.108517,,,0.132,13.0
40,0.109667,,0.149000,0.109667,,,0.133,13.1
41,0.105717,,0.149000,0.109667,,,0.128,13.2
42,0.109233,,0.149000,0.109667,,,0.130,13.4
43,0.107550,,0.149000,0.109667,,,0.130,13.5
44,0.108417,,0.149000,0.109667,,,0.130,13.6
45,0.109733,,0.149000,0.109733,,,0.131,13.8
46,0.109283,,0.149000,0.109733,,,0.136,13.9
47,0.109283,,0.149000,0.109733,,,0.134,14.0
48,0.108617,,0.149000,0.109733,,,0.131,14.2
49,0.109217,,0.149000,0.109733,,,0.130,14.3
50,0.111700,,0.149000,0.111700,,,0.130,14.4
51,0.110033,,0.149000,0.111700,,,0.132,14.6
52,0.110900,,0.149000,0.111700,,,0.130,14.7
53,0.112633,,0.149000,0.112633,,,0.131,14.8
54,0.112283,,0.149000,0.112633,,,0.133,14.9
55,0.111367,,0.149000,0.112633,,,0.133,15.1
56,0.111633,,0.149000,0.112633,,,0.131,15.2
57,0.112333,,0.149000,0.112633,,,0.131,15.3
58,0.111133,,0.149000,0.112633,,,0.127,15.5
59,0.111467,,0.149000,0.112633,,,0.130,15.6
60,0.110983,,0.149000,0.112633,,,0.134,15.7
61,0.112633,,0.149000,0.112633,,,0.131,15.9
62,0.113000,,0.149000,0.113000,,,0.202,16.1
63,0.111733,,0.149000,0.113000,,,0.134,16.2
64,0.111683,,0.149000,0.113000,,,0.135,16.3
65,0.112317,,0.149000,0.113000,,,0.136,16.5
66,0.111683,,0.149000,0.113000,,,0.136,16.6
67,0.112617,,0.149000,0.113000,,,0.134,16.7
68,0.112717,,0.149000,0.113000,,,0.144,16.9
69,0.111883,,0.149000,0.113000,,,0.132,17.0
70,0.112483,,0.149000,0.113000,,,0.133,17.2
71,0.112933,,0.149000,0.113000,,,0.131,17.3
72,0.112600,,0.149000,0.113000,,,0.132,17.4
73,0.112383,,0.149000,0.113000,,,0.132,17.5
74,0.112500,,0.149000,0.113000,,,0.135,17.7
75,0.112950,,0.149000,0.113000,,,0.132,17.8
76,0.112117,,0.149000,0.113000,,,0.132,17.9
77,0.113200,,0.149000,0.113200,,,0.184,18.1
78,0.112883,,0.149000,0.113200,,,0.131,18.3
79,0.113383,,0.149000,0.113383,,,0.131,18.4
80,0.114217,,0.149000,0.114217,,,0.133,18.5
81,0.113483,,0.149000,0.114217,,,0.131,18.7
82,0.112083,,0.149000,0.114217,,,0.133,18.8
83,0.111733,,0.149000,0.114217,,,0.130,18.9
84,0.111650,,0.149000,0.114217,,,0.133,19.1
85,0.112383,,0.149000,0.114217,,,0.133,19.2
86,0.113283,,0.149000,0.114217,,,0.134,19.3
87,0.113100,,0.149000,0.114217,,,0.134,19.5
88,0.113250,,0.149000,0.114217,,,0.130,19.6
89,0.112200,,0.149000,0.114217,,,0.132,19.7
90,0.113000,,0.149000,0.114217,,,0.129,19.8
91,0.112383,,0.149000,0.114217,,,0.135,20.0
92,0.112033,,0.149000,0.114217,,,0.132,20.1
93,0.112317,,0.149000,0.114217,,,0.129,20.2
94,0.112817,,0.149000,0.114217,,,0.133,20.4
95,0.112867,,0.149000,0.114217,,,0.134,20.5
96,0.113400,,0.149000,0.114217,,,0.133,20.6
97,0.112867,,0.149000,0.114217,,,0.130,20.8
98,0.111883,,0.149000,0.114217,,,0.133,20.9
99,0.113183,,0.149000,0.114217,,,0.132,21.0
100,0.112367,0.11150000244379044,0.149000,0.114217,4.4929038267582655e-09,1.0,0.219,21.3
101,0.112517,,0.149000,0.114217,,,0.129,21.4
102,0.112650,,0.149000,0.114217,,,0.130,21.5
103,0.113133,,0.149000,0.114217,,,0.134,21.6
104,0.113317,,0.149000,0.114217,,,0.131,21.8
105,0.112117,,0.149000,0.114217,,,0.133,21.9
106,0.112450,,0.149000,0.114217,,,0.131,22.0
107,0.112400,,0.149000,0.114217,,,0.196,22.2
108,0.112750,,0.149000,0.114217,,,0.131,22.4
109,0.112967,,0.149000,0.114217,,,0.133,22.5
110,0.112550,,0.149000,0.114217,,,0.131,22.6
111,0.112400,,0.149000,0.114217,,,0.133,22.8
112,0.112600,,0.149000,0.114217,,,0.132,22.9
113,0.112567,,0.149000,0.114217,,,0.129,23.0
114,0.112333,,0.149000,0.114217,,,0.130,23.2
115,0.112817,,0.149000,0.114217,,,0.132,23.3
116,0.113050,,0.149000,0.114217,,,0.131,23.4
117,0.112733,,0.149000,0.114217,,,0.131,23.5
118,0.112750,,0.149000,0.114217,,,0.131,23.7
119,0.113683,,0.149000,0.114217,,,0.131,23.8
120,0.113367,,0.149000,0.114217,,,0.132,23.9
121,0.113467,,0.149000,0.114217,,,0.132,24.1
122,0.113450,,0.149000,0.114217,,,0.132,24.2
123,0.113700,,0.149000,0.114217,,,0.198,24.4
124,0.113883,,0.149000,0.114217,,,0.132,24.5
125,0.113033,,0.149000,0.114217,,,0.131,24.7
126,0.113233,,0.149000,0.114217,,,0.131,24.8
127,0.114117,,0.149000,0.114217,,,0.133,24.9
128,0.113733,,0.149000,0.114217,,,0.133,25.1
129,0.114483,,0.149000,0.114483,,,0.132,25.2
130,0.114633,,0.149000,0.114633,,,0.131,25.3
131,0.113567,,0.149000,0.114633,,,0.130,25.5
132,0.113867,,0.149000,0.114633,,,0.130,25.6
133,0.114100,,0.149000,0.114633,,,0.133,25.7
134,0.114750,,0.149000,0.114750,,,0.132,25.9
135,0.114467,,0.149000,0.114750,,,0.129,26.0
136,0.114450,,0.149000,0.114750,,,0.129,26.1
137,0.114733,,0.149000,0.114750,,,0.130,26.2
138,0.113800,,0.149000,0.114750,,,0.134,26.4
139,0.114983,,0.149000,0.114983,,,0.199,26.6
140,0.113667,,0.149000,0.114983,,,0.131,26.7
141,0.115717,,0.149000,0.115717,,,0.130,26.8
142,0.115133,,0.149000,0.115717,,,0.129,27.0
143,0.114433,,0.149000,0.115717,,,0.128,27.1
144,0.114267,,0.149000,0.115717,,,0.132,27.2
145,0.114850,,0.149000,0.115717,,,0.130,27.4
146,0.114633,,0.149000,0.115717,,,0.133,27.5
147,0.115483,,0.149000,0.115717,,,0.129,27.6
148,0.113767,,0.149000,0.115717,,,0.130,27.7
149,0.115383,,0.149000,0.115717,,,0.130,27.9
150,0.115117,,0.149000,0.115717,,,0.129,28.0
151,0.114133,,0.149000,0.115717,,,0.130,28.1
152,0.115900,,0.149000,0.115900,,,0.132,28.3
153,0.114867,,0.149000,0.115900,,,0.132,28.4
154,0.115700,,0.149000,0.115900,,,0.131,28.5
155,0.114733,,0.149000,0.115900,,,0.200,28.7
156,0.114100,,0.149000,0.115900,,,0.135,28.9
157,0.116000,,0.149000,0.116000,,,0.134,29.0
158,0.114783,,0.149000,0.116000,,,0.134,29.1
159,0.115917,,0.149000,0.116000,,,0.131,29.3
160,0.115100,,0.149000,0.116000,,,0.132,29.4
161,0.115400,,0.149000,0.116000,,,0.133,29.5
162,0.116750,,0.149000,0.116750,,,0.133,29.7
163,0.116217,,0.149000,0.116750,,,0.132,29.8
164,0.115850,,0.149000,0.116750,,,0.134,29.9
165,0.117100,,0.149000,0.117100,,,0.132,30.1
166,0.116400,,0.149000,0.117100,,,0.132,30.2
167,0.116233,,0.149000,0.117100,,,0.131,30.3
168,0.117850,,0.149000,0.117850,,,0.135,30.5
169,0.116950,,0.149000,0.117850,,,0.132,30.6
170,0.116783,,0.149000,0.117850,,,0.132,30.7
171,0.118000,,0.149000,0.118000,,,0.196,30.9
172,0.118500,,0.149000,0.118500,,,0.130,31.1
173,0.118550,,0.149000,0.118550,,,0.134,31.2
174,0.118933,,0.149000,0.118933,,,0.131,31.3
175,0.119383,,0.149000,0.119383,,,0.131,31.4
176,0.118917,,0.149000,0.119383,,,0.133,31.6
177,0.117533,,0.149000,0.119383,,,0.131,31.7
178,0.118667,,0.149000,0.119383,,,0.132,31.8
179,0.118683,,0.149000,0.119383,,,0.132,32.0
180,0.119200,,0.149000,0.119383,,,0.132,32.1
181,0.119700,,0.149000,0.119700,,,0.133,32.2
182,0.117783,,0.149000,0.119700,,,0.132,32.4
183,0.118517,,0.149000,0.119700,,,0.130,32.5
184,0.119300,,0.149000,0.119700,,,0.133,32.6
185,0.117567,,0.149000,0.119700,,,0.131,32.8
186,0.120067,,0.149000,0.120067,,,0.134,32.9
187,0.119517,,0.149000,0.120067,,,0.132,33.0
188,0.120667,,0.149000,0.120667,,,0.131,33.2
189,0.120117,,0.149000,0.120667,,,0.132,33.3
190,0.120483,,0.149000,0.120667,,,0.132,33.4
191,0.120617,,0.149000,0.120667,,,0.133,33.6
192,0.120500,,0.149000,0.120667,,,0.132,33.7
193,0.121300,,0.149000,0.121300,,,0.132,33.8
194,0.121050,,0.149000,0.121300,,,0.134,34.0
195,0.123067,,0.149000,0.123067,,,0.133,34.1
196,0.121717,,0.149000,0.123067,,,0.130,34.2
197,0.123333,,0.149000,0.123333,,,0.134,34.4
198,0.124167,,0.149000,0.124167,,,0.131,34.5
199,0.123117,,0.149000,0.124167,,,0.133,34.6
200,0.124000,0.11150000244379044,0.149000,0.124167,4.9367372412234545e-09,1.0,0.232,34.9
201,0.123400,,0.149000,0.124167,,,0.195,35.0
202,0.124983,,0.149000,0.124983,,,0.134,35.2
203,0.125783,,0.149000,0.125783,,,0.130,35.3
204,0.125950,,0.149000,0.125950,,,0.133,35.4
205,0.126850,,0.149000,0.126850,,,0.132,35.6
206,0.126133,,0.149000,0.126850,,,0.130,35.7
207,0.126050,,0.149000,0.126850,,,0.131,35.8
208,0.127050,,0.149000,0.127050,,,0.135,36.0
209,0.126400,,0.149000,0.127050,,,0.132,36.1
210,0.127883,,0.149000,0.127883,,,0.134,36.2
211,0.127200,,0.149000,0.127883,,,0.130,36.4
212,0.127750,,0.149000,0.127883,,,0.131,36.5
213,0.129483,,0.149000,0.129483,,,0.130,36.6
214,0.129850,,0.149000,0.129850,,,0.134,36.8
215,0.130583,,0.149000,0.130583,,,0.131,36.9
216,0.131683,,0.149000,0.131683,,,0.131,37.0
217,0.131133,,0.149000,0.131683,,,0.132,37.2
218,0.131550,,0.149000,0.131683,,,0.131,37.3
219,0.132083,,0.149000,0.132083,,,0.133,37.4
220,0.133283,,0.149000,0.133283,,,0.127,37.5
221,0.134650,,0.149000,0.134650,,,0.133,37.7
222,0.136867,,0.149000,0.136867,,,0.130,37.8
223,0.136133,,0.149000,0.136867,,,0.131,37.9
224,0.139600,,0.149000,0.139600,,,0.132,38.1
225,0.140083,,0.149000,0.140083,,,0.132,38.2
226,0.142383,,0.149000,0.142383,,,0.130,38.3
227,0.142917,,0.149000,0.142917,,,0.130,38.5
228,0.144200,,0.149000,0.144200,,,0.134,38.6
229,0.145283,,0.149000,0.145283,,,0.131,38.7
230,0.147133,,0.149000,0.147133,,,0.130,38.9
231,0.150700,,0.149000,0.150700,,,0.132,39.0
232,0.150733,,0.149000,0.150733,,,0.133,39.1
233,0.151667,,0.149000,0.151667,,,0.132,39.3
234,0.151750,,0.149000,0.151750,,,0.134,39.4
235,0.149950,,0.149000,0.151750,,,0.132,39.5
236,0.151967,,0.149000,0.151967,,,0.131,39.7
237,0.151350,,0.149000,0.151967,,,0.132,39.8
238,0.153033,,0.149000,0.153033,,,0.133,39.9
239,0.153483,,0.149000,0.153483,,,0.130,40.0
240,0.154133,,0.149000,0.154133,,,0.133,40.2
241,0.152317,,0.149000,0.154133,,,0.131,40.3
242,0.153433,,0.149000,0.154133,,,0.131,40.4
243,0.155850,,0.149000,0.155850,,,0.132,40.6
244,0.155400,,0.149000,0.155850,,,0.130,40.7
245,0.156850,,0.149000,0.156850,,,0.132,40.8
246,0.160483,,0.149000,0.160483,,,0.131,41.0
247,0.161050,,0.149000,0.161050,,,0.131,41.1
248,0.162467,,0.149000,0.162467,,,0.132,41.2
249,0.164217,,0.149000,0.164217,,,0.131,41.4
250,0.164550,,0.149000,0.164550,,,0.132,41.5
251,0.167017,,0.149000,0.167017,,,0.131,41.6
252,0.170500,,0.149000,0.170500,,,0.132,41.8
253,0.169567,,0.149000,0.170500,,,0.133,41.9
254,0.172717,,0.149000,0.172717,,,0.133,42.0
255,0.174383,,0.149000,0.174383,,,0.163,42.2
256,0.175583,,0.149000,0.175583,,,0.131,42.3
257,0.177517,,0.149000,0.177517,,,0.130,42.4
258,0.179400,,0.149000,0.179400,,,0.131,42.6
259,0.179683,,0.149000,0.179683,,,0.133,42.7
260,0.182467,,0.149000,0.182467,,,0.177,42.9
261,0.184350,,0.149000,0.184350,,,0.131,43.0
262,0.183867,,0.149000,0.184350,,,0.134,43.2
263,0.185683,,0.149000,0.185683,,,0.141,43.3
264,0.187067,,0.149000,0.187067,,,0.131,43.4
265,0.187283,,0.149000,0.187283,,,0.133,43.6
266,0.187267,,0.149000,0.187283,,,0.131,43.7
267,0.189867,,0.149000,0.189867,,,0.133,43.8
268,0.188883,,0.149000,0.189867,,,0.131,44.0
269,0.191667,,0.149000,0.191667,,,0.131,44.1
270,0.192167,,0.149000,0.192167,,,0.132,44.2
271,0.192983,,0.149000,0.192983,,,0.133,44.3
272,0.190650,,0.149000,0.192983,,,0.134,44.5
273,0.192267,,0.149000,0.192983,,,0.132,44.6
274,0.193600,,0.149000,0.193600,,,0.131,44.7
275,0.194850,,0.149000,0.194850,,,0.158,44.9
276,0.196383,,0.149000,0.196383,,,0.135,45.0
277,0.195683,,0.149000,0.196383,,,0.132,45.2
278,0.195117,,0.149000,0.196383,,,0.134,45.3
279,0.197433,,0.149000,0.197433,,,0.131,45.4
280,0.200933,,0.149000,0.200933,,,0.131,45.6
281,0.202150,,0.149000,0.202150,,,0.133,45.7
282,0.200650,,0.149000,0.202150,,,0.133,45.8
283,0.200867,,0.149000,0.202150,,,0.135,46.0
284,0.201733,,0.149000,0.202150,,,0.132,46.1
285,0.201567,,0.149000,0.202150,,,0.133,46.2
286,0.205650,,0.149000,0.205650,,,0.131,46.4
287,0.202550,,0.149000,0.205650,,,0.130,46.5
288,0.204850,,0.149000,0.205650,,,0.131,46.6
289,0.206100,,0.149000,0.206100,,,0.132,46.8
290,0.206850,,0.149000,0.206850,,,0.130,46.9
291,0.206283,,0.149000,0.206850,,,0.197,47.1
292,0.205217,,0.149000,0.206850,,,0.131,47.2
293,0.206050,,0.149000,0.206850,,,0.130,47.3
294,0.207450,,0.149000,0.207450,,,0.131,47.5
295,0.205333,,0.149000,0.207450,,,0.132,47.6
296,0.206550,,0.149000,0.207450,,,0.132,47.7
297,0.209483,,0.149000,0.209483,,,0.132,47.9
298,0.211117,,0.149000,0.211117,,,0.131,48.0
299,0.208667,,0.149000,0.211117,,,0.133,48.1
300,0.209433,0.23600001633167267,0.236000,0.211117,1.3662429410032928e-08,1.0,0.221,48.4
301,0.208067,,0.236000,0.211117,,,0.129,48.5
302,0.213117,,0.236000,0.213117,,,0.133,48.6
303,0.210317,,0.236000,0.213117,,,0.132,48.7
304,0.211233,,0.236000,0.213117,,,0.131,48.9
305,0.209350,,0.236000,0.213117,,,0.133,49.0
306,0.209400,,0.236000,0.213117,,,0.199,49.2
307,0.209583,,0.236000,0.213117,,,0.131,49.3
308,0.207683,,0.236000,0.213117,,,0.130,49.5
309,0.209100,,0.236000,0.213117,,,0.134,49.6
310,0.209167,,0.236000,0.213117,,,0.130,49.7
311,0.208733,,0.236000,0.213117,,,0.131,49.9
312,0.210300,,0.236000,0.213117,,,0.130,50.0
313,0.213233,,0.236000,0.213233,,,0.131,50.1
314,0.212633,,0.236000,0.213233,,,0.132,50.3
315,0.210833,,0.236000,0.213233,,,0.130,50.4
316,0.217050,,0.236000,0.217050,,,0.131,50.5
317,0.214183,,0.236000,0.217050,,,0.134,50.7
318,0.216650,,0.236000,0.217050,,,0.132,50.8
319,0.218083,,0.236000,0.218083,,,0.126,50.9
320,0.218217,,0.236000,0.218217,,,0.133,51.0
321,0.218017,,0.236000,0.218217,,,0.133,51.2
322,0.220150,,0.236000,0.220150,,,0.198,51.4
323,0.219267,,0.236000,0.220150,,,0.130,51.5
324,0.221417,,0.236000,0.221417,,,0.133,51.6
325,0.217750,,0.236000,0.221417,,,0.140,51.8
326,0.220967,,0.236000,0.221417,,,0.139,51.9
327,0.220100,,0.236000,0.221417,,,0.129,52.0
328,0.218517,,0.236000,0.221417,,,0.132,52.2
329,0.220900,,0.236000,0.221417,,,0.130,52.3
330,0.220350,,0.236000,0.221417,,,0.130,52.4
331,0.222517,,0.236000,0.222517,,,0.130,52.6
332,0.222217,,0.236000,0.222517,,,0.133,52.7
333,0.221050,,0.236000,0.222517,,,0.135,52.8
334,0.224250,,0.236000,0.224250,,,0.131,53.0
335,0.225933,,0.236000,0.225933,,,0.134,53.1
336,0.229867,,0.236000,0.229867,,,0.130,53.2
337,0.228450,,0.236000,0.229867,,,0.131,53.4
338,0.231400,,0.236000,0.231400,,,0.203,53.6
339,0.234150,,0.236000,0.234150,,,0.133,53.7
340,0.234433,,0.236000,0.234433,,,0.131,53.8
341,0.235217,,0.236000,0.235217,,,0.134,54.0
342,0.240433,,0.236000,0.240433,,,0.130,54.1
343,0.239050,,0.236000,0.240433,,,0.134,54.2
344,0.242567,,0.236000,0.242567,,,0.130,54.4
345,0.244467,,0.236000,0.244467,,,0.133,54.5
346,0.247583,,0.236000,0.247583,,,0.133,54.6
347,0.246400,,0.236000,0.247583,,,0.131,54.8
348,0.250633,,0.236000,0.250633,,,0.134,54.9
349,0.253317,,0.236000,0.253317,,,0.131,55.0
350,0.252450,,0.236000,0.253317,,,0.129,55.2
351,0.254133,,0.236000,0.254133,,,0.131,55.3
352,0.252450,,0.236000,0.254133,,,0.132,55.4
353,0.254433,,0.236000,0.254433,,,0.132,55.5
354,0.258883,,0.236000,0.258883,,,0.131,55.7
355,0.256650,,0.236000,0.258883,,,0.132,55.8
356,0.261200,,0.236000,0.261200,,,0.135,55.9
357,0.261967,,0.236000,0.261967,,,0.133,56.1
358,0.259417,,0.236000,0.261967,,,0.129,56.2
359,0.266083,,0.236000,0.266083,,,0.131,56.3
360,0.265100,,0.236000,0.266083,,,0.132,56.5
361,0.264250,,0.236000,0.266083,,,0.132,56.6
362,0.265217,,0.236000,0.266083,,,0.132,56.7
363,0.268333,,0.236000,0.268333,,,0.135,56.9
364,0.267917,,0.236000,0.268333,,,0.132,57.0
365,0.269733,,0.236000,0.269733,,,0.133,57.1
366,0.271483,,0.236000,0.271483,,,0.129,57.3
367,0.271533,,0.236000,0.271533,,,0.133,57.4
368,0.272617,,0.236000,0.272617,,,0.134,57.5
369,0.274117,,0.236000,0.274117,,,0.130,57.7
370,0.277867,,0.236000,0.277867,,,0.131,57.8
371,0.277050,,0.236000,0.277867,,,0.133,57.9
372,0.277683,,0.236000,0.277867,,,0.129,58.1
373,0.283833,,0.236000,0.283833,,,0.131,58.2
374,0.281383,,0.236000,0.283833,,,0.130,58.3
375,0.283417,,0.236000,0.283833,,,0.131,58.4
376,0.287000,,0.236000,0.287000,,,0.133,58.6
377,0.289167,,0.236000,0.289167,,,0.130,58.7
378,0.290950,,0.236000,0.290950,,,0.133,58.8
379,0.292683,,0.236000,0.292683,,,0.133,59.0
380,0.294700,,0.236000,0.294700,,,0.132,59.1
381,0.295767,,0.236000,0.295767,,,0.129,59.2
382,0.299450,,0.236000,0.299450,,,0.130,59.4
383,0.299017,,0.236000,0.299450,,,0.131,59.5
384,0.297050,,0.236000,0.299450,,,0.200,59.7
385,0.300483,,0.236000,0.300483,,,0.131,59.8
386,0.297533,,0.236000,0.300483,,,0.130,60.0
387,0.300683,,0.236000,0.300683,,,0.136,60.1
388,0.301433,,0.236000,0.301433,,,0.133,60.2
389,0.301617,,0.236000,0.301617,,,0.141,60.4
390,0.301167,,0.236000,0.301617,,,0.131,60.5
391,0.301183,,0.236000,0.301617,,,0.132,60.6
392,0.301567,,0.236000,0.301617,,,0.131,60.8
393,0.304617,,0.236000,0.304617,,,0.132,60.9
394,0.305217,,0.236000,0.305217,,,0.138,61.0
395,0.305600,,0.236000,0.305600,,,0.134,61.2
396,0.304033,,0.236000,0.305600,,,0.134,61.3
397,0.304617,,0.236000,0.305600,,,0.131,61.4
398,0.304817,,0.236000,0.305600,,,0.134,61.6
399,0.306250,,0.236000,0.306250,,,0.132,61.7
400,0.306467,0.3265000283718109,0.326500,0.306467,3.4389600500617235e-08,1.0,0.223,61.9
401,0.307733,,0.326500,0.307733,,,0.130,62.0
402,0.304733,,0.326500,0.307733,,,0.131,62.2
403,0.308133,,0.326500,0.308133,,,0.132,62.3
404,0.307817,,0.326500,0.308133,,,0.133,62.4
405,0.310200,,0.326500,0.310200,,,0.129,62.6
406,0.309417,,0.326500,0.310200,,,0.131,62.7
407,0.312033,,0.326500,0.312033,,,0.133,62.8
408,0.312983,,0.326500,0.312983,,,0.131,63.0
409,0.314250,,0.326500,0.314250,,,0.133,63.1
410,0.314183,,0.326500,0.314250,,,0.134,63.2
411,0.313667,,0.326500,0.314250,,,0.130,63.4
412,0.315267,,0.326500,0.315267,,,0.133,63.5
413,0.314333,,0.326500,0.315267,,,0.145,63.6
414,0.316367,,0.326500,0.316367,,,0.198,63.8
415,0.316517,,0.326500,0.316517,,,0.134,64.0
416,0.318867,,0.326500,0.318867,,,0.132,64.1
417,0.317533,,0.326500,0.318867,,,0.129,64.2
418,0.319400,,0.326500,0.319400,,,0.131,64.4
419,0.322083,,0.326500,0.322083,,,0.132,64.5
420,0.320400,,0.326500,0.322083,,,0.132,64.6
421,0.323250,,0.326500,0.323250,,,0.132,64.8
422,0.323450,,0.326500,0.323450,,,0.131,64.9
423,0.320950,,0.326500,0.323450,,,0.133,65.0
424,0.321617,,0.326500,0.323450,,,0.130,65.2
425,0.321250,,0.326500,0.323450,,,0.130,65.3
426,0.324483,,0.326500,0.324483,,,0.133,65.4
427,0.324717,,0.326500,0.324717,,,0.130,65.6
428,0.324450,,0.326500,0.324717,,,0.133,65.7
429,0.324300,,0.326500,0.324717,,,0.134,65.8
430,0.324633,,0.326500,0.324717,,,0.197,66.0
431,0.321817,,0.326500,0.324717,,,0.131,66.1
432,0.327450,,0.326500,0.327450,,,0.132,66.3
433,0.325233,,0.326500,0.327450,,,0.133,66.4
434,0.327033,,0.326500,0.327450,,,0.131,66.5
435,0.326817,,0.326500,0.327450,,,0.133,66.7
436,0.328450,,0.326500,0.328450,,,0.131,66.8
437,0.325517,,0.326500,0.328450,,,0.131,66.9
438,0.329083,,0.326500,0.329083,,,0.132,67.1
439,0.329467,,0.326500,0.329467,,,0.132,67.2
440,0.327567,,0.326500,0.329467,,,0.131,67.3
441,0.327217,,0.326500,0.329467,,,0.132,67.5
442,0.329850,,0.326500,0.329850,,,0.134,67.6
443,0.332250,,0.326500,0.332250,,,0.135,67.7
444,0.329900,,0.326500,0.332250,,,0.130,67.9
445,0.332783,,0.326500,0.332783,,,0.133,68.0
446,0.334117,,0.326500,0.334117,,,0.196,68.2
447,0.331233,,0.326500,0.334117,,,0.129,68.3
448,0.330667,,0.326500,0.334117,,,0.131,68.5
449,0.334233,,0.326500,0.334233,,,0.132,68.6
450,0.334967,,0.326500,0.334967,,,0.130,68.7
451,0.335733,,0.326500,0.335733,,,0.133,68.8
452,0.334717,,0.326500,0.335733,,,0.131,69.0
453,0.336567,,0.326500,0.336567,,,0.133,69.1
454,0.335700,,0.326500,0.336567,,,0.134,69.2
455,0.337067,,0.326500,0.337067,,,0.130,69.4
456,0.338350,,0.326500,0.338350,,,0.133,69.5
457,0.336667,,0.326500,0.338350,,,0.130,69.6
458,0.338000,,0.326500,0.338350,,,0.132,69.8
459,0.341633,,0.326500,0.341633,,,0.132,69.9
460,0.340400,,0.326500,0.341633,,,0.133,70.0
461,0.339467,,0.326500,0.341633,,,0.133,70.2
462,0.343433,,0.326500,0.343433,,,0.203,70.4
463,0.341750,,0.326500,0.343433,,,0.131,70.5
464,0.341017,,0.326500,0.343433,,,0.132,70.6
465,0.341383,,0.326500,0.343433,,,0.131,70.8
466,0.339567,,0.326500,0.343433,,,0.131,70.9
467,0.344133,,0.326500,0.344133,,,0.133,71.0
468,0.342217,,0.326500,0.344133,,,0.131,71.2
469,0.342850,,0.326500,0.344133,,,0.131,71.3
470,0.343767,,0.326500,0.344133,,,0.132,71.4
471,0.340400,,0.326500,0.344133,,,0.130,71.6
472,0.342300,,0.326500,0.344133,,,0.192,71.7
473,0.341933,,0.326500,0.344133,,,0.132,71.9
474,0.341933,,0.326500,0.344133,,,0.134,72.0
475,0.345317,,0.326500,0.345317,,,0.132,72.1
476,0.342750,,0.326500,0.345317,,,0.132,72.3
477,0.343167,,0.326500,0.345317,,,0.198,72.5
478,0.344200,,0.326500,0.345317,,,0.132,72.6
479,0.345350,,0.326500,0.345350,,,0.131,72.7
480,0.345233,,0.326500,0.345350,,,0.132,72.9
481,0.344433,,0.326500,0.345350,,,0.129,73.0
482,0.345883,,0.326500,0.345883,,,0.130,73.1
483,0.347817,,0.326500,0.347817,,,0.132,73.3
484,0.347600,,0.326500,0.347817,,,0.132,73.4
485,0.347200,,0.326500,0.347817,,,0.131,73.5
486,0.345733,,0.326500,0.347817,,,0.130,73.7
487,0.345100,,0.326500,0.347817,,,0.133,73.8
488,0.347700,,0.326500,0.347817,,,0.134,73.9
489,0.344350,,0.326500,0.347817,,,0.129,74.0
490,0.348333,,0.326500,0.348333,,,0.133,74.2
491,0.350667,,0.326500,0.350667,,,0.130,74.3
492,0.344800,,0.326500,0.350667,,,0.132,74.4
493,0.346367,,0.326500,0.350667,,,0.202,74.6
494,0.346317,,0.326500,0.350667,,,0.133,74.8
495,0.347717,,0.326500,0.350667,,,0.132,74.9
496,0.348783,,0.326500,0.350667,,,0.131,75.0
497,0.349117,,0.326500,0.350667,,,0.131,75.2
498,0.349400,,0.326500,0.350667,,,0.132,75.3
499,0.351683,,0.326500,0.351683,,,0.129,75.4
500,0.351467,0.40450000762939453,0.404500,0.351683,3.7946463748994574e-08,1.0,0.225,75.7
501,0.350100,,0.404500,0.351683,,,0.128,75.8
502,0.353183,,0.404500,0.353183,,,0.134,75.9
503,0.350867,,0.404500,0.353183,,,0.132,76.0
504,0.353550,,0.404500,0.353550,,,0.133,76.2
505,0.354550,,0.404500,0.354550,,,0.133,76.3
506,0.354867,,0.404500,0.354867,,,0.133,76.4
507,0.354983,,0.404500,0.354983,,,0.132,76.6
508,0.356633,,0.404500,0.356633,,,0.201,76.8
509,0.356900,,0.404500,0.356900,,,0.133,76.9
510,0.357000,,0.404500,0.357000,,,0.132,77.0
511,0.355050,,0.404500,0.357000,,,0.134,77.2
512,0.358250,,0.404500,0.358250,,,0.132,77.3
513,0.355450,,0.404500,0.358250,,,0.131,77.4
514,0.360433,,0.404500,0.360433,,,0.135,77.6
515,0.359017,,0.404500,0.360433,,,0.133,77.7
516,0.356417,,0.404500,0.360433,,,0.131,77.8
517,0.357067,,0.404500,0.360433,,,0.130,78.0
518,0.359950,,0.404500,0.360433,,,0.134,78.1
519,0.358117,,0.404500,0.360433,,,0.134,78.2
520,0.356317,,0.404500,0.360433,,,0.131,78.4
521,0.358000,,0.404500,0.360433,,,0.132,78.5
522,0.360400,,0.404500,0.360433,,,0.133,78.6
523,0.359700,,0.404500,0.360433,,,0.137,78.8
524,0.360750,,0.404500,0.360750,,,0.133,78.9
525,0.361583,,0.404500,0.361583,,,0.129,79.0
526,0.362417,,0.404500,0.362417,,,0.131,79.2
527,0.362533,,0.404500,0.362533,,,0.131,79.3
528,0.361783,,0.404500,0.362533,,,0.133,79.4
529,0.363983,,0.404500,0.363983,,,0.131,79.6
530,0.364150,,0.404500,0.364150,,,0.130,79.7
531,0.365183,,0.404500,0.365183,,,0.133,79.8
532,0.364333,,0.404500,0.365183,,,0.133,80.0
533,0.366250,,0.404500,0.366250,,,0.133,80.1
534,0.367583,,0.404500,0.367583,,,0.132,80.2
535,0.364283,,0.404500,0.367583,,,0.130,80.4
536,0.367767,,0.404500,0.367767,,,0.133,80.5
537,0.370450,,0.404500,0.370450,,,0.132,80.6
538,0.366000,,0.404500,0.370450,,,0.131,80.7
539,0.367117,,0.404500,0.370450,,,0.197,80.9
540,0.368167,,0.404500,0.370450,,,0.132,81.1
541,0.369717,,0.404500,0.370450,,,0.128,81.2
542,0.371400,,0.404500,0.371400,,,0.131,81.3
543,0.370417,,0.404500,0.371400,,,0.132,81.5
544,0.368133,,0.404500,0.371400,,,0.134,81.6
545,0.369300,,0.404500,0.371400,,,0.129,81.7
546,0.369350,,0.404500,0.371400,,,0.133,81.9
547,0.370800,,0.404500,0.371400,,,0.133,82.0
548,0.370267,,0.404500,0.371400,,,0.131,82.1
549,0.371400,,0.404500,0.371400,,,0.129,82.3
550,0.370400,,0.404500,0.371400,,,0.131,82.4
551,0.370767,,0.404500,0.371400,,,0.130,82.5
552,0.370833,,0.404500,0.371400,,,0.132,82.7
553,0.373000,,0.404500,0.373000,,,0.135,82.8
554,0.372167,,0.404500,0.373000,,,0.131,82.9
555,0.372533,,0.404500,0.373000,,,0.198,83.1
556,0.373133,,0.404500,0.373133,,,0.129,83.2
557,0.372650,,0.404500,0.373133,,,0.132,83.4
558,0.373817,,0.404500,0.373817,,,0.132,83.5
559,0.374383,,0.404500,0.374383,,,0.132,83.6
560,0.373267,,0.404500,0.374383,,,0.132,83.8
561,0.371283,,0.404500,0.374383,,,0.132,83.9
562,0.373067,,0.404500,0.374383,,,0.131,84.0
563,0.373717,,0.404500,0.374383,,,0.132,84.2
564,0.375850,,0.404500,0.375850,,,0.135,84.3
565,0.372950,,0.404500,0.375850,,,0.131,84.4
566,0.374433,,0.404500,0.375850,,,0.132,84.6
567,0.374383,,0.404500,0.375850,,,0.130,84.7
568,0.376533,,0.404500,0.376533,,,0.132,84.8
569,0.375883,,0.404500,0.376533,,,0.131,85.0
570,0.375817,,0.404500,0.376533,,,0.131,85.1
571,0.375150,,0.404500,0.376533,,,0.196,85.3
572,0.376917,,0.404500,0.376917,,,0.132,85.4
573,0.375200,,0.404500,0.376917,,,0.134,85.5
574,0.377583,,0.404500,0.377583,,,0.130,85.7
575,0.376900,,0.404500,0.377583,,,0.132,85.8
576,0.377333,,0.404500,0.377583,,,0.134,85.9
577,0.377200,,0.404500,0.377583,,,0.128,86.1
578,0.379033,,0.404500,0.379033,,,0.132,86.2
579,0.380300,,0.404500,0.380300,,,0.134,86.3
580,0.380533,,0.404500,0.380533,,,0.131,86.5
581,0.378967,,0.404500,0.380533,,,0.130,86.6
582,0.377700,,0.404500,0.380533,,,0.132,86.7
583,0.380017,,0.404500,0.380533,,,0.134,86.9
584,0.379967,,0.404500,0.380533,,,0.129,87.0
585,0.375183,,0.404500,0.380533,,,0.130,87.1
586,0.379233,,0.404500,0.380533,,,0.132,87.3
587,0.377000,,0.404500,0.380533,,,0.197,87.5
588,0.378217,,0.404500,0.380533,,,0.133,87.6
589,0.378950,,0.404500,0.380533,,,0.129,87.7
590,0.378100,,0.404500,0.380533,,,0.132,87.8
591,0.376917,,0.404500,0.380533,,,0.138,88.0
592,0.377250,,0.404500,0.380533,,,0.131,88.1
593,0.378700,,0.404500,0.380533,,,0.133,88.3
594,0.380650,,0.404500,0.380650,,,0.133,88.4
595,0.380417,,0.404500,0.380650,,,0.132,88.5
596,0.379383,,0.404500,0.380650,,,0.131,88.6
597,0.381450,,0.404500,0.381450,,,0.130,88.8
598,0.382850,,0.404500,0.382850,,,0.131,88.9
599,0.381417,,0.404500,0.382850,,,0.131,89.0
600,0.381683,0.4345000088214874,0.434500,0.382850,3.837659789951431e-08,1.0,0.218,89.3
601,0.381933,,0.434500,0.382850,,,0.129,89.4
602,0.380883,,0.434500,0.382850,,,0.199,89.6
603,0.383050,,0.434500,0.383050,,,0.131,89.7
604,0.384433,,0.434500,0.384433,,,0.132,89.8
605,0.381083,,0.434500,0.384433,,,0.133,90.0
606,0.384783,,0.434500,0.384783,,,0.133,90.1
607,0.385517,,0.434500,0.385517,,,0.132,90.2
608,0.386717,,0.434500,0.386717,,,0.131,90.4
609,0.385850,,0.434500,0.386717,,,0.130,90.5
610,0.386133,,0.434500,0.386717,,,0.132,90.6
611,0.385750,,0.434500,0.386717,,,0.132,90.8
612,0.386033,,0.434500,0.386717,,,0.131,90.9
613,0.388667,,0.434500,0.388667,,,0.130,91.0
614,0.387667,,0.434500,0.388667,,,0.132,91.2
615,0.388817,,0.434500,0.388817,,,0.131,91.3
616,0.387617,,0.434500,0.388817,,,0.131,91.4
617,0.393283,,0.434500,0.393283,,,0.133,91.6
618,0.389083,,0.434500,0.393283,,,0.199,91.8
619,0.389633,,0.434500,0.393283,,,0.131,91.9
620,0.391483,,0.434500,0.393283,,,0.131,92.0
621,0.388417,,0.434500,0.393283,,,0.131,92.1
622,0.389267,,0.434500,0.393283,,,0.131,92.3
623,0.389867,,0.434500,0.393283,,,0.126,92.4
624,0.391450,,0.434500,0.393283,,,0.132,92.5
625,0.389250,,0.434500,0.393283,,,0.129,92.7
626,0.389150,,0.434500,0.393283,,,0.132,92.8
627,0.392200,,0.434500,0.393283,,,0.131,92.9
628,0.390767,,0.434500,0.393283,,,0.132,93.1
629,0.390483,,0.434500,0.393283,,,0.130,93.2
630,0.392917,,0.434500,0.393283,,,0.132,93.3
631,0.393417,,0.434500,0.393417,,,0.132,93.5
632,0.390883,,0.434500,0.393417,,,0.132,93.6
633,0.393800,,0.434500,0.393800,,,0.132,93.7
634,0.392900,,0.434500,0.393800,,,0.132,93.9
635,0.394067,,0.434500,0.394067,,,0.129,94.0
636,0.396867,,0.434500,0.396867,,,0.134,94.1
637,0.392433,,0.434500,0.396867,,,0.128,94.2
638,0.394700,,0.434500,0.396867,,,0.133,94.4
639,0.394850,,0.434500,0.396867,,,0.133,94.5
640,0.395033,,0.434500,0.396867,,,0.133,94.6
641,0.395900,,0.434500,0.396867,,,0.132,94.8
642,0.396900,,0.434500,0.396900,,,0.132,94.9
643,0.394700,,0.434500,0.396900,,,0.132,95.0
644,0.395400,,0.434500,0.396900,,,0.132,95.2
645,0.395700,,0.434500,0.396900,,,0.130,95.3
646,0.397800,,0.434500,0.397800,,,0.133,95.4
647,0.398367,,0.434500,0.398367,,,0.133,95.6
648,0.394650,,0.434500,0.398367,,,0.131,95.7
649,0.395367,,0.434500,0.398367,,,0.138,95.8
650,0.397917,,0.434500,0.398367,,,0.132,96.0
651,0.396550,,0.434500,0.398367,,,0.132,96.1
652,0.396517,,0.434500,0.398367,,,0.130,96.2
653,0.396250,,0.434500,0.398367,,,0.130,96.4
654,0.394383,,0.434500,0.398367,,,0.133,96.5
655,0.395683,,0.434500,0.398367,,,0.132,96.6
656,0.393733,,0.434500,0.398367,,,0.134,96.8
657,0.394267,,0.434500,0.398367,,,0.130,96.9
658,0.396583,,0.434500,0.398367,,,0.132,97.0
659,0.392150,,0.434500,0.398367,,,0.134,97.2
660,0.392250,,0.434500,0.398367,,,0.132,97.3
661,0.392967,,0.434500,0.398367,,,0.133,97.4
662,0.395583,,0.434500,0.398367,,,0.131,97.6
663,0.393883,,0.434500,0.398367,,,0.132,97.7
664,0.399400,,0.434500,0.399400,,,0.133,97.8
665,0.395700,,0.434500,0.399400,,,0.132,97.9
666,0.396217,,0.434500,0.399400,,,0.131,98.1
667,0.398533,,0.434500,0.399400,,,0.132,98.2
668,0.397400,,0.434500,0.399400,,,0.131,98.3
669,0.397917,,0.434500,0.399400,,,0.131,98.5
670,0.397750,,0.434500,0.399400,,,0.130,98.6
671,0.399083,,0.434500,0.399400,,,0.131,98.7
672,0.397567,,0.434500,0.399400,,,0.132,98.9
673,0.402350,,0.434500,0.402350,,,0.130,99.0
674,0.399200,,0.434500,0.402350,,,0.132,99.1
675,0.398267,,0.434500,0.402350,,,0.133,99.3
676,0.400467,,0.434500,0.402350,,,0.131,99.4
677,0.400050,,0.434500,0.402350,,,0.135,99.5
678,0.401650,,0.434500,0.402350,,,0.132,99.7
679,0.400383,,0.434500,0.402350,,,0.132,99.8
680,0.402017,,0.434500,0.402350,,,0.132,99.9
681,0.401600,,0.434500,0.402350,,,0.133,100.1
682,0.400900,,0.434500,0.402350,,,0.133,100.2
683,0.400800,,0.434500,0.402350,,,0.130,100.3
684,0.405167,,0.434500,0.405167,,,0.131,100.4
685,0.405683,,0.434500,0.405683,,,0.132,100.6
686,0.405183,,0.434500,0.405683,,,0.132,100.7
687,0.402233,,0.434500,0.405683,,,0.131,100.8
688,0.401567,,0.434500,0.405683,,,0.134,101.0
689,0.403050,,0.434500,0.405683,,,0.171,101.1
690,0.404183,,0.434500,0.405683,,,0.132,101.3
691,0.404867,,0.434500,0.405683,,,0.130,101.4
692,0.405333,,0.434500,0.405683,,,0.183,101.6
693,0.404383,,0.434500,0.405683,,,0.132,101.7
694,0.403417,,0.434500,0.405683,,,0.133,101.9
695,0.407233,,0.434500,0.407233,,,0.130,102.0
696,0.407233,,0.434500,0.407233,,,0.132,102.1
697,0.407033,,0.434500,0.407233,,,0.132,102.3
698,0.406183,,0.434500,0.407233,,,0.131,102.4
699,0.408633,,0.434500,0.408633,,,0.132,102.5
700,0.408883,0.44950002431869507,0.449500,0.408883,3.884088783934203e-08,1.0,0.224,102.7
701,0.408683,,0.449500,0.408883,,,0.129,102.9
702,0.408983,,0.449500,0.408983,,,0.131,103.0
703,0.407067,,0.449500,0.408983,,,0.131,103.1
704,0.408233,,0.449500,0.408983,,,0.133,103.3
705,0.410383,,0.449500,0.410383,,,0.132,103.4
706,0.406183,,0.449500,0.410383,,,0.131,103.5
707,0.408633,,0.449500,0.410383,,,0.207,103.7
708,0.409200,,0.449500,0.410383,,,0.135,103.9
709,0.409933,,0.449500,0.410383,,,0.132,104.0
710,0.407067,,0.449500,0.410383,,,0.131,104.1
711,0.410833,,0.449500,0.410833,,,0.131,104.3
712,0.409167,,0.449500,0.410833,,,0.131,104.4
713,0.410750,,0.449500,0.410833,,,0.132,104.5
714,0.411883,,0.449500,0.411883,,,0.132,104.7
715,0.409267,,0.449500,0.411883,,,0.133,104.8
716,0.409100,,0.449500,0.411883,,,0.132,104.9
717,0.409667,,0.449500,0.411883,,,0.131,105.1
718,0.412450,,0.449500,0.412450,,,0.133,105.2
719,0.412633,,0.449500,0.412633,,,0.135,105.3
720,0.408283,,0.449500,0.412633,,,0.133,105.5
721,0.409033,,0.449500,0.412633,,,0.133,105.6
722,0.410600,,0.449500,0.412633,,,0.133,105.7
723,0.410167,,0.449500,0.412633,,,0.131,105.9
724,0.409817,,0.449500,0.412633,,,0.131,106.0
725,0.406600,,0.449500,0.412633,,,0.134,106.1
726,0.406550,,0.449500,0.412633,,,0.132,106.2
727,0.407567,,0.449500,0.412633,,,0.132,106.4
728,0.407200,,0.449500,0.412633,,,0.133,106.5
729,0.405200,,0.449500,0.412633,,,0.132,106.6
730,0.405483,,0.449500,0.412633,,,0.131,106.8
731,0.406950,,0.449500,0.412633,,,0.132,106.9
732,0.407600,,0.449500,0.412633,,,0.133,107.0
733,0.408050,,0.449500,0.412633,,,0.130,107.2
734,0.406200,,0.449500,0.412633,,,0.130,107.3
735,0.410233,,0.449500,0.412633,,,0.131,107.4
736,0.408883,,0.449500,0.412633,,,0.132,107.6
737,0.411550,,0.449500,0.412633,,,0.131,107.7
738,0.408667,,0.449500,0.412633,,,0.130,107.8
739,0.411383,,0.449500,0.412633,,,0.132,108.0
740,0.409533,,0.449500,0.412633,,,0.132,108.1
741,0.411233,,0.449500,0.412633,,,0.130,108.2
742,0.411983,,0.449500,0.412633,,,0.132,108.4
743,0.410333,,0.449500,0.412633,,,0.134,108.5
744,0.414000,,0.449500,0.414000,,,0.133,108.6
745,0.413667,,0.449500,0.414000,,,0.132,108.8
746,0.413250,,0.449500,0.414000,,,0.131,108.9
747,0.414083,,0.449500,0.414083,,,0.131,109.0
748,0.415167,,0.449500,0.415167,,,0.131,109.1
749,0.416233,,0.449500,0.416233,,,0.132,109.3
750,0.416150,,0.449500,0.416233,,,0.132,109.4
751,0.418100,,0.449500,0.418100,,,0.131,109.5
752,0.417267,,0.449500,0.418100,,,0.133,109.7
753,0.416983,,0.449500,0.418100,,,0.132,109.8
754,0.417733,,0.449500,0.418100,,,0.129,109.9
755,0.418367,,0.449500,0.418367,,,0.131,110.1
756,0.415900,,0.449500,0.418367,,,0.130,110.2
757,0.415267,,0.449500,0.418367,,,0.131,110.3
758,0.418500,,0.449500,0.418500,,,0.133,110.5
759,0.417050,,0.449500,0.418500,,,0.130,110.6
760,0.419200,,0.449500,0.419200,,,0.131,110.7
761,0.416450,,0.449500,0.419200,,,0.138,110.9
762,0.418083,,0.449500,0.419200,,,0.133,111.0
763,0.418050,,0.449500,0.419200,,,0.130,111.1
764,0.421167,,0.449500,0.421167,,,0.130,111.2
765,0.418450,,0.449500,0.421167,,,0.133,111.4
766,0.417717,,0.449500,0.421167,,,0.132,111.5
767,0.418650,,0.449500,0.421167,,,0.130,111.6
768,0.420333,,0.449500,0.421167,,,0.133,111.8
769,0.418767,,0.449500,0.421167,,,0.134,111.9
770,0.420500,,0.449500,0.421167,,,0.132,112.0
771,0.417750,,0.449500,0.421167,,,0.131,112.2
772,0.417167,,0.449500,0.421167,,,0.132,112.3
773,0.418850,,0.449500,0.421167,,,0.132,112.4
774,0.420700,,0.449500,0.421167,,,0.132,112.6
775,0.418117,,0.449500,0.421167,,,0.129,112.7
776,0.420083,,0.449500,0.421167,,,0.132,112.8
777,0.423050,,0.449500,0.423050,,,0.132,113.0
778,0.421867,,0.449500,0.423050,,,0.132,113.1
779,0.419000,,0.449500,0.423050,,,0.131,113.2
780,0.421200,,0.449500,0.423050,,,0.133,113.4
781,0.422233,,0.449500,0.423050,,,0.133,113.5
782,0.423433,,0.449500,0.423433,,,0.132,113.6
783,0.422867,,0.449500,0.423433,,,0.132,113.8
784,0.424250,,0.449500,0.424250,,,0.135,113.9
785,0.422150,,0.449500,0.424250,,,0.129,114.0
786,0.425350,,0.449500,0.425350,,,0.133,114.2
787,0.424483,,0.449500,0.425350,,,0.129,114.3
788,0.425533,,0.449500,0.425533,,,0.129,114.4
789,0.422900,,0.449500,0.425533,,,0.131,114.5
790,0.425217,,0.449500,0.425533,,,0.133,114.7
791,0.425683,,0.449500,0.425683,,,0.132,114.8
792,0.426717,,0.449500,0.426717,,,0.132,114.9
793,0.424983,,0.449500,0.426717,,,0.129,115.1
794,0.425217,,0.449500,0.426717,,,0.131,115.2
795,0.426067,,0.449500,0.426717,,,0.134,115.3
796,0.426317,,0.449500,0.426717,,,0.131,115.5
797,0.427050,,0.449500,0.427050,,,0.133,115.6
798,0.425617,,0.449500,0.427050,,,0.199,115.8
799,0.426600,,0.449500,0.427050,,,0.134,115.9
800,0.427700,0.47850000858306885,0.478500,0.427700,3.430236716894797e-08,1.0,0.221,116.1
801,0.425933,,0.478500,0.427700,,,0.128,116.3
802,0.427500,,0.478500,0.427700,,,0.131,116.4
803,0.428283,,0.478500,0.428283,,,0.131,116.5
804,0.429000,,0.478500,0.429000,,,0.132,116.7
805,0.428733,,0.478500,0.429000,,,0.132,116.8
806,0.431117,,0.478500,0.431117,,,0.132,116.9
807,0.429133,,0.478500,0.431117,,,0.129,117.1
808,0.430917,,0.478500,0.431117,,,0.131,117.2
809,0.432217,,0.478500,0.432217,,,0.129,117.3
810,0.432350,,0.478500,0.432350,,,0.132,117.5
811,0.430217,,0.478500,0.432350,,,0.133,117.6
812,0.433283,,0.478500,0.433283,,,0.129,117.7
813,0.433367,,0.478500,0.433367,,,0.199,117.9
814,0.435017,,0.478500,0.435017,,,0.132,118.1
815,0.433783,,0.478500,0.435017,,,0.131,118.2
816,0.436217,,0.478500,0.436217,,,0.131,118.3
817,0.436500,,0.478500,0.436500,,,0.133,118.4
818,0.436433,,0.478500,0.436500,,,0.129,118.6
819,0.433683,,0.478500,0.436500,,,0.131,118.7
820,0.436250,,0.478500,0.436500,,,0.133,118.8
821,0.434667,,0.478500,0.436500,,,0.131,119.0
822,0.435700,,0.478500,0.436500,,,0.130,119.1
823,0.434183,,0.478500,0.436500,,,0.131,119.2
824,0.436817,,0.478500,0.436817,,,0.131,119.4
825,0.437100,,0.478500,0.437100,,,0.133,119.5
826,0.436117,,0.478500,0.437100,,,0.130,119.6
827,0.433333,,0.478500,0.437100,,,0.131,119.8
828,0.433650,,0.478500,0.437100,,,0.132,119.9
829,0.431967,,0.478500,0.437100,,,0.196,120.1
830,0.434833,,0.478500,0.437100,,,0.132,120.2
831,0.432433,,0.478500,0.437100,,,0.133,120.4
832,0.434067,,0.478500,0.437100,,,0.134,120.5
833,0.433417,,0.478500,0.437100,,,0.131,120.6
834,0.431883,,0.478500,0.437100,,,0.132,120.7
835,0.434967,,0.478500,0.437100,,,0.134,120.9
836,0.433867,,0.478500,0.437100,,,0.132,121.0
837,0.436467,,0.478500,0.437100,,,0.128,121.1
838,0.434283,,0.478500,0.437100,,,0.131,121.3
839,0.434817,,0.478500,0.437100,,,0.130,121.4
840,0.435233,,0.478500,0.437100,,,0.132,121.5
841,0.435200,,0.478500,0.437100,,,0.133,121.7
842,0.434600,,0.478500,0.437100,,,0.134,121.8
843,0.436750,,0.478500,0.437100,,,0.131,121.9
844,0.438467,,0.478500,0.438467,,,0.131,122.1
845,0.437917,,0.478500,0.438467,,,0.198,122.3
846,0.436783,,0.478500,0.438467,,,0.133,122.4
847,0.436883,,0.478500,0.438467,,,0.132,122.5
848,0.436800,,0.478500,0.438467,,,0.133,122.7
849,0.438233,,0.478500,0.438467,,,0.130,122.8
850,0.437500,,0.478500,0.438467,,,0.132,122.9
851,0.438033,,0.478500,0.438467,,,0.128,123.0
852,0.437500,,0.478500,0.438467,,,0.129,123.2
853,0.438117,,0.478500,0.438467,,,0.131,123.3
854,0.435433,,0.478500,0.438467,,,0.131,123.4
855,0.437283,,0.478500,0.438467,,,0.131,123.6
856,0.437583,,0.478500,0.438467,,,0.133,123.7
857,0.437633,,0.478500,0.438467,,,0.134,123.8
858,0.438983,,0.478500,0.438983,,,0.132,124.0
859,0.437233,,0.478500,0.438983,,,0.130,124.1
860,0.439117,,0.478500,0.439117,,,0.131,124.2
861,0.441633,,0.478500,0.441633,,,0.199,124.4
862,0.439717,,0.478500,0.441633,,,0.134,124.6
863,0.441750,,0.478500,0.441750,,,0.130,124.7
864,0.442000,,0.478500,0.442000,,,0.131,124.8
865,0.441950,,0.478500,0.442000,,,0.133,125.0
866,0.442300,,0.478500,0.442300,,,0.131,125.1
867,0.442083,,0.478500,0.442300,,,0.130,125.2
868,0.444350,,0.478500,0.444350,,,0.135,125.4
869,0.442567,,0.478500,0.444350,,,0.132,125.5
870,0.441467,,0.478500,0.444350,,,0.131,125.6
871,0.443067,,0.478500,0.444350,,,0.133,125.8
872,0.441967,,0.478500,0.444350,,,0.129,125.9
873,0.444633,,0.478500,0.444633,,,0.131,126.0
874,0.443217,,0.478500,0.444633,,,0.131,126.1
875,0.444250,,0.478500,0.444633,,,0.132,126.3
876,0.442283,,0.478500,0.444633,,,0.131,126.4
877,0.443783,,0.478500,0.444633,,,0.131,126.5
878,0.442567,,0.478500,0.444633,,,0.129,126.7
879,0.441883,,0.478500,0.444633,,,0.142,126.8
880,0.443150,,0.478500,0.444633,,,0.131,126.9
881,0.442700,,0.478500,0.444633,,,0.132,127.1
882,0.441883,,0.478500,0.444633,,,0.131,127.2
883,0.441383,,0.478500,0.444633,,,0.133,127.3
884,0.441750,,0.478500,0.444633,,,0.128,127.5
885,0.442083,,0.478500,0.444633,,,0.130,127.6
886,0.443150,,0.478500,0.444633,,,0.136,127.7
887,0.440400,,0.478500,0.444633,,,0.133,127.9
888,0.442883,,0.478500,0.444633,,,0.132,128.0
889,0.442000,,0.478500,0.444633,,,0.132,128.1
890,0.441750,,0.478500,0.444633,,,0.132,128.3
891,0.443567,,0.478500,0.444633,,,0.132,128.4
892,0.441550,,0.478500,0.444633,,,0.131,128.5
893,0.443567,,0.478500,0.444633,,,0.132,128.7
894,0.440983,,0.478500,0.444633,,,0.134,128.8
895,0.443083,,0.478500,0.444633,,,0.131,128.9
896,0.443183,,0.478500,0.444633,,,0.132,129.0
897,0.443583,,0.478500,0.444633,,,0.131,129.2
898,0.443967,,0.478500,0.444633,,,0.133,129.3
899,0.442383,,0.478500,0.444633,,,0.131,129.4
900,0.440250,0.5005000233650208,0.500500,0.444633,3.0547511187251075e-08,1.0,0.222,129.7
901,0.440950,,0.500500,0.444633,,,0.127,129.8
902,0.443167,,0.500500,0.444633,,,0.130,129.9
903,0.441767,,0.500500,0.444633,,,0.132,130.1
904,0.442150,,0.500500,0.444633,,,0.133,130.2
905,0.442000,,0.500500,0.444633,,,0.133,130.3
906,0.442233,,0.500500,0.444633,,,0.232,130.6
907,0.443783,,0.500500,0.444633,,,0.131,130.7
908,0.441367,,0.500500,0.444633,,,0.135,130.8
909,0.443000,,0.500500,0.444633,,,0.130,130.9
910,0.442333,,0.500500,0.444633,,,0.129,131.1
911,0.444083,,0.500500,0.444633,,,0.127,131.2
912,0.441617,,0.500500,0.444633,,,0.131,131.3
913,0.442250,,0.500500,0.444633,,,0.133,131.5
914,0.443383,,0.500500,0.444633,,,0.130,131.6
915,0.443167,,0.500500,0.444633,,,0.131,131.7
916,0.443933,,0.500500,0.444633,,,0.130,131.9
917,0.443000,,0.500500,0.444633,,,0.131,132.0
918,0.444600,,0.500500,0.444633,,,0.132,132.1
919,0.444150,,0.500500,0.444633,,,0.134,132.3
920,0.448383,,0.500500,0.448383,,,0.133,132.4
921,0.449050,,0.500500,0.449050,,,0.181,132.6
922,0.444567,,0.500500,0.449050,,,0.133,132.7
923,0.445567,,0.500500,0.449050,,,0.135,132.8
924,0.447150,,0.500500,0.449050,,,0.130,133.0
925,0.445433,,0.500500,0.449050,,,0.131,133.1
926,0.445833,,0.500500,0.449050,,,0.134,133.2
927,0.447983,,0.500500,0.449050,,,0.132,133.4
928,0.445600,,0.500500,0.449050,,,0.130,133.5
929,0.448067,,0.500500,0.449050,,,0.135,133.6
930,0.447167,,0.500500,0.449050,,,0.131,133.8
931,0.449250,,0.500500,0.449250,,,0.130,133.9
932,0.448150,,0.500500,0.449250,,,0.133,134.0
933,0.447317,,0.500500,0.449250,,,0.132,134.2
934,0.448000,,0.500500,0.449250,,,0.131,134.3
935,0.447650,,0.500500,0.449250,,,0.132,134.4
936,0.448383,,0.500500,0.449250,,,0.131,134.5
937,0.448650,,0.500500,0.449250,,,0.198,134.7
938,0.448617,,0.500500,0.449250,,,0.129,134.9
939,0.448683,,0.500500,0.449250,,,0.132,135.0
940,0.448800,,0.500500,0.449250,,,0.133,135.1
941,0.450450,,0.500500,0.450450,,,0.131,135.3
942,0.449400,,0.500500,0.450450,,,0.133,135.4
943,0.451250,,0.500500,0.451250,,,0.131,135.5
944,0.450367,,0.500500,0.451250,,,0.131,135.7
945,0.453567,,0.500500,0.453567,,,0.132,135.8
946,0.450433,,0.500500,0.453567,,,0.131,135.9
947,0.450550,,0.500500,0.453567,,,0.131,136.1
948,0.451150,,0.500500,0.453567,,,0.130,136.2
949,0.451350,,0.500500,0.453567,,,0.133,136.3
950,0.452133,,0.500500,0.453567,,,0.132,136.5
951,0.452183,,0.500500,0.453567,,,0.131,136.6
952,0.451983,,0.500500,0.453567,,,0.131,136.7
953,0.454183,,0.500500,0.454183,,,0.197,136.9
954,0.449583,,0.500500,0.454183,,,0.132,137.0
955,0.451367,,0.500500,0.454183,,,0.130,137.2
956,0.452083,,0.500500,0.454183,,,0.133,137.3
957,0.450533,,0.500500,0.454183,,,0.136,137.4
958,0.451633,,0.500500,0.454183,,,0.132,137.6
959,0.452617,,0.500500,0.454183,,,0.130,137.7
960,0.451583,,0.500500,0.454183,,,0.130,137.8
961,0.450033,,0.500500,0.454183,,,0.130,138.0
962,0.448633,,0.500500,0.454183,,,0.133,138.1
963,0.451250,,0.500500,0.454183,,,0.132,138.2
964,0.449567,,0.500500,0.454183,,,0.131,138.4
965,0.451617,,0.500500,0.454183,,,0.131,138.5
966,0.451633,,0.500500,0.454183,,,0.134,138.6
967,0.451683,,0.500500,0.454183,,,0.131,138.8
968,0.450133,,0.500500,0.454183,,,0.132,138.9
969,0.451267,,0.500500,0.454183,,,0.199,139.1
970,0.452383,,0.500500,0.454183,,,0.133,139.2
971,0.450850,,0.500500,0.454183,,,0.134,139.4
972,0.454467,,0.500500,0.454467,,,0.129,139.5
973,0.451933,,0.500500,0.454467,,,0.132,139.6
974,0.453367,,0.500500,0.454467,,,0.133,139.7
975,0.453433,,0.500500,0.454467,,,0.133,139.9
976,0.453750,,0.500500,0.454467,,,0.131,140.0
977,0.454317,,0.500500,0.454467,,,0.129,140.1
978,0.455017,,0.500500,0.455017,,,0.132,140.3
979,0.453067,,0.500500,0.455017,,,0.131,140.4
980,0.451967,,0.500500,0.455017,,,0.131,140.5
981,0.454567,,0.500500,0.455017,,,0.131,140.7
982,0.455283,,0.500500,0.455283,,,0.132,140.8
983,0.452600,,0.500500,0.455283,,,0.131,140.9
984,0.453250,,0.500500,0.455283,,,0.132,141.1
985,0.453383,,0.500500,0.455283,,,0.200,141.3
986,0.452517,,0.500500,0.455283,,,0.133,141.4
987,0.451950,,0.500500,0.455283,,,0.134,141.5
988,0.455467,,0.500500,0.455467,,,0.131,141.7
989,0.453317,,0.500500,0.455467,,,0.132,141.8
990,0.455517,,0.500500,0.455517,,,0.131,141.9
991,0.456167,,0.500500,0.456167,,,0.132,142.1
992,0.453383,,0.500500,0.456167,,,0.131,142.2
993,0.452167,,0.500500,0.456167,,,0.131,142.3
994,0.453983,,0.500500,0.456167,,,0.131,142.4
995,0.452950,,0.500500,0.456167,,,0.131,142.6
996,0.454767,,0.500500,0.456167,,,0.134,142.7
997,0.454250,,0.500500,0.456167,,,0.131,142.8
998,0.454217,,0.500500,0.456167,,,0.133,143.0
999,0.455217,,0.500500,0.456167,,,0.134,143.1
1000,0.456383,0.5060000419616699,0.506000,0.456383,2.897124318224087e-08,1.0,0.221,143.3
1001,0.454717,,0.506000,0.456383,,,0.128,143.5
1002,0.456483,,0.506000,0.456483,,,0.131,143.6
1003,0.458033,,0.506000,0.458033,,,0.131,143.7
1004,0.457217,,0.506000,0.458033,,,0.132,143.9
1005,0.458850,,0.506000,0.458850,,,0.132,144.0
1006,0.457017,,0.506000,0.458850,,,0.133,144.1
1007,0.459050,,0.506000,0.459050,,,0.134,144.3
1008,0.458383,,0.506000,0.459050,,,0.130,144.4
1009,0.457400,,0.506000,0.459050,,,0.134,144.5
1010,0.456933,,0.506000,0.459050,,,0.132,144.6
1011,0.458633,,0.506000,0.459050,,,0.131,144.8
1012,0.458167,,0.506000,0.459050,,,0.130,144.9
1013,0.459833,,0.506000,0.459833,,,0.132,145.0
1014,0.460167,,0.506000,0.460167,,,0.133,145.2
1015,0.458217,,0.506000,0.460167,,,0.198,145.4
1016,0.458467,,0.506000,0.460167,,,0.133,145.5
1017,0.461650,,0.506000,0.461650,,,0.131,145.6
1018,0.458383,,0.506000,0.461650,,,0.129,145.8
1019,0.458933,,0.506000,0.461650,,,0.133,145.9
1020,0.459133,,0.506000,0.461650,,,0.130,146.0
1021,0.456600,,0.506000,0.461650,,,0.132,146.2
1022,0.460550,,0.506000,0.461650,,,0.136,146.3
1023,0.459083,,0.506000,0.461650,,,0.133,146.4
1024,0.459233,,0.506000,0.461650,,,0.128,146.6
1025,0.458100,,0.506000,0.461650,,,0.134,146.7
1026,0.457950,,0.506000,0.461650,,,0.132,146.8
1027,0.460100,,0.506000,0.461650,,,0.132,147.0
1028,0.458367,,0.506000,0.461650,,,0.137,147.1
1029,0.459117,,0.506000,0.461650,,,0.133,147.2
1030,0.457317,,0.506000,0.461650,,,0.136,147.4
1031,0.456517,,0.506000,0.461650,,,0.134,147.5
1032,0.456750,,0.506000,0.461650,,,0.132,147.6
1033,0.455450,,0.506000,0.461650,,,0.130,147.8
1034,0.458650,,0.506000,0.461650,,,0.131,147.9
1035,0.457683,,0.506000,0.461650,,,0.129,148.0
1036,0.458300,,0.506000,0.461650,,,0.131,148.1
1037,0.458000,,0.506000,0.461650,,,0.132,148.3
1038,0.456117,,0.506000,0.461650,,,0.131,148.4
1039,0.457050,,0.506000,0.461650,,,0.132,148.5
1040,0.457950,,0.506000,0.461650,,,0.133,148.7
1041,0.456833,,0.506000,0.461650,,,0.131,148.8
1042,0.459217,,0.506000,0.461650,,,0.132,148.9
1043,0.459217,,0.506000,0.461650,,,0.135,149.1
1044,0.458883,,0.506000,0.461650,,,0.133,149.2
1045,0.457733,,0.506000,0.461650,,,0.131,149.3
1046,0.458550,,0.506000,0.461650,,,0.134,149.5
1047,0.457083,,0.506000,0.461650,,,0.132,149.6
1048,0.457233,,0.506000,0.461650,,,0.131,149.7
1049,0.460783,,0.506000,0.461650,,,0.133,149.9
1050,0.460883,,0.506000,0.461650,,,0.132,150.0
1051,0.458967,,0.506000,0.461650,,,0.132,150.1
1052,0.459933,,0.506000,0.461650,,,0.131,150.3
1053,0.459833,,0.506000,0.461650,,,0.134,150.4
1054,0.461183,,0.506000,0.461650,,,0.133,150.5
1055,0.459767,,0.506000,0.461650,,,0.132,150.7
1056,0.459950,,0.506000,0.461650,,,0.131,150.8
1057,0.458183,,0.506000,0.461650,,,0.132,150.9
1058,0.460350,,0.506000,0.461650,,,0.132,151.1
1059,0.462283,,0.506000,0.462283,,,0.131,151.2
1060,0.461067,,0.506000,0.462283,,,0.133,151.3
1061,0.462833,,0.506000,0.462833,,,0.131,151.4
1062,0.462950,,0.506000,0.462950,,,0.132,151.6
1063,0.460967,,0.506000,0.462950,,,0.131,151.7
1064,0.460200,,0.506000,0.462950,,,0.132,151.8
1065,0.460200,,0.506000,0.462950,,,0.130,152.0
1066,0.459300,,0.506000,0.462950,,,0.131,152.1
1067,0.462717,,0.506000,0.462950,,,0.134,152.2
1068,0.460633,,0.506000,0.462950,,,0.133,152.4
1069,0.461950,,0.506000,0.462950,,,0.132,152.5
1070,0.461767,,0.506000,0.462950,,,0.132,152.6
1071,0.464483,,0.506000,0.464483,,,0.132,152.8
1072,0.463267,,0.506000,0.464483,,,0.127,152.9
1073,0.462250,,0.506000,0.464483,,,0.132,153.0
1074,0.462583,,0.506000,0.464483,,,0.134,153.2
1075,0.464117,,0.506000,0.464483,,,0.135,153.3
1076,0.462517,,0.506000,0.464483,,,0.130,153.4
1077,0.462950,,0.506000,0.464483,,,0.131,153.6
1078,0.463750,,0.506000,0.464483,,,0.133,153.7
1079,0.461817,,0.506000,0.464483,,,0.131,153.8
1080,0.463183,,0.506000,0.464483,,,0.127,153.9
1081,0.462483,,0.506000,0.464483,,,0.131,154.1
1082,0.465783,,0.506000,0.465783,,,0.133,154.2
1083,0.460583,,0.506000,0.465783,,,0.131,154.3
1084,0.461650,,0.506000,0.465783,,,0.130,154.5
1085,0.464200,,0.506000,0.465783,,,0.134,154.6
1086,0.463000,,0.506000,0.465783,,,0.133,154.7
1087,0.462983,,0.506000,0.465783,,,0.133,154.9
1088,0.461683,,0.506000,0.465783,,,0.130,155.0
1089,0.464467,,0.506000,0.465783,,,0.131,155.1
1090,0.464733,,0.506000,0.465783,,,0.136,155.3
1091,0.465633,,0.506000,0.465783,,,0.132,155.4
1092,0.463983,,0.506000,0.465783,,,0.130,155.5
1093,0.463867,,0.506000,0.465783,,,0.131,155.7
1094,0.467383,,0.506000,0.467383,,,0.129,155.8
1095,0.462400,,0.506000,0.467383,,,0.131,155.9
1096,0.462567,,0.506000,0.467383,,,0.132,156.1
1097,0.465250,,0.506000,0.467383,,,0.132,156.2
1098,0.463917,,0.506000,0.467383,,,0.130,156.3
1099,0.465000,,0.506000,0.467383,,,0.135,156.5
1100,0.464250,0.5160000324249268,0.516000,0.467383,2.822847022798669e-08,1.0,0.224,156.7
1101,0.463783,,0.516000,0.467383,,,0.128,156.8
1102,0.464467,,0.516000,0.467383,,,0.132,156.9
1103,0.466117,,0.516000,0.467383,,,0.135,157.1
1104,0.463517,,0.516000,0.467383,,,0.132,157.2
1105,0.464683,,0.516000,0.467383,,,0.201,157.4
1106,0.465117,,0.516000,0.467383,,,0.133,157.5
1107,0.464367,,0.516000,0.467383,,,0.132,157.7
1108,0.465100,,0.516000,0.467383,,,0.131,157.8
1109,0.465967,,0.516000,0.467383,,,0.132,157.9
1110,0.466833,,0.516000,0.467383,,,0.131,158.1
1111,0.466317,,0.516000,0.467383,,,0.133,158.2
1112,0.465817,,0.516000,0.467383,,,0.133,158.3
1113,0.466767,,0.516000,0.467383,,,0.133,158.5
1114,0.469100,,0.516000,0.469100,,,0.133,158.6
1115,0.468333,,0.516000,0.469100,,,0.133,158.7
1116,0.471200,,0.516000,0.471200,,,0.134,158.9
1117,0.469100,,0.516000,0.471200,,,0.132,159.0
1118,0.467117,,0.516000,0.471200,,,0.133,159.1
1119,0.465883,,0.516000,0.471200,,,0.132,159.3
1120,0.464583,,0.516000,0.471200,,,0.136,159.4
1121,0.467000,,0.516000,0.471200,,,0.131,159.5
1122,0.465517,,0.516000,0.471200,,,0.134,159.7
1123,0.467750,,0.516000,0.471200,,,0.136,159.8
1124,0.466850,,0.516000,0.471200,,,0.160,160.0
1125,0.466783,,0.516000,0.471200,,,0.130,160.1
1126,0.467500,,0.516000,0.471200,,,0.134,160.2
1127,0.465767,,0.516000,0.471200,,,0.131,160.4
1128,0.463017,,0.516000,0.471200,,,0.131,160.5
1129,0.468283,,0.516000,0.471200,,,0.130,160.6
1130,0.467083,,0.516000,0.471200,,,0.132,160.7
1131,0.467767,,0.516000,0.471200,,,0.131,160.9
1132,0.466300,,0.516000,0.471200,,,0.131,161.0
1133,0.468533,,0.516000,0.471200,,,0.133,161.1
1134,0.468317,,0.516000,0.471200,,,0.133,161.3
1135,0.467517,,0.516000,0.471200,,,0.150,161.4
1136,0.468917,,0.516000,0.471200,,,0.130,161.6
1137,0.469050,,0.516000,0.471200,,,0.130,161.7
1138,0.468967,,0.516000,0.471200,,,0.130,161.8
1139,0.469817,,0.516000,0.471200,,,0.129,161.9
1140,0.471400,,0.516000,0.471400,,,0.130,162.1
1141,0.471050,,0.516000,0.471400,,,0.133,162.2
1142,0.468717,,0.516000,0.471400,,,0.133,162.3
1143,0.469550,,0.516000,0.471400,,,0.132,162.5
1144,0.469283,,0.516000,0.471400,,,0.132,162.6
1145,0.472117,,0.516000,0.472117,,,0.130,162.7
1146,0.470267,,0.516000,0.472117,,,0.134,162.9
1147,0.468217,,0.516000,0.472117,,,0.134,163.0
1148,0.469350,,0.516000,0.472117,,,0.127,163.1
1149,0.470700,,0.516000,0.472117,,,0.131,163.3
1150,0.468083,,0.516000,0.472117,,,0.132,163.4
1151,0.467167,,0.516000,0.472117,,,0.196,163.6
1152,0.470100,,0.516000,0.472117,,,0.131,163.7
1153,0.467167,,0.516000,0.472117,,,0.131,163.8
1154,0.467567,,0.516000,0.472117,,,0.131,164.0
1155,0.469283,,0.516000,0.472117,,,0.133,164.1
1156,0.468333,,0.516000,0.472117,,,0.140,164.3
1157,0.469317,,0.516000,0.472117,,,0.132,164.4
1158,0.468317,,0.516000,0.472117,,,0.132,164.5
1159,0.472083,,0.516000,0.472117,,,0.125,164.6
1160,0.469900,,0.516000,0.472117,,,0.134,164.8
1161,0.469250,,0.516000,0.472117,,,0.132,164.9
1162,0.468783,,0.516000,0.472117,,,0.131,165.0
1163,0.469400,,0.516000,0.472117,,,0.130,165.2
1164,0.471033,,0.516000,0.472117,,,0.131,165.3
1165,0.470883,,0.516000,0.472117,,,0.131,165.4
1166,0.471033,,0.516000,0.472117,,,0.132,165.6
1167,0.465850,,0.516000,0.472117,,,0.131,165.7
1168,0.469500,,0.516000,0.472117,,,0.135,165.8
1169,0.471200,,0.516000,0.472117,,,0.132,166.0
1170,0.470467,,0.516000,0.472117,,,0.129,166.1
1171,0.471417,,0.516000,0.472117,,,0.131,166.2
1172,0.471833,,0.516000,0.472117,,,0.132,166.4
1173,0.470100,,0.516000,0.472117,,,0.132,166.5
1174,0.472567,,0.516000,0.472567,,,0.131,166.6
1175,0.472900,,0.516000,0.472900,,,0.131,166.7
1176,0.470933,,0.516000,0.472900,,,0.131,166.9
1177,0.472183,,0.516000,0.472900,,,0.132,167.0
1178,0.473100,,0.516000,0.473100,,,0.128,167.1
1179,0.473550,,0.516000,0.473550,,,0.133,167.3
1180,0.471233,,0.516000,0.473550,,,0.130,167.4
1181,0.472850,,0.516000,0.473550,,,0.132,167.5
1182,0.472433,,0.516000,0.473550,,,0.131,167.7
1183,0.472450,,0.516000,0.473550,,,0.130,167.8
1184,0.472750,,0.516000,0.473550,,,0.133,167.9
1185,0.473833,,0.516000,0.473833,,,0.133,168.1
1186,0.474983,,0.516000,0.474983,,,0.132,168.2
1187,0.471483,,0.516000,0.474983,,,0.131,168.3
1188,0.470667,,0.516000,0.474983,,,0.131,168.5
1189,0.475017,,0.516000,0.475017,,,0.130,168.6
1190,0.473600,,0.516000,0.475017,,,0.131,168.7
1191,0.471100,,0.516000,0.475017,,,0.134,168.8
1192,0.472767,,0.516000,0.475017,,,0.130,169.0
1193,0.473700,,0.516000,0.475017,,,0.132,169.1
1194,0.472183,,0.516000,0.475017,,,0.135,169.2
1195,0.473083,,0.516000,0.475017,,,0.129,169.4
1196,0.472633,,0.516000,0.475017,,,0.134,169.5
1197,0.470417,,0.516000,0.475017,,,0.201,169.7
1198,0.473667,,0.516000,0.475017,,,0.132,169.8
1199,0.472517,,0.516000,0.475017,,,0.133,170.0
1200,0.473467,0.5270000100135803,0.527000,0.475017,2.8918009320477722e-08,1.0,0.221,170.2
1201,0.474267,,0.527000,0.475017,,,0.128,170.3
1202,0.470083,,0.527000,0.475017,,,0.132,170.5
1203,0.471533,,0.527000,0.475017,,,0.133,170.6
1204,0.475750,,0.527000,0.475750,,,0.135,170.7
1205,0.474333,,0.527000,0.475750,,,0.133,170.9
1206,0.473317,,0.527000,0.475750,,,0.133,171.0
1207,0.478033,,0.527000,0.478033,,,0.133,171.1
1208,0.474183,,0.527000,0.478033,,,0.133,171.3
1209,0.473700,,0.527000,0.478033,,,0.133,171.4
1210,0.474683,,0.527000,0.478033,,,0.132,171.5
1211,0.473617,,0.527000,0.478033,,,0.133,171.7
1212,0.474350,,0.527000,0.478033,,,0.203,171.9
1213,0.475933,,0.527000,0.478033,,,0.132,172.0
1214,0.475850,,0.527000,0.478033,,,0.134,172.1
1215,0.478417,,0.527000,0.478417,,,0.136,172.3
1216,0.475183,,0.527000,0.478417,,,0.130,172.4
1217,0.473400,,0.527000,0.478417,,,0.132,172.5
1218,0.477217,,0.527000,0.478417,,,0.133,172.7
1219,0.475117,,0.527000,0.478417,,,0.144,172.8
1220,0.475150,,0.527000,0.478417,,,0.132,172.9
1221,0.475200,,0.527000,0.478417,,,0.141,173.1
1222,0.474433,,0.527000,0.478417,,,0.132,173.2
1223,0.473883,,0.527000,0.478417,,,0.134,173.3
1224,0.476833,,0.527000,0.478417,,,0.133,173.5
1225,0.477600,,0.527000,0.478417,,,0.137,173.6
1226,0.473800,,0.527000,0.478417,,,0.137,173.7
1227,0.475400,,0.527000,0.478417,,,0.181,173.9
1228,0.477717,,0.527000,0.478417,,,0.133,174.1
1229,0.476783,,0.527000,0.478417,,,0.131,174.2
1230,0.479083,,0.527000,0.479083,,,0.129,174.3
1231,0.477600,,0.527000,0.479083,,,0.132,174.5
1232,0.478983,,0.527000,0.479083,,,0.132,174.6
1233,0.475700,,0.527000,0.479083,,,0.131,174.7
1234,0.475817,,0.527000,0.479083,,,0.130,174.8
1235,0.479483,,0.527000,0.479483,,,0.135,175.0
1236,0.478383,,0.527000,0.479483,,,0.131,175.1
1237,0.478183,,0.527000,0.479483,,,0.133,175.2
1238,0.479533,,0.527000,0.479533,,,0.133,175.4
1239,0.479433,,0.527000,0.479533,,,0.133,175.5
1240,0.476567,,0.527000,0.479533,,,0.131,175.6
1241,0.479100,,0.527000,0.479533,,,0.130,175.8
1242,0.479167,,0.527000,0.479533,,,0.132,175.9
1243,0.478267,,0.527000,0.479533,,,0.199,176.1
1244,0.476517,,0.527000,0.479533,,,0.135,176.2
1245,0.481967,,0.527000,0.481967,,,0.133,176.4
1246,0.478883,,0.527000,0.481967,,,0.130,176.5
1247,0.479417,,0.527000,0.481967,,,0.134,176.6
1248,0.481867,,0.527000,0.481967,,,0.132,176.8
1249,0.481267,,0.527000,0.481967,,,0.131,176.9
1250,0.480383,,0.527000,0.481967,,,0.132,177.0
1251,0.481183,,0.527000,0.481967,,,0.133,177.2
1252,0.482483,,0.527000,0.482483,,,0.131,177.3
1253,0.482267,,0.527000,0.482483,,,0.132,177.4
1254,0.482283,,0.527000,0.482483,,,0.130,177.6
1255,0.480217,,0.527000,0.482483,,,0.133,177.7
1256,0.483800,,0.527000,0.483800,,,0.130,177.8
1257,0.478983,,0.527000,0.483800,,,0.131,177.9
1258,0.481683,,0.527000,0.483800,,,0.134,178.1
1259,0.479733,,0.527000,0.483800,,,0.203,178.3
1260,0.478967,,0.527000,0.483800,,,0.131,178.4
1261,0.480067,,0.527000,0.483800,,,0.132,178.5
1262,0.482983,,0.527000,0.483800,,,0.133,178.7
1263,0.480733,,0.527000,0.483800,,,0.133,178.8
1264,0.479383,,0.527000,0.483800,,,0.131,178.9
1265,0.477733,,0.527000,0.483800,,,0.132,179.1
1266,0.483117,,0.527000,0.483800,,,0.133,179.2
1267,0.480933,,0.527000,0.483800,,,0.132,179.3
1268,0.481850,,0.527000,0.483800,,,0.131,179.5
1269,0.479750,,0.527000,0.483800,,,0.130,179.6
1270,0.481417,,0.527000,0.483800,,,0.131,179.7
1271,0.481200,,0.527000,0.483800,,,0.135,179.9
1272,0.477033,,0.527000,0.483800,,,0.131,180.0
1273,0.481000,,0.527000,0.483800,,,0.132,180.1
1274,0.481267,,0.527000,0.483800,,,0.131,180.3
1275,0.481083,,0.527000,0.483800,,,0.131,180.4
1276,0.479533,,0.527000,0.483800,,,0.129,180.5
1277,0.482800,,0.527000,0.483800,,,0.131,180.7
1278,0.483950,,0.527000,0.483950,,,0.131,180.8
1279,0.481550,,0.527000,0.483950,,,0.132,180.9
1280,0.483100,,0.527000,0.483950,,,0.129,181.0
1281,0.479467,,0.527000,0.483950,,,0.133,181.2
1282,0.481817,,0.527000,0.483950,,,0.130,181.3
1283,0.481033,,0.527000,0.483950,,,0.133,181.4
1284,0.481567,,0.527000,0.483950,,,0.133,181.6
1285,0.479317,,0.527000,0.483950,,,0.132,181.7
1286,0.480683,,0.527000,0.483950,,,0.132,181.8
1287,0.482117,,0.527000,0.483950,,,0.132,182.0
1288,0.482400,,0.527000,0.483950,,,0.134,182.1
1289,0.480417,,0.527000,0.483950,,,0.135,182.2
1290,0.481133,,0.527000,0.483950,,,0.133,182.4
1291,0.483083,,0.527000,0.483950,,,0.130,182.5
1292,0.479950,,0.527000,0.483950,,,0.133,182.6
1293,0.482217,,0.527000,0.483950,,,0.133,182.8
1294,0.479283,,0.527000,0.483950,,,0.132,182.9
1295,0.482667,,0.527000,0.483950,,,0.130,183.0
1296,0.480450,,0.527000,0.483950,,,0.134,183.2
1297,0.483400,,0.527000,0.483950,,,0.133,183.3
1298,0.483733,,0.527000,0.483950,,,0.130,183.4
1299,0.481750,,0.527000,0.483950,,,0.132,183.6
1300,0.485017,0.534000039100647,0.534000,0.485017,2.5577321594028035e-08,1.0,0.222,183.8
1301,0.484350,,0.534000,0.485017,,,0.129,183.9
1302,0.484233,,0.534000,0.485017,,,0.132,184.0
1303,0.483033,,0.534000,0.485017,,,0.134,184.2
1304,0.485983,,0.534000,0.485983,,,0.200,184.4
1305,0.484033,,0.534000,0.485983,,,0.133,184.5
1306,0.486517,,0.534000,0.486517,,,0.135,184.6
1307,0.484083,,0.534000,0.486517,,,0.132,184.8
1308,0.483750,,0.534000,0.486517,,,0.133,184.9
1309,0.484133,,0.534000,0.486517,,,0.128,185.0
1310,0.481400,,0.534000,0.486517,,,0.131,185.2
1311,0.482350,,0.534000,0.486517,,,0.132,185.3
1312,0.483383,,0.534000,0.486517,,,0.131,185.4
1313,0.484333,,0.534000,0.486517,,,0.132,185.6
1314,0.484467,,0.534000,0.486517,,,0.133,185.7
1315,0.483583,,0.534000,0.486517,,,0.133,185.8
1316,0.485150,,0.534000,0.486517,,,0.130,186.0
1317,0.482900,,0.534000,0.486517,,,0.131,186.1
1318,0.483383,,0.534000,0.486517,,,0.135,186.2
1319,0.484200,,0.534000,0.486517,,,0.135,186.4
1320,0.481350,,0.534000,0.486517,,,0.132,186.5
1321,0.481417,,0.534000,0.486517,,,0.132,186.6
1322,0.484450,,0.534000,0.486517,,,0.131,186.8
1323,0.483467,,0.534000,0.486517,,,0.131,186.9
1324,0.484933,,0.534000,0.486517,,,0.130,187.0
1325,0.485350,,0.534000,0.486517,,,0.132,187.1
1326,0.488767,,0.534000,0.488767,,,0.132,187.3
1327,0.487550,,0.534000,0.488767,,,0.130,187.4
1328,0.483517,,0.534000,0.488767,,,0.132,187.5
1329,0.482100,,0.534000,0.488767,,,0.133,187.7
1330,0.485250,,0.534000,0.488767,,,0.132,187.8
1331,0.488083,,0.534000,0.488767,,,0.133,187.9
1332,0.484117,,0.534000,0.488767,,,0.133,188.1
1333,0.488200,,0.534000,0.488767,,,0.132,188.2
1334,0.484467,,0.534000,0.488767,,,0.130,188.3
1335,0.487233,,0.534000,0.488767,,,0.133,188.5
1336,0.487300,,0.534000,0.488767,,,0.130,188.6
1337,0.488117,,0.534000,0.488767,,,0.128,188.7
1338,0.485183,,0.534000,0.488767,,,0.132,188.9
1339,0.485383,,0.534000,0.488767,,,0.132,189.0
1340,0.487450,,0.534000,0.488767,,,0.130,189.1
1341,0.486100,,0.534000,0.488767,,,0.133,189.3
1342,0.483650,,0.534000,0.488767,,,0.162,189.4
1343,0.485633,,0.534000,0.488767,,,0.131,189.5
1344,0.484950,,0.534000,0.488767,,,0.134,189.7
1345,0.487267,,0.534000,0.488767,,,0.131,189.8
1346,0.485650,,0.534000,0.488767,,,0.131,189.9
1347,0.486617,,0.534000,0.488767,,,0.131,190.1
1348,0.484050,,0.534000,0.488767,,,0.139,190.2
1349,0.487183,,0.534000,0.488767,,,0.185,190.4
1350,0.487500,,0.534000,0.488767,,,0.131,190.5
1351,0.486300,,0.534000,0.488767,,,0.130,190.7
1352,0.487317,,0.534000,0.488767,,,0.129,190.8
1353,0.486750,,0.534000,0.488767,,,0.131,190.9
1354,0.487150,,0.534000,0.488767,,,0.131,191.0
1355,0.487300,,0.534000,0.488767,,,0.130,191.2
1356,0.488483,,0.534000,0.488767,,,0.130,191.3
1357,0.488417,,0.534000,0.488767,,,0.131,191.4
1358,0.486600,,0.534000,0.488767,,,0.132,191.6
1359,0.489717,,0.534000,0.489717,,,0.133,191.7
1360,0.490550,,0.534000,0.490550,,,0.130,191.8
1361,0.488783,,0.534000,0.490550,,,0.130,192.0
1362,0.490200,,0.534000,0.490550,,,0.132,192.1
1363,0.486817,,0.534000,0.490550,,,0.133,192.2
1364,0.487267,,0.534000,0.490550,,,0.129,192.4
1365,0.486283,,0.534000,0.490550,,,0.199,192.6
1366,0.490300,,0.534000,0.490550,,,0.133,192.7
1367,0.490183,,0.534000,0.490550,,,0.130,192.8
1368,0.487133,,0.534000,0.490550,,,0.134,193.0
1369,0.487883,,0.534000,0.490550,,,0.135,193.1
1370,0.487200,,0.534000,0.490550,,,0.132,193.2
1371,0.488300,,0.534000,0.490550,,,0.132,193.4
1372,0.489083,,0.534000,0.490550,,,0.131,193.5
1373,0.486317,,0.534000,0.490550,,,0.131,193.6
1374,0.491233,,0.534000,0.491233,,,0.132,193.7
1375,0.489267,,0.534000,0.491233,,,0.134,193.9
1376,0.487733,,0.534000,0.491233,,,0.131,194.0
1377,0.488250,,0.534000,0.491233,,,0.130,194.1
1378,0.488133,,0.534000,0.491233,,,0.130,194.3
1379,0.487017,,0.534000,0.491233,,,0.141,194.4
1380,0.487367,,0.534000,0.491233,,,0.132,194.5
1381,0.489883,,0.534000,0.491233,,,0.134,194.7
1382,0.487300,,0.534000,0.491233,,,0.132,194.8
1383,0.490167,,0.534000,0.491233,,,0.132,194.9
1384,0.488933,,0.534000,0.491233,,,0.132,195.1
1385,0.490817,,0.534000,0.491233,,,0.130,195.2
1386,0.487383,,0.534000,0.491233,,,0.134,195.3
1387,0.489450,,0.534000,0.491233,,,0.132,195.5
1388,0.491000,,0.534000,0.491233,,,0.131,195.6
1389,0.491000,,0.534000,0.491233,,,0.133,195.7
1390,0.490167,,0.534000,0.491233,,,0.132,195.9
1391,0.489433,,0.534000,0.491233,,,0.133,196.0
1392,0.490567,,0.534000,0.491233,,,0.133,196.1
1393,0.492633,,0.534000,0.492633,,,0.131,196.3
1394,0.494333,,0.534000,0.494333,,,0.133,196.4
1395,0.492933,,0.534000,0.494333,,,0.199,196.6
1396,0.493867,,0.534000,0.494333,,,0.133,196.7
1397,0.494500,,0.534000,0.494500,,,0.132,196.9
1398,0.496000,,0.534000,0.496000,,,0.132,197.0
1399,0.494517,,0.534000,0.496000,,,0.130,197.1
1400,0.495250,0.5475000143051147,0.547500,0.496000,2.4202677195717115e-08,1.0,0.223,197.3
1401,0.493317,,0.547500,0.496000,,,0.129,197.5
1402,0.492933,,0.547500,0.496000,,,0.133,197.6
1403,0.492517,,0.547500,0.496000,,,0.131,197.7
1404,0.493550,,0.547500,0.496000,,,0.132,197.9
1405,0.493100,,0.547500,0.496000,,,0.130,198.0
1406,0.492967,,0.547500,0.496000,,,0.130,198.1
1407,0.492233,,0.547500,0.496000,,,0.134,198.3
1408,0.492550,,0.547500,0.496000,,,0.132,198.4
1409,0.489617,,0.547500,0.496000,,,0.130,198.5
1410,0.490967,,0.547500,0.496000,,,0.199,198.7
1411,0.493167,,0.547500,0.496000,,,0.133,198.9
1412,0.491333,,0.547500,0.496000,,,0.133,199.0
1413,0.492183,,0.547500,0.496000,,,0.131,199.1
1414,0.491667,,0.547500,0.496000,,,0.132,199.3
1415,0.492167,,0.547500,0.496000,,,0.132,199.4
1416,0.489683,,0.547500,0.496000,,,0.133,199.5
1417,0.491617,,0.547500,0.496000,,,0.130,199.6
1418,0.491467,,0.547500,0.496000,,,0.131,199.8
1419,0.493667,,0.547500,0.496000,,,0.133,199.9
1420,0.495067,,0.547500,0.496000,,,0.132,200.0
1421,0.491850,,0.547500,0.496000,,,0.131,200.2
1422,0.495300,,0.547500,0.496000,,,0.132,200.3
1423,0.492983,,0.547500,0.496000,,,0.134,200.4
1424,0.491683,,0.547500,0.496000,,,0.130,200.6
1425,0.489750,,0.547500,0.496000,,,0.200,200.8
1426,0.495450,,0.547500,0.496000,,,0.132,200.9
1427,0.493517,,0.547500,0.496000,,,0.132,201.0
1428,0.495717,,0.547500,0.496000,,,0.133,201.2
1429,0.493517,,0.547500,0.496000,,,0.133,201.3
1430,0.495117,,0.547500,0.496000,,,0.132,201.4
1431,0.494317,,0.547500,0.496000,,,0.131,201.6
1432,0.494067,,0.547500,0.496000,,,0.134,201.7
1433,0.493183,,0.547500,0.496000,,,0.130,201.8
1434,0.493950,,0.547500,0.496000,,,0.133,202.0
1435,0.494983,,0.547500,0.496000,,,0.133,202.1
1436,0.494600,,0.547500,0.496000,,,0.134,202.2
1437,0.494833,,0.547500,0.496000,,,0.132,202.4
1438,0.494883,,0.547500,0.496000,,,0.130,202.5
1439,0.495517,,0.547500,0.496000,,,0.132,202.6
1440,0.494867,,0.547500,0.496000,,,0.130,202.8
1441,0.498133,,0.547500,0.498133,,,0.129,202.9
1442,0.495233,,0.547500,0.498133,,,0.133,203.0
1443,0.497733,,0.547500,0.498133,,,0.134,203.1
1444,0.494950,,0.547500,0.498133,,,0.130,203.3
1445,0.496917,,0.547500,0.498133,,,0.133,203.4
1446,0.498667,,0.547500,0.498667,,,0.133,203.5
1447,0.499067,,0.547500,0.499067,,,0.132,203.7
1448,0.496650,,0.547500,0.499067,,,0.131,203.8
1449,0.499950,,0.547500,0.499950,,,0.134,203.9
1450,0.498050,,0.547500,0.499950,,,0.131,204.1
1451,0.498250,,0.547500,0.499950,,,0.131,204.2
1452,0.499217,,0.547500,0.499950,,,0.131,204.3
1453,0.498733,,0.547500,0.499950,,,0.132,204.5
1454,0.496467,,0.547500,0.499950,,,0.134,204.6
1455,0.495450,,0.547500,0.499950,,,0.133,204.7
1456,0.495667,,0.547500,0.499950,,,0.130,204.9
1457,0.499350,,0.547500,0.499950,,,0.132,205.0
1458,0.498200,,0.547500,0.499950,,,0.134,205.1
1459,0.496700,,0.547500,0.499950,,,0.135,205.3
1460,0.495767,,0.547500,0.499950,,,0.134,205.4
1461,0.496183,,0.547500,0.499950,,,0.133,205.5
1462,0.496967,,0.547500,0.499950,,,0.133,205.7
1463,0.498900,,0.547500,0.499950,,,0.133,205.8
1464,0.496533,,0.547500,0.499950,,,0.132,205.9
1465,0.493117,,0.547500,0.499950,,,0.132,206.1
1466,0.498050,,0.547500,0.499950,,,0.132,206.2
1467,0.497000,,0.547500,0.499950,,,0.132,206.3
1468,0.495017,,0.547500,0.499950,,,0.133,206.5
1469,0.497583,,0.547500,0.499950,,,0.134,206.6
1470,0.500150,,0.547500,0.500150,,,0.157,206.8
1471,0.497550,,0.547500,0.500150,,,0.132,206.9
1472,0.496233,,0.547500,0.500150,,,0.135,207.0
1473,0.495867,,0.547500,0.500150,,,0.130,207.1
1474,0.495800,,0.547500,0.500150,,,0.132,207.3
1475,0.498467,,0.547500,0.500150,,,0.132,207.4
1476,0.495667,,0.547500,0.500150,,,0.134,207.5
1477,0.500400,,0.547500,0.500400,,,0.132,207.7
1478,0.497400,,0.547500,0.500400,,,0.132,207.8
1479,0.500333,,0.547500,0.500400,,,0.129,207.9
1480,0.499233,,0.547500,0.500400,,,0.131,208.1
1481,0.496300,,0.547500,0.500400,,,0.132,208.2
1482,0.496517,,0.547500,0.500400,,,0.134,208.3
1483,0.496517,,0.547500,0.500400,,,0.136,208.5
1484,0.499433,,0.547500,0.500400,,,0.133,208.6
1485,0.498250,,0.547500,0.500400,,,0.132,208.7
1486,0.498333,,0.547500,0.500400,,,0.197,208.9
1487,0.497983,,0.547500,0.500400,,,0.133,209.1
1488,0.500033,,0.547500,0.500400,,,0.131,209.2
1489,0.497583,,0.547500,0.500400,,,0.133,209.3
1490,0.500917,,0.547500,0.500917,,,0.130,209.5
1491,0.501633,,0.547500,0.501633,,,0.131,209.6
1492,0.502783,,0.547500,0.502783,,,0.133,209.7
1493,0.501050,,0.547500,0.502783,,,0.132,209.9
1494,0.503833,,0.547500,0.503833,,,0.134,210.0
1495,0.503917,,0.547500,0.503917,,,0.132,210.1
1496,0.499867,,0.547500,0.503917,,,0.132,210.3
1497,0.499950,,0.547500,0.503917,,,0.131,210.4
1498,0.501700,,0.547500,0.503917,,,0.131,210.5
1499,0.500283,,0.547500,0.503917,,,0.129,210.6
1500,0.500950,0.5560000538825989,0.556000,0.503917,2.4811015464365482e-08,1.0,0.231,210.9
1501,0.497950,,0.556000,0.503917,,,0.195,211.1
1502,0.501083,,0.556000,0.503917,,,0.133,211.2
1503,0.501400,,0.556000,0.503917,,,0.133,211.3
1504,0.501317,,0.556000,0.503917,,,0.132,211.5
1505,0.498833,,0.556000,0.503917,,,0.133,211.6
1506,0.500633,,0.556000,0.503917,,,0.131,211.7
1507,0.500717,,0.556000,0.503917,,,0.131,211.9
1508,0.503183,,0.556000,0.503917,,,0.131,212.0
1509,0.500533,,0.556000,0.503917,,,0.133,212.1
1510,0.500050,,0.556000,0.503917,,,0.131,212.3
1511,0.499850,,0.556000,0.503917,,,0.131,212.4
1512,0.501300,,0.556000,0.503917,,,0.134,212.5
1513,0.503033,,0.556000,0.503917,,,0.134,212.7
1514,0.499933,,0.556000,0.503917,,,0.128,212.8
1515,0.502633,,0.556000,0.503917,,,0.132,212.9
1516,0.501933,,0.556000,0.503917,,,0.200,213.1
1517,0.502033,,0.556000,0.503917,,,0.134,213.3
1518,0.501400,,0.556000,0.503917,,,0.130,213.4
1519,0.502167,,0.556000,0.503917,,,0.129,213.5
1520,0.501033,,0.556000,0.503917,,,0.130,213.6
1521,0.502700,,0.556000,0.503917,,,0.131,213.8
1522,0.503800,,0.556000,0.503917,,,0.130,213.9
1523,0.500717,,0.556000,0.503917,,,0.133,214.0
1524,0.502583,,0.556000,0.503917,,,0.133,214.2
1525,0.501767,,0.556000,0.503917,,,0.143,214.3
1526,0.504167,,0.556000,0.504167,,,0.133,214.4
1527,0.499233,,0.556000,0.504167,,,0.133,214.6
1528,0.501483,,0.556000,0.504167,,,0.130,214.7
1529,0.503917,,0.556000,0.504167,,,0.132,214.8
1530,0.503417,,0.556000,0.504167,,,0.133,215.0
1531,0.501917,,0.556000,0.504167,,,0.133,215.1
1532,0.499450,,0.556000,0.504167,,,0.131,215.2
1533,0.502900,,0.556000,0.504167,,,0.132,215.4
1534,0.504500,,0.556000,0.504500,,,0.130,215.5
1535,0.504600,,0.556000,0.504600,,,0.131,215.6
1536,0.502933,,0.556000,0.504600,,,0.134,215.8
1537,0.504200,,0.556000,0.504600,,,0.131,215.9
1538,0.502333,,0.556000,0.504600,,,0.133,216.0
1539,0.500333,,0.556000,0.504600,,,0.133,216.2
1540,0.502883,,0.556000,0.504600,,,0.131,216.3
1541,0.503200,,0.556000,0.504600,,,0.131,216.4
1542,0.502900,,0.556000,0.504600,,,0.131,216.6
1543,0.503533,,0.556000,0.504600,,,0.130,216.7
1544,0.503100,,0.556000,0.504600,,,0.131,216.8
1545,0.502650,,0.556000,0.504600,,,0.134,216.9
1546,0.503683,,0.556000,0.504600,,,0.131,217.1
1547,0.503583,,0.556000,0.504600,,,0.134,217.2
1548,0.503333,,0.556000,0.504600,,,0.134,217.3
1549,0.503583,,0.556000,0.504600,,,0.129,217.5
1550,0.502267,,0.556000,0.504600,,,0.131,217.6
1551,0.505117,,0.556000,0.505117,,,0.134,217.7
1552,0.503933,,0.556000,0.505117,,,0.132,217.9
1553,0.502817,,0.556000,0.505117,,,0.132,218.0
1554,0.500733,,0.556000,0.505117,,,0.132,218.1
1555,0.499350,,0.556000,0.505117,,,0.133,218.3
1556,0.502383,,0.556000,0.505117,,,0.131,218.4
1557,0.501350,,0.556000,0.505117,,,0.130,218.5
1558,0.502817,,0.556000,0.505117,,,0.131,218.7
1559,0.502950,,0.556000,0.505117,,,0.138,218.8
1560,0.505300,,0.556000,0.505300,,,0.160,219.0
1561,0.504183,,0.556000,0.505300,,,0.195,219.2
1562,0.501367,,0.556000,0.505300,,,0.134,219.3
1563,0.502000,,0.556000,0.505300,,,0.132,219.4
1564,0.503250,,0.556000,0.505300,,,0.133,219.6
1565,0.500667,,0.556000,0.505300,,,0.133,219.7
1566,0.503567,,0.556000,0.505300,,,0.133,219.8
1567,0.502600,,0.556000,0.505300,,,0.131,220.0
1568,0.502183,,0.556000,0.505300,,,0.132,220.1
1569,0.500767,,0.556000,0.505300,,,0.130,220.2
1570,0.505400,,0.556000,0.505400,,,0.132,220.3
1571,0.503400,,0.556000,0.505400,,,0.134,220.5
1572,0.502333,,0.556000,0.505400,,,0.132,220.6
1573,0.502833,,0.556000,0.505400,,,0.130,220.7
1574,0.503900,,0.556000,0.505400,,,0.135,220.9
1575,0.504250,,0.556000,0.505400,,,0.130,221.0
1576,0.504183,,0.556000,0.505400,,,0.132,221.1
1577,0.504317,,0.556000,0.505400,,,0.200,221.3
1578,0.506250,,0.556000,0.506250,,,0.134,221.5
1579,0.502733,,0.556000,0.506250,,,0.133,221.6
1580,0.505317,,0.556000,0.506250,,,0.131,221.7
1581,0.504250,,0.556000,0.506250,,,0.130,221.9
1582,0.502333,,0.556000,0.506250,,,0.134,222.0
1583,0.506300,,0.556000,0.506300,,,0.130,222.1
1584,0.504033,,0.556000,0.506300,,,0.132,222.3
1585,0.505050,,0.556000,0.506300,,,0.134,222.4
1586,0.504900,,0.556000,0.506300,,,0.130,222.5
1587,0.506233,,0.556000,0.506300,,,0.131,222.7
1588,0.506250,,0.556000,0.506300,,,0.131,222.8
1589,0.507517,,0.556000,0.507517,,,0.133,222.9
1590,0.504533,,0.556000,0.507517,,,0.130,223.1
1591,0.503500,,0.556000,0.507517,,,0.132,223.2
1592,0.504900,,0.556000,0.507517,,,0.130,223.3
1593,0.504917,,0.556000,0.507517,,,0.133,223.4
1594,0.505317,,0.556000,0.507517,,,0.131,223.6
1595,0.507967,,0.556000,0.507967,,,0.131,223.7
1596,0.503300,,0.556000,0.507967,,,0.128,223.8
1597,0.505650,,0.556000,0.507967,,,0.132,224.0
1598,0.502250,,0.556000,0.507967,,,0.130,224.1
1599,0.505767,,0.556000,0.507967,,,0.131,224.2
1600,0.506750,0.5545000433921814,0.556000,0.507967,2.4332848624908365e-08,1.0,0.220,224.4
1601,0.505033,,0.556000,0.507967,,,0.130,224.6
1602,0.505167,,0.556000,0.507967,,,0.132,224.7
1603,0.503933,,0.556000,0.507967,,,0.134,224.8
1604,0.508017,,0.556000,0.508017,,,0.130,225.0
1605,0.505783,,0.556000,0.508017,,,0.134,225.1
1606,0.507400,,0.556000,0.508017,,,0.134,225.2
1607,0.505017,,0.556000,0.508017,,,0.200,225.4
1608,0.506300,,0.556000,0.508017,,,0.134,225.6
1609,0.506983,,0.556000,0.508017,,,0.133,225.7
1610,0.507967,,0.556000,0.508017,,,0.133,225.8
1611,0.506900,,0.556000,0.508017,,,0.131,226.0
1612,0.506300,,0.556000,0.508017,,,0.132,226.1
1613,0.507517,,0.556000,0.508017,,,0.132,226.2
1614,0.506650,,0.556000,0.508017,,,0.146,226.4
1615,0.505733,,0.556000,0.508017,,,0.135,226.5
1616,0.505867,,0.556000,0.508017,,,0.129,226.6
1617,0.504717,,0.556000,0.508017,,,0.130,226.8
1618,0.507917,,0.556000,0.508017,,,0.130,226.9
1619,0.507917,,0.556000,0.508017,,,0.134,227.0
1620,0.505783,,0.556000,0.508017,,,0.129,227.2
1621,0.504833,,0.556000,0.508017,,,0.132,227.3
1622,0.507383,,0.556000,0.508017,,,0.133,227.4
1623,0.508400,,0.556000,0.508400,,,0.133,227.6
1624,0.505583,,0.556000,0.508400,,,0.134,227.7
1625,0.507817,,0.556000,0.508400,,,0.134,227.8
1626,0.506983,,0.556000,0.508400,,,0.132,228.0
1627,0.507400,,0.556000,0.508400,,,0.131,228.1
1628,0.507583,,0.556000,0.508400,,,0.131,228.2
1629,0.506700,,0.556000,0.508400,,,0.131,228.4
1630,0.505550,,0.556000,0.508400,,,0.131,228.5
1631,0.506950,,0.556000,0.508400,,,0.133,228.6
1632,0.507100,,0.556000,0.508400,,,0.132,228.8
1633,0.505967,,0.556000,0.508400,,,0.131,228.9
1634,0.505633,,0.556000,0.508400,,,0.129,229.0
1635,0.506433,,0.556000,0.508400,,,0.134,229.2
1636,0.506650,,0.556000,0.508400,,,0.133,229.3
1637,0.504600,,0.556000,0.508400,,,0.136,229.4
1638,0.505317,,0.556000,0.508400,,,0.130,229.6
1639,0.506583,,0.556000,0.508400,,,0.135,229.7
1640,0.507100,,0.556000,0.508400,,,0.133,229.8
1641,0.507717,,0.556000,0.508400,,,0.133,230.0
1642,0.508117,,0.556000,0.508400,,,0.132,230.1
1643,0.507517,,0.556000,0.508400,,,0.132,230.2
1644,0.507183,,0.556000,0.508400,,,0.131,230.3
1645,0.506767,,0.556000,0.508400,,,0.131,230.5
1646,0.509350,,0.556000,0.509350,,,0.131,230.6
1647,0.507850,,0.556000,0.509350,,,0.132,230.7
1648,0.507250,,0.556000,0.509350,,,0.131,230.9
1649,0.506883,,0.556000,0.509350,,,0.133,231.0
1650,0.509333,,0.556000,0.509350,,,0.132,231.1
1651,0.506650,,0.556000,0.509350,,,0.133,231.3
1652,0.508000,,0.556000,0.509350,,,0.140,231.4
1653,0.509483,,0.556000,0.509483,,,0.127,231.5
1654,0.505783,,0.556000,0.509483,,,0.131,231.7
1655,0.509433,,0.556000,0.509483,,,0.133,231.8
1656,0.508550,,0.556000,0.509483,,,0.133,231.9
1657,0.508067,,0.556000,0.509483,,,0.133,232.1
1658,0.509150,,0.556000,0.509483,,,0.132,232.2
1659,0.509483,,0.556000,0.509483,,,0.131,232.3
1660,0.509483,,0.556000,0.509483,,,0.131,232.5
1661,0.511100,,0.556000,0.511100,,,0.132,232.6
1662,0.508967,,0.556000,0.511100,,,0.129,232.7
1663,0.510917,,0.556000,0.511100,,,0.131,232.9
1664,0.509000,,0.556000,0.511100,,,0.130,233.0
1665,0.510900,,0.556000,0.511100,,,0.131,233.1
1666,0.507317,,0.556000,0.511100,,,0.132,233.2
1667,0.509917,,0.556000,0.511100,,,0.130,233.4
1668,0.508617,,0.556000,0.511100,,,0.199,233.6
1669,0.510783,,0.556000,0.511100,,,0.133,233.7
1670,0.511433,,0.556000,0.511433,,,0.131,233.8
1671,0.509367,,0.556000,0.511433,,,0.130,234.0
1672,0.509400,,0.556000,0.511433,,,0.129,234.1
1673,0.510550,,0.556000,0.511433,,,0.134,234.2
1674,0.508267,,0.556000,0.511433,,,0.134,234.4
1675,0.509600,,0.556000,0.511433,,,0.131,234.5
1676,0.511867,,0.556000,0.511867,,,0.132,234.6
1677,0.509283,,0.556000,0.511867,,,0.133,234.8
1678,0.509483,,0.556000,0.511867,,,0.130,234.9
1679,0.511483,,0.556000,0.511867,,,0.132,235.0
1680,0.509600,,0.556000,0.511867,,,0.131,235.2
1681,0.512517,,0.556000,0.512517,,,0.129,235.3
1682,0.510250,,0.556000,0.512517,,,0.131,235.4
1683,0.510617,,0.556000,0.512517,,,0.130,235.5
1684,0.510017,,0.556000,0.512517,,,0.199,235.7
1685,0.507783,,0.556000,0.512517,,,0.133,235.9
1686,0.511917,,0.556000,0.512517,,,0.132,236.0
1687,0.514317,,0.556000,0.514317,,,0.130,236.1
1688,0.511017,,0.556000,0.514317,,,0.132,236.3
1689,0.510617,,0.556000,0.514317,,,0.132,236.4
1690,0.512383,,0.556000,0.514317,,,0.134,236.5
1691,0.510517,,0.556000,0.514317,,,0.130,236.7
1692,0.514983,,0.556000,0.514983,,,0.132,236.8
1693,0.510633,,0.556000,0.514983,,,0.131,236.9
1694,0.512850,,0.556000,0.514983,,,0.134,237.1
1695,0.513900,,0.556000,0.514983,,,0.133,237.2
1696,0.508883,,0.556000,0.514983,,,0.132,237.3
1697,0.512300,,0.556000,0.514983,,,0.131,237.5
1698,0.511067,,0.556000,0.514983,,,0.129,237.6
1699,0.508983,,0.556000,0.514983,,,0.131,237.7
1700,0.512233,0.5580000281333923,0.558000,0.514983,2.3945176508277655e-08,1.0,0.222,237.9
1701,0.512150,,0.558000,0.514983,,,0.129,238.1
1702,0.512600,,0.558000,0.514983,,,0.132,238.2
1703,0.511133,,0.558000,0.514983,,,0.131,238.3
1704,0.511050,,0.558000,0.514983,,,0.133,238.5
1705,0.513517,,0.558000,0.514983,,,0.131,238.6
1706,0.511417,,0.558000,0.514983,,,0.133,238.7
1707,0.508983,,0.558000,0.514983,,,0.131,238.9
1708,0.513500,,0.558000,0.514983,,,0.130,239.0
1709,0.512517,,0.558000,0.514983,,,0.131,239.1
1710,0.510400,,0.558000,0.514983,,,0.131,239.3
1711,0.513133,,0.558000,0.514983,,,0.133,239.4
1712,0.513883,,0.558000,0.514983,,,0.129,239.5
1713,0.512117,,0.558000,0.514983,,,0.131,239.7
1714,0.514733,,0.558000,0.514983,,,0.201,239.9
1715,0.510517,,0.558000,0.514983,,,0.134,240.0
1716,0.512033,,0.558000,0.514983,,,0.130,240.1
1717,0.516833,,0.558000,0.516833,,,0.133,240.2
1718,0.512750,,0.558000,0.516833,,,0.132,240.4
1719,0.513750,,0.558000,0.516833,,,0.131,240.5
1720,0.512433,,0.558000,0.516833,,,0.131,240.6
1721,0.513683,,0.558000,0.516833,,,0.132,240.8
1722,0.514450,,0.558000,0.516833,,,0.131,240.9
1723,0.515600,,0.558000,0.516833,,,0.144,241.1
1724,0.513917,,0.558000,0.516833,,,0.134,241.2
1725,0.513417,,0.558000,0.516833,,,0.131,241.3
1726,0.513900,,0.558000,0.516833,,,0.132,241.4
1727,0.513883,,0.558000,0.516833,,,0.133,241.6
1728,0.513233,,0.558000,0.516833,,,0.133,241.7
1729,0.513667,,0.558000,0.516833,,,0.197,241.9
1730,0.513183,,0.558000,0.516833,,,0.133,242.0
1731,0.512767,,0.558000,0.516833,,,0.134,242.2
1732,0.511967,,0.558000,0.516833,,,0.135,242.3
1733,0.513033,,0.558000,0.516833,,,0.131,242.4
1734,0.512383,,0.558000,0.516833,,,0.132,242.6
1735,0.511233,,0.558000,0.516833,,,0.136,242.7
1736,0.512533,,0.558000,0.516833,,,0.131,242.8
1737,0.511883,,0.558000,0.516833,,,0.131,243.0
1738,0.512233,,0.558000,0.516833,,,0.134,243.1
1739,0.512250,,0.558000,0.516833,,,0.132,243.2
1740,0.512817,,0.558000,0.516833,,,0.133,243.4
1741,0.511933,,0.558000,0.516833,,,0.133,243.5
1742,0.514083,,0.558000,0.516833,,,0.130,243.6
1743,0.511200,,0.558000,0.516833,,,0.133,243.8
1744,0.513100,,0.558000,0.516833,,,0.145,243.9
1745,0.511933,,0.558000,0.516833,,,0.131,244.0
1746,0.513633,,0.558000,0.516833,,,0.132,244.2
1747,0.516417,,0.558000,0.516833,,,0.133,244.3
1748,0.511300,,0.558000,0.516833,,,0.131,244.4
1749,0.511150,,0.558000,0.516833,,,0.131,244.6
1750,0.512383,,0.558000,0.516833,,,0.132,244.7
1751,0.516283,,0.558000,0.516833,,,0.133,244.8
1752,0.513583,,0.558000,0.516833,,,0.133,245.0
1753,0.514733,,0.558000,0.516833,,,0.131,245.1
1754,0.512433,,0.558000,0.516833,,,0.133,245.2
1755,0.514217,,0.558000,0.516833,,,0.129,245.4
1756,0.515317,,0.558000,0.516833,,,0.136,245.5
1757,0.516983,,0.558000,0.516983,,,0.132,245.6
1758,0.514133,,0.558000,0.516983,,,0.133,245.8
1759,0.516533,,0.558000,0.516983,,,0.133,245.9
1760,0.513067,,0.558000,0.516983,,,0.198,246.1
1761,0.515250,,0.558000,0.516983,,,0.133,246.2
1762,0.514783,,0.558000,0.516983,,,0.133,246.4
1763,0.515850,,0.558000,0.516983,,,0.133,246.5
1764,0.517350,,0.558000,0.517350,,,0.132,246.6
1765,0.514117,,0.558000,0.517350,,,0.130,246.8
1766,0.517867,,0.558000,0.517867,,,0.136,246.9
1767,0.516167,,0.558000,0.517867,,,0.133,247.0
1768,0.513983,,0.558000,0.517867,,,0.132,247.2
1769,0.515867,,0.558000,0.517867,,,0.131,247.3
1770,0.516633,,0.558000,0.517867,,,0.133,247.4
1771,0.514417,,0.558000,0.517867,,,0.130,247.5
1772,0.514517,,0.558000,0.517867,,,0.132,247.7
1773,0.512567,,0.558000,0.517867,,,0.131,247.8
1774,0.515867,,0.558000,0.517867,,,0.134,247.9
1775,0.514233,,0.558000,0.517867,,,0.132,248.1
1776,0.512967,,0.558000,0.517867,,,0.133,248.2
1777,0.513283,,0.558000,0.517867,,,0.134,248.3
1778,0.515617,,0.558000,0.517867,,,0.132,248.5
1779,0.515033,,0.558000,0.517867,,,0.129,248.6
1780,0.513450,,0.558000,0.517867,,,0.132,248.7
1781,0.516883,,0.558000,0.517867,,,0.130,248.9
1782,0.516483,,0.558000,0.517867,,,0.134,249.0
1783,0.514167,,0.558000,0.517867,,,0.140,249.1
1784,0.515400,,0.558000,0.517867,,,0.165,249.3
1785,0.515683,,0.558000,0.517867,,,0.130,249.4
1786,0.513900,,0.558000,0.517867,,,0.134,249.6
1787,0.518583,,0.558000,0.518583,,,0.133,249.7
1788,0.516450,,0.558000,0.518583,,,0.133,249.8
1789,0.514200,,0.558000,0.518583,,,0.130,250.0
1790,0.518817,,0.558000,0.518817,,,0.205,250.2
1791,0.514417,,0.558000,0.518817,,,0.131,250.3
1792,0.513850,,0.558000,0.518817,,,0.132,250.4
1793,0.513650,,0.558000,0.518817,,,0.131,250.6
1794,0.515100,,0.558000,0.518817,,,0.132,250.7
1795,0.514600,,0.558000,0.518817,,,0.131,250.8
1796,0.514433,,0.558000,0.518817,,,0.133,251.0
1797,0.516367,,0.558000,0.518817,,,0.132,251.1
1798,0.515750,,0.558000,0.518817,,,0.131,251.2
1799,0.513917,,0.558000,0.518817,,,0.130,251.4
1800,0.516083,0.5625,0.562500,0.518817,2.453373326716246e-08,1.0,0.225,251.6
1801,0.514233,,0.562500,0.518817,,,0.128,251.7
1802,0.516583,,0.562500,0.518817,,,0.135,251.8
1803,0.513767,,0.562500,0.518817,,,0.133,252.0
1804,0.517133,,0.562500,0.518817,,,0.130,252.1
1805,0.511283,,0.562500,0.518817,,,0.198,252.3
1806,0.513967,,0.562500,0.518817,,,0.131,252.4
1807,0.514450,,0.562500,0.518817,,,0.132,252.6
1808,0.515550,,0.562500,0.518817,,,0.131,252.7
1809,0.514500,,0.562500,0.518817,,,0.130,252.8
1810,0.517067,,0.562500,0.518817,,,0.131,253.0
1811,0.516383,,0.562500,0.518817,,,0.132,253.1
1812,0.517300,,0.562500,0.518817,,,0.131,253.2
1813,0.517100,,0.562500,0.518817,,,0.133,253.4
1814,0.518350,,0.562500,0.518817,,,0.133,253.5
1815,0.515233,,0.562500,0.518817,,,0.131,253.6
1816,0.518217,,0.562500,0.518817,,,0.133,253.7
1817,0.516717,,0.562500,0.518817,,,0.133,253.9
1818,0.515200,,0.562500,0.518817,,,0.132,254.0
1819,0.515217,,0.562500,0.518817,,,0.131,254.1
1820,0.516350,,0.562500,0.518817,,,0.124,254.3
1821,0.515483,,0.562500,0.518817,,,0.197,254.5
1822,0.514267,,0.562500,0.518817,,,0.132,254.6
1823,0.517183,,0.562500,0.518817,,,0.131,254.7
1824,0.516383,,0.562500,0.518817,,,0.132,254.9
1825,0.516333,,0.562500,0.518817,,,0.131,255.0
1826,0.515267,,0.562500,0.518817,,,0.130,255.1
1827,0.513767,,0.562500,0.518817,,,0.133,255.3
1828,0.515500,,0.562500,0.518817,,,0.134,255.4
1829,0.514233,,0.562500,0.518817,,,0.133,255.5
1830,0.515850,,0.562500,0.518817,,,0.132,255.7
1831,0.514617,,0.562500,0.518817,,,0.129,255.8
1832,0.513933,,0.562500,0.518817,,,0.133,255.9
1833,0.514933,,0.562500,0.518817,,,0.130,256.0
1834,0.516600,,0.562500,0.518817,,,0.131,256.2
1835,0.514483,,0.562500,0.518817,,,0.164,256.3
1836,0.515567,,0.562500,0.518817,,,0.130,256.5
1837,0.516450,,0.562500,0.518817,,,0.132,256.6
1838,0.517533,,0.562500,0.518817,,,0.132,256.7
1839,0.516400,,0.562500,0.518817,,,0.130,256.9
1840,0.514950,,0.562500,0.518817,,,0.132,257.0
1841,0.515433,,0.562500,0.518817,,,0.132,257.1
1842,0.514567,,0.562500,0.518817,,,0.142,257.3
1843,0.516567,,0.562500,0.518817,,,0.132,257.4
1844,0.513000,,0.562500,0.518817,,,0.132,257.5
1845,0.516050,,0.562500,0.518817,,,0.132,257.7
1846,0.514933,,0.562500,0.518817,,,0.132,257.8
1847,0.515550,,0.562500,0.518817,,,0.132,257.9
1848,0.513950,,0.562500,0.518817,,,0.132,258.1
1849,0.515767,,0.562500,0.518817,,,0.132,258.2
1850,0.516200,,0.562500,0.518817,,,0.133,258.3
1851,0.516233,,0.562500,0.518817,,,0.132,258.5
1852,0.514433,,0.562500,0.518817,,,0.131,258.6
1853,0.515367,,0.562500,0.518817,,,0.132,258.7
1854,0.515967,,0.562500,0.518817,,,0.133,258.9
1855,0.514517,,0.562500,0.518817,,,0.131,259.0
1856,0.516467,,0.562500,0.518817,,,0.135,259.1
1857,0.515233,,0.562500,0.518817,,,0.131,259.3
1858,0.516717,,0.562500,0.518817,,,0.133,259.4
1859,0.513833,,0.562500,0.518817,,,0.132,259.5
1860,0.515850,,0.562500,0.518817,,,0.132,259.7
1861,0.516467,,0.562500,0.518817,,,0.133,259.8
1862,0.513300,,0.562500,0.518817,,,0.131,259.9
1863,0.515733,,0.562500,0.518817,,,0.132,260.0
1864,0.513383,,0.562500,0.518817,,,0.133,260.2
1865,0.515783,,0.562500,0.518817,,,0.133,260.3
1866,0.515100,,0.562500,0.518817,,,0.132,260.4
1867,0.515033,,0.562500,0.518817,,,0.132,260.6
1868,0.515583,,0.562500,0.518817,,,0.131,260.7
1869,0.515083,,0.562500,0.518817,,,0.131,260.8
1870,0.516933,,0.562500,0.518817,,,0.133,261.0
1871,0.515483,,0.562500,0.518817,,,0.132,261.1
1872,0.516117,,0.562500,0.518817,,,0.131,261.2
1873,0.518217,,0.562500,0.518817,,,0.133,261.4
1874,0.516617,,0.562500,0.518817,,,0.131,261.5
1875,0.517850,,0.562500,0.518817,,,0.132,261.6
1876,0.516133,,0.562500,0.518817,,,0.133,261.8
1877,0.517800,,0.562500,0.518817,,,0.134,261.9
1878,0.516500,,0.562500,0.518817,,,0.133,262.0
1879,0.517583,,0.562500,0.518817,,,0.129,262.2
1880,0.517600,,0.562500,0.518817,,,0.125,262.3
1881,0.517567,,0.562500,0.518817,,,0.131,262.4
1882,0.518567,,0.562500,0.518817,,,0.130,262.5
1883,0.518183,,0.562500,0.518817,,,0.132,262.7
1884,0.519983,,0.562500,0.519983,,,0.132,262.8
1885,0.518083,,0.562500,0.519983,,,0.132,262.9
1886,0.515717,,0.562500,0.519983,,,0.132,263.1
1887,0.519567,,0.562500,0.519983,,,0.131,263.2
1888,0.520400,,0.562500,0.520400,,,0.132,263.3
1889,0.519250,,0.562500,0.520400,,,0.133,263.5
1890,0.518283,,0.562500,0.520400,,,0.133,263.6
1891,0.518533,,0.562500,0.520400,,,0.136,263.7
1892,0.516650,,0.562500,0.520400,,,0.133,263.9
1893,0.519467,,0.562500,0.520400,,,0.131,264.0
1894,0.519850,,0.562500,0.520400,,,0.132,264.1
1895,0.515333,,0.562500,0.520400,,,0.140,264.3
1896,0.519000,,0.562500,0.520400,,,0.133,264.4
1897,0.515067,,0.562500,0.520400,,,0.132,264.5
1898,0.519483,,0.562500,0.520400,,,0.133,264.7
1899,0.516617,,0.562500,0.520400,,,0.130,264.8
1900,0.519033,0.5590000152587891,0.562500,0.520400,2.3709048946329858e-08,1.0,0.225,265.0
1901,0.517833,,0.562500,0.520400,,,0.127,265.2
1902,0.517033,,0.562500,0.520400,,,0.145,265.3
1903,0.517950,,0.562500,0.520400,,,0.133,265.4
1904,0.517217,,0.562500,0.520400,,,0.132,265.6
1905,0.516667,,0.562500,0.520400,,,0.133,265.7
1906,0.516900,,0.562500,0.520400,,,0.132,265.8
1907,0.519433,,0.562500,0.520400,,,0.131,266.0
1908,0.518583,,0.562500,0.520400,,,0.132,266.1
1909,0.520433,,0.562500,0.520433,,,0.133,266.2
1910,0.516583,,0.562500,0.520433,,,0.198,266.4
1911,0.517433,,0.562500,0.520433,,,0.131,266.6
1912,0.519217,,0.562500,0.520433,,,0.130,266.7
1913,0.516950,,0.562500,0.520433,,,0.133,266.8
1914,0.518833,,0.562500,0.520433,,,0.134,267.0
1915,0.519350,,0.562500,0.520433,,,0.130,267.1
1916,0.514900,,0.562500,0.520433,,,0.130,267.2
1917,0.517267,,0.562500,0.520433,,,0.133,267.3
1918,0.517467,,0.562500,0.520433,,,0.131,267.5
1919,0.518917,,0.562500,0.520433,,,0.132,267.6
1920,0.517700,,0.562500,0.520433,,,0.135,267.7
1921,0.516300,,0.562500,0.520433,,,0.133,267.9
1922,0.519333,,0.562500,0.520433,,,0.129,268.0
1923,0.519367,,0.562500,0.520433,,,0.131,268.1
1924,0.520983,,0.562500,0.520983,,,0.129,268.3
1925,0.518483,,0.562500,0.520983,,,0.131,268.4
1926,0.519483,,0.562500,0.520983,,,0.155,268.6
1927,0.518117,,0.562500,0.520983,,,0.131,268.7
1928,0.519750,,0.562500,0.520983,,,0.131,268.8
1929,0.517083,,0.562500,0.520983,,,0.132,268.9
1930,0.518900,,0.562500,0.520983,,,0.133,269.1
1931,0.521000,,0.562500,0.521000,,,0.130,269.2
1932,0.521867,,0.562500,0.521867,,,0.131,269.3
1933,0.519700,,0.562500,0.521867,,,0.134,269.5
1934,0.519217,,0.562500,0.521867,,,0.135,269.6
1935,0.519233,,0.562500,0.521867,,,0.131,269.7
1936,0.521633,,0.562500,0.521867,,,0.130,269.9
1937,0.517733,,0.562500,0.521867,,,0.134,270.0
1938,0.520233,,0.562500,0.521867,,,0.132,270.1
1939,0.516950,,0.562500,0.521867,,,0.132,270.3
1940,0.521400,,0.562500,0.521867,,,0.158,270.4
1941,0.518017,,0.562500,0.521867,,,0.133,270.6
1942,0.518933,,0.562500,0.521867,,,0.131,270.7
1943,0.516883,,0.562500,0.521867,,,0.134,270.8
1944,0.518150,,0.562500,0.521867,,,0.135,271.0
1945,0.518183,,0.562500,0.521867,,,0.137,271.1
1946,0.519533,,0.562500,0.521867,,,0.135,271.2
1947,0.521783,,0.562500,0.521867,,,0.131,271.4
1948,0.519717,,0.562500,0.521867,,,0.133,271.5
1949,0.519317,,0.562500,0.521867,,,0.132,271.6
1950,0.521533,,0.562500,0.521867,,,0.132,271.8
1951,0.515750,,0.562500,0.521867,,,0.132,271.9
1952,0.520650,,0.562500,0.521867,,,0.129,272.0
1953,0.514933,,0.562500,0.521867,,,0.134,272.2
1954,0.519333,,0.562500,0.521867,,,0.132,272.3
1955,0.519100,,0.562500,0.521867,,,0.131,272.4
1956,0.519017,,0.562500,0.521867,,,0.200,272.6
1957,0.517633,,0.562500,0.521867,,,0.135,272.8
1958,0.521083,,0.562500,0.521867,,,0.131,272.9
1959,0.521367,,0.562500,0.521867,,,0.130,273.0
1960,0.515750,,0.562500,0.521867,,,0.130,273.1
1961,0.517933,,0.562500,0.521867,,,0.132,273.3
1962,0.517633,,0.562500,0.521867,,,0.140,273.4
1963,0.517350,,0.562500,0.521867,,,0.130,273.5
1964,0.516683,,0.562500,0.521867,,,0.132,273.7
1965,0.517933,,0.562500,0.521867,,,0.134,273.8
1966,0.517550,,0.562500,0.521867,,,0.131,273.9
1967,0.519867,,0.562500,0.521867,,,0.132,274.1
1968,0.521617,,0.562500,0.521867,,,0.131,274.2
1969,0.518017,,0.562500,0.521867,,,0.130,274.3
1970,0.516767,,0.562500,0.521867,,,0.131,274.5
1971,0.519383,,0.562500,0.521867,,,0.132,274.6
1972,0.515417,,0.562500,0.521867,,,0.133,274.7
1973,0.520417,,0.562500,0.521867,,,0.131,274.9
1974,0.520383,,0.562500,0.521867,,,0.132,275.0
1975,0.519017,,0.562500,0.521867,,,0.131,275.1
1976,0.519383,,0.562500,0.521867,,,0.133,275.3
1977,0.521750,,0.562500,0.521867,,,0.131,275.4
1978,0.518950,,0.562500,0.521867,,,0.135,275.5
1979,0.520467,,0.562500,0.521867,,,0.134,275.7
1980,0.519400,,0.562500,0.521867,,,0.133,275.8
1981,0.519667,,0.562500,0.521867,,,0.131,275.9
1982,0.520983,,0.562500,0.521867,,,0.133,276.1
1983,0.520900,,0.562500,0.521867,,,0.132,276.2
1984,0.518267,,0.562500,0.521867,,,0.132,276.3
1985,0.520850,,0.562500,0.521867,,,0.132,276.5
1986,0.519933,,0.562500,0.521867,,,0.146,276.6
1987,0.521317,,0.562500,0.521867,,,0.133,276.7
1988,0.519900,,0.562500,0.521867,,,0.132,276.9
1989,0.523000,,0.562500,0.523000,,,0.131,277.0
1990,0.523283,,0.562500,0.523283,,,0.132,277.1
1991,0.520683,,0.562500,0.523283,,,0.133,277.3
1992,0.519317,,0.562500,0.523283,,,0.132,277.4
1993,0.522167,,0.562500,0.523283,,,0.135,277.5
1994,0.519650,,0.562500,0.523283,,,0.131,277.7
1995,0.520850,,0.562500,0.523283,,,0.133,277.8
1996,0.518600,,0.562500,0.523283,,,0.136,277.9
1997,0.520983,,0.562500,0.523283,,,0.133,278.1
1998,0.519383,,0.562500,0.523283,,,0.131,278.2
1999,0.523367,,0.562500,0.523367,,,0.133,278.3
2000,0.518633,0.5630000233650208,0.563000,0.523367,2.4225698780355742e-08,1.0,0.227,278.5
2001,0.520950,,0.563000,0.523367,,,0.232,278.8
2002,0.520517,,0.563000,0.523367,,,0.133,278.9
2003,0.521283,,0.563000,0.523367,,,0.134,279.0
2004,0.522783,,0.563000,0.523367,,,0.133,279.2
2005,0.521183,,0.563000,0.523367,,,0.132,279.3
2006,0.521133,,0.563000,0.523367,,,0.133,279.4
2007,0.521800,,0.563000,0.523367,,,0.132,279.6
2008,0.521967,,0.563000,0.523367,,,0.134,279.7
2009,0.523200,,0.563000,0.523367,,,0.132,279.8
2010,0.521800,,0.563000,0.523367,,,0.135,280.0
2011,0.522783,,0.563000,0.523367,,,0.131,280.1
2012,0.520400,,0.563000,0.523367,,,0.133,280.2
2013,0.524383,,0.563000,0.524383,,,0.134,280.4
2014,0.523550,,0.563000,0.524383,,,0.131,280.5
2015,0.521200,,0.563000,0.524383,,,0.188,280.7
2016,0.520900,,0.563000,0.524383,,,0.131,280.8
2017,0.522000,,0.563000,0.524383,,,0.132,281.0
2018,0.521100,,0.563000,0.524383,,,0.132,281.1
2019,0.519883,,0.563000,0.524383,,,0.133,281.2
2020,0.521850,,0.563000,0.524383,,,0.145,281.4
2021,0.520567,,0.563000,0.524383,,,0.132,281.5
2022,0.522400,,0.563000,0.524383,,,0.131,281.6
2023,0.520567,,0.563000,0.524383,,,0.132,281.8
2024,0.521233,,0.563000,0.524383,,,0.132,281.9
2025,0.521600,,0.563000,0.524383,,,0.132,282.0
2026,0.521617,,0.563000,0.524383,,,0.132,282.2
2027,0.521050,,0.563000,0.524383,,,0.131,282.3
2028,0.520567,,0.563000,0.524383,,,0.131,282.4
2029,0.521933,,0.563000,0.524383,,,0.131,282.6
2030,0.520967,,0.563000,0.524383,,,0.159,282.7
2031,0.523867,,0.563000,0.524383,,,0.132,282.8
2032,0.522883,,0.563000,0.524383,,,0.131,283.0
2033,0.524633,,0.563000,0.524633,,,0.131,283.1
2034,0.524517,,0.563000,0.524633,,,0.133,283.2
2035,0.521567,,0.563000,0.524633,,,0.133,283.4
2036,0.524883,,0.563000,0.524883,,,0.134,283.5
2037,0.521683,,0.563000,0.524883,,,0.132,283.6
2038,0.523750,,0.563000,0.524883,,,0.132,283.8
2039,0.519583,,0.563000,0.524883,,,0.132,283.9
2040,0.522517,,0.563000,0.524883,,,0.133,284.0
2041,0.523617,,0.563000,0.524883,,,0.135,284.2
2042,0.521017,,0.563000,0.524883,,,0.128,284.3
2043,0.524700,,0.563000,0.524883,,,0.136,284.4
2044,0.523017,,0.563000,0.524883,,,0.137,284.6
2045,0.519850,,0.563000,0.524883,,,0.137,284.7
2046,0.521500,,0.563000,0.524883,,,0.134,284.8
2047,0.524700,,0.563000,0.524883,,,0.131,285.0
2048,0.521433,,0.563000,0.524883,,,0.138,285.1
2049,0.523750,,0.563000,0.524883,,,0.130,285.2
2050,0.524900,,0.563000,0.524900,,,0.132,285.4
2051,0.522917,,0.563000,0.524900,,,0.134,285.5
2052,0.520883,,0.563000,0.524900,,,0.133,285.6
2053,0.522317,,0.563000,0.524900,,,0.133,285.8
2054,0.524600,,0.563000,0.524900,,,0.131,285.9
2055,0.523600,,0.563000,0.524900,,,0.130,286.0
2056,0.523067,,0.563000,0.524900,,,0.131,286.2
2057,0.523817,,0.563000,0.524900,,,0.133,286.3
2058,0.525700,,0.563000,0.525700,,,0.131,286.4
2059,0.524133,,0.563000,0.525700,,,0.132,286.6
2060,0.523867,,0.563000,0.525700,,,0.141,286.7
2061,0.522050,,0.563000,0.525700,,,0.135,286.8
2062,0.525717,,0.563000,0.525717,,,0.131,287.0
2063,0.521800,,0.563000,0.525717,,,0.130,287.1
2064,0.522550,,0.563000,0.525717,,,0.134,287.2
2065,0.523700,,0.563000,0.525717,,,0.132,287.4
2066,0.522950,,0.563000,0.525717,,,0.131,287.5
2067,0.523650,,0.563000,0.525717,,,0.132,287.6
2068,0.524500,,0.563000,0.525717,,,0.132,287.8
2069,0.522450,,0.563000,0.525717,,,0.131,287.9
2070,0.523000,,0.563000,0.525717,,,0.134,288.0
2071,0.524033,,0.563000,0.525717,,,0.132,288.2
2072,0.523433,,0.563000,0.525717,,,0.134,288.3
2073,0.524433,,0.563000,0.525717,,,0.132,288.4
2074,0.520300,,0.563000,0.525717,,,0.131,288.6
2075,0.521033,,0.563000,0.525717,,,0.132,288.7
2076,0.523333,,0.563000,0.525717,,,0.198,288.9
2077,0.525817,,0.563000,0.525817,,,0.132,289.0
2078,0.523867,,0.563000,0.525817,,,0.142,289.2
2079,0.522250,,0.563000,0.525817,,,0.130,289.3
2080,0.526367,,0.563000,0.526367,,,0.131,289.4
2081,0.520283,,0.563000,0.526367,,,0.134,289.6
2082,0.525717,,0.563000,0.526367,,,0.134,289.7
2083,0.524583,,0.563000,0.526367,,,0.128,289.8
2084,0.521100,,0.563000,0.526367,,,0.133,289.9
2085,0.523050,,0.563000,0.526367,,,0.130,290.1
2086,0.525300,,0.563000,0.526367,,,0.131,290.2
2087,0.523817,,0.563000,0.526367,,,0.132,290.3
2088,0.524383,,0.563000,0.526367,,,0.131,290.5
2089,0.524417,,0.563000,0.526367,,,0.132,290.6
2090,0.525100,,0.563000,0.526367,,,0.133,290.7
2091,0.523000,,0.563000,0.526367,,,0.132,290.9
2092,0.522367,,0.563000,0.526367,,,0.131,291.0
2093,0.523667,,0.563000,0.526367,,,0.131,291.1
2094,0.522667,,0.563000,0.526367,,,0.133,291.3
2095,0.522950,,0.563000,0.526367,,,0.130,291.4
2096,0.525350,,0.563000,0.526367,,,0.135,291.5
2097,0.523417,,0.563000,0.526367,,,0.131,291.7
2098,0.527183,,0.563000,0.527183,,,0.129,291.8
2099,0.523283,,0.563000,0.527183,,,0.132,291.9
2100,0.524983,0.5649999976158142,0.565000,0.527183,2.4521398245269665e-08,1.0,0.221,292.1
2101,0.522817,,0.565000,0.527183,,,0.131,292.3
2102,0.522717,,0.565000,0.527183,,,0.133,292.4
2103,0.525800,,0.565000,0.527183,,,0.130,292.5
2104,0.526000,,0.565000,0.527183,,,0.133,292.7
2105,0.525217,,0.565000,0.527183,,,0.133,292.8
2106,0.523700,,0.565000,0.527183,,,0.200,293.0
2107,0.525133,,0.565000,0.527183,,,0.134,293.1
2108,0.524783,,0.565000,0.527183,,,0.134,293.3
2109,0.528550,,0.565000,0.528550,,,0.132,293.4
2110,0.523100,,0.565000,0.528550,,,0.131,293.5
2111,0.526983,,0.565000,0.528550,,,0.133,293.7
2112,0.525367,,0.565000,0.528550,,,0.132,293.8
2113,0.525600,,0.565000,0.528550,,,0.133,293.9
2114,0.522950,,0.565000,0.528550,,,0.130,294.1
2115,0.526667,,0.565000,0.528550,,,0.130,294.2
2116,0.525833,,0.565000,0.528550,,,0.134,294.3
2117,0.525883,,0.565000,0.528550,,,0.132,294.5
2118,0.525917,,0.565000,0.528550,,,0.130,294.6
2119,0.525333,,0.565000,0.528550,,,0.131,294.7
2120,0.526500,,0.565000,0.528550,,,0.131,294.8
2121,0.524150,,0.565000,0.528550,,,0.131,295.0
2122,0.523833,,0.565000,0.528550,,,0.131,295.1
2123,0.525383,,0.565000,0.528550,,,0.133,295.2
2124,0.526100,,0.565000,0.528550,,,0.133,295.4
2125,0.525400,,0.565000,0.528550,,,0.133,295.5
2126,0.524183,,0.565000,0.528550,,,0.133,295.6
2127,0.525550,,0.565000,0.528550,,,0.132,295.8
2128,0.524733,,0.565000,0.528550,,,0.133,295.9
2129,0.527883,,0.565000,0.528550,,,0.132,296.0
2130,0.527117,,0.565000,0.528550,,,0.130,296.2
2131,0.524950,,0.565000,0.528550,,,0.129,296.3
2132,0.526733,,0.565000,0.528550,,,0.130,296.4
2133,0.523183,,0.565000,0.528550,,,0.133,296.6
2134,0.526933,,0.565000,0.528550,,,0.133,296.7
2135,0.522417,,0.565000,0.528550,,,0.129,296.8
2136,0.526033,,0.565000,0.528550,,,0.132,297.0
2137,0.526317,,0.565000,0.528550,,,0.129,297.1
2138,0.528050,,0.565000,0.528550,,,0.130,297.2
2139,0.527033,,0.565000,0.528550,,,0.130,297.3
2140,0.522767,,0.565000,0.528550,,,0.132,297.5
2141,0.525950,,0.565000,0.528550,,,0.134,297.6
2142,0.521933,,0.565000,0.528550,,,0.132,297.7
2143,0.523333,,0.565000,0.528550,,,0.132,297.9
2144,0.526050,,0.565000,0.528550,,,0.131,298.0
2145,0.524950,,0.565000,0.528550,,,0.132,298.1
2146,0.526517,,0.565000,0.528550,,,0.132,298.3
2147,0.522850,,0.565000,0.528550,,,0.132,298.4
2148,0.525017,,0.565000,0.528550,,,0.133,298.5
2149,0.525783,,0.565000,0.528550,,,0.133,298.7
2150,0.525417,,0.565000,0.528550,,,0.130,298.8
2151,0.524050,,0.565000,0.528550,,,0.128,298.9
2152,0.526767,,0.565000,0.528550,,,0.198,299.1
2153,0.525717,,0.565000,0.528550,,,0.133,299.3
2154,0.525900,,0.565000,0.528550,,,0.130,299.4
2155,0.523800,,0.565000,0.528550,,,0.133,299.5
2156,0.525450,,0.565000,0.528550,,,0.130,299.6
2157,0.526033,,0.565000,0.528550,,,0.129,299.8
2158,0.525933,,0.565000,0.528550,,,0.131,299.9
2159,0.526100,,0.565000,0.528550,,,0.133,300.0
2160,0.524767,,0.565000,0.528550,,,0.131,300.2
2161,0.525150,,0.565000,0.528550,,,0.132,300.3
2162,0.526417,,0.565000,0.528550,,,0.135,300.4
2163,0.523983,,0.565000,0.528550,,,0.132,300.6
2164,0.523700,,0.565000,0.528550,,,0.131,300.7
2165,0.525817,,0.565000,0.528550,,,0.130,300.8
2166,0.525433,,0.565000,0.528550,,,0.129,301.0
2167,0.524733,,0.565000,0.528550,,,0.125,301.1
2168,0.525667,,0.565000,0.528550,,,0.198,301.3
2169,0.524000,,0.565000,0.528550,,,0.129,301.4
2170,0.524117,,0.565000,0.528550,,,0.130,301.5
2171,0.525433,,0.565000,0.528550,,,0.131,301.7
2172,0.526783,,0.565000,0.528550,,,0.132,301.8
2173,0.526800,,0.565000,0.528550,,,0.131,301.9
2174,0.526400,,0.565000,0.528550,,,0.133,302.1
2175,0.527433,,0.565000,0.528550,,,0.129,302.2
2176,0.527467,,0.565000,0.528550,,,0.131,302.3
2177,0.528200,,0.565000,0.528550,,,0.133,302.5
2178,0.527233,,0.565000,0.528550,,,0.131,302.6
2179,0.527550,,0.565000,0.528550,,,0.130,302.7
2180,0.525600,,0.565000,0.528550,,,0.132,302.9
2181,0.527150,,0.565000,0.528550,,,0.132,303.0
2182,0.526000,,0.565000,0.528550,,,0.132,303.1
2183,0.524167,,0.565000,0.528550,,,0.131,303.3
2184,0.524483,,0.565000,0.528550,,,0.201,303.5
2185,0.525283,,0.565000,0.528550,,,0.130,303.6
2186,0.524400,,0.565000,0.528550,,,0.131,303.7
2187,0.527917,,0.565000,0.528550,,,0.129,303.8
2188,0.527267,,0.565000,0.528550,,,0.132,304.0
2189,0.529250,,0.565000,0.529250,,,0.130,304.1
2190,0.525617,,0.565000,0.529250,,,0.133,304.2
2191,0.525033,,0.565000,0.529250,,,0.134,304.4
2192,0.526650,,0.565000,0.529250,,,0.131,304.5
2193,0.527433,,0.565000,0.529250,,,0.133,304.6
2194,0.524867,,0.565000,0.529250,,,0.133,304.8
2195,0.527350,,0.565000,0.529250,,,0.135,304.9
2196,0.526650,,0.565000,0.529250,,,0.132,305.0
2197,0.526800,,0.565000,0.529250,,,0.130,305.2
2198,0.528367,,0.565000,0.529250,,,0.131,305.3
2199,0.529283,,0.565000,0.529283,,,0.135,305.4
2200,0.527633,0.5690000057220459,0.569000,0.529283,2.376964403083548e-08,1.0,0.225,305.7
2201,0.526850,,0.569000,0.529283,,,0.128,305.8
2202,0.529433,,0.569000,0.529433,,,0.131,305.9
2203,0.528467,,0.569000,0.529433,,,0.129,306.0
2204,0.528250,,0.569000,0.529433,,,0.131,306.2
2205,0.530133,,0.569000,0.530133,,,0.130,306.3
2206,0.526867,,0.569000,0.530133,,,0.131,306.4
2207,0.530517,,0.569000,0.530517,,,0.132,306.6
2208,0.526850,,0.569000,0.530517,,,0.130,306.7
2209,0.529183,,0.569000,0.530517,,,0.131,306.8
2210,0.528550,,0.569000,0.530517,,,0.131,307.0
2211,0.525317,,0.569000,0.530517,,,0.134,307.1
2212,0.528033,,0.569000,0.530517,,,0.131,307.2
2213,0.528600,,0.569000,0.530517,,,0.133,307.4
2214,0.526500,,0.569000,0.530517,,,0.204,307.6
2215,0.526067,,0.569000,0.530517,,,0.132,307.7
2216,0.528317,,0.569000,0.530517,,,0.131,307.8
2217,0.529183,,0.569000,0.530517,,,0.130,308.0
2218,0.529267,,0.569000,0.530517,,,0.130,308.1
2219,0.528100,,0.569000,0.530517,,,0.159,308.2
2220,0.530533,,0.569000,0.530533,,,0.130,308.4
2221,0.528433,,0.569000,0.530533,,,0.132,308.5
2222,0.528850,,0.569000,0.530533,,,0.132,308.6
2223,0.530067,,0.569000,0.530533,,,0.131,308.8
2224,0.528950,,0.569000,0.530533,,,0.132,308.9
2225,0.528517,,0.569000,0.530533,,,0.132,309.0
2226,0.525283,,0.569000,0.530533,,,0.131,309.2
2227,0.528650,,0.569000,0.530533,,,0.130,309.3
2228,0.527700,,0.569000,0.530533,,,0.133,309.4
2229,0.528583,,0.569000,0.530533,,,0.156,309.6
2230,0.528367,,0.569000,0.530533,,,0.133,309.7
2231,0.527483,,0.569000,0.530533,,,0.132,309.9
2232,0.529250,,0.569000,0.530533,,,0.133,310.0
2233,0.526983,,0.569000,0.530533,,,0.135,310.1
2234,0.530450,,0.569000,0.530533,,,0.131,310.3
2235,0.526683,,0.569000,0.530533,,,0.132,310.4
2236,0.525283,,0.569000,0.530533,,,0.130,310.5
2237,0.528850,,0.569000,0.530533,,,0.130,310.6
2238,0.526800,,0.569000,0.530533,,,0.129,310.8
2239,0.529583,,0.569000,0.530533,,,0.131,310.9
2240,0.530600,,0.569000,0.530600,,,0.131,311.0
2241,0.528150,,0.569000,0.530600,,,0.133,311.2
2242,0.527217,,0.569000,0.530600,,,0.131,311.3
2243,0.528250,,0.569000,0.530600,,,0.131,311.4
2244,0.525750,,0.569000,0.530600,,,0.133,311.6
2245,0.527150,,0.569000,0.530600,,,0.200,311.8
2246,0.528417,,0.569000,0.530600,,,0.135,311.9
2247,0.526117,,0.569000,0.530600,,,0.132,312.0
2248,0.526850,,0.569000,0.530600,,,0.134,312.2
2249,0.531450,,0.569000,0.531450,,,0.133,312.3
2250,0.530000,,0.569000,0.531450,,,0.133,312.4
2251,0.529417,,0.569000,0.531450,,,0.131,312.6
2252,0.529150,,0.569000,0.531450,,,0.130,312.7
2253,0.528317,,0.569000,0.531450,,,0.131,312.8
2254,0.529750,,0.569000,0.531450,,,0.131,313.0
2255,0.529117,,0.569000,0.531450,,,0.132,313.1
2256,0.529650,,0.569000,0.531450,,,0.132,313.2
2257,0.528250,,0.569000,0.531450,,,0.129,313.3
2258,0.529550,,0.569000,0.531450,,,0.132,313.5
2259,0.528983,,0.569000,0.531450,,,0.131,313.6
2260,0.528717,,0.569000,0.531450,,,0.131,313.7
2261,0.527683,,0.569000,0.531450,,,0.201,313.9
2262,0.529067,,0.569000,0.531450,,,0.132,314.1
2263,0.529750,,0.569000,0.531450,,,0.132,314.2
2264,0.528983,,0.569000,0.531450,,,0.129,314.3
2265,0.529250,,0.569000,0.531450,,,0.126,314.5
2266,0.527467,,0.569000,0.531450,,,0.131,314.6
2267,0.528933,,0.569000,0.531450,,,0.128,314.7
2268,0.529800,,0.569000,0.531450,,,0.132,314.9
2269,0.530000,,0.569000,0.531450,,,0.128,315.0
2270,0.531283,,0.569000,0.531450,,,0.131,315.1
2271,0.527583,,0.569000,0.531450,,,0.131,315.2
2272,0.530333,,0.569000,0.531450,,,0.130,315.4
2273,0.531683,,0.569000,0.531683,,,0.132,315.5
2274,0.528783,,0.569000,0.531683,,,0.131,315.6
2275,0.529117,,0.569000,0.531683,,,0.132,315.8
2276,0.530083,,0.569000,0.531683,,,0.132,315.9
2277,0.529367,,0.569000,0.531683,,,0.197,316.1
2278,0.524683,,0.569000,0.531683,,,0.145,316.2
2279,0.530550,,0.569000,0.531683,,,0.133,316.4
2280,0.529533,,0.569000,0.531683,,,0.129,316.5
2281,0.525883,,0.569000,0.531683,,,0.133,316.6
2282,0.526983,,0.569000,0.531683,,,0.133,316.8
2283,0.531000,,0.569000,0.531683,,,0.131,316.9
2284,0.528600,,0.569000,0.531683,,,0.133,317.0
2285,0.529383,,0.569000,0.531683,,,0.134,317.2
2286,0.529650,,0.569000,0.531683,,,0.133,317.3
2287,0.528933,,0.569000,0.531683,,,0.131,317.4
2288,0.529400,,0.569000,0.531683,,,0.132,317.6
2289,0.528950,,0.569000,0.531683,,,0.135,317.7
2290,0.530050,,0.569000,0.531683,,,0.134,317.8
2291,0.528067,,0.569000,0.531683,,,0.132,318.0
2292,0.527750,,0.569000,0.531683,,,0.131,318.1
2293,0.529250,,0.569000,0.531683,,,0.130,318.2
2294,0.527783,,0.569000,0.531683,,,0.131,318.4
2295,0.529317,,0.569000,0.531683,,,0.132,318.5
2296,0.529733,,0.569000,0.531683,,,0.131,318.6
2297,0.528233,,0.569000,0.531683,,,0.131,318.7
2298,0.528417,,0.569000,0.531683,,,0.133,318.9
2299,0.528750,,0.569000,0.531683,,,0.132,319.0
2300,0.527867,0.5690000057220459,0.569000,0.531683,2.480305738572497e-08,1.0,0.225,319.2
2301,0.530367,,0.569000,0.531683,,,0.128,319.4
2302,0.528967,,0.569000,0.531683,,,0.129,319.5
2303,0.528883,,0.569000,0.531683,,,0.131,319.6
2304,0.529217,,0.569000,0.531683,,,0.132,319.8
2305,0.529600,,0.569000,0.531683,,,0.133,319.9
2306,0.527650,,0.569000,0.531683,,,0.135,320.0
2307,0.529150,,0.569000,0.531683,,,0.200,320.2
2308,0.528167,,0.569000,0.531683,,,0.131,320.4
2309,0.529317,,0.569000,0.531683,,,0.135,320.5
2310,0.527983,,0.569000,0.531683,,,0.133,320.6
2311,0.528617,,0.569000,0.531683,,,0.132,320.8
2312,0.530917,,0.569000,0.531683,,,0.132,320.9
2313,0.530250,,0.569000,0.531683,,,0.134,321.0
2314,0.528633,,0.569000,0.531683,,,0.125,321.1
2315,0.528167,,0.569000,0.531683,,,0.134,321.3
2316,0.529400,,0.569000,0.531683,,,0.132,321.4
2317,0.528333,,0.569000,0.531683,,,0.130,321.5
2318,0.528933,,0.569000,0.531683,,,0.130,321.7
2319,0.528767,,0.569000,0.531683,,,0.132,321.8
2320,0.529733,,0.569000,0.531683,,,0.134,321.9
2321,0.526033,,0.569000,0.531683,,,0.133,322.1
2322,0.528133,,0.569000,0.531683,,,0.131,322.2
2323,0.526217,,0.569000,0.531683,,,0.130,322.3
2324,0.526983,,0.569000,0.531683,,,0.132,322.5
2325,0.527817,,0.569000,0.531683,,,0.132,322.6
2326,0.528683,,0.569000,0.531683,,,0.129,322.7
2327,0.528967,,0.569000,0.531683,,,0.132,322.9
2328,0.529767,,0.569000,0.531683,,,0.128,323.0
2329,0.528300,,0.569000,0.531683,,,0.131,323.1
2330,0.528050,,0.569000,0.531683,,,0.130,323.2
2331,0.529050,,0.569000,0.531683,,,0.130,323.4
2332,0.528350,,0.569000,0.531683,,,0.130,323.5
2333,0.530433,,0.569000,0.531683,,,0.132,323.6
2334,0.528150,,0.569000,0.531683,,,0.131,323.8
2335,0.528617,,0.569000,0.531683,,,0.130,323.9
2336,0.528033,,0.569000,0.531683,,,0.132,324.0
2337,0.530967,,0.569000,0.531683,,,0.133,324.2
2338,0.529183,,0.569000,0.531683,,,0.199,324.4
2339,0.530367,,0.569000,0.531683,,,0.130,324.5
2340,0.528350,,0.569000,0.531683,,,0.130,324.6
2341,0.529017,,0.569000,0.531683,,,0.131,324.8
2342,0.528950,,0.569000,0.531683,,,0.134,324.9
2343,0.529267,,0.569000,0.531683,,,0.133,325.0
2344,0.529100,,0.569000,0.531683,,,0.133,325.2
2345,0.531783,,0.569000,0.531783,,,0.134,325.3
2346,0.530233,,0.569000,0.531783,,,0.138,325.4
2347,0.532667,,0.569000,0.532667,,,0.134,325.6
2348,0.529383,,0.569000,0.532667,,,0.133,325.7
2349,0.532283,,0.569000,0.532667,,,0.131,325.8
2350,0.530833,,0.569000,0.532667,,,0.133,326.0
2351,0.531617,,0.569000,0.532667,,,0.131,326.1
2352,0.530350,,0.569000,0.532667,,,0.131,326.2
2353,0.532000,,0.569000,0.532667,,,0.135,326.4
2354,0.530083,,0.569000,0.532667,,,0.130,326.5
2355,0.531017,,0.569000,0.532667,,,0.131,326.6
2356,0.529050,,0.569000,0.532667,,,0.133,326.8
2357,0.532017,,0.569000,0.532667,,,0.132,326.9
2358,0.530750,,0.569000,0.532667,,,0.135,327.0
2359,0.529833,,0.569000,0.532667,,,0.135,327.2
2360,0.530717,,0.569000,0.532667,,,0.131,327.3
2361,0.531233,,0.569000,0.532667,,,0.132,327.4
2362,0.529033,,0.569000,0.532667,,,0.132,327.5
2363,0.526183,,0.569000,0.532667,,,0.132,327.7
2364,0.532083,,0.569000,0.532667,,,0.135,327.8
2365,0.530117,,0.569000,0.532667,,,0.129,327.9
2366,0.531800,,0.569000,0.532667,,,0.130,328.1
2367,0.531400,,0.569000,0.532667,,,0.131,328.2
2368,0.529717,,0.569000,0.532667,,,0.134,328.3
2369,0.529917,,0.569000,0.532667,,,0.196,328.5
2370,0.531283,,0.569000,0.532667,,,0.133,328.7
2371,0.533600,,0.569000,0.533600,,,0.134,328.8
2372,0.529283,,0.569000,0.533600,,,0.132,328.9
2373,0.531333,,0.569000,0.533600,,,0.133,329.1
2374,0.530433,,0.569000,0.533600,,,0.129,329.2
2375,0.532067,,0.569000,0.533600,,,0.132,329.3
2376,0.529383,,0.569000,0.533600,,,0.133,329.5
2377,0.529883,,0.569000,0.533600,,,0.130,329.6
2378,0.530367,,0.569000,0.533600,,,0.132,329.7
2379,0.529467,,0.569000,0.533600,,,0.132,329.9
2380,0.530500,,0.569000,0.533600,,,0.132,330.0
2381,0.532467,,0.569000,0.533600,,,0.132,330.1
2382,0.529333,,0.569000,0.533600,,,0.133,330.2
2383,0.533017,,0.569000,0.533600,,,0.130,330.4
2384,0.531733,,0.569000,0.533600,,,0.125,330.5
2385,0.532867,,0.569000,0.533600,,,0.200,330.7
2386,0.532817,,0.569000,0.533600,,,0.131,330.8
2387,0.528633,,0.569000,0.533600,,,0.129,331.0
2388,0.534200,,0.569000,0.534200,,,0.130,331.1
2389,0.531633,,0.569000,0.534200,,,0.129,331.2
2390,0.531017,,0.569000,0.534200,,,0.134,331.4
2391,0.531233,,0.569000,0.534200,,,0.130,331.5
2392,0.529950,,0.569000,0.534200,,,0.130,331.6
2393,0.531433,,0.569000,0.534200,,,0.130,331.7
2394,0.532200,,0.569000,0.534200,,,0.131,331.9
2395,0.531750,,0.569000,0.534200,,,0.133,332.0
2396,0.532450,,0.569000,0.534200,,,0.131,332.1
2397,0.530883,,0.569000,0.534200,,,0.132,332.3
2398,0.530950,,0.569000,0.534200,,,0.132,332.4
2399,0.532200,,0.569000,0.534200,,,0.131,332.5
2400,0.531550,0.5735000371932983,0.573500,0.534200,2.4630992356833303e-08,1.0,0.221,332.8
2401,0.532700,,0.573500,0.534200,,,0.190,332.9
2402,0.532000,,0.573500,0.534200,,,0.135,333.1
2403,0.532333,,0.573500,0.534200,,,0.130,333.2
2404,0.532300,,0.573500,0.534200,,,0.131,333.3
2405,0.530950,,0.573500,0.534200,,,0.130,333.5
2406,0.532250,,0.573500,0.534200,,,0.131,333.6
2407,0.531417,,0.573500,0.534200,,,0.132,333.7
2408,0.531100,,0.573500,0.534200,,,0.132,333.9
2409,0.530500,,0.573500,0.534200,,,0.130,334.0
2410,0.530817,,0.573500,0.534200,,,0.130,334.1
2411,0.533050,,0.573500,0.534200,,,0.132,334.3
2412,0.530083,,0.573500,0.534200,,,0.131,334.4
2413,0.531617,,0.573500,0.534200,,,0.126,334.5
2414,0.530283,,0.573500,0.534200,,,0.134,334.7
2415,0.530767,,0.573500,0.534200,,,0.133,334.8
2416,0.529367,,0.573500,0.534200,,,0.130,334.9
2417,0.532650,,0.573500,0.534200,,,0.133,335.0
2418,0.532183,,0.573500,0.534200,,,0.131,335.2
2419,0.534650,,0.573500,0.534650,,,0.132,335.3
2420,0.531933,,0.573500,0.534650,,,0.130,335.4
2421,0.532333,,0.573500,0.534650,,,0.131,335.6
2422,0.531533,,0.573500,0.534650,,,0.130,335.7
2423,0.531833,,0.573500,0.534650,,,0.131,335.8
2424,0.529150,,0.573500,0.534650,,,0.132,336.0
2425,0.532583,,0.573500,0.534650,,,0.132,336.1
2426,0.529633,,0.573500,0.534650,,,0.130,336.2
2427,0.532233,,0.573500,0.534650,,,0.132,336.4
2428,0.531350,,0.573500,0.534650,,,0.133,336.5
2429,0.532150,,0.573500,0.534650,,,0.132,336.6
2430,0.531283,,0.573500,0.534650,,,0.133,336.8
2431,0.531733,,0.573500,0.534650,,,0.131,336.9
2432,0.533750,,0.573500,0.534650,,,0.131,337.0
2433,0.531733,,0.573500,0.534650,,,0.130,337.2
2434,0.532667,,0.573500,0.534650,,,0.133,337.3
2435,0.533167,,0.573500,0.534650,,,0.133,337.4
2436,0.531200,,0.573500,0.534650,,,0.168,337.6
2437,0.530933,,0.573500,0.534650,,,0.129,337.7
2438,0.531317,,0.573500,0.534650,,,0.133,337.8
2439,0.532000,,0.573500,0.534650,,,0.133,338.0
2440,0.531400,,0.573500,0.534650,,,0.132,338.1
2441,0.532433,,0.573500,0.534650,,,0.129,338.2
2442,0.533517,,0.573500,0.534650,,,0.133,338.4
2443,0.531733,,0.573500,0.534650,,,0.133,338.5
2444,0.533617,,0.573500,0.534650,,,0.131,338.6
2445,0.533367,,0.573500,0.534650,,,0.180,338.8
2446,0.532800,,0.573500,0.534650,,,0.142,339.0
2447,0.535483,,0.573500,0.535483,,,0.130,339.1
2448,0.535883,,0.573500,0.535883,,,0.131,339.2
2449,0.532200,,0.573500,0.535883,,,0.134,339.4
2450,0.533400,,0.573500,0.535883,,,0.129,339.5
2451,0.534183,,0.573500,0.535883,,,0.133,339.6
2452,0.531533,,0.573500,0.535883,,,0.131,339.7
2453,0.531300,,0.573500,0.535883,,,0.130,339.9
2454,0.533133,,0.573500,0.535883,,,0.131,340.0
2455,0.533967,,0.573500,0.535883,,,0.130,340.1
2456,0.532200,,0.573500,0.535883,,,0.134,340.3
2457,0.533250,,0.573500,0.535883,,,0.134,340.4
2458,0.532867,,0.573500,0.535883,,,0.135,340.5
2459,0.533400,,0.573500,0.535883,,,0.129,340.7
2460,0.533433,,0.573500,0.535883,,,0.133,340.8
2461,0.532867,,0.573500,0.535883,,,0.130,340.9
2462,0.534767,,0.573500,0.535883,,,0.130,341.1
2463,0.533067,,0.573500,0.535883,,,0.127,341.2
2464,0.530767,,0.573500,0.535883,,,0.133,341.3
2465,0.534167,,0.573500,0.535883,,,0.131,341.5
2466,0.534067,,0.573500,0.535883,,,0.130,341.6
2467,0.534700,,0.573500,0.535883,,,0.132,341.7
2468,0.532617,,0.573500,0.535883,,,0.134,341.9
2469,0.531967,,0.573500,0.535883,,,0.132,342.0
2470,0.532317,,0.573500,0.535883,,,0.133,342.1
2471,0.534917,,0.573500,0.535883,,,0.131,342.3
2472,0.535283,,0.573500,0.535883,,,0.132,342.4
2473,0.532983,,0.573500,0.535883,,,0.130,342.5
2474,0.532467,,0.573500,0.535883,,,0.133,342.6
2475,0.531883,,0.573500,0.535883,,,0.130,342.8
2476,0.532917,,0.573500,0.535883,,,0.129,342.9
2477,0.532833,,0.573500,0.535883,,,0.132,343.0
2478,0.535200,,0.573500,0.535883,,,0.130,343.2
2479,0.531833,,0.573500,0.535883,,,0.130,343.3
2480,0.531800,,0.573500,0.535883,,,0.131,343.4
2481,0.533550,,0.573500,0.535883,,,0.130,343.6
2482,0.533250,,0.573500,0.535883,,,0.130,343.7
2483,0.532217,,0.573500,0.535883,,,0.130,343.8
2484,0.534333,,0.573500,0.535883,,,0.132,343.9
2485,0.532733,,0.573500,0.535883,,,0.131,344.1
2486,0.532967,,0.573500,0.535883,,,0.131,344.2
2487,0.532433,,0.573500,0.535883,,,0.132,344.3
2488,0.533900,,0.573500,0.535883,,,0.132,344.5
2489,0.535000,,0.573500,0.535883,,,0.130,344.6
2490,0.533067,,0.573500,0.535883,,,0.130,344.7
2491,0.533867,,0.573500,0.535883,,,0.198,344.9
2492,0.534417,,0.573500,0.535883,,,0.133,345.1
2493,0.533400,,0.573500,0.535883,,,0.127,345.2
2494,0.531850,,0.573500,0.535883,,,0.133,345.3
2495,0.535917,,0.573500,0.535917,,,0.132,345.5
2496,0.534783,,0.573500,0.535917,,,0.129,345.6
2497,0.533150,,0.573500,0.535917,,,0.131,345.7
2498,0.533733,,0.573500,0.535917,,,0.130,345.8
2499,0.534283,,0.573500,0.535917,,,0.134,346.0
2500,0.532700,0.5760000348091125,0.576000,0.535917,2.386036612733733e-08,1.0,0.226,346.2
2501,0.534117,,0.576000,0.535917,,,0.129,346.3
2502,0.534400,,0.576000,0.535917,,,0.129,346.5
2503,0.532883,,0.576000,0.535917,,,0.130,346.6
2504,0.533417,,0.576000,0.535917,,,0.132,346.7
2505,0.534817,,0.576000,0.535917,,,0.132,346.9
2506,0.532250,,0.576000,0.535917,,,0.197,347.1
2507,0.534533,,0.576000,0.535917,,,0.132,347.2
2508,0.532650,,0.576000,0.535917,,,0.134,347.3
2509,0.532467,,0.576000,0.535917,,,0.132,347.5
2510,0.533183,,0.576000,0.535917,,,0.132,347.6
2511,0.535733,,0.576000,0.535917,,,0.140,347.7
2512,0.534167,,0.576000,0.535917,,,0.131,347.9
2513,0.534467,,0.576000,0.535917,,,0.129,348.0
2514,0.532733,,0.576000,0.535917,,,0.132,348.1
2515,0.533767,,0.576000,0.535917,,,0.131,348.3
2516,0.533400,,0.576000,0.535917,,,0.133,348.4
2517,0.534550,,0.576000,0.535917,,,0.130,348.5
2518,0.533617,,0.576000,0.535917,,,0.132,348.6
2519,0.536000,,0.576000,0.536000,,,0.133,348.8
2520,0.536350,,0.576000,0.536350,,,0.133,348.9
2521,0.533800,,0.576000,0.536350,,,0.145,349.1
2522,0.535567,,0.576000,0.536350,,,0.133,349.2
2523,0.534650,,0.576000,0.536350,,,0.133,349.3
2524,0.534783,,0.576000,0.536350,,,0.131,349.5
2525,0.534250,,0.576000,0.536350,,,0.130,349.6
2526,0.534850,,0.576000,0.536350,,,0.132,349.7
2527,0.536150,,0.576000,0.536350,,,0.130,349.8
2528,0.533567,,0.576000,0.536350,,,0.132,350.0
2529,0.534583,,0.576000,0.536350,,,0.133,350.1
2530,0.535817,,0.576000,0.536350,,,0.131,350.2
2531,0.535517,,0.576000,0.536350,,,0.132,350.4
2532,0.536667,,0.576000,0.536667,,,0.132,350.5
2533,0.532517,,0.576000,0.536667,,,0.132,350.6
2534,0.536767,,0.576000,0.536767,,,0.130,350.8
2535,0.535800,,0.576000,0.536767,,,0.131,350.9
2536,0.536283,,0.576000,0.536767,,,0.130,351.0
2537,0.535450,,0.576000,0.536767,,,0.198,351.2
2538,0.534717,,0.576000,0.536767,,,0.135,351.4
2539,0.537667,,0.576000,0.537667,,,0.130,351.5
2540,0.535683,,0.576000,0.537667,,,0.130,351.6
2541,0.537333,,0.576000,0.537667,,,0.130,351.8
2542,0.532367,,0.576000,0.537667,,,0.133,351.9
2543,0.532517,,0.576000,0.537667,,,0.133,352.0
2544,0.534533,,0.576000,0.537667,,,0.130,352.1
2545,0.532483,,0.576000,0.537667,,,0.133,352.3
2546,0.534550,,0.576000,0.537667,,,0.134,352.4
2547,0.535150,,0.576000,0.537667,,,0.132,352.5
2548,0.534717,,0.576000,0.537667,,,0.130,352.7
2549,0.534400,,0.576000,0.537667,,,0.133,352.8
2550,0.536950,,0.576000,0.537667,,,0.133,352.9
2551,0.532983,,0.576000,0.537667,,,0.131,353.1
2552,0.532217,,0.576000,0.537667,,,0.132,353.2
2553,0.533650,,0.576000,0.537667,,,0.131,353.3
2554,0.535433,,0.576000,0.537667,,,0.129,353.5
2555,0.533800,,0.576000,0.537667,,,0.129,353.6
2556,0.535867,,0.576000,0.537667,,,0.131,353.7
2557,0.534883,,0.576000,0.537667,,,0.131,353.9
2558,0.535967,,0.576000,0.537667,,,0.130,354.0
2559,0.536567,,0.576000,0.537667,,,0.132,354.1
2560,0.534400,,0.576000,0.537667,,,0.132,354.3
2561,0.533717,,0.576000,0.537667,,,0.133,354.4
2562,0.532967,,0.576000,0.537667,,,0.129,354.5
2563,0.532600,,0.576000,0.537667,,,0.134,354.6
2564,0.536567,,0.576000,0.537667,,,0.130,354.8
2565,0.536200,,0.576000,0.537667,,,0.132,354.9
2566,0.536883,,0.576000,0.537667,,,0.133,355.0
2567,0.534700,,0.576000,0.537667,,,0.136,355.2
2568,0.534600,,0.576000,0.537667,,,0.200,355.4
2569,0.535533,,0.576000,0.537667,,,0.142,355.5
2570,0.534967,,0.576000,0.537667,,,0.138,355.7
2571,0.537883,,0.576000,0.537883,,,0.130,355.8
2572,0.532600,,0.576000,0.537883,,,0.134,355.9
2573,0.532500,,0.576000,0.537883,,,0.131,356.1
2574,0.533967,,0.576000,0.537883,,,0.131,356.2
2575,0.534500,,0.576000,0.537883,,,0.134,356.3
2576,0.537050,,0.576000,0.537883,,,0.131,356.4
2577,0.535467,,0.576000,0.537883,,,0.134,356.6
2578,0.532583,,0.576000,0.537883,,,0.133,356.7
2579,0.533750,,0.576000,0.537883,,,0.132,356.8
2580,0.532883,,0.576000,0.537883,,,0.132,357.0
2581,0.536583,,0.576000,0.537883,,,0.132,357.1
2582,0.536767,,0.576000,0.537883,,,0.134,357.2
2583,0.536767,,0.576000,0.537883,,,0.175,357.4
2584,0.532700,,0.576000,0.537883,,,0.132,357.6
2585,0.533683,,0.576000,0.537883,,,0.133,357.7
2586,0.534133,,0.576000,0.537883,,,0.133,357.8
2587,0.533300,,0.576000,0.537883,,,0.130,357.9
2588,0.535417,,0.576000,0.537883,,,0.130,358.1
2589,0.535067,,0.576000,0.537883,,,0.129,358.2
2590,0.535483,,0.576000,0.537883,,,0.131,358.3
2591,0.536217,,0.576000,0.537883,,,0.130,358.5
2592,0.535733,,0.576000,0.537883,,,0.132,358.6
2593,0.534767,,0.576000,0.537883,,,0.132,358.7
2594,0.535583,,0.576000,0.537883,,,0.132,358.9
2595,0.534967,,0.576000,0.537883,,,0.130,359.0
2596,0.531633,,0.576000,0.537883,,,0.135,359.1
2597,0.536017,,0.576000,0.537883,,,0.133,359.3
2598,0.534000,,0.576000,0.537883,,,0.133,359.4
2599,0.532100,,0.576000,0.537883,,,0.130,359.5
2600,0.532367,0.5710000395774841,0.576000,0.537883,2.402782683930127e-08,1.0,0.222,359.7
2601,0.534033,,0.576000,0.537883,,,0.131,359.9
2602,0.535100,,0.576000,0.537883,,,0.132,360.0
2603,0.536150,,0.576000,0.537883,,,0.133,360.1
2604,0.531650,,0.576000,0.537883,,,0.133,360.3
2605,0.535100,,0.576000,0.537883,,,0.133,360.4
2606,0.535583,,0.576000,0.537883,,,0.131,360.5
2607,0.533283,,0.576000,0.537883,,,0.132,360.7
2608,0.535633,,0.576000,0.537883,,,0.132,360.8
2609,0.537817,,0.576000,0.537883,,,0.132,360.9
2610,0.537117,,0.576000,0.537883,,,0.134,361.1
2611,0.534250,,0.576000,0.537883,,,0.134,361.2
2612,0.534167,,0.576000,0.537883,,,0.133,361.3
2613,0.532817,,0.576000,0.537883,,,0.199,361.5
2614,0.532317,,0.576000,0.537883,,,0.132,361.7
2615,0.534000,,0.576000,0.537883,,,0.134,361.8
2616,0.532683,,0.576000,0.537883,,,0.132,361.9
2617,0.536400,,0.576000,0.537883,,,0.132,362.1
2618,0.533850,,0.576000,0.537883,,,0.131,362.2
2619,0.537150,,0.576000,0.537883,,,0.135,362.3
2620,0.534750,,0.576000,0.537883,,,0.132,362.5
2621,0.535667,,0.576000,0.537883,,,0.136,362.6
2622,0.533883,,0.576000,0.537883,,,0.133,362.7
2623,0.535983,,0.576000,0.537883,,,0.133,362.9
2624,0.534700,,0.576000,0.537883,,,0.132,363.0
2625,0.534850,,0.576000,0.537883,,,0.133,363.1
2626,0.534850,,0.576000,0.537883,,,0.131,363.3
2627,0.534217,,0.576000,0.537883,,,0.133,363.4
2628,0.534933,,0.576000,0.537883,,,0.131,363.5
2629,0.534767,,0.576000,0.537883,,,0.131,363.7
2630,0.532583,,0.576000,0.537883,,,0.131,363.8
2631,0.533600,,0.576000,0.537883,,,0.134,363.9
2632,0.536450,,0.576000,0.537883,,,0.130,364.1
2633,0.534600,,0.576000,0.537883,,,0.135,364.2
2634,0.535183,,0.576000,0.537883,,,0.132,364.3
2635,0.535217,,0.576000,0.537883,,,0.132,364.5
2636,0.533533,,0.576000,0.537883,,,0.132,364.6
2637,0.535517,,0.576000,0.537883,,,0.132,364.7
2638,0.533717,,0.576000,0.537883,,,0.130,364.8
2639,0.535750,,0.576000,0.537883,,,0.132,365.0
2640,0.534367,,0.576000,0.537883,,,0.133,365.1
2641,0.535100,,0.576000,0.537883,,,0.130,365.2
2642,0.536983,,0.576000,0.537883,,,0.132,365.4
2643,0.534467,,0.576000,0.537883,,,0.133,365.5
2644,0.532017,,0.576000,0.537883,,,0.131,365.6
2645,0.536050,,0.576000,0.537883,,,0.132,365.8
2646,0.534017,,0.576000,0.537883,,,0.133,365.9
2647,0.535717,,0.576000,0.537883,,,0.133,366.0
2648,0.535467,,0.576000,0.537883,,,0.133,366.2
2649,0.535600,,0.576000,0.537883,,,0.133,366.3
2650,0.535017,,0.576000,0.537883,,,0.129,366.4
2651,0.536650,,0.576000,0.537883,,,0.132,366.6
2652,0.533967,,0.576000,0.537883,,,0.130,366.7
2653,0.533433,,0.576000,0.537883,,,0.132,366.8
2654,0.536450,,0.576000,0.537883,,,0.133,367.0
2655,0.533567,,0.576000,0.537883,,,0.161,367.1
2656,0.537383,,0.576000,0.537883,,,0.132,367.2
2657,0.537250,,0.576000,0.537883,,,0.182,367.4
2658,0.534983,,0.576000,0.537883,,,0.135,367.6
2659,0.536033,,0.576000,0.537883,,,0.134,367.7
2660,0.533583,,0.576000,0.537883,,,0.131,367.8
2661,0.535383,,0.576000,0.537883,,,0.127,368.0
2662,0.533200,,0.576000,0.537883,,,0.132,368.1
2663,0.536500,,0.576000,0.537883,,,0.132,368.2
2664,0.535600,,0.576000,0.537883,,,0.133,368.4
2665,0.535150,,0.576000,0.537883,,,0.132,368.5
2666,0.536300,,0.576000,0.537883,,,0.131,368.6
2667,0.534383,,0.576000,0.537883,,,0.130,368.7
2668,0.537300,,0.576000,0.537883,,,0.131,368.9
2669,0.537067,,0.576000,0.537883,,,0.132,369.0
2670,0.535300,,0.576000,0.537883,,,0.135,369.1
2671,0.534067,,0.576000,0.537883,,,0.132,369.3
2672,0.536383,,0.576000,0.537883,,,0.130,369.4
2673,0.533450,,0.576000,0.537883,,,0.132,369.5
2674,0.537517,,0.576000,0.537883,,,0.131,369.7
2675,0.534267,,0.576000,0.537883,,,0.130,369.8
2676,0.538000,,0.576000,0.538000,,,0.131,369.9
2677,0.535967,,0.576000,0.538000,,,0.131,370.1
2678,0.533400,,0.576000,0.538000,,,0.130,370.2
2679,0.535900,,0.576000,0.538000,,,0.131,370.3
2680,0.534550,,0.576000,0.538000,,,0.129,370.5
2681,0.534600,,0.576000,0.538000,,,0.133,370.6
2682,0.534050,,0.576000,0.538000,,,0.134,370.7
2683,0.537483,,0.576000,0.538000,,,0.133,370.9
2684,0.534300,,0.576000,0.538000,,,0.132,371.0
2685,0.534933,,0.576000,0.538000,,,0.130,371.1
2686,0.536283,,0.576000,0.538000,,,0.132,371.2
2687,0.537117,,0.576000,0.538000,,,0.132,371.4
2688,0.536517,,0.576000,0.538000,,,0.199,371.6
2689,0.536183,,0.576000,0.538000,,,0.131,371.7
2690,0.536167,,0.576000,0.538000,,,0.132,371.8
2691,0.536367,,0.576000,0.538000,,,0.132,372.0
2692,0.537267,,0.576000,0.538000,,,0.132,372.1
2693,0.536583,,0.576000,0.538000,,,0.130,372.2
2694,0.535383,,0.576000,0.538000,,,0.132,372.4
2695,0.535150,,0.576000,0.538000,,,0.133,372.5
2696,0.536917,,0.576000,0.538000,,,0.133,372.6
2697,0.534267,,0.576000,0.538000,,,0.133,372.8
2698,0.536767,,0.576000,0.538000,,,0.129,372.9
2699,0.535300,,0.576000,0.538000,,,0.132,373.0
2700,0.535467,0.5764999985694885,0.576500,0.538000,2.3925508685351815e-08,1.0,0.221,373.2
2701,0.535983,,0.576500,0.538000,,,0.128,373.4
2702,0.536850,,0.576500,0.538000,,,0.133,373.5
2703,0.535650,,0.576500,0.538000,,,0.202,373.7
2704,0.536633,,0.576500,0.538000,,,0.130,373.8
2705,0.535767,,0.576500,0.538000,,,0.131,374.0
2706,0.535650,,0.576500,0.538000,,,0.129,374.1
2707,0.535500,,0.576500,0.538000,,,0.132,374.2
2708,0.535550,,0.576500,0.538000,,,0.131,374.4
2709,0.534717,,0.576500,0.538000,,,0.130,374.5
2710,0.537450,,0.576500,0.538000,,,0.132,374.6
2711,0.535900,,0.576500,0.538000,,,0.132,374.8
2712,0.534933,,0.576500,0.538000,,,0.133,374.9
2713,0.534033,,0.576500,0.538000,,,0.133,375.0
2714,0.537050,,0.576500,0.538000,,,0.130,375.2
2715,0.535500,,0.576500,0.538000,,,0.134,375.3
2716,0.534433,,0.576500,0.538000,,,0.133,375.4
2717,0.534367,,0.576500,0.538000,,,0.133,375.6
2718,0.537450,,0.576500,0.538000,,,0.195,375.7
2719,0.534233,,0.576500,0.538000,,,0.133,375.9
2720,0.534850,,0.576500,0.538000,,,0.133,376.0
2721,0.535017,,0.576500,0.538000,,,0.134,376.1
2722,0.538083,,0.576500,0.538083,,,0.132,376.3
2723,0.535533,,0.576500,0.538083,,,0.133,376.4
2724,0.535950,,0.576500,0.538083,,,0.132,376.5
2725,0.534083,,0.576500,0.538083,,,0.132,376.7
2726,0.536783,,0.576500,0.538083,,,0.132,376.8
2727,0.536000,,0.576500,0.538083,,,0.130,376.9
2728,0.536000,,0.576500,0.538083,,,0.131,377.1
2729,0.537167,,0.576500,0.538083,,,0.131,377.2
2730,0.533317,,0.576500,0.538083,,,0.141,377.3
2731,0.536233,,0.576500,0.538083,,,0.133,377.5
2732,0.537017,,0.576500,0.538083,,,0.132,377.6
2733,0.537750,,0.576500,0.538083,,,0.131,377.7
2734,0.535750,,0.576500,0.538083,,,0.133,377.9
2735,0.536767,,0.576500,0.538083,,,0.133,378.0
2736,0.536333,,0.576500,0.538083,,,0.131,378.1
2737,0.536200,,0.576500,0.538083,,,0.133,378.3
2738,0.537983,,0.576500,0.538083,,,0.131,378.4
2739,0.536667,,0.576500,0.538083,,,0.133,378.5
2740,0.536133,,0.576500,0.538083,,,0.131,378.7
2741,0.537000,,0.576500,0.538083,,,0.133,378.8
2742,0.537467,,0.576500,0.538083,,,0.133,378.9
2743,0.537433,,0.576500,0.538083,,,0.132,379.1
2744,0.537483,,0.576500,0.538083,,,0.130,379.2
2745,0.533900,,0.576500,0.538083,,,0.131,379.3
2746,0.535917,,0.576500,0.538083,,,0.129,379.5
2747,0.534583,,0.576500,0.538083,,,0.132,379.6
2748,0.536333,,0.576500,0.538083,,,0.133,379.7
2749,0.534183,,0.576500,0.538083,,,0.130,379.8
2750,0.537467,,0.576500,0.538083,,,0.131,380.0
2751,0.534450,,0.576500,0.538083,,,0.133,380.1
2752,0.535450,,0.576500,0.538083,,,0.137,380.2
2753,0.534567,,0.576500,0.538083,,,0.134,380.4
2754,0.537483,,0.576500,0.538083,,,0.132,380.5
2755,0.536883,,0.576500,0.538083,,,0.129,380.6
2756,0.535950,,0.576500,0.538083,,,0.136,380.8
2757,0.536267,,0.576500,0.538083,,,0.136,380.9
2758,0.534350,,0.576500,0.538083,,,0.135,381.0
2759,0.536633,,0.576500,0.538083,,,0.131,381.2
2760,0.536650,,0.576500,0.538083,,,0.134,381.3
2761,0.535683,,0.576500,0.538083,,,0.130,381.4
2762,0.534700,,0.576500,0.538083,,,0.135,381.6
2763,0.534550,,0.576500,0.538083,,,0.153,381.7
2764,0.535800,,0.576500,0.538083,,,0.138,381.9
2765,0.535983,,0.576500,0.538083,,,0.135,382.0
2766,0.535250,,0.576500,0.538083,,,0.130,382.1
2767,0.537050,,0.576500,0.538083,,,0.131,382.3
2768,0.534100,,0.576500,0.538083,,,0.129,382.4
2769,0.537717,,0.576500,0.538083,,,0.131,382.5
2770,0.535383,,0.576500,0.538083,,,0.132,382.7
2771,0.536267,,0.576500,0.538083,,,0.130,382.8
2772,0.534450,,0.576500,0.538083,,,0.131,382.9
2773,0.535467,,0.576500,0.538083,,,0.130,383.0
2774,0.536283,,0.576500,0.538083,,,0.133,383.2
2775,0.536633,,0.576500,0.538083,,,0.132,383.3
2776,0.536667,,0.576500,0.538083,,,0.134,383.4
2777,0.535117,,0.576500,0.538083,,,0.131,383.6
2778,0.534667,,0.576500,0.538083,,,0.131,383.7
2779,0.535433,,0.576500,0.538083,,,0.130,383.8
2780,0.536167,,0.576500,0.538083,,,0.129,384.0
2781,0.536583,,0.576500,0.538083,,,0.132,384.1
2782,0.535133,,0.576500,0.538083,,,0.132,384.2
2783,0.535467,,0.576500,0.538083,,,0.131,384.4
2784,0.535417,,0.576500,0.538083,,,0.129,384.5
2785,0.535533,,0.576500,0.538083,,,0.131,384.6
2786,0.532967,,0.576500,0.538083,,,0.132,384.8
2787,0.534417,,0.576500,0.538083,,,0.129,384.9
2788,0.536400,,0.576500,0.538083,,,0.132,385.0
2789,0.534267,,0.576500,0.538083,,,0.132,385.1
2790,0.535117,,0.576500,0.538083,,,0.134,385.3
2791,0.536600,,0.576500,0.538083,,,0.132,385.4
2792,0.534367,,0.576500,0.538083,,,0.131,385.5
2793,0.535867,,0.576500,0.538083,,,0.132,385.7
2794,0.538567,,0.576500,0.538567,,,0.132,385.8
2795,0.535217,,0.576500,0.538567,,,0.131,385.9
2796,0.537633,,0.576500,0.538567,,,0.131,386.1
2797,0.536433,,0.576500,0.538567,,,0.131,386.2
2798,0.534633,,0.576500,0.538567,,,0.129,386.3
2799,0.537300,,0.576500,0.538567,,,0.133,386.5
2800,0.534617,0.5770000219345093,0.577000,0.538567,2.261936060676817e-08,1.0,0.222,386.7
2801,0.535200,,0.577000,0.538567,,,0.128,386.8
2802,0.536783,,0.577000,0.538567,,,0.130,386.9
2803,0.536183,,0.577000,0.538567,,,0.131,387.1
2804,0.536783,,0.577000,0.538567,,,0.134,387.2
2805,0.537733,,0.577000,0.538567,,,0.132,387.3
2806,0.535750,,0.577000,0.538567,,,0.131,387.5
2807,0.534217,,0.577000,0.538567,,,0.133,387.6
2808,0.537450,,0.577000,0.538567,,,0.195,387.8
2809,0.536600,,0.577000,0.538567,,,0.134,387.9
2810,0.535067,,0.577000,0.538567,,,0.131,388.1
2811,0.535700,,0.577000,0.538567,,,0.132,388.2
2812,0.535550,,0.577000,0.538567,,,0.133,388.3
2813,0.535233,,0.577000,0.538567,,,0.132,388.5
2814,0.535850,,0.577000,0.538567,,,0.132,388.6
2815,0.539167,,0.577000,0.539167,,,0.132,388.7
2816,0.537000,,0.577000,0.539167,,,0.131,388.9
2817,0.538900,,0.577000,0.539167,,,0.134,389.0
2818,0.534733,,0.577000,0.539167,,,0.131,389.1
2819,0.538417,,0.577000,0.539167,,,0.132,389.3
2820,0.535933,,0.577000,0.539167,,,0.137,389.4
2821,0.536150,,0.577000,0.539167,,,0.133,389.5
2822,0.536750,,0.577000,0.539167,,,0.132,389.7
2823,0.536617,,0.577000,0.539167,,,0.132,389.8
2824,0.537933,,0.577000,0.539167,,,0.196,390.0
2825,0.538017,,0.577000,0.539167,,,0.130,390.1
2826,0.535650,,0.577000,0.539167,,,0.130,390.2
2827,0.537050,,0.577000,0.539167,,,0.132,390.4
2828,0.536683,,0.577000,0.539167,,,0.131,390.5
2829,0.535883,,0.577000,0.539167,,,0.135,390.6
2830,0.537750,,0.577000,0.539167,,,0.133,390.8
2831,0.535667,,0.577000,0.539167,,,0.131,390.9
2832,0.535800,,0.577000,0.539167,,,0.132,391.0
2833,0.534983,,0.577000,0.539167,,,0.134,391.2
2834,0.535950,,0.577000,0.539167,,,0.131,391.3
2835,0.537317,,0.577000,0.539167,,,0.133,391.4
2836,0.536783,,0.577000,0.539167,,,0.133,391.6
2837,0.535633,,0.577000,0.539167,,,0.130,391.7
2838,0.536850,,0.577000,0.539167,,,0.132,391.8
2839,0.536433,,0.577000,0.539167,,,0.131,392.0
2840,0.537783,,0.577000,0.539167,,,0.134,392.1
2841,0.535000,,0.577000,0.539167,,,0.132,392.2
2842,0.539150,,0.577000,0.539167,,,0.131,392.4
2843,0.537967,,0.577000,0.539167,,,0.133,392.5
2844,0.534467,,0.577000,0.539167,,,0.130,392.6
2845,0.538767,,0.577000,0.539167,,,0.131,392.8
2846,0.535067,,0.577000,0.539167,,,0.133,392.9
2847,0.537817,,0.577000,0.539167,,,0.129,393.0
2848,0.536767,,0.577000,0.539167,,,0.131,393.1
2849,0.536317,,0.577000,0.539167,,,0.132,393.3
2850,0.539083,,0.577000,0.539167,,,0.132,393.4
2851,0.536967,,0.577000,0.539167,,,0.133,393.5
2852,0.535817,,0.577000,0.539167,,,0.132,393.7
2853,0.534550,,0.577000,0.539167,,,0.134,393.8
2854,0.538333,,0.577000,0.539167,,,0.134,393.9
2855,0.538783,,0.577000,0.539167,,,0.135,394.1
2856,0.537300,,0.577000,0.539167,,,0.134,394.2
2857,0.536083,,0.577000,0.539167,,,0.131,394.3
2858,0.537467,,0.577000,0.539167,,,0.133,394.5
2859,0.538533,,0.577000,0.539167,,,0.133,394.6
2860,0.536650,,0.577000,0.539167,,,0.129,394.7
2861,0.535633,,0.577000,0.539167,,,0.132,394.9
2862,0.536183,,0.577000,0.539167,,,0.134,395.0
2863,0.536317,,0.577000,0.539167,,,0.133,395.1
2864,0.536483,,0.577000,0.539167,,,0.133,395.3
2865,0.538517,,0.577000,0.539167,,,0.132,395.4
2866,0.537767,,0.577000,0.539167,,,0.132,395.5
2867,0.537450,,0.577000,0.539167,,,0.132,395.7
2868,0.535800,,0.577000,0.539167,,,0.134,395.8
2869,0.538800,,0.577000,0.539167,,,0.131,395.9
2870,0.537917,,0.577000,0.539167,,,0.134,396.1
2871,0.537550,,0.577000,0.539167,,,0.129,396.2
2872,0.535233,,0.577000,0.539167,,,0.133,396.3
2873,0.537217,,0.577000,0.539167,,,0.155,396.5
2874,0.539483,,0.577000,0.539483,,,0.134,396.6
2875,0.538933,,0.577000,0.539483,,,0.132,396.7
2876,0.537500,,0.577000,0.539483,,,0.131,396.9
2877,0.536950,,0.577000,0.539483,,,0.131,397.0
2878,0.536650,,0.577000,0.539483,,,0.131,397.1
2879,0.538183,,0.577000,0.539483,,,0.132,397.3
2880,0.538467,,0.577000,0.539483,,,0.134,397.4
2881,0.537467,,0.577000,0.539483,,,0.129,397.5
2882,0.537683,,0.577000,0.539483,,,0.131,397.7
2883,0.536117,,0.577000,0.539483,,,0.134,397.8
2884,0.536433,,0.577000,0.539483,,,0.177,398.0
2885,0.537200,,0.577000,0.539483,,,0.133,398.1
2886,0.537867,,0.577000,0.539483,,,0.129,398.2
2887,0.540150,,0.577000,0.540150,,,0.131,398.4
2888,0.535750,,0.577000,0.540150,,,0.131,398.5
2889,0.534583,,0.577000,0.540150,,,0.132,398.6
2890,0.535500,,0.577000,0.540150,,,0.132,398.8
2891,0.534883,,0.577000,0.540150,,,0.130,398.9
2892,0.535417,,0.577000,0.540150,,,0.132,399.0
2893,0.536383,,0.577000,0.540150,,,0.130,399.2
2894,0.537033,,0.577000,0.540150,,,0.132,399.3
2895,0.538300,,0.577000,0.540150,,,0.132,399.4
2896,0.536117,,0.577000,0.540150,,,0.132,399.6
2897,0.540433,,0.577000,0.540433,,,0.131,399.7
2898,0.535767,,0.577000,0.540433,,,0.130,399.8
2899,0.538050,,0.577000,0.540433,,,0.134,399.9
2900,0.537017,0.5785000324249268,0.578500,0.540433,2.270382992719533e-08,1.0,0.287,400.2
2901,0.536700,,0.578500,0.540433,,,0.130,400.4
2902,0.537167,,0.578500,0.540433,,,0.135,400.5
2903,0.537700,,0.578500,0.540433,,,0.143,400.6
2904,0.537583,,0.578500,0.540433,,,0.134,400.8
2905,0.538350,,0.578500,0.540433,,,0.133,400.9
2906,0.536233,,0.578500,0.540433,,,0.133,401.0
2907,0.537183,,0.578500,0.540433,,,0.136,401.2
2908,0.538250,,0.578500,0.540433,,,0.133,401.3
2909,0.536267,,0.578500,0.540433,,,0.136,401.4
2910,0.536717,,0.578500,0.540433,,,0.134,401.6
2911,0.536233,,0.578500,0.540433,,,0.133,401.7
2912,0.537067,,0.578500,0.540433,,,0.131,401.8
2913,0.539383,,0.578500,0.540433,,,0.130,402.0
2914,0.538767,,0.578500,0.540433,,,0.133,402.1
2915,0.536517,,0.578500,0.540433,,,0.201,402.3
2916,0.536233,,0.578500,0.540433,,,0.135,402.4
2917,0.538017,,0.578500,0.540433,,,0.131,402.6
2918,0.536350,,0.578500,0.540433,,,0.132,402.7
2919,0.537417,,0.578500,0.540433,,,0.133,402.8
2920,0.537667,,0.578500,0.540433,,,0.131,403.0
2921,0.538950,,0.578500,0.540433,,,0.133,403.1
2922,0.535500,,0.578500,0.540433,,,0.132,403.2
2923,0.538767,,0.578500,0.540433,,,0.132,403.4
2924,0.536733,,0.578500,0.540433,,,0.132,403.5
2925,0.536433,,0.578500,0.540433,,,0.133,403.6
2926,0.536717,,0.578500,0.540433,,,0.132,403.8
2927,0.538650,,0.578500,0.540433,,,0.135,403.9
2928,0.538217,,0.578500,0.540433,,,0.135,404.0
2929,0.538050,,0.578500,0.540433,,,0.131,404.2
2930,0.536517,,0.578500,0.540433,,,0.130,404.3
2931,0.538417,,0.578500,0.540433,,,0.132,404.4
2932,0.536450,,0.578500,0.540433,,,0.132,404.6
2933,0.536383,,0.578500,0.540433,,,0.133,404.7
2934,0.534500,,0.578500,0.540433,,,0.132,404.8
2935,0.535150,,0.578500,0.540433,,,0.132,405.0
2936,0.539117,,0.578500,0.540433,,,0.132,405.1
2937,0.538183,,0.578500,0.540433,,,0.131,405.2
2938,0.535433,,0.578500,0.540433,,,0.135,405.4
2939,0.537933,,0.578500,0.540433,,,0.132,405.5
2940,0.537917,,0.578500,0.540433,,,0.133,405.6
2941,0.537200,,0.578500,0.540433,,,0.133,405.8
2942,0.537650,,0.578500,0.540433,,,0.130,405.9
2943,0.539083,,0.578500,0.540433,,,0.131,406.0
2944,0.537817,,0.578500,0.540433,,,0.132,406.1
2945,0.537983,,0.578500,0.540433,,,0.131,406.3
2946,0.537150,,0.578500,0.540433,,,0.131,406.4
2947,0.537717,,0.578500,0.540433,,,0.130,406.5
2948,0.537150,,0.578500,0.540433,,,0.131,406.7
2949,0.538433,,0.578500,0.540433,,,0.132,406.8
2950,0.538717,,0.578500,0.540433,,,0.134,406.9
2951,0.536767,,0.578500,0.540433,,,0.132,407.1
2952,0.535967,,0.578500,0.540433,,,0.130,407.2
2953,0.534750,,0.578500,0.540433,,,0.132,407.3
2954,0.538167,,0.578500,0.540433,,,0.131,407.5
2955,0.538400,,0.578500,0.540433,,,0.132,407.6
2956,0.536550,,0.578500,0.540433,,,0.132,407.7
2957,0.540100,,0.578500,0.540433,,,0.134,407.9
2958,0.538883,,0.578500,0.540433,,,0.132,408.0
2959,0.537533,,0.578500,0.540433,,,0.134,408.1
2960,0.536583,,0.578500,0.540433,,,0.133,408.3
2961,0.537067,,0.578500,0.540433,,,0.130,408.4
2962,0.535250,,0.578500,0.540433,,,0.130,408.5
2963,0.539800,,0.578500,0.540433,,,0.132,408.6
2964,0.538350,,0.578500,0.540433,,,0.132,408.8
2965,0.535500,,0.578500,0.540433,,,0.131,408.9
2966,0.538583,,0.578500,0.540433,,,0.131,409.0
2967,0.535900,,0.578500,0.540433,,,0.131,409.2
2968,0.538067,,0.578500,0.540433,,,0.131,409.3
2969,0.538083,,0.578500,0.540433,,,0.131,409.4
2970,0.536133,,0.578500,0.540433,,,0.131,409.6
2971,0.535567,,0.578500,0.540433,,,0.133,409.7
2972,0.536900,,0.578500,0.540433,,,0.134,409.8
2973,0.536717,,0.578500,0.540433,,,0.131,410.0
2974,0.538300,,0.578500,0.540433,,,0.134,410.1
2975,0.536100,,0.578500,0.540433,,,0.132,410.2
2976,0.537900,,0.578500,0.540433,,,0.130,410.4
2977,0.537400,,0.578500,0.540433,,,0.131,410.5
2978,0.537850,,0.578500,0.540433,,,0.128,410.6
2979,0.537417,,0.578500,0.540433,,,0.130,410.8
2980,0.536167,,0.578500,0.540433,,,0.132,410.9
2981,0.536917,,0.578500,0.540433,,,0.130,411.0
2982,0.537733,,0.578500,0.540433,,,0.132,411.1
2983,0.536200,,0.578500,0.540433,,,0.132,411.3
2984,0.537883,,0.578500,0.540433,,,0.131,411.4
2985,0.539917,,0.578500,0.540433,,,0.132,411.5
2986,0.536683,,0.578500,0.540433,,,0.131,411.7
2987,0.538383,,0.578500,0.540433,,,0.131,411.8
2988,0.537950,,0.578500,0.540433,,,0.133,411.9
2989,0.538050,,0.578500,0.540433,,,0.133,412.1
2990,0.537917,,0.578500,0.540433,,,0.198,412.3
2991,0.536833,,0.578500,0.540433,,,0.131,412.4
2992,0.538467,,0.578500,0.540433,,,0.130,412.5
2993,0.538667,,0.578500,0.540433,,,0.133,412.7
2994,0.537517,,0.578500,0.540433,,,0.131,412.8
2995,0.539917,,0.578500,0.540433,,,0.132,412.9
2996,0.538833,,0.578500,0.540433,,,0.132,413.1
2997,0.536917,,0.578500,0.540433,,,0.131,413.2
2998,0.539867,,0.578500,0.540433,,,0.131,413.3
2999,0.540933,0.5800000429153442,0.580000,0.540933,2.3720190256426577e-08,1.0,0.225,413.5
