epoch,train_acc,val_acc,best_val,best_train,w_err,cos_o,epoch_time,cum_time
0,0.101983,0.14600001275539398,0.146000,0.101983,0.0025375420227646828,0.9985803365707397,7.637,7.6
1,0.101650,,0.146000,0.101983,,,0.206,7.8
2,0.103117,,0.146000,0.103117,,,0.144,8.0
3,0.101750,,0.146000,0.103117,,,0.148,8.1
4,0.101750,,0.146000,0.103117,,,0.146,8.3
5,0.102317,,0.146000,0.103117,,,0.137,8.4
6,0.099667,,0.146000,0.103117,,,0.133,8.6
7,0.100250,,0.146000,0.103117,,,0.135,8.7
8,0.099833,,0.146000,0.103117,,,0.144,8.8
9,0.100550,,0.146000,0.103117,,,0.141,9.0
10,0.104317,,0.146000,0.104317,,,0.133,9.1
11,0.099033,,0.146000,0.104317,,,0.129,9.2
12,0.101483,,0.146000,0.104317,,,0.137,9.4
13,0.102450,,0.146000,0.104317,,,0.131,9.5
14,0.101950,,0.146000,0.104317,,,0.133,9.6
15,0.102133,,0.146000,0.104317,,,0.134,9.8
16,0.100400,,0.146000,0.104317,,,0.133,9.9
17,0.101933,,0.146000,0.104317,,,0.131,10.0
18,0.101900,,0.146000,0.104317,,,0.201,10.2
19,0.102450,,0.146000,0.104317,,,0.131,10.4
20,0.103767,,0.146000,0.104317,,,0.130,10.5
21,0.102633,,0.146000,0.104317,,,0.132,10.6
22,0.102967,,0.146000,0.104317,,,0.131,10.8
23,0.103400,,0.146000,0.104317,,,0.130,10.9
24,0.104383,,0.146000,0.104383,,,0.132,11.0
25,0.104600,,0.146000,0.104600,,,0.133,11.2
26,0.104450,,0.146000,0.104600,,,0.131,11.3
27,0.104250,,0.146000,0.104600,,,0.131,11.4
28,0.104400,,0.146000,0.104600,,,0.129,11.5
29,0.105783,,0.146000,0.105783,,,0.132,11.7
30,0.106000,,0.146000,0.106000,,,0.133,11.8
31,0.105683,,0.146000,0.106000,,,0.133,11.9
32,0.105050,,0.146000,0.106000,,,0.133,12.1
33,0.105067,,0.146000,0.106000,,,0.133,12.2
34,0.106650,,0.146000,0.106650,,,0.136,12.3
35,0.107967,,0.146000,0.107967,,,0.132,12.5
36,0.106800,,0.146000,0.107967,,,0.129,12.6
37,0.108200,,0.146000,0.108200,,,0.133,12.7
38,0.106700,,0.146000,0.108200,,,0.131,12.9
39,0.107317,,0.146000,0.108200,,,0.132,13.0
40,0.110000,,0.146000,0.110000,,,0.130,13.1
41,0.105767,,0.146000,0.110000,,,0.131,13.3
42,0.109317,,0.146000,0.110000,,,0.131,13.4
43,0.107767,,0.146000,0.110000,,,0.133,13.5
44,0.108833,,0.146000,0.110000,,,0.130,13.7
45,0.109817,,0.146000,0.110000,,,0.133,13.8
46,0.109367,,0.146000,0.110000,,,0.133,13.9
47,0.109233,,0.146000,0.110000,,,0.131,14.1
48,0.108833,,0.146000,0.110000,,,0.130,14.2
49,0.109133,,0.146000,0.110000,,,0.132,14.3
50,0.111917,,0.146000,0.111917,,,0.130,14.4
51,0.109900,,0.146000,0.111917,,,0.131,14.6
52,0.111000,,0.146000,0.111917,,,0.132,14.7
53,0.112850,,0.146000,0.112850,,,0.131,14.8
54,0.112533,,0.146000,0.112850,,,0.132,15.0
55,0.111433,,0.146000,0.112850,,,0.132,15.1
56,0.111533,,0.146000,0.112850,,,0.131,15.2
57,0.112400,,0.146000,0.112850,,,0.130,15.4
58,0.111350,,0.146000,0.112850,,,0.133,15.5
59,0.111517,,0.146000,0.112850,,,0.130,15.6
60,0.111017,,0.146000,0.112850,,,0.132,15.8
61,0.112683,,0.146000,0.112850,,,0.134,15.9
62,0.113217,,0.146000,0.113217,,,0.130,16.0
63,0.111633,,0.146000,0.113217,,,0.133,16.2
64,0.111817,,0.146000,0.113217,,,0.209,16.4
65,0.112600,,0.146000,0.113217,,,0.133,16.5
66,0.112033,,0.146000,0.113217,,,0.134,16.6
67,0.112617,,0.146000,0.113217,,,0.134,16.8
68,0.112850,,0.146000,0.113217,,,0.133,16.9
69,0.111867,,0.146000,0.113217,,,0.133,17.0
70,0.112650,,0.146000,0.113217,,,0.133,17.2
71,0.113117,,0.146000,0.113217,,,0.131,17.3
72,0.112617,,0.146000,0.113217,,,0.133,17.4
73,0.112583,,0.146000,0.113217,,,0.132,17.6
74,0.112383,,0.146000,0.113217,,,0.133,17.7
75,0.113333,,0.146000,0.113333,,,0.133,17.8
76,0.112100,,0.146000,0.113333,,,0.131,18.0
77,0.113400,,0.146000,0.113400,,,0.132,18.1
78,0.113033,,0.146000,0.113400,,,0.205,18.3
79,0.113417,,0.146000,0.113417,,,0.132,18.4
80,0.114283,,0.146000,0.114283,,,0.134,18.6
81,0.113533,,0.146000,0.114283,,,0.133,18.7
82,0.112067,,0.146000,0.114283,,,0.133,18.8
83,0.111950,,0.146000,0.114283,,,0.131,19.0
84,0.111750,,0.146000,0.114283,,,0.132,19.1
85,0.112333,,0.146000,0.114283,,,0.132,19.2
86,0.113267,,0.146000,0.114283,,,0.133,19.4
87,0.113250,,0.146000,0.114283,,,0.133,19.5
88,0.113433,,0.146000,0.114283,,,0.133,19.6
89,0.112300,,0.146000,0.114283,,,0.132,19.7
90,0.113067,,0.146000,0.114283,,,0.136,19.9
91,0.112600,,0.146000,0.114283,,,0.136,20.0
92,0.112083,,0.146000,0.114283,,,0.133,20.2
93,0.112400,,0.146000,0.114283,,,0.137,20.3
94,0.113033,,0.146000,0.114283,,,0.134,20.4
95,0.112900,,0.146000,0.114283,,,0.134,20.6
96,0.113500,,0.146000,0.114283,,,0.133,20.7
97,0.113000,,0.146000,0.114283,,,0.133,20.8
98,0.112033,,0.146000,0.114283,,,0.131,21.0
99,0.113233,,0.146000,0.114283,,,0.134,21.1
100,0.112450,0.11150000244379044,0.146000,0.114283,0.0036853512283414602,0.9969942569732666,0.241,21.3
101,0.112617,,0.146000,0.114283,,,0.132,21.5
102,0.112617,,0.146000,0.114283,,,0.132,21.6
103,0.113133,,0.146000,0.114283,,,0.133,21.7
104,0.113383,,0.146000,0.114283,,,0.134,21.9
105,0.112317,,0.146000,0.114283,,,0.131,22.0
106,0.112483,,0.146000,0.114283,,,0.131,22.1
107,0.112533,,0.146000,0.114283,,,0.133,22.3
108,0.112867,,0.146000,0.114283,,,0.199,22.5
109,0.112983,,0.146000,0.114283,,,0.134,22.6
110,0.112617,,0.146000,0.114283,,,0.133,22.7
111,0.112733,,0.146000,0.114283,,,0.129,22.9
112,0.112683,,0.146000,0.114283,,,0.130,23.0
113,0.112700,,0.146000,0.114283,,,0.136,23.1
114,0.112283,,0.146000,0.114283,,,0.137,23.3
115,0.112933,,0.146000,0.114283,,,0.132,23.4
116,0.113117,,0.146000,0.114283,,,0.135,23.5
117,0.112833,,0.146000,0.114283,,,0.132,23.7
118,0.112933,,0.146000,0.114283,,,0.131,23.8
119,0.113750,,0.146000,0.114283,,,0.134,23.9
120,0.113400,,0.146000,0.114283,,,0.132,24.1
121,0.113667,,0.146000,0.114283,,,0.129,24.2
122,0.113667,,0.146000,0.114283,,,0.129,24.3
123,0.113867,,0.146000,0.114283,,,0.141,24.5
124,0.114167,,0.146000,0.114283,,,0.142,24.6
125,0.113267,,0.146000,0.114283,,,0.134,24.7
126,0.113483,,0.146000,0.114283,,,0.131,24.9
127,0.114383,,0.146000,0.114383,,,0.133,25.0
128,0.113933,,0.146000,0.114383,,,0.133,25.1
129,0.114717,,0.146000,0.114717,,,0.133,25.3
130,0.114817,,0.146000,0.114817,,,0.130,25.4
131,0.114033,,0.146000,0.114817,,,0.132,25.5
132,0.114317,,0.146000,0.114817,,,0.133,25.7
133,0.114433,,0.146000,0.114817,,,0.133,25.8
134,0.115033,,0.146000,0.115033,,,0.133,25.9
135,0.114950,,0.146000,0.115033,,,0.131,26.0
136,0.115050,,0.146000,0.115050,,,0.133,26.2
137,0.115350,,0.146000,0.115350,,,0.134,26.3
138,0.114067,,0.146000,0.115350,,,0.210,26.5
139,0.115433,,0.146000,0.115433,,,0.132,26.7
140,0.114183,,0.146000,0.115433,,,0.135,26.8
141,0.116067,,0.146000,0.116067,,,0.132,26.9
142,0.115750,,0.146000,0.116067,,,0.132,27.1
143,0.114967,,0.146000,0.116067,,,0.132,27.2
144,0.114617,,0.146000,0.116067,,,0.129,27.3
145,0.115633,,0.146000,0.116067,,,0.134,27.5
146,0.115133,,0.146000,0.116067,,,0.133,27.6
147,0.116000,,0.146000,0.116067,,,0.132,27.7
148,0.114350,,0.146000,0.116067,,,0.131,27.8
149,0.116200,,0.146000,0.116200,,,0.134,28.0
150,0.115767,,0.146000,0.116200,,,0.132,28.1
151,0.114800,,0.146000,0.116200,,,0.133,28.2
152,0.116717,,0.146000,0.116717,,,0.134,28.4
153,0.115667,,0.146000,0.116717,,,0.133,28.5
154,0.116450,,0.146000,0.116717,,,0.134,28.6
155,0.115433,,0.146000,0.116717,,,0.130,28.8
156,0.114917,,0.146000,0.116717,,,0.132,28.9
157,0.116917,,0.146000,0.116917,,,0.132,29.0
158,0.115567,,0.146000,0.116917,,,0.131,29.2
159,0.116817,,0.146000,0.116917,,,0.133,29.3
160,0.116117,,0.146000,0.116917,,,0.131,29.4
161,0.116450,,0.146000,0.116917,,,0.134,29.6
162,0.117767,,0.146000,0.117767,,,0.133,29.7
163,0.117083,,0.146000,0.117767,,,0.132,29.8
164,0.117133,,0.146000,0.117767,,,0.132,30.0
165,0.117933,,0.146000,0.117933,,,0.133,30.1
166,0.117750,,0.146000,0.117933,,,0.132,30.2
167,0.117567,,0.146000,0.117933,,,0.138,30.4
168,0.118950,,0.146000,0.118950,,,0.150,30.5
169,0.118267,,0.146000,0.118950,,,0.131,30.7
170,0.117933,,0.146000,0.118950,,,0.131,30.8
171,0.119633,,0.146000,0.119633,,,0.131,30.9
172,0.120183,,0.146000,0.120183,,,0.131,31.0
173,0.120333,,0.146000,0.120333,,,0.131,31.2
174,0.120833,,0.146000,0.120833,,,0.131,31.3
175,0.121183,,0.146000,0.121183,,,0.131,31.4
176,0.120450,,0.146000,0.121183,,,0.131,31.6
177,0.119450,,0.146000,0.121183,,,0.133,31.7
178,0.120567,,0.146000,0.121183,,,0.131,31.8
179,0.120917,,0.146000,0.121183,,,0.133,32.0
180,0.121450,,0.146000,0.121450,,,0.130,32.1
181,0.121683,,0.146000,0.121683,,,0.133,32.2
182,0.119867,,0.146000,0.121683,,,0.133,32.4
183,0.120433,,0.146000,0.121683,,,0.131,32.5
184,0.121433,,0.146000,0.121683,,,0.134,32.6
185,0.120183,,0.146000,0.121683,,,0.132,32.8
186,0.122700,,0.146000,0.122700,,,0.129,32.9
187,0.121750,,0.146000,0.122700,,,0.131,33.0
188,0.123267,,0.146000,0.123267,,,0.133,33.1
189,0.123583,,0.146000,0.123583,,,0.132,33.3
190,0.123467,,0.146000,0.123583,,,0.131,33.4
191,0.124033,,0.146000,0.124033,,,0.133,33.5
192,0.123317,,0.146000,0.124033,,,0.131,33.7
193,0.125250,,0.146000,0.125250,,,0.131,33.8
194,0.124650,,0.146000,0.125250,,,0.131,33.9
195,0.126950,,0.146000,0.126950,,,0.136,34.1
196,0.125483,,0.146000,0.126950,,,0.131,34.2
197,0.127750,,0.146000,0.127750,,,0.133,34.3
198,0.128667,,0.146000,0.128667,,,0.131,34.5
199,0.127683,,0.146000,0.128667,,,0.201,34.7
200,0.129067,0.1120000034570694,0.146000,0.129067,0.00791090913116932,0.9889382123947144,0.240,34.9
201,0.128950,,0.146000,0.129067,,,0.130,35.0
202,0.130650,,0.146000,0.130650,,,0.132,35.2
203,0.130933,,0.146000,0.130933,,,0.135,35.3
204,0.131600,,0.146000,0.131600,,,0.131,35.4
205,0.132817,,0.146000,0.132817,,,0.133,35.6
206,0.132500,,0.146000,0.132817,,,0.133,35.7
207,0.132050,,0.146000,0.132817,,,0.130,35.8
208,0.133767,,0.146000,0.133767,,,0.132,36.0
209,0.132617,,0.146000,0.133767,,,0.131,36.1
210,0.134183,,0.146000,0.134183,,,0.132,36.2
211,0.134783,,0.146000,0.134783,,,0.133,36.4
212,0.135050,,0.146000,0.135050,,,0.139,36.5
213,0.136500,,0.146000,0.136500,,,0.153,36.7
214,0.137600,,0.146000,0.137600,,,0.134,36.8
215,0.137617,,0.146000,0.137617,,,0.131,36.9
216,0.139983,,0.146000,0.139983,,,0.135,37.1
217,0.139950,,0.146000,0.139983,,,0.131,37.2
218,0.140433,,0.146000,0.140433,,,0.133,37.3
219,0.140933,,0.146000,0.140933,,,0.132,37.4
220,0.142467,,0.146000,0.142467,,,0.131,37.6
221,0.145333,,0.146000,0.145333,,,0.133,37.7
222,0.146117,,0.146000,0.146117,,,0.131,37.8
223,0.146083,,0.146000,0.146117,,,0.132,38.0
224,0.149700,,0.146000,0.149700,,,0.134,38.1
225,0.150550,,0.146000,0.150550,,,0.131,38.2
226,0.153533,,0.146000,0.153533,,,0.132,38.4
227,0.153600,,0.146000,0.153600,,,0.147,38.5
228,0.155350,,0.146000,0.155350,,,0.135,38.7
229,0.156300,,0.146000,0.156300,,,0.130,38.8
230,0.160283,,0.146000,0.160283,,,0.132,38.9
231,0.161967,,0.146000,0.161967,,,0.128,39.0
232,0.161717,,0.146000,0.161967,,,0.131,39.2
233,0.163117,,0.146000,0.163117,,,0.133,39.3
234,0.162883,,0.146000,0.163117,,,0.134,39.4
235,0.160867,,0.146000,0.163117,,,0.135,39.6
236,0.164200,,0.146000,0.164200,,,0.131,39.7
237,0.162917,,0.146000,0.164200,,,0.132,39.8
238,0.164317,,0.146000,0.164317,,,0.132,40.0
239,0.165067,,0.146000,0.165067,,,0.130,40.1
240,0.165983,,0.146000,0.165983,,,0.133,40.2
241,0.164800,,0.146000,0.165983,,,0.133,40.4
242,0.165417,,0.146000,0.165983,,,0.133,40.5
243,0.167967,,0.146000,0.167967,,,0.130,40.6
244,0.168483,,0.146000,0.168483,,,0.132,40.8
245,0.168833,,0.146000,0.168833,,,0.131,40.9
246,0.172467,,0.146000,0.172467,,,0.131,41.0
247,0.172417,,0.146000,0.172467,,,0.134,41.2
248,0.174217,,0.146000,0.174217,,,0.132,41.3
249,0.175133,,0.146000,0.175133,,,0.129,41.4
250,0.176267,,0.146000,0.176267,,,0.136,41.6
251,0.176617,,0.146000,0.176617,,,0.131,41.7
252,0.180517,,0.146000,0.180517,,,0.130,41.8
253,0.179750,,0.146000,0.180517,,,0.134,41.9
254,0.182183,,0.146000,0.182183,,,0.132,42.1
255,0.184050,,0.146000,0.184050,,,0.131,42.2
256,0.185667,,0.146000,0.185667,,,0.132,42.3
257,0.185717,,0.146000,0.185717,,,0.135,42.5
258,0.188683,,0.146000,0.188683,,,0.133,42.6
259,0.188850,,0.146000,0.188850,,,0.132,42.7
260,0.190383,,0.146000,0.190383,,,0.130,42.9
261,0.192550,,0.146000,0.192550,,,0.133,43.0
262,0.190650,,0.146000,0.192550,,,0.131,43.1
263,0.192483,,0.146000,0.192550,,,0.132,43.3
264,0.192567,,0.146000,0.192567,,,0.131,43.4
265,0.192800,,0.146000,0.192800,,,0.132,43.5
266,0.191717,,0.146000,0.192800,,,0.130,43.7
267,0.193717,,0.146000,0.193717,,,0.133,43.8
268,0.192033,,0.146000,0.193717,,,0.131,43.9
269,0.193600,,0.146000,0.193717,,,0.130,44.1
270,0.194967,,0.146000,0.194967,,,0.133,44.2
271,0.194850,,0.146000,0.194967,,,0.132,44.3
272,0.194117,,0.146000,0.194967,,,0.130,44.5
273,0.195233,,0.146000,0.195233,,,0.133,44.6
274,0.196867,,0.146000,0.196867,,,0.136,44.7
275,0.198550,,0.146000,0.198550,,,0.132,44.9
276,0.197967,,0.146000,0.198550,,,0.129,45.0
277,0.196950,,0.146000,0.198550,,,0.134,45.1
278,0.196417,,0.146000,0.198550,,,0.132,45.2
279,0.198900,,0.146000,0.198900,,,0.133,45.4
280,0.202050,,0.146000,0.202050,,,0.135,45.5
281,0.203183,,0.146000,0.203183,,,0.133,45.6
282,0.202183,,0.146000,0.203183,,,0.131,45.8
283,0.201883,,0.146000,0.203183,,,0.133,45.9
284,0.203483,,0.146000,0.203483,,,0.134,46.0
285,0.202867,,0.146000,0.203483,,,0.131,46.2
286,0.207067,,0.146000,0.207067,,,0.131,46.3
287,0.204950,,0.146000,0.207067,,,0.133,46.4
288,0.206550,,0.146000,0.207067,,,0.132,46.6
289,0.207250,,0.146000,0.207250,,,0.134,46.7
290,0.209067,,0.146000,0.209067,,,0.131,46.8
291,0.209283,,0.146000,0.209283,,,0.131,47.0
292,0.210467,,0.146000,0.210467,,,0.135,47.1
293,0.208317,,0.146000,0.210467,,,0.131,47.2
294,0.209067,,0.146000,0.210467,,,0.132,47.4
295,0.203283,,0.146000,0.210467,,,0.136,47.5
296,0.208200,,0.146000,0.210467,,,0.135,47.6
297,0.207950,,0.146000,0.210467,,,0.133,47.8
298,0.208483,,0.146000,0.210467,,,0.131,47.9
299,0.206850,,0.146000,0.210467,,,0.133,48.0
300,0.205383,0.2535000145435333,0.253500,0.210467,0.031063031405210495,0.8760644197463989,0.246,48.3
301,0.203733,,0.253500,0.210467,,,0.126,48.4
302,0.206350,,0.253500,0.210467,,,0.200,48.6
303,0.202317,,0.253500,0.210467,,,0.131,48.7
304,0.203183,,0.253500,0.210467,,,0.133,48.9
305,0.202133,,0.253500,0.210467,,,0.133,49.0
306,0.200500,,0.253500,0.210467,,,0.132,49.1
307,0.200917,,0.253500,0.210467,,,0.131,49.3
308,0.200450,,0.253500,0.210467,,,0.132,49.4
309,0.199167,,0.253500,0.210467,,,0.132,49.5
310,0.199867,,0.253500,0.210467,,,0.132,49.7
311,0.196850,,0.253500,0.210467,,,0.132,49.8
312,0.198250,,0.253500,0.210467,,,0.133,49.9
313,0.202733,,0.253500,0.210467,,,0.131,50.1
314,0.203650,,0.253500,0.210467,,,0.131,50.2
315,0.204500,,0.253500,0.210467,,,0.133,50.3
316,0.209167,,0.253500,0.210467,,,0.134,50.5
317,0.207733,,0.253500,0.210467,,,0.203,50.7
318,0.207650,,0.253500,0.210467,,,0.131,50.8
319,0.209817,,0.253500,0.210467,,,0.130,50.9
320,0.210467,,0.253500,0.210467,,,0.131,51.1
321,0.211783,,0.253500,0.211783,,,0.131,51.2
322,0.213050,,0.253500,0.213050,,,0.131,51.3
323,0.212483,,0.253500,0.213050,,,0.133,51.4
324,0.215017,,0.253500,0.215017,,,0.131,51.6
325,0.214567,,0.253500,0.215017,,,0.132,51.7
326,0.215767,,0.253500,0.215767,,,0.130,51.8
327,0.216533,,0.253500,0.216533,,,0.134,52.0
328,0.216533,,0.253500,0.216533,,,0.133,52.1
329,0.220533,,0.253500,0.220533,,,0.132,52.2
330,0.220067,,0.253500,0.220533,,,0.133,52.4
331,0.223600,,0.253500,0.223600,,,0.131,52.5
332,0.223333,,0.253500,0.223600,,,0.131,52.6
333,0.225233,,0.253500,0.225233,,,0.200,52.8
334,0.227933,,0.253500,0.227933,,,0.131,53.0
335,0.225883,,0.253500,0.227933,,,0.130,53.1
336,0.229983,,0.253500,0.229983,,,0.131,53.2
337,0.232400,,0.253500,0.232400,,,0.131,53.4
338,0.233233,,0.253500,0.233233,,,0.133,53.5
339,0.233383,,0.253500,0.233383,,,0.132,53.6
340,0.234217,,0.253500,0.234217,,,0.134,53.8
341,0.238750,,0.253500,0.238750,,,0.140,53.9
342,0.238767,,0.253500,0.238767,,,0.131,54.0
343,0.238333,,0.253500,0.238767,,,0.130,54.2
344,0.243350,,0.253500,0.243350,,,0.132,54.3
345,0.244933,,0.253500,0.244933,,,0.133,54.4
346,0.246883,,0.253500,0.246883,,,0.130,54.6
347,0.245500,,0.253500,0.246883,,,0.132,54.7
348,0.247200,,0.253500,0.247200,,,0.130,54.8
349,0.249683,,0.253500,0.249683,,,0.132,54.9
350,0.249233,,0.253500,0.249683,,,0.129,55.1
351,0.249550,,0.253500,0.249683,,,0.131,55.2
352,0.250850,,0.253500,0.250850,,,0.134,55.3
353,0.250167,,0.253500,0.250850,,,0.134,55.5
354,0.250683,,0.253500,0.250850,,,0.133,55.6
355,0.249500,,0.253500,0.250850,,,0.130,55.7
356,0.253867,,0.253500,0.253867,,,0.132,55.9
357,0.253467,,0.253500,0.253867,,,0.131,56.0
358,0.254183,,0.253500,0.254183,,,0.131,56.1
359,0.255350,,0.253500,0.255350,,,0.130,56.3
360,0.260817,,0.253500,0.260817,,,0.131,56.4
361,0.258983,,0.253500,0.260817,,,0.133,56.5
362,0.262383,,0.253500,0.262383,,,0.132,56.7
363,0.262150,,0.253500,0.262383,,,0.131,56.8
364,0.264417,,0.253500,0.264417,,,0.200,57.0
365,0.265883,,0.253500,0.265883,,,0.133,57.1
366,0.264917,,0.253500,0.265883,,,0.133,57.3
367,0.264883,,0.253500,0.265883,,,0.133,57.4
368,0.267550,,0.253500,0.267550,,,0.130,57.5
369,0.267667,,0.253500,0.267667,,,0.134,57.7
370,0.270567,,0.253500,0.270567,,,0.134,57.8
371,0.270033,,0.253500,0.270567,,,0.133,57.9
372,0.270033,,0.253500,0.270567,,,0.129,58.0
373,0.273767,,0.253500,0.273767,,,0.133,58.2
374,0.274900,,0.253500,0.274900,,,0.133,58.3
375,0.274617,,0.253500,0.274900,,,0.132,58.4
376,0.275667,,0.253500,0.275667,,,0.133,58.6
377,0.277467,,0.253500,0.277467,,,0.132,58.7
378,0.280883,,0.253500,0.280883,,,0.135,58.8
379,0.278567,,0.253500,0.280883,,,0.141,59.0
380,0.279867,,0.253500,0.280883,,,0.133,59.1
381,0.282200,,0.253500,0.282200,,,0.130,59.2
382,0.282367,,0.253500,0.282367,,,0.132,59.4
383,0.286100,,0.253500,0.286100,,,0.132,59.5
384,0.283100,,0.253500,0.286100,,,0.134,59.6
385,0.286700,,0.253500,0.286700,,,0.134,59.8
386,0.285450,,0.253500,0.286700,,,0.131,59.9
387,0.286017,,0.253500,0.286700,,,0.134,60.0
388,0.288650,,0.253500,0.288650,,,0.133,60.2
389,0.287717,,0.253500,0.288650,,,0.132,60.3
390,0.286783,,0.253500,0.288650,,,0.134,60.4
391,0.286967,,0.253500,0.288650,,,0.132,60.6
392,0.287350,,0.253500,0.288650,,,0.131,60.7
393,0.289567,,0.253500,0.289567,,,0.131,60.8
394,0.288917,,0.253500,0.289567,,,0.131,61.0
395,0.290417,,0.253500,0.290417,,,0.131,61.1
396,0.290167,,0.253500,0.290417,,,0.131,61.2
397,0.289450,,0.253500,0.290417,,,0.133,61.4
398,0.289800,,0.253500,0.290417,,,0.133,61.5
399,0.290867,,0.253500,0.290867,,,0.131,61.6
400,0.290533,0.33250001072883606,0.332500,0.290867,0.08021797239780426,0.6080110669136047,0.244,61.9
401,0.291383,,0.332500,0.291383,,,0.129,62.0
402,0.292450,,0.332500,0.292450,,,0.131,62.1
403,0.293200,,0.332500,0.293200,,,0.131,62.3
404,0.293700,,0.332500,0.293700,,,0.131,62.4
405,0.294383,,0.332500,0.294383,,,0.130,62.5
406,0.295417,,0.332500,0.295417,,,0.131,62.7
407,0.295600,,0.332500,0.295600,,,0.135,62.8
408,0.297867,,0.332500,0.297867,,,0.135,62.9
409,0.302483,,0.332500,0.302483,,,0.202,63.1
410,0.302233,,0.332500,0.302483,,,0.134,63.3
411,0.299933,,0.332500,0.302483,,,0.133,63.4
412,0.302133,,0.332500,0.302483,,,0.143,63.5
413,0.302100,,0.332500,0.302483,,,0.134,63.7
414,0.302717,,0.332500,0.302717,,,0.134,63.8
415,0.304567,,0.332500,0.304567,,,0.133,63.9
416,0.305067,,0.332500,0.305067,,,0.131,64.1
417,0.303200,,0.332500,0.305067,,,0.132,64.2
418,0.305950,,0.332500,0.305950,,,0.133,64.3
419,0.307250,,0.332500,0.307250,,,0.132,64.5
420,0.310250,,0.332500,0.310250,,,0.133,64.6
421,0.309750,,0.332500,0.310250,,,0.134,64.7
422,0.310183,,0.332500,0.310250,,,0.132,64.9
423,0.308417,,0.332500,0.310250,,,0.134,65.0
424,0.307333,,0.332500,0.310250,,,0.137,65.1
425,0.308367,,0.332500,0.310250,,,0.133,65.3
426,0.308900,,0.332500,0.310250,,,0.136,65.4
427,0.311400,,0.332500,0.311400,,,0.133,65.5
428,0.311567,,0.332500,0.311567,,,0.133,65.7
429,0.311583,,0.332500,0.311583,,,0.135,65.8
430,0.310417,,0.332500,0.311583,,,0.135,65.9
431,0.311800,,0.332500,0.311800,,,0.146,66.1
432,0.315367,,0.332500,0.315367,,,0.134,66.2
433,0.313150,,0.332500,0.315367,,,0.135,66.4
434,0.314783,,0.332500,0.315367,,,0.130,66.5
435,0.315867,,0.332500,0.315867,,,0.132,66.6
436,0.316667,,0.332500,0.316667,,,0.135,66.8
437,0.314233,,0.332500,0.316667,,,0.132,66.9
438,0.317633,,0.332500,0.317633,,,0.132,67.0
439,0.320050,,0.332500,0.320050,,,0.159,67.2
440,0.317950,,0.332500,0.320050,,,0.132,67.3
441,0.319650,,0.332500,0.320050,,,0.132,67.4
442,0.318783,,0.332500,0.320050,,,0.131,67.6
443,0.321050,,0.332500,0.321050,,,0.132,67.7
444,0.320133,,0.332500,0.321050,,,0.131,67.8
445,0.323000,,0.332500,0.323000,,,0.132,68.0
446,0.323100,,0.332500,0.323100,,,0.132,68.1
447,0.323083,,0.332500,0.323100,,,0.134,68.2
448,0.323650,,0.332500,0.323650,,,0.130,68.4
449,0.323650,,0.332500,0.323650,,,0.134,68.5
450,0.327800,,0.332500,0.327800,,,0.132,68.6
451,0.325850,,0.332500,0.327800,,,0.132,68.8
452,0.325100,,0.332500,0.327800,,,0.131,68.9
453,0.327600,,0.332500,0.327800,,,0.133,69.0
454,0.326200,,0.332500,0.327800,,,0.133,69.2
455,0.330067,,0.332500,0.330067,,,0.201,69.4
456,0.330133,,0.332500,0.330133,,,0.130,69.5
457,0.329583,,0.332500,0.330133,,,0.132,69.6
458,0.329833,,0.332500,0.330133,,,0.132,69.8
459,0.334600,,0.332500,0.334600,,,0.135,69.9
460,0.331233,,0.332500,0.334600,,,0.134,70.0
461,0.332817,,0.332500,0.334600,,,0.132,70.2
462,0.335100,,0.332500,0.335100,,,0.131,70.3
463,0.336133,,0.332500,0.336133,,,0.132,70.4
464,0.335883,,0.332500,0.336133,,,0.133,70.6
465,0.337417,,0.332500,0.337417,,,0.131,70.7
466,0.335600,,0.332500,0.337417,,,0.132,70.8
467,0.337067,,0.332500,0.337417,,,0.132,70.9
468,0.334833,,0.332500,0.337417,,,0.132,71.1
469,0.337483,,0.332500,0.337483,,,0.133,71.2
470,0.335300,,0.332500,0.337483,,,0.133,71.3
471,0.333050,,0.332500,0.337483,,,0.134,71.5
472,0.336000,,0.332500,0.337483,,,0.130,71.6
473,0.334267,,0.332500,0.337483,,,0.130,71.7
474,0.337033,,0.332500,0.337483,,,0.132,71.9
475,0.336533,,0.332500,0.337483,,,0.132,72.0
476,0.336283,,0.332500,0.337483,,,0.133,72.1
477,0.336683,,0.332500,0.337483,,,0.132,72.3
478,0.336733,,0.332500,0.337483,,,0.132,72.4
479,0.338583,,0.332500,0.338583,,,0.129,72.5
480,0.336967,,0.332500,0.338583,,,0.131,72.7
481,0.338450,,0.332500,0.338583,,,0.131,72.8
482,0.338533,,0.332500,0.338583,,,0.133,72.9
483,0.339933,,0.332500,0.339933,,,0.134,73.1
484,0.340767,,0.332500,0.340767,,,0.137,73.2
485,0.342733,,0.332500,0.342733,,,0.146,73.3
486,0.342067,,0.332500,0.342733,,,0.131,73.5
487,0.340417,,0.332500,0.342733,,,0.132,73.6
488,0.342633,,0.332500,0.342733,,,0.134,73.7
489,0.339133,,0.332500,0.342733,,,0.135,73.9
490,0.343033,,0.332500,0.343033,,,0.131,74.0
491,0.344100,,0.332500,0.344100,,,0.132,74.1
492,0.340767,,0.332500,0.344100,,,0.132,74.3
493,0.341950,,0.332500,0.344100,,,0.129,74.4
494,0.343867,,0.332500,0.344100,,,0.132,74.5
495,0.344450,,0.332500,0.344450,,,0.132,74.7
496,0.345250,,0.332500,0.345250,,,0.131,74.8
497,0.345350,,0.332500,0.345350,,,0.131,74.9
498,0.343717,,0.332500,0.345350,,,0.134,75.1
499,0.345100,,0.332500,0.345350,,,0.134,75.2
500,0.345833,0.42100003361701965,0.421000,0.345833,0.0778910294175148,0.621539831161499,0.243,75.4
501,0.345300,,0.421000,0.345833,,,0.129,75.6
502,0.344017,,0.421000,0.345833,,,0.134,75.7
503,0.343783,,0.421000,0.345833,,,0.134,75.8
504,0.346133,,0.421000,0.346133,,,0.132,76.0
505,0.343633,,0.421000,0.346133,,,0.133,76.1
506,0.346583,,0.421000,0.346583,,,0.131,76.2
507,0.348200,,0.421000,0.348200,,,0.132,76.4
508,0.349200,,0.421000,0.349200,,,0.134,76.5
509,0.348733,,0.421000,0.349200,,,0.133,76.6
510,0.348767,,0.421000,0.349200,,,0.132,76.8
511,0.345400,,0.421000,0.349200,,,0.133,76.9
512,0.349433,,0.421000,0.349433,,,0.132,77.0
513,0.349717,,0.421000,0.349717,,,0.128,77.2
514,0.349667,,0.421000,0.349717,,,0.132,77.3
515,0.351417,,0.421000,0.351417,,,0.197,77.5
516,0.351133,,0.421000,0.351417,,,0.132,77.6
517,0.350467,,0.421000,0.351417,,,0.132,77.7
518,0.349833,,0.421000,0.351417,,,0.132,77.9
519,0.352883,,0.421000,0.352883,,,0.133,78.0
520,0.349617,,0.421000,0.352883,,,0.133,78.1
521,0.348850,,0.421000,0.352883,,,0.132,78.3
522,0.352717,,0.421000,0.352883,,,0.129,78.4
523,0.354283,,0.421000,0.354283,,,0.132,78.5
524,0.353317,,0.421000,0.354283,,,0.131,78.7
525,0.354533,,0.421000,0.354533,,,0.132,78.8
526,0.352383,,0.421000,0.354533,,,0.133,78.9
527,0.355917,,0.421000,0.355917,,,0.133,79.1
528,0.353583,,0.421000,0.355917,,,0.130,79.2
529,0.356967,,0.421000,0.356967,,,0.132,79.3
530,0.356800,,0.421000,0.356967,,,0.135,79.5
531,0.357183,,0.421000,0.357183,,,0.199,79.7
532,0.356317,,0.421000,0.357183,,,0.133,79.8
533,0.356417,,0.421000,0.357183,,,0.136,79.9
534,0.357183,,0.421000,0.357183,,,0.132,80.1
535,0.358233,,0.421000,0.358233,,,0.131,80.2
536,0.358483,,0.421000,0.358483,,,0.133,80.3
537,0.361483,,0.421000,0.361483,,,0.133,80.5
538,0.357633,,0.421000,0.361483,,,0.131,80.6
539,0.359583,,0.421000,0.361483,,,0.132,80.7
540,0.361000,,0.421000,0.361483,,,0.132,80.9
541,0.362667,,0.421000,0.362667,,,0.131,81.0
542,0.362167,,0.421000,0.362667,,,0.131,81.1
543,0.365150,,0.421000,0.365150,,,0.135,81.3
544,0.363600,,0.421000,0.365150,,,0.130,81.4
545,0.363417,,0.421000,0.365150,,,0.133,81.5
546,0.363017,,0.421000,0.365150,,,0.134,81.7
547,0.364683,,0.421000,0.365150,,,0.133,81.8
548,0.363100,,0.421000,0.365150,,,0.131,81.9
549,0.364650,,0.421000,0.365150,,,0.132,82.0
550,0.362983,,0.421000,0.365150,,,0.131,82.2
551,0.363717,,0.421000,0.365150,,,0.130,82.3
552,0.364750,,0.421000,0.365150,,,0.133,82.4
553,0.367083,,0.421000,0.367083,,,0.131,82.6
554,0.365333,,0.421000,0.367083,,,0.141,82.7
555,0.363683,,0.421000,0.367083,,,0.130,82.8
556,0.365617,,0.421000,0.367083,,,0.132,83.0
557,0.367450,,0.421000,0.367450,,,0.133,83.1
558,0.363750,,0.421000,0.367450,,,0.131,83.2
559,0.365367,,0.421000,0.367450,,,0.132,83.4
560,0.366217,,0.421000,0.367450,,,0.133,83.5
561,0.366283,,0.421000,0.367450,,,0.147,83.6
562,0.365567,,0.421000,0.367450,,,0.136,83.8
563,0.365283,,0.421000,0.367450,,,0.130,83.9
564,0.366300,,0.421000,0.367450,,,0.133,84.0
565,0.364017,,0.421000,0.367450,,,0.133,84.2
566,0.366483,,0.421000,0.367450,,,0.133,84.3
567,0.364883,,0.421000,0.367450,,,0.130,84.4
568,0.368267,,0.421000,0.368267,,,0.131,84.6
569,0.366317,,0.421000,0.368267,,,0.131,84.7
570,0.367767,,0.421000,0.368267,,,0.131,84.8
571,0.368067,,0.421000,0.368267,,,0.133,85.0
572,0.369283,,0.421000,0.369283,,,0.134,85.1
573,0.365600,,0.421000,0.369283,,,0.134,85.2
574,0.366800,,0.421000,0.369283,,,0.132,85.4
575,0.367700,,0.421000,0.369283,,,0.134,85.5
576,0.368467,,0.421000,0.369283,,,0.134,85.6
577,0.369900,,0.421000,0.369900,,,0.131,85.8
578,0.372850,,0.421000,0.372850,,,0.131,85.9
579,0.371333,,0.421000,0.372850,,,0.131,86.0
580,0.370767,,0.421000,0.372850,,,0.131,86.2
581,0.370767,,0.421000,0.372850,,,0.131,86.3
582,0.372450,,0.421000,0.372850,,,0.131,86.4
583,0.375233,,0.421000,0.375233,,,0.131,86.6
584,0.373367,,0.421000,0.375233,,,0.133,86.7
585,0.371950,,0.421000,0.375233,,,0.131,86.8
586,0.372383,,0.421000,0.375233,,,0.132,87.0
587,0.374817,,0.421000,0.375233,,,0.133,87.1
588,0.371833,,0.421000,0.375233,,,0.132,87.2
589,0.373300,,0.421000,0.375233,,,0.133,87.4
590,0.374150,,0.421000,0.375233,,,0.133,87.5
591,0.374517,,0.421000,0.375233,,,0.131,87.6
592,0.374483,,0.421000,0.375233,,,0.130,87.7
593,0.375300,,0.421000,0.375300,,,0.129,87.9
594,0.376983,,0.421000,0.376983,,,0.132,88.0
595,0.376100,,0.421000,0.376983,,,0.131,88.1
596,0.375817,,0.421000,0.376983,,,0.131,88.3
597,0.376817,,0.421000,0.376983,,,0.132,88.4
598,0.378500,,0.421000,0.378500,,,0.131,88.5
599,0.377983,,0.421000,0.378500,,,0.130,88.7
600,0.378683,0.44350001215934753,0.443500,0.378683,0.07737302035093307,0.6336764693260193,0.239,88.9
601,0.377150,,0.443500,0.378683,,,0.131,89.0
602,0.377517,,0.443500,0.378683,,,0.132,89.2
603,0.377033,,0.443500,0.378683,,,0.133,89.3
604,0.379133,,0.443500,0.379133,,,0.134,89.4
605,0.375983,,0.443500,0.379133,,,0.133,89.6
606,0.380233,,0.443500,0.380233,,,0.201,89.8
607,0.378917,,0.443500,0.380233,,,0.134,89.9
608,0.379017,,0.443500,0.380233,,,0.129,90.0
609,0.380283,,0.443500,0.380283,,,0.132,90.2
610,0.382033,,0.443500,0.382033,,,0.135,90.3
611,0.380950,,0.443500,0.382033,,,0.132,90.4
612,0.381750,,0.443500,0.382033,,,0.132,90.6
613,0.381233,,0.443500,0.382033,,,0.132,90.7
614,0.382017,,0.443500,0.382033,,,0.132,90.8
615,0.384033,,0.443500,0.384033,,,0.131,91.0
616,0.383683,,0.443500,0.384033,,,0.132,91.1
617,0.383817,,0.443500,0.384033,,,0.131,91.2
618,0.384433,,0.443500,0.384433,,,0.132,91.3
619,0.385117,,0.443500,0.385117,,,0.133,91.5
620,0.384467,,0.443500,0.385117,,,0.135,91.6
621,0.386433,,0.443500,0.386433,,,0.134,91.7
622,0.384183,,0.443500,0.386433,,,0.208,92.0
623,0.387417,,0.443500,0.387417,,,0.132,92.1
624,0.387783,,0.443500,0.387783,,,0.129,92.2
625,0.386667,,0.443500,0.387783,,,0.131,92.3
626,0.386867,,0.443500,0.387783,,,0.129,92.5
627,0.387917,,0.443500,0.387917,,,0.132,92.6
628,0.389400,,0.443500,0.389400,,,0.131,92.7
629,0.389417,,0.443500,0.389417,,,0.130,92.9
630,0.388550,,0.443500,0.389417,,,0.132,93.0
631,0.389867,,0.443500,0.389867,,,0.132,93.1
632,0.387633,,0.443500,0.389867,,,0.131,93.3
633,0.389400,,0.443500,0.389867,,,0.130,93.4
634,0.387283,,0.443500,0.389867,,,0.131,93.5
635,0.390400,,0.443500,0.390400,,,0.132,93.7
636,0.391967,,0.443500,0.391967,,,0.131,93.8
637,0.388900,,0.443500,0.391967,,,0.135,93.9
638,0.388333,,0.443500,0.391967,,,0.132,94.1
639,0.388950,,0.443500,0.391967,,,0.130,94.2
640,0.386850,,0.443500,0.391967,,,0.134,94.3
641,0.388750,,0.443500,0.391967,,,0.132,94.5
642,0.389500,,0.443500,0.391967,,,0.133,94.6
643,0.389017,,0.443500,0.391967,,,0.133,94.7
644,0.390233,,0.443500,0.391967,,,0.131,94.8
645,0.386083,,0.443500,0.391967,,,0.133,95.0
646,0.387900,,0.443500,0.391967,,,0.131,95.1
647,0.389650,,0.443500,0.391967,,,0.129,95.2
648,0.388617,,0.443500,0.391967,,,0.131,95.4
649,0.390050,,0.443500,0.391967,,,0.146,95.5
650,0.392017,,0.443500,0.392017,,,0.131,95.6
651,0.391000,,0.443500,0.392017,,,0.131,95.8
652,0.388767,,0.443500,0.392017,,,0.138,95.9
653,0.391583,,0.443500,0.392017,,,0.132,96.1
654,0.387217,,0.443500,0.392017,,,0.133,96.2
655,0.389650,,0.443500,0.392017,,,0.131,96.3
656,0.388950,,0.443500,0.392017,,,0.133,96.4
657,0.391283,,0.443500,0.392017,,,0.126,96.6
658,0.390867,,0.443500,0.392017,,,0.131,96.7
659,0.390500,,0.443500,0.392017,,,0.132,96.8
660,0.390533,,0.443500,0.392017,,,0.132,97.0
661,0.392900,,0.443500,0.392900,,,0.131,97.1
662,0.392367,,0.443500,0.392900,,,0.132,97.2
663,0.391667,,0.443500,0.392900,,,0.132,97.4
664,0.391900,,0.443500,0.392900,,,0.131,97.5
665,0.389633,,0.443500,0.392900,,,0.131,97.6
666,0.395800,,0.443500,0.395800,,,0.132,97.8
667,0.392833,,0.443500,0.395800,,,0.135,97.9
668,0.393750,,0.443500,0.395800,,,0.200,98.1
669,0.392717,,0.443500,0.395800,,,0.132,98.2
670,0.392883,,0.443500,0.395800,,,0.131,98.4
671,0.394467,,0.443500,0.395800,,,0.134,98.5
672,0.391117,,0.443500,0.395800,,,0.130,98.6
673,0.393500,,0.443500,0.395800,,,0.129,98.7
674,0.393200,,0.443500,0.395800,,,0.131,98.9
675,0.391000,,0.443500,0.395800,,,0.132,99.0
676,0.392517,,0.443500,0.395800,,,0.131,99.1
677,0.393283,,0.443500,0.395800,,,0.131,99.3
678,0.393917,,0.443500,0.395800,,,0.132,99.4
679,0.394933,,0.443500,0.395800,,,0.133,99.5
680,0.392983,,0.443500,0.395800,,,0.133,99.7
681,0.392533,,0.443500,0.395800,,,0.134,99.8
682,0.394450,,0.443500,0.395800,,,0.132,99.9
683,0.394383,,0.443500,0.395800,,,0.132,100.1
684,0.395283,,0.443500,0.395800,,,0.131,100.2
685,0.399367,,0.443500,0.399367,,,0.132,100.3
686,0.395183,,0.443500,0.399367,,,0.132,100.5
687,0.395317,,0.443500,0.399367,,,0.132,100.6
688,0.393533,,0.443500,0.399367,,,0.132,100.7
689,0.393867,,0.443500,0.399367,,,0.132,100.9
690,0.395733,,0.443500,0.399367,,,0.133,101.0
691,0.397167,,0.443500,0.399367,,,0.133,101.1
692,0.396400,,0.443500,0.399367,,,0.145,101.3
693,0.397283,,0.443500,0.399367,,,0.133,101.4
694,0.394267,,0.443500,0.399367,,,0.132,101.5
695,0.399083,,0.443500,0.399367,,,0.132,101.7
696,0.397733,,0.443500,0.399367,,,0.132,101.8
697,0.399017,,0.443500,0.399367,,,0.131,101.9
698,0.400167,,0.443500,0.400167,,,0.153,102.1
699,0.399117,,0.443500,0.400167,,,0.132,102.2
700,0.398683,0.4660000205039978,0.466000,0.400167,0.07699434459209442,0.6445177793502808,0.243,102.5
701,0.399833,,0.466000,0.400167,,,0.129,102.6
702,0.398750,,0.466000,0.400167,,,0.132,102.7
703,0.397317,,0.466000,0.400167,,,0.133,102.9
704,0.399700,,0.466000,0.400167,,,0.129,103.0
705,0.400600,,0.466000,0.400600,,,0.133,103.1
706,0.399183,,0.466000,0.400600,,,0.132,103.2
707,0.399850,,0.466000,0.400600,,,0.131,103.4
708,0.401233,,0.466000,0.401233,,,0.133,103.5
709,0.403067,,0.466000,0.403067,,,0.133,103.6
710,0.403350,,0.466000,0.403350,,,0.132,103.8
711,0.403700,,0.466000,0.403700,,,0.133,103.9
712,0.402483,,0.466000,0.403700,,,0.132,104.0
713,0.404200,,0.466000,0.404200,,,0.202,104.2
714,0.404000,,0.466000,0.404200,,,0.134,104.4
715,0.402733,,0.466000,0.404200,,,0.135,104.5
716,0.404767,,0.466000,0.404767,,,0.131,104.6
717,0.401233,,0.466000,0.404767,,,0.131,104.8
718,0.405800,,0.466000,0.405800,,,0.132,104.9
719,0.406250,,0.466000,0.406250,,,0.132,105.0
720,0.404217,,0.466000,0.406250,,,0.133,105.2
721,0.400267,,0.466000,0.406250,,,0.131,105.3
722,0.402650,,0.466000,0.406250,,,0.133,105.4
723,0.404083,,0.466000,0.406250,,,0.132,105.6
724,0.403050,,0.466000,0.406250,,,0.131,105.7
725,0.403750,,0.466000,0.406250,,,0.129,105.8
726,0.398800,,0.466000,0.406250,,,0.135,106.0
727,0.405433,,0.466000,0.406250,,,0.133,106.1
728,0.401983,,0.466000,0.406250,,,0.131,106.2
729,0.404133,,0.466000,0.406250,,,0.133,106.4
730,0.401567,,0.466000,0.406250,,,0.131,106.5
731,0.402283,,0.466000,0.406250,,,0.130,106.6
732,0.405083,,0.466000,0.406250,,,0.132,106.8
733,0.402267,,0.466000,0.406250,,,0.131,106.9
734,0.398983,,0.466000,0.406250,,,0.132,107.0
735,0.404217,,0.466000,0.406250,,,0.132,107.1
736,0.401483,,0.466000,0.406250,,,0.130,107.3
737,0.401167,,0.466000,0.406250,,,0.132,107.4
738,0.403150,,0.466000,0.406250,,,0.133,107.5
739,0.400533,,0.466000,0.406250,,,0.130,107.7
740,0.403750,,0.466000,0.406250,,,0.132,107.8
741,0.402200,,0.466000,0.406250,,,0.130,107.9
742,0.403283,,0.466000,0.406250,,,0.133,108.1
743,0.402967,,0.466000,0.406250,,,0.133,108.2
744,0.403083,,0.466000,0.406250,,,0.133,108.3
745,0.402517,,0.466000,0.406250,,,0.131,108.5
746,0.404250,,0.466000,0.406250,,,0.132,108.6
747,0.405700,,0.466000,0.406250,,,0.132,108.7
748,0.405917,,0.466000,0.406250,,,0.133,108.9
749,0.405050,,0.466000,0.406250,,,0.131,109.0
750,0.405767,,0.466000,0.406250,,,0.132,109.1
751,0.404700,,0.466000,0.406250,,,0.132,109.3
752,0.407450,,0.466000,0.407450,,,0.133,109.4
753,0.405467,,0.466000,0.407450,,,0.131,109.5
754,0.404550,,0.466000,0.407450,,,0.132,109.7
755,0.406833,,0.466000,0.407450,,,0.131,109.8
756,0.403967,,0.466000,0.407450,,,0.131,109.9
757,0.404250,,0.466000,0.407450,,,0.132,110.0
758,0.407017,,0.466000,0.407450,,,0.146,110.2
759,0.408433,,0.466000,0.408433,,,0.130,110.3
760,0.406533,,0.466000,0.408433,,,0.132,110.5
761,0.406800,,0.466000,0.408433,,,0.132,110.6
762,0.407783,,0.466000,0.408433,,,0.131,110.7
763,0.405883,,0.466000,0.408433,,,0.134,110.9
764,0.408500,,0.466000,0.408500,,,0.131,111.0
765,0.408550,,0.466000,0.408550,,,0.130,111.1
766,0.405067,,0.466000,0.408550,,,0.133,111.2
767,0.407150,,0.466000,0.408550,,,0.131,111.4
768,0.408033,,0.466000,0.408550,,,0.131,111.5
769,0.404000,,0.466000,0.408550,,,0.133,111.6
770,0.409433,,0.466000,0.409433,,,0.133,111.8
771,0.405433,,0.466000,0.409433,,,0.133,111.9
772,0.405933,,0.466000,0.409433,,,0.132,112.0
773,0.405983,,0.466000,0.409433,,,0.140,112.2
774,0.406367,,0.466000,0.409433,,,0.135,112.3
775,0.406650,,0.466000,0.409433,,,0.133,112.4
776,0.407500,,0.466000,0.409433,,,0.131,112.6
777,0.407200,,0.466000,0.409433,,,0.133,112.7
778,0.405833,,0.466000,0.409433,,,0.135,112.8
779,0.406400,,0.466000,0.409433,,,0.131,113.0
780,0.405567,,0.466000,0.409433,,,0.132,113.1
781,0.407350,,0.466000,0.409433,,,0.131,113.2
782,0.405600,,0.466000,0.409433,,,0.133,113.4
783,0.403917,,0.466000,0.409433,,,0.134,113.5
784,0.406767,,0.466000,0.409433,,,0.129,113.6
785,0.407900,,0.466000,0.409433,,,0.134,113.8
786,0.406417,,0.466000,0.409433,,,0.135,113.9
787,0.410283,,0.466000,0.410283,,,0.131,114.0
788,0.408733,,0.466000,0.410283,,,0.132,114.2
789,0.408833,,0.466000,0.410283,,,0.200,114.4
790,0.411067,,0.466000,0.411067,,,0.131,114.5
791,0.412050,,0.466000,0.412050,,,0.132,114.6
792,0.411883,,0.466000,0.412050,,,0.132,114.8
793,0.409850,,0.466000,0.412050,,,0.133,114.9
794,0.409267,,0.466000,0.412050,,,0.133,115.0
795,0.410700,,0.466000,0.412050,,,0.133,115.2
796,0.410200,,0.466000,0.412050,,,0.133,115.3
797,0.409933,,0.466000,0.412050,,,0.133,115.4
798,0.409533,,0.466000,0.412050,,,0.131,115.6
799,0.410100,,0.466000,0.412050,,,0.132,115.7
800,0.411817,0.4780000150203705,0.478000,0.412050,0.07338974624872208,0.6577272415161133,0.242,115.9
801,0.410867,,0.478000,0.412050,,,0.129,116.1
802,0.409117,,0.478000,0.412050,,,0.129,116.2
803,0.411350,,0.478000,0.412050,,,0.134,116.3
804,0.412867,,0.478000,0.412867,,,0.202,116.5
805,0.411217,,0.478000,0.412867,,,0.135,116.7
806,0.411683,,0.478000,0.412867,,,0.133,116.8
807,0.410833,,0.478000,0.412867,,,0.131,116.9
808,0.410733,,0.478000,0.412867,,,0.134,117.1
809,0.413450,,0.478000,0.413450,,,0.131,117.2
810,0.412200,,0.478000,0.413450,,,0.131,117.3
811,0.411683,,0.478000,0.413450,,,0.133,117.5
812,0.414067,,0.478000,0.414067,,,0.131,117.6
813,0.410783,,0.478000,0.414067,,,0.131,117.7
814,0.414967,,0.478000,0.414967,,,0.134,117.9
815,0.416350,,0.478000,0.416350,,,0.131,118.0
816,0.414967,,0.478000,0.416350,,,0.133,118.1
817,0.415083,,0.478000,0.416350,,,0.131,118.2
818,0.414867,,0.478000,0.416350,,,0.130,118.4
819,0.413800,,0.478000,0.416350,,,0.133,118.5
820,0.415933,,0.478000,0.416350,,,0.132,118.6
821,0.415600,,0.478000,0.416350,,,0.131,118.8
822,0.419150,,0.478000,0.419150,,,0.132,118.9
823,0.416267,,0.478000,0.419150,,,0.138,119.0
824,0.414617,,0.478000,0.419150,,,0.131,119.2
825,0.415600,,0.478000,0.419150,,,0.133,119.3
826,0.414283,,0.478000,0.419150,,,0.134,119.4
827,0.415033,,0.478000,0.419150,,,0.136,119.6
828,0.416750,,0.478000,0.419150,,,0.133,119.7
829,0.415717,,0.478000,0.419150,,,0.134,119.8
830,0.415250,,0.478000,0.419150,,,0.136,120.0
831,0.414933,,0.478000,0.419150,,,0.133,120.1
832,0.417967,,0.478000,0.419150,,,0.135,120.3
833,0.417500,,0.478000,0.419150,,,0.133,120.4
834,0.415133,,0.478000,0.419150,,,0.181,120.6
835,0.416317,,0.478000,0.419150,,,0.135,120.7
836,0.417967,,0.478000,0.419150,,,0.133,120.8
837,0.414133,,0.478000,0.419150,,,0.135,121.0
838,0.414383,,0.478000,0.419150,,,0.131,121.1
839,0.417467,,0.478000,0.419150,,,0.132,121.2
840,0.419267,,0.478000,0.419267,,,0.130,121.4
841,0.418833,,0.478000,0.419267,,,0.132,121.5
842,0.418567,,0.478000,0.419267,,,0.133,121.6
843,0.420500,,0.478000,0.420500,,,0.132,121.8
844,0.420117,,0.478000,0.420500,,,0.134,121.9
845,0.418283,,0.478000,0.420500,,,0.130,122.0
846,0.418183,,0.478000,0.420500,,,0.133,122.2
847,0.421567,,0.478000,0.421567,,,0.134,122.3
848,0.418183,,0.478000,0.421567,,,0.131,122.4
849,0.419500,,0.478000,0.421567,,,0.132,122.6
850,0.421150,,0.478000,0.421567,,,0.200,122.8
851,0.417783,,0.478000,0.421567,,,0.133,122.9
852,0.420733,,0.478000,0.421567,,,0.133,123.0
853,0.421050,,0.478000,0.421567,,,0.132,123.2
854,0.419567,,0.478000,0.421567,,,0.132,123.3
855,0.422783,,0.478000,0.422783,,,0.132,123.4
856,0.422050,,0.478000,0.422783,,,0.132,123.5
857,0.419950,,0.478000,0.422783,,,0.134,123.7
858,0.422883,,0.478000,0.422883,,,0.133,123.8
859,0.421250,,0.478000,0.422883,,,0.133,123.9
860,0.423750,,0.478000,0.423750,,,0.136,124.1
861,0.426783,,0.478000,0.426783,,,0.131,124.2
862,0.421867,,0.478000,0.426783,,,0.131,124.3
863,0.421267,,0.478000,0.426783,,,0.132,124.5
864,0.422700,,0.478000,0.426783,,,0.134,124.6
865,0.421333,,0.478000,0.426783,,,0.139,124.7
866,0.420500,,0.478000,0.426783,,,0.132,124.9
867,0.420417,,0.478000,0.426783,,,0.166,125.0
868,0.420650,,0.478000,0.426783,,,0.134,125.2
869,0.421983,,0.478000,0.426783,,,0.133,125.3
870,0.420150,,0.478000,0.426783,,,0.132,125.4
871,0.420100,,0.478000,0.426783,,,0.133,125.6
872,0.418100,,0.478000,0.426783,,,0.133,125.7
873,0.423617,,0.478000,0.426783,,,0.132,125.8
874,0.421750,,0.478000,0.426783,,,0.134,126.0
875,0.419117,,0.478000,0.426783,,,0.132,126.1
876,0.421333,,0.478000,0.426783,,,0.133,126.2
877,0.418300,,0.478000,0.426783,,,0.133,126.4
878,0.419450,,0.478000,0.426783,,,0.136,126.5
879,0.420017,,0.478000,0.426783,,,0.133,126.6
880,0.416800,,0.478000,0.426783,,,0.188,126.8
881,0.417833,,0.478000,0.426783,,,0.131,127.0
882,0.418317,,0.478000,0.426783,,,0.134,127.1
883,0.416367,,0.478000,0.426783,,,0.131,127.2
884,0.418033,,0.478000,0.426783,,,0.134,127.4
885,0.419450,,0.478000,0.426783,,,0.131,127.5
886,0.419450,,0.478000,0.426783,,,0.131,127.6
887,0.420217,,0.478000,0.426783,,,0.129,127.8
888,0.421400,,0.478000,0.426783,,,0.130,127.9
889,0.417750,,0.478000,0.426783,,,0.133,128.0
890,0.422017,,0.478000,0.426783,,,0.132,128.1
891,0.420967,,0.478000,0.426783,,,0.134,128.3
892,0.422067,,0.478000,0.426783,,,0.135,128.4
893,0.422950,,0.478000,0.426783,,,0.132,128.5
894,0.419367,,0.478000,0.426783,,,0.130,128.7
895,0.419783,,0.478000,0.426783,,,0.131,128.8
896,0.421717,,0.478000,0.426783,,,0.133,128.9
897,0.420733,,0.478000,0.426783,,,0.132,129.1
898,0.421967,,0.478000,0.426783,,,0.131,129.2
899,0.422417,,0.478000,0.426783,,,0.132,129.3
900,0.421850,0.48250001668930054,0.482500,0.426783,0.07090981304645538,0.6782320737838745,0.241,129.6
901,0.423533,,0.482500,0.426783,,,0.126,129.7
902,0.420950,,0.482500,0.426783,,,0.133,129.8
903,0.423367,,0.482500,0.426783,,,0.135,130.0
904,0.421917,,0.482500,0.426783,,,0.135,130.1
905,0.424167,,0.482500,0.426783,,,0.133,130.2
906,0.423133,,0.482500,0.426783,,,0.133,130.4
907,0.423400,,0.482500,0.426783,,,0.132,130.5
908,0.423200,,0.482500,0.426783,,,0.133,130.6
909,0.424333,,0.482500,0.426783,,,0.131,130.8
910,0.423250,,0.482500,0.426783,,,0.200,131.0
911,0.425667,,0.482500,0.426783,,,0.131,131.1
912,0.422967,,0.482500,0.426783,,,0.132,131.2
913,0.423300,,0.482500,0.426783,,,0.130,131.4
914,0.423550,,0.482500,0.426783,,,0.133,131.5
915,0.423150,,0.482500,0.426783,,,0.132,131.6
916,0.423517,,0.482500,0.426783,,,0.131,131.8
917,0.421983,,0.482500,0.426783,,,0.133,131.9
918,0.422450,,0.482500,0.426783,,,0.129,132.0
919,0.422000,,0.482500,0.426783,,,0.129,132.1
920,0.423150,,0.482500,0.426783,,,0.133,132.3
921,0.421700,,0.482500,0.426783,,,0.129,132.4
922,0.423567,,0.482500,0.426783,,,0.134,132.5
923,0.423733,,0.482500,0.426783,,,0.132,132.7
924,0.423083,,0.482500,0.426783,,,0.132,132.8
925,0.423083,,0.482500,0.426783,,,0.131,132.9
926,0.423517,,0.482500,0.426783,,,0.200,133.1
927,0.424100,,0.482500,0.426783,,,0.134,133.3
928,0.424317,,0.482500,0.426783,,,0.130,133.4
929,0.425400,,0.482500,0.426783,,,0.133,133.5
930,0.424800,,0.482500,0.426783,,,0.136,133.7
931,0.426417,,0.482500,0.426783,,,0.135,133.8
932,0.422367,,0.482500,0.426783,,,0.131,133.9
933,0.423517,,0.482500,0.426783,,,0.132,134.1
934,0.425050,,0.482500,0.426783,,,0.132,134.2
935,0.425650,,0.482500,0.426783,,,0.132,134.3
936,0.425233,,0.482500,0.426783,,,0.132,134.5
937,0.425767,,0.482500,0.426783,,,0.132,134.6
938,0.423850,,0.482500,0.426783,,,0.131,134.7
939,0.426967,,0.482500,0.426967,,,0.132,134.9
940,0.426300,,0.482500,0.426967,,,0.133,135.0
941,0.428483,,0.482500,0.428483,,,0.131,135.1
942,0.426167,,0.482500,0.428483,,,0.198,135.3
943,0.427517,,0.482500,0.428483,,,0.133,135.5
944,0.424567,,0.482500,0.428483,,,0.131,135.6
945,0.428500,,0.482500,0.428500,,,0.135,135.7
946,0.425650,,0.482500,0.428500,,,0.133,135.9
947,0.426133,,0.482500,0.428500,,,0.131,136.0
948,0.426683,,0.482500,0.428500,,,0.133,136.1
949,0.424400,,0.482500,0.428500,,,0.131,136.2
950,0.427050,,0.482500,0.428500,,,0.133,136.4
951,0.425767,,0.482500,0.428500,,,0.130,136.5
952,0.425600,,0.482500,0.428500,,,0.134,136.6
953,0.425717,,0.482500,0.428500,,,0.132,136.8
954,0.424067,,0.482500,0.428500,,,0.130,136.9
955,0.424267,,0.482500,0.428500,,,0.134,137.0
956,0.427733,,0.482500,0.428500,,,0.132,137.2
957,0.427367,,0.482500,0.428500,,,0.132,137.3
958,0.428900,,0.482500,0.428900,,,0.201,137.5
959,0.429467,,0.482500,0.429467,,,0.134,137.6
960,0.428500,,0.482500,0.429467,,,0.134,137.8
961,0.430183,,0.482500,0.430183,,,0.134,137.9
962,0.426383,,0.482500,0.430183,,,0.134,138.0
963,0.426533,,0.482500,0.430183,,,0.132,138.2
964,0.427333,,0.482500,0.430183,,,0.134,138.3
965,0.425483,,0.482500,0.430183,,,0.137,138.4
966,0.427200,,0.482500,0.430183,,,0.134,138.6
967,0.425167,,0.482500,0.430183,,,0.135,138.7
968,0.425533,,0.482500,0.430183,,,0.134,138.8
969,0.427017,,0.482500,0.430183,,,0.134,139.0
970,0.428533,,0.482500,0.430183,,,0.132,139.1
971,0.427500,,0.482500,0.430183,,,0.133,139.2
972,0.429117,,0.482500,0.430183,,,0.134,139.4
973,0.427983,,0.482500,0.430183,,,0.194,139.6
974,0.428417,,0.482500,0.430183,,,0.133,139.7
975,0.426900,,0.482500,0.430183,,,0.132,139.8
976,0.426783,,0.482500,0.430183,,,0.134,140.0
977,0.427100,,0.482500,0.430183,,,0.130,140.1
978,0.426967,,0.482500,0.430183,,,0.134,140.2
979,0.429100,,0.482500,0.430183,,,0.130,140.4
980,0.429000,,0.482500,0.430183,,,0.132,140.5
981,0.426667,,0.482500,0.430183,,,0.133,140.6
982,0.427150,,0.482500,0.430183,,,0.130,140.8
983,0.429683,,0.482500,0.430183,,,0.131,140.9
984,0.426867,,0.482500,0.430183,,,0.133,141.0
985,0.427550,,0.482500,0.430183,,,0.131,141.2
986,0.428067,,0.482500,0.430183,,,0.129,141.3
987,0.429167,,0.482500,0.430183,,,0.136,141.4
988,0.427917,,0.482500,0.430183,,,0.134,141.6
989,0.430633,,0.482500,0.430633,,,0.134,141.7
990,0.431400,,0.482500,0.431400,,,0.131,141.8
991,0.432600,,0.482500,0.432600,,,0.134,142.0
992,0.429400,,0.482500,0.432600,,,0.132,142.1
993,0.428300,,0.482500,0.432600,,,0.131,142.2
994,0.432883,,0.482500,0.432883,,,0.130,142.3
995,0.433033,,0.482500,0.433033,,,0.130,142.5
996,0.432650,,0.482500,0.433033,,,0.132,142.6
997,0.429683,,0.482500,0.433033,,,0.132,142.7
998,0.430200,,0.482500,0.433033,,,0.135,142.9
999,0.429683,,0.482500,0.433033,,,0.135,143.0
1000,0.432250,0.49150002002716064,0.491500,0.433033,0.07007227838039398,0.680048942565918,0.244,143.3
1001,0.429733,,0.491500,0.433033,,,0.128,143.4
1002,0.431017,,0.491500,0.433033,,,0.132,143.5
1003,0.430050,,0.491500,0.433033,,,0.199,143.7
1004,0.429450,,0.491500,0.433033,,,0.133,143.8
1005,0.430167,,0.491500,0.433033,,,0.132,144.0
1006,0.430967,,0.491500,0.433033,,,0.132,144.1
1007,0.432467,,0.491500,0.433033,,,0.133,144.2
1008,0.430667,,0.491500,0.433033,,,0.142,144.4
1009,0.431050,,0.491500,0.433033,,,0.132,144.5
1010,0.431317,,0.491500,0.433033,,,0.134,144.6
1011,0.430733,,0.491500,0.433033,,,0.134,144.8
1012,0.432017,,0.491500,0.433033,,,0.133,144.9
1013,0.433150,,0.491500,0.433150,,,0.132,145.0
1014,0.432850,,0.491500,0.433150,,,0.130,145.2
1015,0.430317,,0.491500,0.433150,,,0.134,145.3
1016,0.432100,,0.491500,0.433150,,,0.133,145.4
1017,0.433433,,0.491500,0.433433,,,0.133,145.6
1018,0.430633,,0.491500,0.433433,,,0.134,145.7
1019,0.433300,,0.491500,0.433433,,,0.133,145.8
1020,0.433517,,0.491500,0.433517,,,0.132,146.0
1021,0.433033,,0.491500,0.433517,,,0.129,146.1
1022,0.432667,,0.491500,0.433517,,,0.132,146.2
1023,0.430567,,0.491500,0.433517,,,0.131,146.4
1024,0.429750,,0.491500,0.433517,,,0.132,146.5
1025,0.429733,,0.491500,0.433517,,,0.132,146.6
1026,0.429967,,0.491500,0.433517,,,0.135,146.8
1027,0.434133,,0.491500,0.434133,,,0.134,146.9
1028,0.431383,,0.491500,0.434133,,,0.131,147.0
1029,0.430817,,0.491500,0.434133,,,0.134,147.2
1030,0.431100,,0.491500,0.434133,,,0.132,147.3
1031,0.428667,,0.491500,0.434133,,,0.131,147.4
1032,0.432883,,0.491500,0.434133,,,0.133,147.6
1033,0.432883,,0.491500,0.434133,,,0.139,147.7
1034,0.433950,,0.491500,0.434133,,,0.132,147.8
1035,0.432183,,0.491500,0.434133,,,0.133,148.0
1036,0.432383,,0.491500,0.434133,,,0.134,148.1
1037,0.433833,,0.491500,0.434133,,,0.132,148.2
1038,0.432517,,0.491500,0.434133,,,0.131,148.4
1039,0.431183,,0.491500,0.434133,,,0.132,148.5
1040,0.432617,,0.491500,0.434133,,,0.134,148.6
1041,0.428850,,0.491500,0.434133,,,0.134,148.8
1042,0.429533,,0.491500,0.434133,,,0.130,148.9
1043,0.430850,,0.491500,0.434133,,,0.132,149.0
1044,0.430050,,0.491500,0.434133,,,0.134,149.2
1045,0.432633,,0.491500,0.434133,,,0.135,149.3
1046,0.431483,,0.491500,0.434133,,,0.132,149.4
1047,0.431150,,0.491500,0.434133,,,0.136,149.6
1048,0.433517,,0.491500,0.434133,,,0.133,149.7
1049,0.433117,,0.491500,0.434133,,,0.129,149.8
1050,0.431700,,0.491500,0.434133,,,0.134,150.0
1051,0.434133,,0.491500,0.434133,,,0.132,150.1
1052,0.433650,,0.491500,0.434133,,,0.134,150.2
1053,0.433983,,0.491500,0.434133,,,0.130,150.4
1054,0.433500,,0.491500,0.434133,,,0.133,150.5
1055,0.431883,,0.491500,0.434133,,,0.135,150.6
1056,0.431700,,0.491500,0.434133,,,0.134,150.8
1057,0.430017,,0.491500,0.434133,,,0.131,150.9
1058,0.431117,,0.491500,0.434133,,,0.133,151.0
1059,0.433783,,0.491500,0.434133,,,0.132,151.2
1060,0.430067,,0.491500,0.434133,,,0.134,151.3
1061,0.432017,,0.491500,0.434133,,,0.131,151.4
1062,0.431250,,0.491500,0.434133,,,0.132,151.6
1063,0.431867,,0.491500,0.434133,,,0.146,151.7
1064,0.432200,,0.491500,0.434133,,,0.131,151.8
1065,0.431067,,0.491500,0.434133,,,0.135,152.0
1066,0.432300,,0.491500,0.434133,,,0.131,152.1
1067,0.433733,,0.491500,0.434133,,,0.133,152.2
1068,0.432617,,0.491500,0.434133,,,0.132,152.4
1069,0.433983,,0.491500,0.434133,,,0.131,152.5
1070,0.433667,,0.491500,0.434133,,,0.134,152.6
1071,0.434000,,0.491500,0.434133,,,0.131,152.8
1072,0.434533,,0.491500,0.434533,,,0.131,152.9
1073,0.433883,,0.491500,0.434533,,,0.134,153.0
1074,0.431250,,0.491500,0.434533,,,0.133,153.2
1075,0.434117,,0.491500,0.434533,,,0.133,153.3
1076,0.433600,,0.491500,0.434533,,,0.130,153.4
1077,0.433200,,0.491500,0.434533,,,0.133,153.5
1078,0.430650,,0.491500,0.434533,,,0.132,153.7
1079,0.433717,,0.491500,0.434533,,,0.132,153.8
1080,0.433050,,0.491500,0.434533,,,0.134,153.9
1081,0.435917,,0.491500,0.435917,,,0.133,154.1
1082,0.433117,,0.491500,0.435917,,,0.133,154.2
1083,0.432200,,0.491500,0.435917,,,0.133,154.3
1084,0.431767,,0.491500,0.435917,,,0.173,154.5
1085,0.433617,,0.491500,0.435917,,,0.135,154.7
1086,0.432350,,0.491500,0.435917,,,0.133,154.8
1087,0.434000,,0.491500,0.435917,,,0.132,154.9
1088,0.433983,,0.491500,0.435917,,,0.131,155.1
1089,0.434400,,0.491500,0.435917,,,0.133,155.2
1090,0.433133,,0.491500,0.435917,,,0.130,155.3
1091,0.432833,,0.491500,0.435917,,,0.133,155.4
1092,0.433300,,0.491500,0.435917,,,0.136,155.6
1093,0.435100,,0.491500,0.435917,,,0.200,155.8
1094,0.436433,,0.491500,0.436433,,,0.131,155.9
1095,0.432033,,0.491500,0.436433,,,0.131,156.0
1096,0.431250,,0.491500,0.436433,,,0.132,156.2
1097,0.435733,,0.491500,0.436433,,,0.131,156.3
1098,0.435233,,0.491500,0.436433,,,0.132,156.4
1099,0.432667,,0.491500,0.436433,,,0.132,156.6
1100,0.433917,0.499500036239624,0.499500,0.436433,0.06296498328447342,0.7129807472229004,0.242,156.8
1101,0.437000,,0.499500,0.437000,,,0.130,156.9
1102,0.433333,,0.499500,0.437000,,,0.129,157.1
1103,0.435983,,0.499500,0.437000,,,0.133,157.2
1104,0.433433,,0.499500,0.437000,,,0.133,157.3
1105,0.434400,,0.499500,0.437000,,,0.129,157.5
1106,0.435567,,0.499500,0.437000,,,0.129,157.6
1107,0.431733,,0.499500,0.437000,,,0.132,157.7
1108,0.432850,,0.499500,0.437000,,,0.199,157.9
1109,0.435533,,0.499500,0.437000,,,0.132,158.1
1110,0.432017,,0.499500,0.437000,,,0.131,158.2
1111,0.433017,,0.499500,0.437000,,,0.132,158.3
1112,0.432300,,0.499500,0.437000,,,0.133,158.5
1113,0.435883,,0.499500,0.437000,,,0.131,158.6
1114,0.433233,,0.499500,0.437000,,,0.131,158.7
1115,0.435133,,0.499500,0.437000,,,0.134,158.9
1116,0.435567,,0.499500,0.437000,,,0.135,159.0
1117,0.432733,,0.499500,0.437000,,,0.130,159.1
1118,0.435167,,0.499500,0.437000,,,0.132,159.2
1119,0.431767,,0.499500,0.437000,,,0.132,159.4
1120,0.434867,,0.499500,0.437000,,,0.131,159.5
1121,0.433267,,0.499500,0.437000,,,0.131,159.6
1122,0.435200,,0.499500,0.437000,,,0.134,159.8
1123,0.436583,,0.499500,0.437000,,,0.132,159.9
1124,0.434383,,0.499500,0.437000,,,0.132,160.0
1125,0.435900,,0.499500,0.437000,,,0.132,160.2
1126,0.434900,,0.499500,0.437000,,,0.131,160.3
1127,0.436650,,0.499500,0.437000,,,0.132,160.4
1128,0.436100,,0.499500,0.437000,,,0.133,160.6
1129,0.435083,,0.499500,0.437000,,,0.132,160.7
1130,0.435417,,0.499500,0.437000,,,0.126,160.8
1131,0.435133,,0.499500,0.437000,,,0.135,161.0
1132,0.436117,,0.499500,0.437000,,,0.132,161.1
1133,0.435033,,0.499500,0.437000,,,0.132,161.2
1134,0.434417,,0.499500,0.437000,,,0.134,161.4
1135,0.435300,,0.499500,0.437000,,,0.132,161.5
1136,0.439717,,0.499500,0.439717,,,0.130,161.6
1137,0.437717,,0.499500,0.439717,,,0.132,161.8
1138,0.436733,,0.499500,0.439717,,,0.134,161.9
1139,0.438433,,0.499500,0.439717,,,0.132,162.0
1140,0.438550,,0.499500,0.439717,,,0.129,162.2
1141,0.438700,,0.499500,0.439717,,,0.131,162.3
1142,0.438117,,0.499500,0.439717,,,0.132,162.4
1143,0.438483,,0.499500,0.439717,,,0.129,162.5
1144,0.438300,,0.499500,0.439717,,,0.132,162.7
1145,0.439683,,0.499500,0.439717,,,0.132,162.8
1146,0.440067,,0.499500,0.440067,,,0.132,162.9
1147,0.436650,,0.499500,0.440067,,,0.131,163.1
1148,0.436367,,0.499500,0.440067,,,0.131,163.2
1149,0.438450,,0.499500,0.440067,,,0.131,163.3
1150,0.437567,,0.499500,0.440067,,,0.133,163.5
1151,0.439933,,0.499500,0.440067,,,0.134,163.6
1152,0.439550,,0.499500,0.440067,,,0.133,163.7
1153,0.437550,,0.499500,0.440067,,,0.129,163.9
1154,0.438600,,0.499500,0.440067,,,0.134,164.0
1155,0.435817,,0.499500,0.440067,,,0.133,164.1
1156,0.436067,,0.499500,0.440067,,,0.132,164.3
1157,0.438550,,0.499500,0.440067,,,0.131,164.4
1158,0.439467,,0.499500,0.440067,,,0.131,164.5
1159,0.440000,,0.499500,0.440067,,,0.130,164.7
1160,0.436433,,0.499500,0.440067,,,0.134,164.8
1161,0.436900,,0.499500,0.440067,,,0.132,164.9
1162,0.436317,,0.499500,0.440067,,,0.131,165.1
1163,0.435233,,0.499500,0.440067,,,0.130,165.2
1164,0.437450,,0.499500,0.440067,,,0.134,165.3
1165,0.438000,,0.499500,0.440067,,,0.131,165.4
1166,0.438117,,0.499500,0.440067,,,0.130,165.6
1167,0.433717,,0.499500,0.440067,,,0.132,165.7
1168,0.439450,,0.499500,0.440067,,,0.133,165.8
1169,0.437400,,0.499500,0.440067,,,0.131,166.0
1170,0.439167,,0.499500,0.440067,,,0.131,166.1
1171,0.437667,,0.499500,0.440067,,,0.134,166.2
1172,0.435800,,0.499500,0.440067,,,0.133,166.4
1173,0.438550,,0.499500,0.440067,,,0.128,166.5
1174,0.439817,,0.499500,0.440067,,,0.132,166.6
1175,0.441433,,0.499500,0.441433,,,0.131,166.8
1176,0.442600,,0.499500,0.442600,,,0.133,166.9
1177,0.439550,,0.499500,0.442600,,,0.132,167.0
1178,0.437483,,0.499500,0.442600,,,0.131,167.2
1179,0.439233,,0.499500,0.442600,,,0.132,167.3
1180,0.439167,,0.499500,0.442600,,,0.131,167.4
1181,0.437750,,0.499500,0.442600,,,0.132,167.6
1182,0.439750,,0.499500,0.442600,,,0.129,167.7
1183,0.438467,,0.499500,0.442600,,,0.198,167.9
1184,0.438167,,0.499500,0.442600,,,0.133,168.0
1185,0.439483,,0.499500,0.442600,,,0.133,168.1
1186,0.436933,,0.499500,0.442600,,,0.132,168.3
1187,0.439667,,0.499500,0.442600,,,0.133,168.4
1188,0.439850,,0.499500,0.442600,,,0.133,168.5
1189,0.440883,,0.499500,0.442600,,,0.131,168.7
1190,0.438000,,0.499500,0.442600,,,0.132,168.8
1191,0.439500,,0.499500,0.442600,,,0.132,168.9
1192,0.438600,,0.499500,0.442600,,,0.133,169.1
1193,0.439067,,0.499500,0.442600,,,0.131,169.2
1194,0.439367,,0.499500,0.442600,,,0.132,169.3
1195,0.437150,,0.499500,0.442600,,,0.134,169.5
1196,0.437433,,0.499500,0.442600,,,0.133,169.6
1197,0.439017,,0.499500,0.442600,,,0.133,169.7
1198,0.440667,,0.499500,0.442600,,,0.139,169.9
1199,0.438983,,0.499500,0.442600,,,0.132,170.0
1200,0.440517,0.5040000081062317,0.504000,0.442600,0.05541098862886429,0.7543004751205444,0.242,170.2
1201,0.437017,,0.504000,0.442600,,,0.128,170.4
1202,0.439117,,0.504000,0.442600,,,0.132,170.5
1203,0.439983,,0.504000,0.442600,,,0.135,170.6
1204,0.441183,,0.504000,0.442600,,,0.136,170.8
1205,0.440067,,0.504000,0.442600,,,0.133,170.9
1206,0.439183,,0.504000,0.442600,,,0.132,171.0
1207,0.442433,,0.504000,0.442600,,,0.133,171.2
1208,0.441200,,0.504000,0.442600,,,0.129,171.3
1209,0.440150,,0.504000,0.442600,,,0.132,171.4
1210,0.442783,,0.504000,0.442783,,,0.131,171.6
1211,0.439617,,0.504000,0.442783,,,0.131,171.7
1212,0.440650,,0.504000,0.442783,,,0.133,171.8
1213,0.443217,,0.504000,0.443217,,,0.203,172.0
1214,0.442150,,0.504000,0.443217,,,0.134,172.2
1215,0.443433,,0.504000,0.443433,,,0.133,172.3
1216,0.440833,,0.504000,0.443433,,,0.132,172.4
1217,0.438433,,0.504000,0.443433,,,0.131,172.6
1218,0.440250,,0.504000,0.443433,,,0.132,172.7
1219,0.437867,,0.504000,0.443433,,,0.134,172.8
1220,0.441317,,0.504000,0.443433,,,0.132,173.0
1221,0.439233,,0.504000,0.443433,,,0.133,173.1
1222,0.438933,,0.504000,0.443433,,,0.132,173.2
1223,0.437667,,0.504000,0.443433,,,0.133,173.4
1224,0.441467,,0.504000,0.443433,,,0.133,173.5
1225,0.441100,,0.504000,0.443433,,,0.134,173.6
1226,0.439083,,0.504000,0.443433,,,0.132,173.8
1227,0.442183,,0.504000,0.443433,,,0.131,173.9
1228,0.443117,,0.504000,0.443433,,,0.163,174.1
1229,0.440717,,0.504000,0.443433,,,0.133,174.2
1230,0.440767,,0.504000,0.443433,,,0.134,174.3
1231,0.441200,,0.504000,0.443433,,,0.135,174.5
1232,0.441933,,0.504000,0.443433,,,0.133,174.6
1233,0.441150,,0.504000,0.443433,,,0.132,174.7
1234,0.439150,,0.504000,0.443433,,,0.136,174.9
1235,0.441267,,0.504000,0.443433,,,0.130,175.0
1236,0.440917,,0.504000,0.443433,,,0.134,175.1
1237,0.439250,,0.504000,0.443433,,,0.141,175.3
1238,0.439883,,0.504000,0.443433,,,0.133,175.4
1239,0.444267,,0.504000,0.444267,,,0.131,175.5
1240,0.441633,,0.504000,0.444267,,,0.133,175.7
1241,0.440833,,0.504000,0.444267,,,0.133,175.8
1242,0.439067,,0.504000,0.444267,,,0.136,175.9
1243,0.441833,,0.504000,0.444267,,,0.145,176.1
1244,0.439267,,0.504000,0.444267,,,0.133,176.2
1245,0.440417,,0.504000,0.444267,,,0.132,176.3
1246,0.438550,,0.504000,0.444267,,,0.134,176.5
1247,0.443467,,0.504000,0.444267,,,0.132,176.6
1248,0.442083,,0.504000,0.444267,,,0.134,176.7
1249,0.442633,,0.504000,0.444267,,,0.137,176.9
1250,0.439100,,0.504000,0.444267,,,0.134,177.0
1251,0.444200,,0.504000,0.444267,,,0.132,177.1
1252,0.442067,,0.504000,0.444267,,,0.134,177.3
1253,0.442933,,0.504000,0.444267,,,0.133,177.4
1254,0.443733,,0.504000,0.444267,,,0.134,177.5
1255,0.439733,,0.504000,0.444267,,,0.134,177.7
1256,0.444550,,0.504000,0.444550,,,0.135,177.8
1257,0.442717,,0.504000,0.444550,,,0.133,177.9
1258,0.444933,,0.504000,0.444933,,,0.154,178.1
1259,0.444800,,0.504000,0.444933,,,0.133,178.2
1260,0.443383,,0.504000,0.444933,,,0.136,178.4
1261,0.444050,,0.504000,0.444933,,,0.133,178.5
1262,0.444433,,0.504000,0.444933,,,0.133,178.6
1263,0.443583,,0.504000,0.444933,,,0.135,178.8
1264,0.442967,,0.504000,0.444933,,,0.135,178.9
1265,0.443783,,0.504000,0.444933,,,0.132,179.0
1266,0.443850,,0.504000,0.444933,,,0.134,179.2
1267,0.442683,,0.504000,0.444933,,,0.137,179.3
1268,0.444400,,0.504000,0.444933,,,0.133,179.4
1269,0.442183,,0.504000,0.444933,,,0.131,179.6
1270,0.443183,,0.504000,0.444933,,,0.132,179.7
1271,0.442817,,0.504000,0.444933,,,0.133,179.8
1272,0.442750,,0.504000,0.444933,,,0.133,180.0
1273,0.441867,,0.504000,0.444933,,,0.178,180.1
1274,0.442900,,0.504000,0.444933,,,0.134,180.3
1275,0.444200,,0.504000,0.444933,,,0.132,180.4
1276,0.440217,,0.504000,0.444933,,,0.129,180.5
1277,0.443550,,0.504000,0.444933,,,0.132,180.7
1278,0.444217,,0.504000,0.444933,,,0.131,180.8
1279,0.443233,,0.504000,0.444933,,,0.131,180.9
1280,0.445250,,0.504000,0.445250,,,0.132,181.1
1281,0.442617,,0.504000,0.445250,,,0.133,181.2
1282,0.445117,,0.504000,0.445250,,,0.133,181.3
1283,0.442467,,0.504000,0.445250,,,0.133,181.5
1284,0.442883,,0.504000,0.445250,,,0.132,181.6
1285,0.442883,,0.504000,0.445250,,,0.135,181.7
1286,0.444117,,0.504000,0.445250,,,0.130,181.9
1287,0.442167,,0.504000,0.445250,,,0.133,182.0
1288,0.442633,,0.504000,0.445250,,,0.136,182.1
1289,0.443683,,0.504000,0.445250,,,0.133,182.3
1290,0.443283,,0.504000,0.445250,,,0.129,182.4
1291,0.445333,,0.504000,0.445333,,,0.131,182.5
1292,0.444300,,0.504000,0.445333,,,0.132,182.7
1293,0.443850,,0.504000,0.445333,,,0.132,182.8
1294,0.444033,,0.504000,0.445333,,,0.133,182.9
1295,0.444833,,0.504000,0.445333,,,0.134,183.1
1296,0.444567,,0.504000,0.445333,,,0.136,183.2
1297,0.442567,,0.504000,0.445333,,,0.134,183.3
1298,0.446083,,0.504000,0.446083,,,0.131,183.5
1299,0.444200,,0.504000,0.446083,,,0.132,183.6
1300,0.444600,0.5215000510215759,0.521500,0.446083,0.05735892057418823,0.7467161417007446,0.257,183.8
1301,0.446000,,0.521500,0.446083,,,0.129,184.0
1302,0.443217,,0.521500,0.446083,,,0.136,184.1
1303,0.446083,,0.521500,0.446083,,,0.201,184.3
1304,0.444867,,0.521500,0.446083,,,0.135,184.4
1305,0.443967,,0.521500,0.446083,,,0.135,184.6
1306,0.444867,,0.521500,0.446083,,,0.132,184.7
1307,0.446967,,0.521500,0.446967,,,0.137,184.8
1308,0.443000,,0.521500,0.446967,,,0.132,185.0
1309,0.444417,,0.521500,0.446967,,,0.134,185.1
1310,0.443800,,0.521500,0.446967,,,0.131,185.2
1311,0.443183,,0.521500,0.446967,,,0.132,185.4
1312,0.445500,,0.521500,0.446967,,,0.134,185.5
1313,0.443883,,0.521500,0.446967,,,0.144,185.7
1314,0.441517,,0.521500,0.446967,,,0.132,185.8
1315,0.446967,,0.521500,0.446967,,,0.130,185.9
1316,0.444400,,0.521500,0.446967,,,0.132,186.1
1317,0.445300,,0.521500,0.446967,,,0.131,186.2
1318,0.444733,,0.521500,0.446967,,,0.163,186.3
1319,0.445750,,0.521500,0.446967,,,0.132,186.5
1320,0.445200,,0.521500,0.446967,,,0.129,186.6
1321,0.444617,,0.521500,0.446967,,,0.132,186.7
1322,0.443933,,0.521500,0.446967,,,0.133,186.9
1323,0.442583,,0.521500,0.446967,,,0.134,187.0
1324,0.445867,,0.521500,0.446967,,,0.132,187.1
1325,0.448633,,0.521500,0.448633,,,0.132,187.3
1326,0.447617,,0.521500,0.448633,,,0.134,187.4
1327,0.446750,,0.521500,0.448633,,,0.131,187.5
1328,0.445250,,0.521500,0.448633,,,0.130,187.7
1329,0.445983,,0.521500,0.448633,,,0.132,187.8
1330,0.447633,,0.521500,0.448633,,,0.131,187.9
1331,0.447833,,0.521500,0.448633,,,0.131,188.1
1332,0.447583,,0.521500,0.448633,,,0.133,188.2
1333,0.449383,,0.521500,0.449383,,,0.134,188.3
1334,0.446683,,0.521500,0.449383,,,0.200,188.5
1335,0.447583,,0.521500,0.449383,,,0.132,188.7
1336,0.447267,,0.521500,0.449383,,,0.134,188.8
1337,0.448067,,0.521500,0.449383,,,0.131,188.9
1338,0.446583,,0.521500,0.449383,,,0.134,189.1
1339,0.444067,,0.521500,0.449383,,,0.135,189.2
1340,0.445567,,0.521500,0.449383,,,0.133,189.3
1341,0.447650,,0.521500,0.449383,,,0.131,189.5
1342,0.445983,,0.521500,0.449383,,,0.131,189.6
1343,0.446117,,0.521500,0.449383,,,0.134,189.7
1344,0.446133,,0.521500,0.449383,,,0.130,189.9
1345,0.444417,,0.521500,0.449383,,,0.131,190.0
1346,0.446183,,0.521500,0.449383,,,0.134,190.1
1347,0.444333,,0.521500,0.449383,,,0.133,190.2
1348,0.442917,,0.521500,0.449383,,,0.133,190.4
1349,0.444550,,0.521500,0.449383,,,0.137,190.5
1350,0.444950,,0.521500,0.449383,,,0.135,190.7
1351,0.447433,,0.521500,0.449383,,,0.131,190.8
1352,0.444917,,0.521500,0.449383,,,0.130,190.9
1353,0.445867,,0.521500,0.449383,,,0.133,191.0
1354,0.447083,,0.521500,0.449383,,,0.131,191.2
1355,0.447433,,0.521500,0.449383,,,0.130,191.3
1356,0.446050,,0.521500,0.449383,,,0.131,191.4
1357,0.447000,,0.521500,0.449383,,,0.132,191.6
1358,0.447333,,0.521500,0.449383,,,0.134,191.7
1359,0.450317,,0.521500,0.450317,,,0.131,191.8
1360,0.451483,,0.521500,0.451483,,,0.132,192.0
1361,0.450800,,0.521500,0.451483,,,0.130,192.1
1362,0.449050,,0.521500,0.451483,,,0.129,192.2
1363,0.447267,,0.521500,0.451483,,,0.133,192.4
1364,0.446733,,0.521500,0.451483,,,0.132,192.5
1365,0.449917,,0.521500,0.451483,,,0.201,192.7
1366,0.450783,,0.521500,0.451483,,,0.131,192.8
1367,0.451917,,0.521500,0.451917,,,0.132,193.0
1368,0.447533,,0.521500,0.451917,,,0.132,193.1
1369,0.450450,,0.521500,0.451917,,,0.130,193.2
1370,0.451817,,0.521500,0.451917,,,0.131,193.4
1371,0.452100,,0.521500,0.452100,,,0.133,193.5
1372,0.451633,,0.521500,0.452100,,,0.131,193.6
1373,0.450850,,0.521500,0.452100,,,0.136,193.8
1374,0.451800,,0.521500,0.452100,,,0.132,193.9
1375,0.448383,,0.521500,0.452100,,,0.131,194.0
1376,0.451483,,0.521500,0.452100,,,0.130,194.1
1377,0.448367,,0.521500,0.452100,,,0.131,194.3
1378,0.452000,,0.521500,0.452100,,,0.130,194.4
1379,0.447083,,0.521500,0.452100,,,0.131,194.5
1380,0.447383,,0.521500,0.452100,,,0.130,194.7
1381,0.450233,,0.521500,0.452100,,,0.200,194.9
1382,0.447067,,0.521500,0.452100,,,0.132,195.0
1383,0.448567,,0.521500,0.452100,,,0.133,195.1
1384,0.448167,,0.521500,0.452100,,,0.131,195.3
1385,0.449717,,0.521500,0.452100,,,0.133,195.4
1386,0.447533,,0.521500,0.452100,,,0.135,195.5
1387,0.451833,,0.521500,0.452100,,,0.134,195.7
1388,0.450450,,0.521500,0.452100,,,0.137,195.8
1389,0.450217,,0.521500,0.452100,,,0.133,195.9
1390,0.447517,,0.521500,0.452100,,,0.132,196.1
1391,0.450400,,0.521500,0.452100,,,0.134,196.2
1392,0.448950,,0.521500,0.452100,,,0.134,196.3
1393,0.447200,,0.521500,0.452100,,,0.132,196.5
1394,0.451967,,0.521500,0.452100,,,0.131,196.6
1395,0.450600,,0.521500,0.452100,,,0.135,196.7
1396,0.448983,,0.521500,0.452100,,,0.145,196.9
1397,0.451483,,0.521500,0.452100,,,0.134,197.0
1398,0.450617,,0.521500,0.452100,,,0.133,197.1
1399,0.452467,,0.521500,0.452467,,,0.133,197.3
1400,0.450217,0.515500009059906,0.521500,0.452467,0.051212795078754425,0.778388500213623,0.244,197.5
1401,0.449900,,0.521500,0.452467,,,0.129,197.6
1402,0.452433,,0.521500,0.452467,,,0.133,197.8
1403,0.448750,,0.521500,0.452467,,,0.132,197.9
1404,0.450200,,0.521500,0.452467,,,0.128,198.0
1405,0.450183,,0.521500,0.452467,,,0.133,198.2
1406,0.449967,,0.521500,0.452467,,,0.132,198.3
1407,0.447983,,0.521500,0.452467,,,0.131,198.4
1408,0.449067,,0.521500,0.452467,,,0.132,198.6
1409,0.447917,,0.521500,0.452467,,,0.134,198.7
1410,0.446883,,0.521500,0.452467,,,0.133,198.8
1411,0.447800,,0.521500,0.452467,,,0.201,199.0
1412,0.446300,,0.521500,0.452467,,,0.134,199.2
1413,0.447300,,0.521500,0.452467,,,0.133,199.3
1414,0.448000,,0.521500,0.452467,,,0.136,199.4
1415,0.448583,,0.521500,0.452467,,,0.134,199.6
1416,0.449233,,0.521500,0.452467,,,0.132,199.7
1417,0.448000,,0.521500,0.452467,,,0.133,199.8
1418,0.448600,,0.521500,0.452467,,,0.132,200.0
1419,0.448017,,0.521500,0.452467,,,0.132,200.1
1420,0.448767,,0.521500,0.452467,,,0.132,200.2
1421,0.444700,,0.521500,0.452467,,,0.133,200.4
1422,0.448883,,0.521500,0.452467,,,0.134,200.5
1423,0.449100,,0.521500,0.452467,,,0.131,200.6
1424,0.448933,,0.521500,0.452467,,,0.136,200.8
1425,0.449217,,0.521500,0.452467,,,0.134,200.9
1426,0.448500,,0.521500,0.452467,,,0.134,201.0
1427,0.448350,,0.521500,0.452467,,,0.135,201.2
1428,0.447450,,0.521500,0.452467,,,0.134,201.3
1429,0.451033,,0.521500,0.452467,,,0.131,201.4
1430,0.451883,,0.521500,0.452467,,,0.139,201.6
1431,0.449983,,0.521500,0.452467,,,0.134,201.7
1432,0.449800,,0.521500,0.452467,,,0.130,201.8
1433,0.450683,,0.521500,0.452467,,,0.134,202.0
1434,0.449367,,0.521500,0.452467,,,0.132,202.1
1435,0.450517,,0.521500,0.452467,,,0.131,202.2
1436,0.450433,,0.521500,0.452467,,,0.134,202.4
1437,0.449483,,0.521500,0.452467,,,0.133,202.5
1438,0.452317,,0.521500,0.452467,,,0.131,202.6
1439,0.452567,,0.521500,0.452567,,,0.131,202.8
1440,0.449900,,0.521500,0.452567,,,0.132,202.9
1441,0.453783,,0.521500,0.453783,,,0.166,203.1
1442,0.452650,,0.521500,0.453783,,,0.132,203.2
1443,0.454183,,0.521500,0.454183,,,0.132,203.3
1444,0.450833,,0.521500,0.454183,,,0.133,203.5
1445,0.454983,,0.521500,0.454983,,,0.131,203.6
1446,0.453733,,0.521500,0.454983,,,0.135,203.7
1447,0.454767,,0.521500,0.454983,,,0.137,203.9
1448,0.451883,,0.521500,0.454983,,,0.131,204.0
1449,0.452850,,0.521500,0.454983,,,0.134,204.1
1450,0.451950,,0.521500,0.454983,,,0.133,204.3
1451,0.452500,,0.521500,0.454983,,,0.134,204.4
1452,0.451933,,0.521500,0.454983,,,0.132,204.5
1453,0.453183,,0.521500,0.454983,,,0.133,204.7
1454,0.449333,,0.521500,0.454983,,,0.135,204.8
1455,0.450117,,0.521500,0.454983,,,0.133,204.9
1456,0.454633,,0.521500,0.454983,,,0.141,205.1
1457,0.451883,,0.521500,0.454983,,,0.132,205.2
1458,0.450617,,0.521500,0.454983,,,0.132,205.3
1459,0.453333,,0.521500,0.454983,,,0.132,205.5
1460,0.453133,,0.521500,0.454983,,,0.133,205.6
1461,0.450550,,0.521500,0.454983,,,0.136,205.7
1462,0.449150,,0.521500,0.454983,,,0.134,205.9
1463,0.451417,,0.521500,0.454983,,,0.131,206.0
1464,0.452517,,0.521500,0.454983,,,0.134,206.1
1465,0.449233,,0.521500,0.454983,,,0.132,206.3
1466,0.453367,,0.521500,0.454983,,,0.132,206.4
1467,0.451450,,0.521500,0.454983,,,0.132,206.5
1468,0.450233,,0.521500,0.454983,,,0.131,206.7
1469,0.452067,,0.521500,0.454983,,,0.131,206.8
1470,0.451933,,0.521500,0.454983,,,0.131,206.9
1471,0.450667,,0.521500,0.454983,,,0.133,207.1
1472,0.451933,,0.521500,0.454983,,,0.200,207.3
1473,0.452300,,0.521500,0.454983,,,0.132,207.4
1474,0.449867,,0.521500,0.454983,,,0.135,207.5
1475,0.450517,,0.521500,0.454983,,,0.132,207.7
1476,0.451800,,0.521500,0.454983,,,0.131,207.8
1477,0.454367,,0.521500,0.454983,,,0.132,207.9
1478,0.452517,,0.521500,0.454983,,,0.132,208.1
1479,0.452783,,0.521500,0.454983,,,0.131,208.2
1480,0.452967,,0.521500,0.454983,,,0.135,208.3
1481,0.453150,,0.521500,0.454983,,,0.132,208.4
1482,0.456250,,0.521500,0.456250,,,0.133,208.6
1483,0.453633,,0.521500,0.456250,,,0.132,208.7
1484,0.451983,,0.521500,0.456250,,,0.132,208.8
1485,0.452117,,0.521500,0.456250,,,0.131,209.0
1486,0.453083,,0.521500,0.456250,,,0.132,209.1
1487,0.453250,,0.521500,0.456250,,,0.133,209.2
1488,0.453300,,0.521500,0.456250,,,0.132,209.4
1489,0.453717,,0.521500,0.456250,,,0.134,209.5
1490,0.457150,,0.521500,0.457150,,,0.131,209.6
1491,0.454200,,0.521500,0.457150,,,0.131,209.8
1492,0.454050,,0.521500,0.457150,,,0.131,209.9
1493,0.456333,,0.521500,0.457150,,,0.131,210.0
1494,0.455017,,0.521500,0.457150,,,0.131,210.2
1495,0.455350,,0.521500,0.457150,,,0.133,210.3
1496,0.454367,,0.521500,0.457150,,,0.133,210.4
1497,0.455083,,0.521500,0.457150,,,0.136,210.6
1498,0.454900,,0.521500,0.457150,,,0.130,210.7
1499,0.453483,,0.521500,0.457150,,,0.135,210.8
1500,0.454133,0.527999997138977,0.528000,0.457150,0.048352357000112534,0.7959595918655396,0.243,211.1
1501,0.452483,,0.528000,0.457150,,,0.129,211.2
1502,0.454200,,0.528000,0.457150,,,0.203,211.4
1503,0.454217,,0.528000,0.457150,,,0.131,211.5
1504,0.456467,,0.528000,0.457150,,,0.140,211.7
1505,0.453350,,0.528000,0.457150,,,0.134,211.8
1506,0.455767,,0.528000,0.457150,,,0.132,211.9
1507,0.454850,,0.528000,0.457150,,,0.132,212.1
1508,0.453167,,0.528000,0.457150,,,0.130,212.2
1509,0.454833,,0.528000,0.457150,,,0.133,212.3
1510,0.456550,,0.528000,0.457150,,,0.131,212.5
1511,0.454583,,0.528000,0.457150,,,0.132,212.6
1512,0.454400,,0.528000,0.457150,,,0.132,212.7
1513,0.457967,,0.528000,0.457967,,,0.131,212.9
1514,0.455583,,0.528000,0.457967,,,0.133,213.0
1515,0.457683,,0.528000,0.457967,,,0.132,213.1
1516,0.457117,,0.528000,0.457967,,,0.189,213.3
1517,0.457617,,0.528000,0.457967,,,0.133,213.4
1518,0.456933,,0.528000,0.457967,,,0.135,213.6
1519,0.455983,,0.528000,0.457967,,,0.132,213.7
1520,0.457367,,0.528000,0.457967,,,0.133,213.8
1521,0.458567,,0.528000,0.458567,,,0.133,214.0
1522,0.456367,,0.528000,0.458567,,,0.132,214.1
1523,0.456783,,0.528000,0.458567,,,0.131,214.2
1524,0.458150,,0.528000,0.458567,,,0.183,214.4
1525,0.455450,,0.528000,0.458567,,,0.133,214.6
1526,0.459100,,0.528000,0.459100,,,0.135,214.7
1527,0.459400,,0.528000,0.459400,,,0.131,214.8
1528,0.458867,,0.528000,0.459400,,,0.132,215.0
1529,0.461750,,0.528000,0.461750,,,0.131,215.1
1530,0.460217,,0.528000,0.461750,,,0.132,215.2
1531,0.460550,,0.528000,0.461750,,,0.207,215.4
1532,0.458183,,0.528000,0.461750,,,0.136,215.6
1533,0.460850,,0.528000,0.461750,,,0.132,215.7
1534,0.459950,,0.528000,0.461750,,,0.132,215.8
1535,0.459950,,0.528000,0.461750,,,0.134,216.0
1536,0.458317,,0.528000,0.461750,,,0.129,216.1
1537,0.460767,,0.528000,0.461750,,,0.133,216.2
1538,0.458883,,0.528000,0.461750,,,0.131,216.4
1539,0.456317,,0.528000,0.461750,,,0.132,216.5
1540,0.458267,,0.528000,0.461750,,,0.132,216.6
1541,0.456333,,0.528000,0.461750,,,0.130,216.7
1542,0.458400,,0.528000,0.461750,,,0.133,216.9
1543,0.456283,,0.528000,0.461750,,,0.134,217.0
1544,0.461083,,0.528000,0.461750,,,0.134,217.1
1545,0.458800,,0.528000,0.461750,,,0.131,217.3
1546,0.459567,,0.528000,0.461750,,,0.133,217.4
1547,0.460200,,0.528000,0.461750,,,0.133,217.5
1548,0.459633,,0.528000,0.461750,,,0.131,217.7
1549,0.456750,,0.528000,0.461750,,,0.130,217.8
1550,0.458150,,0.528000,0.461750,,,0.134,217.9
1551,0.459533,,0.528000,0.461750,,,0.131,218.1
1552,0.457583,,0.528000,0.461750,,,0.131,218.2
1553,0.456783,,0.528000,0.461750,,,0.131,218.3
1554,0.458767,,0.528000,0.461750,,,0.133,218.5
1555,0.457733,,0.528000,0.461750,,,0.130,218.6
1556,0.456617,,0.528000,0.461750,,,0.138,218.7
1557,0.457683,,0.528000,0.461750,,,0.133,218.9
1558,0.457383,,0.528000,0.461750,,,0.132,219.0
1559,0.459033,,0.528000,0.461750,,,0.132,219.1
1560,0.458650,,0.528000,0.461750,,,0.134,219.3
1561,0.459967,,0.528000,0.461750,,,0.145,219.4
1562,0.457150,,0.528000,0.461750,,,0.133,219.5
1563,0.455700,,0.528000,0.461750,,,0.131,219.7
1564,0.458633,,0.528000,0.461750,,,0.129,219.8
1565,0.457017,,0.528000,0.461750,,,0.133,219.9
1566,0.454150,,0.528000,0.461750,,,0.131,220.1
1567,0.454833,,0.528000,0.461750,,,0.133,220.2
1568,0.453517,,0.528000,0.461750,,,0.132,220.3
1569,0.452933,,0.528000,0.461750,,,0.132,220.5
1570,0.455900,,0.528000,0.461750,,,0.132,220.6
1571,0.453867,,0.528000,0.461750,,,0.132,220.7
1572,0.454550,,0.528000,0.461750,,,0.132,220.9
1573,0.456783,,0.528000,0.461750,,,0.132,221.0
1574,0.455233,,0.528000,0.461750,,,0.131,221.1
1575,0.455983,,0.528000,0.461750,,,0.132,221.3
1576,0.455000,,0.528000,0.461750,,,0.134,221.4
1577,0.457783,,0.528000,0.461750,,,0.135,221.5
1578,0.456517,,0.528000,0.461750,,,0.131,221.7
1579,0.456900,,0.528000,0.461750,,,0.130,221.8
1580,0.459300,,0.528000,0.461750,,,0.135,221.9
1581,0.459833,,0.528000,0.461750,,,0.132,222.1
1582,0.456867,,0.528000,0.461750,,,0.132,222.2
1583,0.457367,,0.528000,0.461750,,,0.131,222.3
1584,0.459000,,0.528000,0.461750,,,0.131,222.4
1585,0.457750,,0.528000,0.461750,,,0.131,222.6
1586,0.457817,,0.528000,0.461750,,,0.130,222.7
1587,0.458217,,0.528000,0.461750,,,0.132,222.8
1588,0.459567,,0.528000,0.461750,,,0.131,223.0
1589,0.457383,,0.528000,0.461750,,,0.132,223.1
1590,0.457767,,0.528000,0.461750,,,0.133,223.2
1591,0.459083,,0.528000,0.461750,,,0.132,223.4
1592,0.460617,,0.528000,0.461750,,,0.131,223.5
1593,0.459250,,0.528000,0.461750,,,0.133,223.6
1594,0.458433,,0.528000,0.461750,,,0.130,223.8
1595,0.459517,,0.528000,0.461750,,,0.133,223.9
1596,0.457467,,0.528000,0.461750,,,0.134,224.0
1597,0.460583,,0.528000,0.461750,,,0.133,224.2
1598,0.460167,,0.528000,0.461750,,,0.131,224.3
1599,0.458450,,0.528000,0.461750,,,0.132,224.4
1600,0.460000,0.5295000076293945,0.529500,0.461750,0.04696718975901604,0.8022643327713013,0.246,224.7
1601,0.457750,,0.529500,0.461750,,,0.128,224.8
1602,0.460333,,0.529500,0.461750,,,0.130,224.9
1603,0.457817,,0.529500,0.461750,,,0.131,225.1
1604,0.461400,,0.529500,0.461750,,,0.129,225.2
1605,0.459283,,0.529500,0.461750,,,0.133,225.3
1606,0.462067,,0.529500,0.462067,,,0.198,225.5
1607,0.459000,,0.529500,0.462067,,,0.132,225.7
1608,0.459150,,0.529500,0.462067,,,0.131,225.8
1609,0.459167,,0.529500,0.462067,,,0.133,225.9
1610,0.461267,,0.529500,0.462067,,,0.132,226.0
1611,0.457683,,0.529500,0.462067,,,0.135,226.2
1612,0.461017,,0.529500,0.462067,,,0.135,226.3
1613,0.459933,,0.529500,0.462067,,,0.134,226.5
1614,0.459783,,0.529500,0.462067,,,0.132,226.6
1615,0.459067,,0.529500,0.462067,,,0.130,226.7
1616,0.459433,,0.529500,0.462067,,,0.130,226.8
1617,0.461817,,0.529500,0.462067,,,0.132,227.0
1618,0.461617,,0.529500,0.462067,,,0.130,227.1
1619,0.460333,,0.529500,0.462067,,,0.131,227.2
1620,0.458367,,0.529500,0.462067,,,0.134,227.4
1621,0.461767,,0.529500,0.462067,,,0.132,227.5
1622,0.461700,,0.529500,0.462067,,,0.200,227.7
1623,0.460850,,0.529500,0.462067,,,0.132,227.8
1624,0.459700,,0.529500,0.462067,,,0.134,228.0
1625,0.460600,,0.529500,0.462067,,,0.135,228.1
1626,0.463767,,0.529500,0.463767,,,0.132,228.2
1627,0.462850,,0.529500,0.463767,,,0.133,228.4
1628,0.462267,,0.529500,0.463767,,,0.131,228.5
1629,0.463283,,0.529500,0.463767,,,0.131,228.6
1630,0.463683,,0.529500,0.463767,,,0.132,228.8
1631,0.459267,,0.529500,0.463767,,,0.132,228.9
1632,0.461517,,0.529500,0.463767,,,0.132,229.0
1633,0.462933,,0.529500,0.463767,,,0.133,229.2
1634,0.461500,,0.529500,0.463767,,,0.137,229.3
1635,0.459633,,0.529500,0.463767,,,0.133,229.4
1636,0.458117,,0.529500,0.463767,,,0.133,229.6
1637,0.462000,,0.529500,0.463767,,,0.131,229.7
1638,0.457967,,0.529500,0.463767,,,0.131,229.8
1639,0.460583,,0.529500,0.463767,,,0.134,230.0
1640,0.464250,,0.529500,0.464250,,,0.130,230.1
1641,0.460833,,0.529500,0.464250,,,0.133,230.2
1642,0.460250,,0.529500,0.464250,,,0.134,230.4
1643,0.462417,,0.529500,0.464250,,,0.134,230.5
1644,0.462317,,0.529500,0.464250,,,0.133,230.6
1645,0.464617,,0.529500,0.464617,,,0.131,230.8
1646,0.462667,,0.529500,0.464617,,,0.133,230.9
1647,0.461967,,0.529500,0.464617,,,0.130,231.0
1648,0.463100,,0.529500,0.464617,,,0.135,231.2
1649,0.464133,,0.529500,0.464617,,,0.132,231.3
1650,0.462383,,0.529500,0.464617,,,0.133,231.4
1651,0.462950,,0.529500,0.464617,,,0.134,231.6
1652,0.462933,,0.529500,0.464617,,,0.158,231.7
1653,0.461733,,0.529500,0.464617,,,0.133,231.8
1654,0.461350,,0.529500,0.464617,,,0.133,232.0
1655,0.463583,,0.529500,0.464617,,,0.132,232.1
1656,0.460700,,0.529500,0.464617,,,0.131,232.2
1657,0.462283,,0.529500,0.464617,,,0.132,232.4
1658,0.462333,,0.529500,0.464617,,,0.131,232.5
1659,0.463233,,0.529500,0.464617,,,0.136,232.6
1660,0.462050,,0.529500,0.464617,,,0.137,232.8
1661,0.466667,,0.529500,0.466667,,,0.141,232.9
1662,0.463583,,0.529500,0.466667,,,0.133,233.0
1663,0.464983,,0.529500,0.466667,,,0.132,233.2
1664,0.462267,,0.529500,0.466667,,,0.134,233.3
1665,0.465050,,0.529500,0.466667,,,0.135,233.5
1666,0.464400,,0.529500,0.466667,,,0.132,233.6
1667,0.463200,,0.529500,0.466667,,,0.133,233.7
1668,0.460833,,0.529500,0.466667,,,0.131,233.8
1669,0.464500,,0.529500,0.466667,,,0.135,234.0
1670,0.465400,,0.529500,0.466667,,,0.131,234.1
1671,0.463533,,0.529500,0.466667,,,0.134,234.2
1672,0.463117,,0.529500,0.466667,,,0.134,234.4
1673,0.462250,,0.529500,0.466667,,,0.131,234.5
1674,0.465267,,0.529500,0.466667,,,0.132,234.6
1675,0.462800,,0.529500,0.466667,,,0.130,234.8
1676,0.466217,,0.529500,0.466667,,,0.132,234.9
1677,0.462217,,0.529500,0.466667,,,0.133,235.0
1678,0.467333,,0.529500,0.467333,,,0.133,235.2
1679,0.464967,,0.529500,0.467333,,,0.133,235.3
1680,0.465167,,0.529500,0.467333,,,0.131,235.4
1681,0.465667,,0.529500,0.467333,,,0.131,235.6
1682,0.464900,,0.529500,0.467333,,,0.132,235.7
1683,0.465500,,0.529500,0.467333,,,0.133,235.8
1684,0.464050,,0.529500,0.467333,,,0.131,236.0
1685,0.466233,,0.529500,0.467333,,,0.129,236.1
1686,0.463950,,0.529500,0.467333,,,0.133,236.2
1687,0.463783,,0.529500,0.467333,,,0.135,236.4
1688,0.464617,,0.529500,0.467333,,,0.132,236.5
1689,0.464950,,0.529500,0.467333,,,0.134,236.6
1690,0.465350,,0.529500,0.467333,,,0.134,236.8
1691,0.465350,,0.529500,0.467333,,,0.132,236.9
1692,0.468000,,0.529500,0.468000,,,0.131,237.0
1693,0.465233,,0.529500,0.468000,,,0.132,237.2
1694,0.464483,,0.529500,0.468000,,,0.131,237.3
1695,0.467083,,0.529500,0.468000,,,0.131,237.4
1696,0.467000,,0.529500,0.468000,,,0.134,237.6
1697,0.463617,,0.529500,0.468000,,,0.134,237.7
1698,0.464550,,0.529500,0.468000,,,0.133,237.8
1699,0.466333,,0.529500,0.468000,,,0.134,238.0
1700,0.467667,0.5315000414848328,0.531500,0.468000,0.042001206427812576,0.829986572265625,0.242,238.2
1701,0.466233,,0.531500,0.468000,,,0.130,238.3
1702,0.465717,,0.531500,0.468000,,,0.127,238.5
1703,0.468317,,0.531500,0.468317,,,0.132,238.6
1704,0.468550,,0.531500,0.468550,,,0.133,238.7
1705,0.464467,,0.531500,0.468550,,,0.133,238.8
1706,0.467067,,0.531500,0.468550,,,0.131,239.0
1707,0.463100,,0.531500,0.468550,,,0.132,239.1
1708,0.468550,,0.531500,0.468550,,,0.132,239.2
1709,0.467617,,0.531500,0.468550,,,0.132,239.4
1710,0.465983,,0.531500,0.468550,,,0.132,239.5
1711,0.465750,,0.531500,0.468550,,,0.131,239.6
1712,0.469700,,0.531500,0.469700,,,0.201,239.8
1713,0.463717,,0.531500,0.469700,,,0.135,240.0
1714,0.467100,,0.531500,0.469700,,,0.133,240.1
1715,0.465733,,0.531500,0.469700,,,0.133,240.2
1716,0.464433,,0.531500,0.469700,,,0.131,240.4
1717,0.465983,,0.531500,0.469700,,,0.132,240.5
1718,0.467750,,0.531500,0.469700,,,0.135,240.6
1719,0.466133,,0.531500,0.469700,,,0.134,240.8
1720,0.467633,,0.531500,0.469700,,,0.131,240.9
1721,0.470783,,0.531500,0.470783,,,0.133,241.0
1722,0.465650,,0.531500,0.470783,,,0.133,241.2
1723,0.466850,,0.531500,0.470783,,,0.132,241.3
1724,0.465583,,0.531500,0.470783,,,0.132,241.4
1725,0.465517,,0.531500,0.470783,,,0.132,241.6
1726,0.464750,,0.531500,0.470783,,,0.133,241.7
1727,0.466250,,0.531500,0.470783,,,0.149,241.8
1728,0.466467,,0.531500,0.470783,,,0.132,242.0
1729,0.467367,,0.531500,0.470783,,,0.132,242.1
1730,0.463933,,0.531500,0.470783,,,0.133,242.2
1731,0.465283,,0.531500,0.470783,,,0.133,242.4
1732,0.466750,,0.531500,0.470783,,,0.133,242.5
1733,0.465150,,0.531500,0.470783,,,0.132,242.6
1734,0.465583,,0.531500,0.470783,,,0.134,242.8
1735,0.465717,,0.531500,0.470783,,,0.134,242.9
1736,0.466383,,0.531500,0.470783,,,0.135,243.0
1737,0.464533,,0.531500,0.470783,,,0.134,243.2
1738,0.466800,,0.531500,0.470783,,,0.132,243.3
1739,0.466417,,0.531500,0.470783,,,0.133,243.4
1740,0.466667,,0.531500,0.470783,,,0.133,243.6
1741,0.466400,,0.531500,0.470783,,,0.133,243.7
1742,0.468550,,0.531500,0.470783,,,0.214,243.9
1743,0.465950,,0.531500,0.470783,,,0.133,244.1
1744,0.466517,,0.531500,0.470783,,,0.131,244.2
1745,0.466733,,0.531500,0.470783,,,0.133,244.3
1746,0.465883,,0.531500,0.470783,,,0.132,244.5
1747,0.466583,,0.531500,0.470783,,,0.131,244.6
1748,0.463583,,0.531500,0.470783,,,0.132,244.7
1749,0.465783,,0.531500,0.470783,,,0.132,244.8
1750,0.467050,,0.531500,0.470783,,,0.135,245.0
1751,0.465833,,0.531500,0.470783,,,0.133,245.1
1752,0.465633,,0.531500,0.470783,,,0.134,245.2
1753,0.465000,,0.531500,0.470783,,,0.131,245.4
1754,0.467500,,0.531500,0.470783,,,0.135,245.5
1755,0.466650,,0.531500,0.470783,,,0.130,245.6
1756,0.467900,,0.531500,0.470783,,,0.133,245.8
1757,0.470717,,0.531500,0.470783,,,0.133,245.9
1758,0.467317,,0.531500,0.470783,,,0.135,246.0
1759,0.467317,,0.531500,0.470783,,,0.132,246.2
1760,0.465850,,0.531500,0.470783,,,0.131,246.3
1761,0.467100,,0.531500,0.470783,,,0.134,246.4
1762,0.466417,,0.531500,0.470783,,,0.131,246.6
1763,0.467533,,0.531500,0.470783,,,0.137,246.7
1764,0.469100,,0.531500,0.470783,,,0.133,246.8
1765,0.467117,,0.531500,0.470783,,,0.132,247.0
1766,0.470217,,0.531500,0.470783,,,0.133,247.1
1767,0.470033,,0.531500,0.470783,,,0.133,247.2
1768,0.466700,,0.531500,0.470783,,,0.131,247.4
1769,0.468483,,0.531500,0.470783,,,0.134,247.5
1770,0.470133,,0.531500,0.470783,,,0.135,247.6
1771,0.465550,,0.531500,0.470783,,,0.132,247.8
1772,0.465750,,0.531500,0.470783,,,0.176,248.0
1773,0.465500,,0.531500,0.470783,,,0.134,248.1
1774,0.467283,,0.531500,0.470783,,,0.133,248.2
1775,0.465233,,0.531500,0.470783,,,0.131,248.3
1776,0.467067,,0.531500,0.470783,,,0.135,248.5
1777,0.465350,,0.531500,0.470783,,,0.134,248.6
1778,0.468417,,0.531500,0.470783,,,0.132,248.7
1779,0.467167,,0.531500,0.470783,,,0.131,248.9
1780,0.464733,,0.531500,0.470783,,,0.140,249.0
1781,0.468533,,0.531500,0.470783,,,0.131,249.2
1782,0.465833,,0.531500,0.470783,,,0.133,249.3
1783,0.467533,,0.531500,0.470783,,,0.134,249.4
1784,0.466583,,0.531500,0.470783,,,0.134,249.6
1785,0.468150,,0.531500,0.470783,,,0.135,249.7
1786,0.465467,,0.531500,0.470783,,,0.135,249.8
1787,0.471183,,0.531500,0.471183,,,0.180,250.0
1788,0.468267,,0.531500,0.471183,,,0.132,250.1
1789,0.465417,,0.531500,0.471183,,,0.134,250.3
1790,0.469700,,0.531500,0.471183,,,0.133,250.4
1791,0.469500,,0.531500,0.471183,,,0.131,250.5
1792,0.468150,,0.531500,0.471183,,,0.133,250.7
1793,0.469100,,0.531500,0.471183,,,0.131,250.8
1794,0.467800,,0.531500,0.471183,,,0.131,250.9
1795,0.466400,,0.531500,0.471183,,,0.129,251.1
1796,0.466950,,0.531500,0.471183,,,0.131,251.2
1797,0.468833,,0.531500,0.471183,,,0.130,251.3
1798,0.468183,,0.531500,0.471183,,,0.132,251.4
1799,0.468917,,0.531500,0.471183,,,0.130,251.6
1800,0.470367,0.5290000438690186,0.531500,0.471183,0.039619676768779755,0.8440341949462891,0.242,251.8
1801,0.467950,,0.531500,0.471183,,,0.130,252.0
1802,0.470300,,0.531500,0.471183,,,0.198,252.1
1803,0.468833,,0.531500,0.471183,,,0.132,252.3
1804,0.470200,,0.531500,0.471183,,,0.131,252.4
1805,0.471317,,0.531500,0.471317,,,0.131,252.5
1806,0.468433,,0.531500,0.471317,,,0.132,252.7
1807,0.469167,,0.531500,0.471317,,,0.132,252.8
1808,0.471450,,0.531500,0.471450,,,0.132,252.9
1809,0.469683,,0.531500,0.471450,,,0.130,253.1
1810,0.470950,,0.531500,0.471450,,,0.132,253.2
1811,0.469017,,0.531500,0.471450,,,0.132,253.3
1812,0.470217,,0.531500,0.471450,,,0.133,253.5
1813,0.466967,,0.531500,0.471450,,,0.134,253.6
1814,0.470317,,0.531500,0.471450,,,0.133,253.7
1815,0.468083,,0.531500,0.471450,,,0.132,253.9
1816,0.470783,,0.531500,0.471450,,,0.132,254.0
1817,0.471083,,0.531500,0.471450,,,0.129,254.1
1818,0.469067,,0.531500,0.471450,,,0.199,254.3
1819,0.469900,,0.531500,0.471450,,,0.134,254.5
1820,0.470733,,0.531500,0.471450,,,0.131,254.6
1821,0.468533,,0.531500,0.471450,,,0.132,254.7
1822,0.469283,,0.531500,0.471450,,,0.130,254.9
1823,0.471717,,0.531500,0.471717,,,0.131,255.0
1824,0.470633,,0.531500,0.471717,,,0.133,255.1
1825,0.473100,,0.531500,0.473100,,,0.132,255.2
1826,0.471400,,0.531500,0.473100,,,0.132,255.4
1827,0.471383,,0.531500,0.473100,,,0.135,255.5
1828,0.469450,,0.531500,0.473100,,,0.129,255.6
1829,0.472450,,0.531500,0.473100,,,0.133,255.8
1830,0.471200,,0.531500,0.473100,,,0.130,255.9
1831,0.469017,,0.531500,0.473100,,,0.132,256.0
1832,0.471883,,0.531500,0.473100,,,0.133,256.2
1833,0.470717,,0.531500,0.473100,,,0.132,256.3
1834,0.470167,,0.531500,0.473100,,,0.132,256.4
1835,0.467467,,0.531500,0.473100,,,0.134,256.6
1836,0.470367,,0.531500,0.473100,,,0.132,256.7
1837,0.468983,,0.531500,0.473100,,,0.133,256.8
1838,0.469767,,0.531500,0.473100,,,0.135,257.0
1839,0.469450,,0.531500,0.473100,,,0.130,257.1
1840,0.471833,,0.531500,0.473100,,,0.133,257.2
1841,0.470417,,0.531500,0.473100,,,0.136,257.4
1842,0.471683,,0.531500,0.473100,,,0.135,257.5
1843,0.473167,,0.531500,0.473167,,,0.130,257.6
1844,0.471350,,0.531500,0.473167,,,0.134,257.8
1845,0.470200,,0.531500,0.473167,,,0.134,257.9
1846,0.472100,,0.531500,0.473167,,,0.134,258.0
1847,0.468267,,0.531500,0.473167,,,0.134,258.2
1848,0.469700,,0.531500,0.473167,,,0.176,258.3
1849,0.468667,,0.531500,0.473167,,,0.131,258.5
1850,0.470350,,0.531500,0.473167,,,0.131,258.6
1851,0.468983,,0.531500,0.473167,,,0.130,258.7
1852,0.470567,,0.531500,0.473167,,,0.133,258.9
1853,0.471917,,0.531500,0.473167,,,0.133,259.0
1854,0.471200,,0.531500,0.473167,,,0.135,259.1
1855,0.468650,,0.531500,0.473167,,,0.134,259.3
1856,0.471817,,0.531500,0.473167,,,0.131,259.4
1857,0.471600,,0.531500,0.473167,,,0.132,259.5
1858,0.470733,,0.531500,0.473167,,,0.132,259.7
1859,0.471217,,0.531500,0.473167,,,0.133,259.8
1860,0.471700,,0.531500,0.473167,,,0.131,259.9
1861,0.471950,,0.531500,0.473167,,,0.131,260.1
1862,0.472300,,0.531500,0.473167,,,0.131,260.2
1863,0.472333,,0.531500,0.473167,,,0.132,260.3
1864,0.473150,,0.531500,0.473167,,,0.133,260.5
1865,0.468917,,0.531500,0.473167,,,0.133,260.6
1866,0.472233,,0.531500,0.473167,,,0.132,260.7
1867,0.471383,,0.531500,0.473167,,,0.130,260.9
1868,0.470750,,0.531500,0.473167,,,0.134,261.0
1869,0.469800,,0.531500,0.473167,,,0.133,261.1
1870,0.473133,,0.531500,0.473167,,,0.131,261.2
1871,0.469567,,0.531500,0.473167,,,0.133,261.4
1872,0.471733,,0.531500,0.473167,,,0.131,261.5
1873,0.470817,,0.531500,0.473167,,,0.132,261.6
1874,0.469283,,0.531500,0.473167,,,0.132,261.8
1875,0.471583,,0.531500,0.473167,,,0.131,261.9
1876,0.472433,,0.531500,0.473167,,,0.136,262.0
1877,0.473433,,0.531500,0.473433,,,0.135,262.2
1878,0.471650,,0.531500,0.473433,,,0.133,262.3
1879,0.472583,,0.531500,0.473433,,,0.133,262.4
1880,0.473050,,0.531500,0.473433,,,0.135,262.6
1881,0.471217,,0.531500,0.473433,,,0.132,262.7
1882,0.470133,,0.531500,0.473433,,,0.131,262.8
1883,0.473800,,0.531500,0.473800,,,0.131,263.0
1884,0.469667,,0.531500,0.473800,,,0.132,263.1
1885,0.471217,,0.531500,0.473800,,,0.133,263.2
1886,0.473350,,0.531500,0.473800,,,0.133,263.4
1887,0.467633,,0.531500,0.473800,,,0.132,263.5
1888,0.471417,,0.531500,0.473800,,,0.132,263.6
1889,0.472250,,0.531500,0.473800,,,0.129,263.8
1890,0.470000,,0.531500,0.473800,,,0.132,263.9
1891,0.470567,,0.531500,0.473800,,,0.133,264.0
1892,0.471533,,0.531500,0.473800,,,0.137,264.2
1893,0.473317,,0.531500,0.473800,,,0.151,264.3
1894,0.470750,,0.531500,0.473800,,,0.134,264.5
1895,0.470367,,0.531500,0.473800,,,0.135,264.6
1896,0.473100,,0.531500,0.473800,,,0.135,264.7
1897,0.471033,,0.531500,0.473800,,,0.132,264.9
1898,0.473833,,0.531500,0.473833,,,0.133,265.0
1899,0.471833,,0.531500,0.473833,,,0.130,265.1
1900,0.470450,0.5320000052452087,0.532000,0.473833,0.03772487863898277,0.8538588881492615,0.249,265.4
1901,0.471900,,0.532000,0.473833,,,0.126,265.5
1902,0.472050,,0.532000,0.473833,,,0.135,265.6
1903,0.476217,,0.532000,0.476217,,,0.132,265.8
1904,0.469767,,0.532000,0.476217,,,0.133,265.9
1905,0.472400,,0.532000,0.476217,,,0.133,266.0
1906,0.471167,,0.532000,0.476217,,,0.131,266.2
1907,0.471333,,0.532000,0.476217,,,0.131,266.3
1908,0.471333,,0.532000,0.476217,,,0.198,266.5
1909,0.470517,,0.532000,0.476217,,,0.134,266.6
1910,0.469817,,0.532000,0.476217,,,0.132,266.7
1911,0.471500,,0.532000,0.476217,,,0.131,266.9
1912,0.467450,,0.532000,0.476217,,,0.131,267.0
1913,0.474350,,0.532000,0.476217,,,0.132,267.1
1914,0.469950,,0.532000,0.476217,,,0.131,267.3
1915,0.471150,,0.532000,0.476217,,,0.133,267.4
1916,0.470950,,0.532000,0.476217,,,0.137,267.5
1917,0.472067,,0.532000,0.476217,,,0.141,267.7
1918,0.470350,,0.532000,0.476217,,,0.133,267.8
1919,0.472833,,0.532000,0.476217,,,0.133,267.9
1920,0.470967,,0.532000,0.476217,,,0.133,268.1
1921,0.470800,,0.532000,0.476217,,,0.134,268.2
1922,0.470417,,0.532000,0.476217,,,0.130,268.3
1923,0.471717,,0.532000,0.476217,,,0.146,268.5
1924,0.471083,,0.532000,0.476217,,,0.133,268.6
1925,0.471867,,0.532000,0.476217,,,0.132,268.8
1926,0.468667,,0.532000,0.476217,,,0.133,268.9
1927,0.473367,,0.532000,0.476217,,,0.134,269.0
1928,0.472200,,0.532000,0.476217,,,0.137,269.2
1929,0.471100,,0.532000,0.476217,,,0.131,269.3
1930,0.470517,,0.532000,0.476217,,,0.134,269.4
1931,0.472067,,0.532000,0.476217,,,0.133,269.6
1932,0.472067,,0.532000,0.476217,,,0.133,269.7
1933,0.469733,,0.532000,0.476217,,,0.130,269.8
1934,0.471033,,0.532000,0.476217,,,0.130,270.0
1935,0.472033,,0.532000,0.476217,,,0.133,270.1
1936,0.473100,,0.532000,0.476217,,,0.133,270.2
1937,0.472600,,0.532000,0.476217,,,0.131,270.3
1938,0.474033,,0.532000,0.476217,,,0.133,270.5
1939,0.472133,,0.532000,0.476217,,,0.134,270.6
1940,0.470950,,0.532000,0.476217,,,0.132,270.7
1941,0.471917,,0.532000,0.476217,,,0.130,270.9
1942,0.470783,,0.532000,0.476217,,,0.132,271.0
1943,0.472333,,0.532000,0.476217,,,0.133,271.1
1944,0.471750,,0.532000,0.476217,,,0.134,271.3
1945,0.472267,,0.532000,0.476217,,,0.132,271.4
1946,0.471167,,0.532000,0.476217,,,0.131,271.5
1947,0.473217,,0.532000,0.476217,,,0.132,271.7
1948,0.473333,,0.532000,0.476217,,,0.130,271.8
1949,0.473383,,0.532000,0.476217,,,0.133,271.9
1950,0.473117,,0.532000,0.476217,,,0.135,272.1
1951,0.469783,,0.532000,0.476217,,,0.135,272.2
1952,0.474067,,0.532000,0.476217,,,0.134,272.3
1953,0.469800,,0.532000,0.476217,,,0.149,272.5
1954,0.473783,,0.532000,0.476217,,,0.133,272.6
1955,0.470600,,0.532000,0.476217,,,0.132,272.8
1956,0.471633,,0.532000,0.476217,,,0.133,272.9
1957,0.471200,,0.532000,0.476217,,,0.133,273.0
1958,0.474267,,0.532000,0.476217,,,0.133,273.2
1959,0.471833,,0.532000,0.476217,,,0.169,273.3
1960,0.472383,,0.532000,0.476217,,,0.133,273.5
1961,0.473733,,0.532000,0.476217,,,0.132,273.6
1962,0.469933,,0.532000,0.476217,,,0.133,273.7
1963,0.471767,,0.532000,0.476217,,,0.133,273.9
1964,0.473950,,0.532000,0.476217,,,0.135,274.0
1965,0.471717,,0.532000,0.476217,,,0.134,274.1
1966,0.469817,,0.532000,0.476217,,,0.132,274.3
1967,0.472117,,0.532000,0.476217,,,0.132,274.4
1968,0.471133,,0.532000,0.476217,,,0.202,274.6
1969,0.474100,,0.532000,0.476217,,,0.133,274.7
1970,0.473400,,0.532000,0.476217,,,0.133,274.9
1971,0.468933,,0.532000,0.476217,,,0.132,275.0
1972,0.470100,,0.532000,0.476217,,,0.130,275.1
1973,0.472450,,0.532000,0.476217,,,0.134,275.2
1974,0.472750,,0.532000,0.476217,,,0.132,275.4
1975,0.474200,,0.532000,0.476217,,,0.129,275.5
1976,0.470350,,0.532000,0.476217,,,0.136,275.6
1977,0.473050,,0.532000,0.476217,,,0.132,275.8
1978,0.470600,,0.532000,0.476217,,,0.131,275.9
1979,0.471483,,0.532000,0.476217,,,0.131,276.0
1980,0.469867,,0.532000,0.476217,,,0.135,276.2
1981,0.472250,,0.532000,0.476217,,,0.131,276.3
1982,0.473733,,0.532000,0.476217,,,0.131,276.4
1983,0.473117,,0.532000,0.476217,,,0.132,276.6
1984,0.470600,,0.532000,0.476217,,,0.132,276.7
1985,0.474533,,0.532000,0.476217,,,0.131,276.8
1986,0.471983,,0.532000,0.476217,,,0.133,277.0
1987,0.472867,,0.532000,0.476217,,,0.131,277.1
1988,0.473933,,0.532000,0.476217,,,0.133,277.2
1989,0.476150,,0.532000,0.476217,,,0.132,277.4
1990,0.473350,,0.532000,0.476217,,,0.132,277.5
1991,0.473467,,0.532000,0.476217,,,0.131,277.6
1992,0.472350,,0.532000,0.476217,,,0.132,277.8
1993,0.472433,,0.532000,0.476217,,,0.133,277.9
1994,0.473850,,0.532000,0.476217,,,0.132,278.0
1995,0.471350,,0.532000,0.476217,,,0.130,278.1
1996,0.472433,,0.532000,0.476217,,,0.132,278.3
1997,0.471983,,0.532000,0.476217,,,0.134,278.4
1998,0.472833,,0.532000,0.476217,,,0.132,278.5
1999,0.474767,,0.532000,0.476217,,,0.130,278.7
2000,0.473800,0.5320000052452087,0.532000,0.476217,0.03599182143807411,0.8644071817398071,0.246,278.9
2001,0.473167,,0.532000,0.476217,,,0.129,279.1
2002,0.473383,,0.532000,0.476217,,,0.132,279.2
2003,0.470750,,0.532000,0.476217,,,0.131,279.3
2004,0.472650,,0.532000,0.476217,,,0.132,279.4
2005,0.475400,,0.532000,0.476217,,,0.131,279.6
2006,0.472400,,0.532000,0.476217,,,0.133,279.7
2007,0.475017,,0.532000,0.476217,,,0.133,279.8
2008,0.474017,,0.532000,0.476217,,,0.136,280.0
2009,0.474933,,0.532000,0.476217,,,0.135,280.1
2010,0.476917,,0.532000,0.476917,,,0.131,280.2
2011,0.473483,,0.532000,0.476917,,,0.134,280.4
2012,0.473367,,0.532000,0.476917,,,0.132,280.5
2013,0.477350,,0.532000,0.477350,,,0.199,280.7
2014,0.472717,,0.532000,0.477350,,,0.133,280.8
2015,0.475317,,0.532000,0.477350,,,0.131,281.0
2016,0.474117,,0.532000,0.477350,,,0.132,281.1
2017,0.474633,,0.532000,0.477350,,,0.134,281.2
2018,0.473233,,0.532000,0.477350,,,0.131,281.4
2019,0.472133,,0.532000,0.477350,,,0.132,281.5
2020,0.473033,,0.532000,0.477350,,,0.134,281.6
2021,0.474233,,0.532000,0.477350,,,0.131,281.8
2022,0.471883,,0.532000,0.477350,,,0.132,281.9
2023,0.472050,,0.532000,0.477350,,,0.133,282.0
2024,0.473067,,0.532000,0.477350,,,0.132,282.2
2025,0.474183,,0.532000,0.477350,,,0.132,282.3
2026,0.473450,,0.532000,0.477350,,,0.131,282.4
2027,0.469917,,0.532000,0.477350,,,0.129,282.6
2028,0.470717,,0.532000,0.477350,,,0.132,282.7
2029,0.470850,,0.532000,0.477350,,,0.198,282.9
2030,0.471950,,0.532000,0.477350,,,0.132,283.0
2031,0.471817,,0.532000,0.477350,,,0.131,283.2
2032,0.473917,,0.532000,0.477350,,,0.132,283.3
2033,0.472967,,0.532000,0.477350,,,0.135,283.4
2034,0.474133,,0.532000,0.477350,,,0.132,283.5
2035,0.471900,,0.532000,0.477350,,,0.144,283.7
2036,0.474350,,0.532000,0.477350,,,0.132,283.8
2037,0.472933,,0.532000,0.477350,,,0.133,284.0
2038,0.474533,,0.532000,0.477350,,,0.131,284.1
2039,0.472783,,0.532000,0.477350,,,0.133,284.2
2040,0.474283,,0.532000,0.477350,,,0.134,284.4
2041,0.473200,,0.532000,0.477350,,,0.131,284.5
2042,0.473350,,0.532000,0.477350,,,0.132,284.6
2043,0.475217,,0.532000,0.477350,,,0.132,284.8
2044,0.475483,,0.532000,0.477350,,,0.148,284.9
2045,0.473550,,0.532000,0.477350,,,0.134,285.0
2046,0.472683,,0.532000,0.477350,,,0.133,285.2
2047,0.473300,,0.532000,0.477350,,,0.134,285.3
2048,0.474867,,0.532000,0.477350,,,0.132,285.4
2049,0.475117,,0.532000,0.477350,,,0.133,285.6
2050,0.476217,,0.532000,0.477350,,,0.132,285.7
2051,0.475100,,0.532000,0.477350,,,0.134,285.8
2052,0.471350,,0.532000,0.477350,,,0.132,286.0
2053,0.474417,,0.532000,0.477350,,,0.135,286.1
2054,0.476733,,0.532000,0.477350,,,0.133,286.2
2055,0.474983,,0.532000,0.477350,,,0.137,286.4
2056,0.472850,,0.532000,0.477350,,,0.138,286.5
2057,0.475567,,0.532000,0.477350,,,0.129,286.6
2058,0.477650,,0.532000,0.477650,,,0.136,286.8
2059,0.476733,,0.532000,0.477650,,,0.194,287.0
2060,0.477200,,0.532000,0.477650,,,0.136,287.1
2061,0.478583,,0.532000,0.478583,,,0.133,287.2
2062,0.478117,,0.532000,0.478583,,,0.136,287.4
2063,0.475583,,0.532000,0.478583,,,0.132,287.5
2064,0.479950,,0.532000,0.479950,,,0.134,287.6
2065,0.476917,,0.532000,0.479950,,,0.134,287.8
2066,0.478083,,0.532000,0.479950,,,0.133,287.9
2067,0.478300,,0.532000,0.479950,,,0.134,288.0
2068,0.475900,,0.532000,0.479950,,,0.136,288.2
2069,0.478050,,0.532000,0.479950,,,0.133,288.3
2070,0.476233,,0.532000,0.479950,,,0.131,288.4
2071,0.479017,,0.532000,0.479950,,,0.134,288.6
2072,0.477633,,0.532000,0.479950,,,0.133,288.7
2073,0.475750,,0.532000,0.479950,,,0.132,288.8
2074,0.476883,,0.532000,0.479950,,,0.168,289.0
2075,0.476367,,0.532000,0.479950,,,0.135,289.1
2076,0.477233,,0.532000,0.479950,,,0.135,289.3
2077,0.476633,,0.532000,0.479950,,,0.133,289.4
2078,0.474683,,0.532000,0.479950,,,0.132,289.5
2079,0.477867,,0.532000,0.479950,,,0.133,289.7
2080,0.476000,,0.532000,0.479950,,,0.133,289.8
2081,0.476750,,0.532000,0.479950,,,0.132,289.9
2082,0.476050,,0.532000,0.479950,,,0.134,290.1
2083,0.476900,,0.532000,0.479950,,,0.135,290.2
2084,0.474650,,0.532000,0.479950,,,0.134,290.3
2085,0.476933,,0.532000,0.479950,,,0.135,290.5
2086,0.477117,,0.532000,0.479950,,,0.135,290.6
2087,0.479667,,0.532000,0.479950,,,0.134,290.7
2088,0.478150,,0.532000,0.479950,,,0.134,290.9
2089,0.478200,,0.532000,0.479950,,,0.169,291.0
2090,0.478367,,0.532000,0.479950,,,0.137,291.2
2091,0.479467,,0.532000,0.479950,,,0.133,291.3
2092,0.476917,,0.532000,0.479950,,,0.133,291.4
2093,0.477000,,0.532000,0.479950,,,0.132,291.6
2094,0.478067,,0.532000,0.479950,,,0.133,291.7
2095,0.479333,,0.532000,0.479950,,,0.134,291.8
2096,0.478783,,0.532000,0.479950,,,0.134,292.0
2097,0.477067,,0.532000,0.479950,,,0.133,292.1
2098,0.476933,,0.532000,0.479950,,,0.133,292.2
2099,0.477200,,0.532000,0.479950,,,0.134,292.4
2100,0.477333,0.527999997138977,0.532000,0.479950,0.034763552248477936,0.8718359470367432,0.243,292.6
2101,0.477467,,0.532000,0.479950,,,0.130,292.8
2102,0.475733,,0.532000,0.479950,,,0.133,292.9
2103,0.478500,,0.532000,0.479950,,,0.133,293.0
2104,0.478517,,0.532000,0.479950,,,0.200,293.2
2105,0.476750,,0.532000,0.479950,,,0.136,293.4
2106,0.477083,,0.532000,0.479950,,,0.133,293.5
2107,0.478050,,0.532000,0.479950,,,0.132,293.6
2108,0.479950,,0.532000,0.479950,,,0.130,293.8
2109,0.478750,,0.532000,0.479950,,,0.134,293.9
2110,0.476800,,0.532000,0.479950,,,0.132,294.0
2111,0.478183,,0.532000,0.479950,,,0.132,294.1
2112,0.478967,,0.532000,0.479950,,,0.132,294.3
2113,0.476850,,0.532000,0.479950,,,0.132,294.4
2114,0.477700,,0.532000,0.479950,,,0.134,294.5
2115,0.478417,,0.532000,0.479950,,,0.137,294.7
2116,0.479233,,0.532000,0.479950,,,0.133,294.8
2117,0.479117,,0.532000,0.479950,,,0.134,295.0
2118,0.476950,,0.532000,0.479950,,,0.135,295.1
2119,0.478350,,0.532000,0.479950,,,0.169,295.3
2120,0.477333,,0.532000,0.479950,,,0.133,295.4
2121,0.478550,,0.532000,0.479950,,,0.132,295.5
2122,0.478617,,0.532000,0.479950,,,0.131,295.6
2123,0.479250,,0.532000,0.479950,,,0.131,295.8
2124,0.478600,,0.532000,0.479950,,,0.134,295.9
2125,0.477533,,0.532000,0.479950,,,0.132,296.0
2126,0.480683,,0.532000,0.480683,,,0.131,296.2
2127,0.478917,,0.532000,0.480683,,,0.133,296.3
2128,0.479050,,0.532000,0.480683,,,0.133,296.4
2129,0.479233,,0.532000,0.480683,,,0.130,296.6
2130,0.478417,,0.532000,0.480683,,,0.131,296.7
2131,0.479467,,0.532000,0.480683,,,0.132,296.8
2132,0.478733,,0.532000,0.480683,,,0.133,297.0
2133,0.478717,,0.532000,0.480683,,,0.132,297.1
2134,0.479600,,0.532000,0.480683,,,0.131,297.2
2135,0.476650,,0.532000,0.480683,,,0.200,297.4
2136,0.477850,,0.532000,0.480683,,,0.131,297.6
2137,0.480350,,0.532000,0.480683,,,0.132,297.7
2138,0.479183,,0.532000,0.480683,,,0.133,297.8
2139,0.479100,,0.532000,0.480683,,,0.132,298.0
2140,0.478300,,0.532000,0.480683,,,0.132,298.1
2141,0.481767,,0.532000,0.481767,,,0.133,298.2
2142,0.479400,,0.532000,0.481767,,,0.134,298.4
2143,0.481317,,0.532000,0.481767,,,0.133,298.5
2144,0.478150,,0.532000,0.481767,,,0.131,298.6
2145,0.481183,,0.532000,0.481767,,,0.131,298.8
2146,0.481300,,0.532000,0.481767,,,0.132,298.9
2147,0.481883,,0.532000,0.481883,,,0.133,299.0
2148,0.479550,,0.532000,0.481883,,,0.135,299.2
2149,0.481333,,0.532000,0.481883,,,0.135,299.3
2150,0.477083,,0.532000,0.481883,,,0.144,299.4
2151,0.478267,,0.532000,0.481883,,,0.131,299.6
2152,0.481400,,0.532000,0.481883,,,0.133,299.7
2153,0.478083,,0.532000,0.481883,,,0.133,299.8
2154,0.478200,,0.532000,0.481883,,,0.132,300.0
2155,0.477700,,0.532000,0.481883,,,0.133,300.1
2156,0.477650,,0.532000,0.481883,,,0.132,300.2
2157,0.478433,,0.532000,0.481883,,,0.132,300.4
2158,0.478900,,0.532000,0.481883,,,0.132,300.5
2159,0.477967,,0.532000,0.481883,,,0.133,300.6
2160,0.478383,,0.532000,0.481883,,,0.132,300.8
2161,0.479217,,0.532000,0.481883,,,0.133,300.9
2162,0.477750,,0.532000,0.481883,,,0.132,301.0
2163,0.477650,,0.532000,0.481883,,,0.132,301.2
2164,0.479333,,0.532000,0.481883,,,0.133,301.3
2165,0.480417,,0.532000,0.481883,,,0.131,301.4
2166,0.479467,,0.532000,0.481883,,,0.132,301.6
2167,0.480067,,0.532000,0.481883,,,0.135,301.7
2168,0.481533,,0.532000,0.481883,,,0.132,301.8
2169,0.480133,,0.532000,0.481883,,,0.131,301.9
2170,0.479450,,0.532000,0.481883,,,0.131,302.1
2171,0.483200,,0.532000,0.483200,,,0.132,302.2
2172,0.479433,,0.532000,0.483200,,,0.133,302.3
2173,0.478800,,0.532000,0.483200,,,0.135,302.5
2174,0.480467,,0.532000,0.483200,,,0.130,302.6
2175,0.483800,,0.532000,0.483800,,,0.172,302.8
2176,0.481583,,0.532000,0.483800,,,0.133,302.9
2177,0.480067,,0.532000,0.483800,,,0.131,303.0
2178,0.479217,,0.532000,0.483800,,,0.132,303.2
2179,0.479033,,0.532000,0.483800,,,0.133,303.3
2180,0.479633,,0.532000,0.483800,,,0.198,303.5
2181,0.480567,,0.532000,0.483800,,,0.134,303.6
2182,0.479683,,0.532000,0.483800,,,0.129,303.8
2183,0.481283,,0.532000,0.483800,,,0.133,303.9
2184,0.480583,,0.532000,0.483800,,,0.127,304.0
2185,0.480733,,0.532000,0.483800,,,0.134,304.2
2186,0.480183,,0.532000,0.483800,,,0.134,304.3
2187,0.480983,,0.532000,0.483800,,,0.131,304.4
2188,0.482617,,0.532000,0.483800,,,0.134,304.6
2189,0.482017,,0.532000,0.483800,,,0.132,304.7
2190,0.480267,,0.532000,0.483800,,,0.134,304.8
2191,0.480017,,0.532000,0.483800,,,0.132,305.0
2192,0.478600,,0.532000,0.483800,,,0.130,305.1
2193,0.479850,,0.532000,0.483800,,,0.132,305.2
2194,0.480050,,0.532000,0.483800,,,0.132,305.4
2195,0.478900,,0.532000,0.483800,,,0.132,305.5
2196,0.481550,,0.532000,0.483800,,,0.196,305.7
2197,0.480600,,0.532000,0.483800,,,0.131,305.8
2198,0.479950,,0.532000,0.483800,,,0.131,305.9
2199,0.480500,,0.532000,0.483800,,,0.133,306.1
2200,0.482317,0.534500002861023,0.534500,0.483800,0.03317331522703171,0.8807695508003235,0.259,306.3
2201,0.480783,,0.534500,0.483800,,,0.133,306.5
2202,0.482600,,0.534500,0.483800,,,0.132,306.6
2203,0.479917,,0.534500,0.483800,,,0.131,306.7
2204,0.482667,,0.534500,0.483800,,,0.134,306.9
2205,0.484517,,0.534500,0.484517,,,0.132,307.0
2206,0.480567,,0.534500,0.484517,,,0.135,307.1
2207,0.482600,,0.534500,0.484517,,,0.133,307.3
2208,0.482033,,0.534500,0.484517,,,0.134,307.4
2209,0.481017,,0.534500,0.484517,,,0.135,307.5
2210,0.483833,,0.534500,0.484517,,,0.132,307.7
2211,0.481483,,0.534500,0.484517,,,0.130,307.8
2212,0.484250,,0.534500,0.484517,,,0.133,307.9
2213,0.479583,,0.534500,0.484517,,,0.132,308.1
2214,0.482617,,0.534500,0.484517,,,0.133,308.2
2215,0.483417,,0.534500,0.484517,,,0.131,308.3
2216,0.480983,,0.534500,0.484517,,,0.133,308.5
2217,0.482700,,0.534500,0.484517,,,0.133,308.6
2218,0.482183,,0.534500,0.484517,,,0.132,308.7
2219,0.482000,,0.534500,0.484517,,,0.131,308.9
2220,0.482067,,0.534500,0.484517,,,0.132,309.0
2221,0.481050,,0.534500,0.484517,,,0.134,309.1
2222,0.483267,,0.534500,0.484517,,,0.132,309.3
2223,0.482133,,0.534500,0.484517,,,0.133,309.4
2224,0.479967,,0.534500,0.484517,,,0.133,309.5
2225,0.482317,,0.534500,0.484517,,,0.143,309.7
2226,0.483283,,0.534500,0.484517,,,0.132,309.8
2227,0.481483,,0.534500,0.484517,,,0.136,309.9
2228,0.481183,,0.534500,0.484517,,,0.133,310.1
2229,0.482950,,0.534500,0.484517,,,0.134,310.2
2230,0.480750,,0.534500,0.484517,,,0.133,310.3
2231,0.481250,,0.534500,0.484517,,,0.135,310.5
2232,0.481250,,0.534500,0.484517,,,0.132,310.6
2233,0.482000,,0.534500,0.484517,,,0.133,310.7
2234,0.480383,,0.534500,0.484517,,,0.131,310.9
2235,0.480117,,0.534500,0.484517,,,0.131,311.0
2236,0.481667,,0.534500,0.484517,,,0.131,311.1
2237,0.482533,,0.534500,0.484517,,,0.132,311.3
2238,0.480483,,0.534500,0.484517,,,0.130,311.4
2239,0.483467,,0.534500,0.484517,,,0.131,311.5
2240,0.483067,,0.534500,0.484517,,,0.131,311.7
2241,0.479483,,0.534500,0.484517,,,0.135,311.8
2242,0.480650,,0.534500,0.484517,,,0.134,311.9
2243,0.480883,,0.534500,0.484517,,,0.131,312.1
2244,0.481117,,0.534500,0.484517,,,0.132,312.2
2245,0.481900,,0.534500,0.484517,,,0.133,312.3
2246,0.482150,,0.534500,0.484517,,,0.130,312.4
2247,0.482183,,0.534500,0.484517,,,0.130,312.6
2248,0.482417,,0.534500,0.484517,,,0.132,312.7
2249,0.483650,,0.534500,0.484517,,,0.133,312.8
2250,0.482433,,0.534500,0.484517,,,0.132,313.0
2251,0.482333,,0.534500,0.484517,,,0.130,313.1
2252,0.481417,,0.534500,0.484517,,,0.134,313.2
2253,0.482250,,0.534500,0.484517,,,0.134,313.4
2254,0.480883,,0.534500,0.484517,,,0.132,313.5
2255,0.482933,,0.534500,0.484517,,,0.132,313.6
2256,0.480583,,0.534500,0.484517,,,0.132,313.8
2257,0.482333,,0.534500,0.484517,,,0.131,313.9
2258,0.481350,,0.534500,0.484517,,,0.131,314.0
2259,0.481867,,0.534500,0.484517,,,0.131,314.2
2260,0.481700,,0.534500,0.484517,,,0.132,314.3
2261,0.483000,,0.534500,0.484517,,,0.132,314.4
2262,0.482133,,0.534500,0.484517,,,0.132,314.6
2263,0.481867,,0.534500,0.484517,,,0.131,314.7
2264,0.480717,,0.534500,0.484517,,,0.132,314.8
2265,0.481650,,0.534500,0.484517,,,0.133,315.0
2266,0.481933,,0.534500,0.484517,,,0.133,315.1
2267,0.482133,,0.534500,0.484517,,,0.133,315.2
2268,0.482650,,0.534500,0.484517,,,0.134,315.4
2269,0.484383,,0.534500,0.484517,,,0.131,315.5
2270,0.483333,,0.534500,0.484517,,,0.133,315.6
2271,0.484117,,0.534500,0.484517,,,0.133,315.8
2272,0.484033,,0.534500,0.484517,,,0.133,315.9
2273,0.484383,,0.534500,0.484517,,,0.130,316.0
2274,0.485550,,0.534500,0.485550,,,0.132,316.1
2275,0.482900,,0.534500,0.485550,,,0.136,316.3
2276,0.485483,,0.534500,0.485550,,,0.134,316.4
2277,0.480783,,0.534500,0.485550,,,0.131,316.5
2278,0.483317,,0.534500,0.485550,,,0.132,316.7
2279,0.482233,,0.534500,0.485550,,,0.130,316.8
2280,0.483567,,0.534500,0.485550,,,0.137,316.9
2281,0.485117,,0.534500,0.485550,,,0.138,317.1
2282,0.483683,,0.534500,0.485550,,,0.133,317.2
2283,0.484117,,0.534500,0.485550,,,0.136,317.4
2284,0.484300,,0.534500,0.485550,,,0.133,317.5
2285,0.480800,,0.534500,0.485550,,,0.192,317.7
2286,0.483567,,0.534500,0.485550,,,0.131,317.8
2287,0.482500,,0.534500,0.485550,,,0.128,317.9
2288,0.482233,,0.534500,0.485550,,,0.133,318.1
2289,0.482283,,0.534500,0.485550,,,0.132,318.2
2290,0.483317,,0.534500,0.485550,,,0.129,318.3
2291,0.482900,,0.534500,0.485550,,,0.131,318.5
2292,0.479933,,0.534500,0.485550,,,0.131,318.6
2293,0.486133,,0.534500,0.486133,,,0.131,318.7
2294,0.482233,,0.534500,0.486133,,,0.132,318.9
2295,0.482750,,0.534500,0.486133,,,0.132,319.0
2296,0.484283,,0.534500,0.486133,,,0.132,319.1
2297,0.481800,,0.534500,0.486133,,,0.132,319.3
2298,0.485117,,0.534500,0.486133,,,0.134,319.4
2299,0.482900,,0.534500,0.486133,,,0.133,319.5
2300,0.482917,0.5394999980926514,0.539500,0.486133,0.03246759623289108,0.8835751414299011,0.244,319.8
2301,0.484400,,0.539500,0.486133,,,0.195,320.0
2302,0.483750,,0.539500,0.486133,,,0.127,320.1
2303,0.482267,,0.539500,0.486133,,,0.132,320.2
2304,0.484533,,0.539500,0.486133,,,0.131,320.4
2305,0.482983,,0.539500,0.486133,,,0.130,320.5
2306,0.482350,,0.539500,0.486133,,,0.132,320.6
2307,0.485783,,0.539500,0.486133,,,0.133,320.7
2308,0.483567,,0.539500,0.486133,,,0.133,320.9
2309,0.484017,,0.539500,0.486133,,,0.132,321.0
2310,0.481567,,0.539500,0.486133,,,0.132,321.1
2311,0.484733,,0.539500,0.486133,,,0.133,321.3
2312,0.482533,,0.539500,0.486133,,,0.132,321.4
2313,0.483483,,0.539500,0.486133,,,0.132,321.5
2314,0.483433,,0.539500,0.486133,,,0.130,321.7
2315,0.482500,,0.539500,0.486133,,,0.204,321.9
2316,0.482583,,0.539500,0.486133,,,0.134,322.0
2317,0.483283,,0.539500,0.486133,,,0.131,322.1
2318,0.482433,,0.539500,0.486133,,,0.134,322.3
2319,0.482617,,0.539500,0.486133,,,0.132,322.4
2320,0.484817,,0.539500,0.486133,,,0.136,322.5
2321,0.481900,,0.539500,0.486133,,,0.133,322.7
2322,0.483017,,0.539500,0.486133,,,0.135,322.8
2323,0.483217,,0.539500,0.486133,,,0.133,322.9
2324,0.482383,,0.539500,0.486133,,,0.132,323.1
2325,0.482817,,0.539500,0.486133,,,0.133,323.2
2326,0.486033,,0.539500,0.486133,,,0.132,323.3
2327,0.482983,,0.539500,0.486133,,,0.132,323.5
2328,0.483150,,0.539500,0.486133,,,0.134,323.6
2329,0.484450,,0.539500,0.486133,,,0.135,323.7
2330,0.484300,,0.539500,0.486133,,,0.135,323.9
2331,0.481883,,0.539500,0.486133,,,0.132,324.0
2332,0.483567,,0.539500,0.486133,,,0.133,324.1
2333,0.483000,,0.539500,0.486133,,,0.132,324.3
2334,0.482033,,0.539500,0.486133,,,0.134,324.4
2335,0.481517,,0.539500,0.486133,,,0.133,324.5
2336,0.485917,,0.539500,0.486133,,,0.136,324.7
2337,0.481983,,0.539500,0.486133,,,0.132,324.8
2338,0.481917,,0.539500,0.486133,,,0.134,324.9
2339,0.483133,,0.539500,0.486133,,,0.134,325.1
2340,0.482950,,0.539500,0.486133,,,0.132,325.2
2341,0.482350,,0.539500,0.486133,,,0.133,325.3
2342,0.482150,,0.539500,0.486133,,,0.130,325.5
2343,0.479950,,0.539500,0.486133,,,0.134,325.6
2344,0.484833,,0.539500,0.486133,,,0.132,325.7
2345,0.483950,,0.539500,0.486133,,,0.165,325.9
2346,0.483000,,0.539500,0.486133,,,0.133,326.0
2347,0.483217,,0.539500,0.486133,,,0.138,326.2
2348,0.485167,,0.539500,0.486133,,,0.133,326.3
2349,0.483067,,0.539500,0.486133,,,0.133,326.4
2350,0.482567,,0.539500,0.486133,,,0.135,326.6
2351,0.483650,,0.539500,0.486133,,,0.133,326.7
2352,0.485867,,0.539500,0.486133,,,0.131,326.8
2353,0.483000,,0.539500,0.486133,,,0.134,327.0
2354,0.480517,,0.539500,0.486133,,,0.132,327.1
2355,0.482933,,0.539500,0.486133,,,0.130,327.2
2356,0.480667,,0.539500,0.486133,,,0.134,327.4
2357,0.485183,,0.539500,0.486133,,,0.133,327.5
2358,0.481617,,0.539500,0.486133,,,0.133,327.6
2359,0.481350,,0.539500,0.486133,,,0.135,327.8
2360,0.483183,,0.539500,0.486133,,,0.158,327.9
2361,0.482600,,0.539500,0.486133,,,0.133,328.1
2362,0.484617,,0.539500,0.486133,,,0.134,328.2
2363,0.480567,,0.539500,0.486133,,,0.132,328.3
2364,0.484017,,0.539500,0.486133,,,0.132,328.5
2365,0.483533,,0.539500,0.486133,,,0.135,328.6
2366,0.483600,,0.539500,0.486133,,,0.134,328.7
2367,0.485167,,0.539500,0.486133,,,0.133,328.9
2368,0.483633,,0.539500,0.486133,,,0.131,329.0
2369,0.485183,,0.539500,0.486133,,,0.134,329.1
2370,0.484150,,0.539500,0.486133,,,0.130,329.3
2371,0.484317,,0.539500,0.486133,,,0.131,329.4
2372,0.483900,,0.539500,0.486133,,,0.134,329.5
2373,0.484667,,0.539500,0.486133,,,0.134,329.7
2374,0.483967,,0.539500,0.486133,,,0.134,329.8
2375,0.484750,,0.539500,0.486133,,,0.159,329.9
2376,0.484983,,0.539500,0.486133,,,0.135,330.1
2377,0.483367,,0.539500,0.486133,,,0.130,330.2
2378,0.483817,,0.539500,0.486133,,,0.131,330.3
2379,0.484583,,0.539500,0.486133,,,0.134,330.5
2380,0.485150,,0.539500,0.486133,,,0.131,330.6
2381,0.486800,,0.539500,0.486800,,,0.132,330.7
2382,0.484833,,0.539500,0.486800,,,0.131,330.9
2383,0.484183,,0.539500,0.486800,,,0.131,331.0
2384,0.485283,,0.539500,0.486800,,,0.134,331.1
2385,0.484300,,0.539500,0.486800,,,0.130,331.3
2386,0.485583,,0.539500,0.486800,,,0.129,331.4
2387,0.482417,,0.539500,0.486800,,,0.132,331.5
2388,0.487600,,0.539500,0.487600,,,0.132,331.7
2389,0.483633,,0.539500,0.487600,,,0.131,331.8
2390,0.483500,,0.539500,0.487600,,,0.133,331.9
2391,0.486450,,0.539500,0.487600,,,0.227,332.1
2392,0.484700,,0.539500,0.487600,,,0.132,332.3
2393,0.484317,,0.539500,0.487600,,,0.134,332.4
2394,0.484433,,0.539500,0.487600,,,0.133,332.5
2395,0.486267,,0.539500,0.487600,,,0.133,332.7
2396,0.485517,,0.539500,0.487600,,,0.131,332.8
2397,0.483633,,0.539500,0.487600,,,0.132,332.9
2398,0.481767,,0.539500,0.487600,,,0.132,333.1
2399,0.484033,,0.539500,0.487600,,,0.131,333.2
2400,0.484967,0.5420000553131104,0.542000,0.487600,0.03172639012336731,0.8878705501556396,0.241,333.4
2401,0.485767,,0.542000,0.487600,,,0.128,333.6
2402,0.483683,,0.542000,0.487600,,,0.131,333.7
2403,0.484850,,0.542000,0.487600,,,0.133,333.8
2404,0.484000,,0.542000,0.487600,,,0.132,334.0
2405,0.484633,,0.542000,0.487600,,,0.134,334.1
2406,0.484683,,0.542000,0.487600,,,0.199,334.3
2407,0.487717,,0.542000,0.487717,,,0.135,334.4
2408,0.486550,,0.542000,0.487717,,,0.131,334.6
2409,0.486317,,0.542000,0.487717,,,0.132,334.7
2410,0.483300,,0.542000,0.487717,,,0.131,334.8
2411,0.484250,,0.542000,0.487717,,,0.129,335.0
2412,0.486417,,0.542000,0.487717,,,0.131,335.1
2413,0.484317,,0.542000,0.487717,,,0.131,335.2
2414,0.485200,,0.542000,0.487717,,,0.130,335.4
2415,0.485333,,0.542000,0.487717,,,0.134,335.5
2416,0.485567,,0.542000,0.487717,,,0.132,335.6
2417,0.487217,,0.542000,0.487717,,,0.133,335.8
2418,0.486517,,0.542000,0.487717,,,0.134,335.9
2419,0.484667,,0.542000,0.487717,,,0.134,336.0
2420,0.482567,,0.542000,0.487717,,,0.132,336.2
2421,0.485817,,0.542000,0.487717,,,0.131,336.3
2422,0.486017,,0.542000,0.487717,,,0.131,336.4
2423,0.485533,,0.542000,0.487717,,,0.132,336.5
2424,0.484067,,0.542000,0.487717,,,0.130,336.7
2425,0.486683,,0.542000,0.487717,,,0.133,336.8
2426,0.483983,,0.542000,0.487717,,,0.132,336.9
2427,0.488100,,0.542000,0.488100,,,0.134,337.1
2428,0.485950,,0.542000,0.488100,,,0.132,337.2
2429,0.487983,,0.542000,0.488100,,,0.131,337.3
2430,0.486367,,0.542000,0.488100,,,0.136,337.5
2431,0.482517,,0.542000,0.488100,,,0.133,337.6
2432,0.487733,,0.542000,0.488100,,,0.131,337.7
2433,0.485517,,0.542000,0.488100,,,0.132,337.9
2434,0.487717,,0.542000,0.488100,,,0.133,338.0
2435,0.485800,,0.542000,0.488100,,,0.134,338.1
2436,0.484417,,0.542000,0.488100,,,0.141,338.3
2437,0.485933,,0.542000,0.488100,,,0.144,338.4
2438,0.484817,,0.542000,0.488100,,,0.132,338.6
2439,0.484433,,0.542000,0.488100,,,0.132,338.7
2440,0.485683,,0.542000,0.488100,,,0.127,338.8
2441,0.483250,,0.542000,0.488100,,,0.135,339.0
2442,0.486617,,0.542000,0.488100,,,0.134,339.1
2443,0.485950,,0.542000,0.488100,,,0.133,339.2
2444,0.487133,,0.542000,0.488100,,,0.132,339.3
2445,0.486983,,0.542000,0.488100,,,0.131,339.5
2446,0.484850,,0.542000,0.488100,,,0.131,339.6
2447,0.488133,,0.542000,0.488133,,,0.132,339.7
2448,0.483000,,0.542000,0.488133,,,0.132,339.9
2449,0.487533,,0.542000,0.488133,,,0.135,340.0
2450,0.486750,,0.542000,0.488133,,,0.134,340.1
2451,0.486050,,0.542000,0.488133,,,0.153,340.3
2452,0.486733,,0.542000,0.488133,,,0.132,340.4
2453,0.484467,,0.542000,0.488133,,,0.132,340.6
2454,0.484867,,0.542000,0.488133,,,0.132,340.7
2455,0.483833,,0.542000,0.488133,,,0.134,340.8
2456,0.485333,,0.542000,0.488133,,,0.134,341.0
2457,0.485900,,0.542000,0.488133,,,0.134,341.1
2458,0.484483,,0.542000,0.488133,,,0.133,341.2
2459,0.486850,,0.542000,0.488133,,,0.134,341.4
2460,0.484667,,0.542000,0.488133,,,0.130,341.5
2461,0.484017,,0.542000,0.488133,,,0.132,341.6
2462,0.487000,,0.542000,0.488133,,,0.132,341.8
2463,0.487150,,0.542000,0.488133,,,0.132,341.9
2464,0.486417,,0.542000,0.488133,,,0.132,342.0
2465,0.489433,,0.542000,0.489433,,,0.133,342.2
2466,0.487200,,0.542000,0.489433,,,0.142,342.3
2467,0.485200,,0.542000,0.489433,,,0.134,342.4
2468,0.488550,,0.542000,0.489433,,,0.132,342.6
2469,0.484733,,0.542000,0.489433,,,0.131,342.7
2470,0.488567,,0.542000,0.489433,,,0.129,342.8
2471,0.485717,,0.542000,0.489433,,,0.134,343.0
2472,0.486683,,0.542000,0.489433,,,0.132,343.1
2473,0.486117,,0.542000,0.489433,,,0.136,343.2
2474,0.484800,,0.542000,0.489433,,,0.133,343.4
2475,0.487133,,0.542000,0.489433,,,0.130,343.5
2476,0.485150,,0.542000,0.489433,,,0.134,343.6
2477,0.487433,,0.542000,0.489433,,,0.131,343.7
2478,0.486583,,0.542000,0.489433,,,0.130,343.9
2479,0.485100,,0.542000,0.489433,,,0.133,344.0
2480,0.483567,,0.542000,0.489433,,,0.131,344.1
2481,0.485667,,0.542000,0.489433,,,0.133,344.3
2482,0.485217,,0.542000,0.489433,,,0.197,344.5
2483,0.485333,,0.542000,0.489433,,,0.132,344.6
2484,0.488217,,0.542000,0.489433,,,0.132,344.7
2485,0.485700,,0.542000,0.489433,,,0.132,344.9
2486,0.489333,,0.542000,0.489433,,,0.132,345.0
2487,0.486700,,0.542000,0.489433,,,0.131,345.1
2488,0.485133,,0.542000,0.489433,,,0.131,345.3
2489,0.485867,,0.542000,0.489433,,,0.131,345.4
2490,0.484333,,0.542000,0.489433,,,0.135,345.5
2491,0.486800,,0.542000,0.489433,,,0.135,345.7
2492,0.487300,,0.542000,0.489433,,,0.131,345.8
2493,0.484567,,0.542000,0.489433,,,0.132,345.9
2494,0.487983,,0.542000,0.489433,,,0.133,346.1
2495,0.487200,,0.542000,0.489433,,,0.130,346.2
2496,0.487417,,0.542000,0.489433,,,0.132,346.3
2497,0.488783,,0.542000,0.489433,,,0.132,346.5
2498,0.484533,,0.542000,0.489433,,,0.133,346.6
2499,0.488450,,0.542000,0.489433,,,0.133,346.7
2500,0.491950,0.5415000319480896,0.542000,0.491950,0.03135001286864281,0.889930009841919,0.243,347.0
2501,0.488400,,0.542000,0.491950,,,0.129,347.1
2502,0.488017,,0.542000,0.491950,,,0.133,347.2
2503,0.485867,,0.542000,0.491950,,,0.131,347.4
2504,0.486417,,0.542000,0.491950,,,0.131,347.5
2505,0.488750,,0.542000,0.491950,,,0.131,347.6
2506,0.488033,,0.542000,0.491950,,,0.129,347.7
2507,0.485667,,0.542000,0.491950,,,0.134,347.9
2508,0.486133,,0.542000,0.491950,,,0.131,348.0
2509,0.484950,,0.542000,0.491950,,,0.135,348.1
2510,0.487717,,0.542000,0.491950,,,0.132,348.3
2511,0.486200,,0.542000,0.491950,,,0.133,348.4
2512,0.489567,,0.542000,0.491950,,,0.205,348.6
2513,0.487667,,0.542000,0.491950,,,0.143,348.8
2514,0.486667,,0.542000,0.491950,,,0.132,348.9
2515,0.486250,,0.542000,0.491950,,,0.133,349.0
2516,0.488717,,0.542000,0.491950,,,0.133,349.2
2517,0.486850,,0.542000,0.491950,,,0.134,349.3
2518,0.488700,,0.542000,0.491950,,,0.136,349.4
2519,0.486700,,0.542000,0.491950,,,0.133,349.6
2520,0.487283,,0.542000,0.491950,,,0.133,349.7
2521,0.486033,,0.542000,0.491950,,,0.133,349.8
2522,0.487983,,0.542000,0.491950,,,0.131,350.0
2523,0.485517,,0.542000,0.491950,,,0.134,350.1
2524,0.487567,,0.542000,0.491950,,,0.134,350.2
2525,0.488000,,0.542000,0.491950,,,0.132,350.4
2526,0.486267,,0.542000,0.491950,,,0.133,350.5
2527,0.488283,,0.542000,0.491950,,,0.176,350.7
2528,0.486950,,0.542000,0.491950,,,0.134,350.8
2529,0.486500,,0.542000,0.491950,,,0.134,350.9
2530,0.485400,,0.542000,0.491950,,,0.133,351.1
2531,0.489000,,0.542000,0.491950,,,0.137,351.2
2532,0.490517,,0.542000,0.491950,,,0.132,351.3
2533,0.487917,,0.542000,0.491950,,,0.131,351.5
2534,0.483867,,0.542000,0.491950,,,0.134,351.6
2535,0.488150,,0.542000,0.491950,,,0.134,351.7
2536,0.488467,,0.542000,0.491950,,,0.131,351.9
2537,0.486233,,0.542000,0.491950,,,0.135,352.0
2538,0.487983,,0.542000,0.491950,,,0.131,352.1
2539,0.486383,,0.542000,0.491950,,,0.133,352.3
2540,0.484483,,0.542000,0.491950,,,0.135,352.4
2541,0.488133,,0.542000,0.491950,,,0.136,352.5
2542,0.486667,,0.542000,0.491950,,,0.178,352.7
2543,0.487633,,0.542000,0.491950,,,0.135,352.8
2544,0.489500,,0.542000,0.491950,,,0.134,353.0
2545,0.483967,,0.542000,0.491950,,,0.136,353.1
2546,0.486233,,0.542000,0.491950,,,0.134,353.3
2547,0.486050,,0.542000,0.491950,,,0.133,353.4
2548,0.487467,,0.542000,0.491950,,,0.131,353.5
2549,0.486500,,0.542000,0.491950,,,0.134,353.7
2550,0.488767,,0.542000,0.491950,,,0.135,353.8
2551,0.485067,,0.542000,0.491950,,,0.132,353.9
2552,0.486100,,0.542000,0.491950,,,0.130,354.0
2553,0.486650,,0.542000,0.491950,,,0.134,354.2
2554,0.487183,,0.542000,0.491950,,,0.132,354.3
2555,0.485867,,0.542000,0.491950,,,0.134,354.4
2556,0.487550,,0.542000,0.491950,,,0.135,354.6
2557,0.485633,,0.542000,0.491950,,,0.189,354.8
2558,0.488983,,0.542000,0.491950,,,0.135,354.9
2559,0.486633,,0.542000,0.491950,,,0.132,355.0
2560,0.485567,,0.542000,0.491950,,,0.134,355.2
2561,0.487167,,0.542000,0.491950,,,0.131,355.3
2562,0.487450,,0.542000,0.491950,,,0.132,355.4
2563,0.486050,,0.542000,0.491950,,,0.132,355.6
2564,0.488300,,0.542000,0.491950,,,0.132,355.7
2565,0.487083,,0.542000,0.491950,,,0.131,355.8
2566,0.487550,,0.542000,0.491950,,,0.133,356.0
2567,0.489417,,0.542000,0.491950,,,0.131,356.1
2568,0.488650,,0.542000,0.491950,,,0.133,356.2
2569,0.486733,,0.542000,0.491950,,,0.133,356.4
2570,0.489750,,0.542000,0.491950,,,0.132,356.5
2571,0.487700,,0.542000,0.491950,,,0.133,356.6
2572,0.489333,,0.542000,0.491950,,,0.133,356.8
2573,0.485467,,0.542000,0.491950,,,0.200,357.0
2574,0.488317,,0.542000,0.491950,,,0.133,357.1
2575,0.488167,,0.542000,0.491950,,,0.132,357.2
2576,0.488250,,0.542000,0.491950,,,0.134,357.4
2577,0.486350,,0.542000,0.491950,,,0.134,357.5
2578,0.487267,,0.542000,0.491950,,,0.130,357.6
2579,0.487683,,0.542000,0.491950,,,0.134,357.8
2580,0.485533,,0.542000,0.491950,,,0.132,357.9
2581,0.487317,,0.542000,0.491950,,,0.131,358.0
2582,0.487133,,0.542000,0.491950,,,0.132,358.2
2583,0.486517,,0.542000,0.491950,,,0.130,358.3
2584,0.485533,,0.542000,0.491950,,,0.132,358.4
2585,0.488100,,0.542000,0.491950,,,0.133,358.5
2586,0.485767,,0.542000,0.491950,,,0.132,358.7
2587,0.488183,,0.542000,0.491950,,,0.134,358.8
2588,0.486150,,0.542000,0.491950,,,0.140,359.0
2589,0.486467,,0.542000,0.491950,,,0.135,359.1
2590,0.484950,,0.542000,0.491950,,,0.131,359.2
2591,0.487100,,0.542000,0.491950,,,0.132,359.3
2592,0.488133,,0.542000,0.491950,,,0.132,359.5
2593,0.486767,,0.542000,0.491950,,,0.132,359.6
2594,0.487233,,0.542000,0.491950,,,0.131,359.7
2595,0.487367,,0.542000,0.491950,,,0.131,359.9
2596,0.485167,,0.542000,0.491950,,,0.131,360.0
2597,0.488017,,0.542000,0.491950,,,0.134,360.1
2598,0.486483,,0.542000,0.491950,,,0.131,360.3
2599,0.487550,,0.542000,0.491950,,,0.132,360.4
2600,0.485783,0.5425000190734863,0.542500,0.491950,0.030895767733454704,0.8923909664154053,0.245,360.6
2601,0.484500,,0.542500,0.491950,,,0.128,360.8
2602,0.485200,,0.542500,0.491950,,,0.133,360.9
2603,0.488883,,0.542500,0.491950,,,0.198,361.1
2604,0.486683,,0.542500,0.491950,,,0.132,361.2
2605,0.487683,,0.542500,0.491950,,,0.132,361.4
2606,0.486850,,0.542500,0.491950,,,0.136,361.5
2607,0.484883,,0.542500,0.491950,,,0.178,361.7
2608,0.487533,,0.542500,0.491950,,,0.131,361.8
2609,0.488100,,0.542500,0.491950,,,0.133,361.9
2610,0.487483,,0.542500,0.491950,,,0.131,362.1
2611,0.487350,,0.542500,0.491950,,,0.131,362.2
2612,0.487050,,0.542500,0.491950,,,0.133,362.3
2613,0.487083,,0.542500,0.491950,,,0.134,362.5
2614,0.486917,,0.542500,0.491950,,,0.130,362.6
2615,0.486350,,0.542500,0.491950,,,0.132,362.7
2616,0.490733,,0.542500,0.491950,,,0.134,362.9
2617,0.486533,,0.542500,0.491950,,,0.135,363.0
2618,0.486450,,0.542500,0.491950,,,0.202,363.2
2619,0.486700,,0.542500,0.491950,,,0.133,363.3
2620,0.486183,,0.542500,0.491950,,,0.131,363.5
2621,0.488817,,0.542500,0.491950,,,0.132,363.6
2622,0.485517,,0.542500,0.491950,,,0.131,363.7
2623,0.490600,,0.542500,0.491950,,,0.134,363.9
2624,0.487283,,0.542500,0.491950,,,0.131,364.0
2625,0.487283,,0.542500,0.491950,,,0.134,364.1
2626,0.486500,,0.542500,0.491950,,,0.133,364.3
2627,0.487167,,0.542500,0.491950,,,0.134,364.4
2628,0.487067,,0.542500,0.491950,,,0.132,364.5
2629,0.485833,,0.542500,0.491950,,,0.131,364.7
2630,0.486400,,0.542500,0.491950,,,0.132,364.8
2631,0.483967,,0.542500,0.491950,,,0.132,364.9
2632,0.488350,,0.542500,0.491950,,,0.131,365.1
2633,0.488483,,0.542500,0.491950,,,0.130,365.2
2634,0.487450,,0.542500,0.491950,,,0.131,365.3
2635,0.488117,,0.542500,0.491950,,,0.131,365.5
2636,0.486883,,0.542500,0.491950,,,0.128,365.6
2637,0.488850,,0.542500,0.491950,,,0.130,365.7
2638,0.487983,,0.542500,0.491950,,,0.134,365.8
2639,0.486517,,0.542500,0.491950,,,0.133,366.0
2640,0.486750,,0.542500,0.491950,,,0.134,366.1
2641,0.487950,,0.542500,0.491950,,,0.133,366.2
2642,0.487433,,0.542500,0.491950,,,0.130,366.4
2643,0.487817,,0.542500,0.491950,,,0.131,366.5
2644,0.485767,,0.542500,0.491950,,,0.132,366.6
2645,0.489250,,0.542500,0.491950,,,0.133,366.8
2646,0.487200,,0.542500,0.491950,,,0.132,366.9
2647,0.488717,,0.542500,0.491950,,,0.133,367.0
2648,0.487950,,0.542500,0.491950,,,0.136,367.2
2649,0.487267,,0.542500,0.491950,,,0.134,367.3
2650,0.487700,,0.542500,0.491950,,,0.133,367.4
2651,0.486667,,0.542500,0.491950,,,0.132,367.6
2652,0.486800,,0.542500,0.491950,,,0.134,367.7
2653,0.487533,,0.542500,0.491950,,,0.132,367.8
2654,0.488500,,0.542500,0.491950,,,0.133,368.0
2655,0.488867,,0.542500,0.491950,,,0.130,368.1
2656,0.489867,,0.542500,0.491950,,,0.131,368.2
2657,0.488000,,0.542500,0.491950,,,0.131,368.4
2658,0.488433,,0.542500,0.491950,,,0.133,368.5
2659,0.487900,,0.542500,0.491950,,,0.132,368.6
2660,0.486150,,0.542500,0.491950,,,0.131,368.8
2661,0.485450,,0.542500,0.491950,,,0.133,368.9
2662,0.486050,,0.542500,0.491950,,,0.131,369.0
2663,0.488667,,0.542500,0.491950,,,0.129,369.2
2664,0.486317,,0.542500,0.491950,,,0.199,369.4
2665,0.488000,,0.542500,0.491950,,,0.133,369.5
2666,0.486183,,0.542500,0.491950,,,0.131,369.6
2667,0.488550,,0.542500,0.491950,,,0.133,369.7
2668,0.489367,,0.542500,0.491950,,,0.132,369.9
2669,0.489250,,0.542500,0.491950,,,0.131,370.0
2670,0.489033,,0.542500,0.491950,,,0.131,370.1
2671,0.486033,,0.542500,0.491950,,,0.133,370.3
2672,0.486150,,0.542500,0.491950,,,0.133,370.4
2673,0.487783,,0.542500,0.491950,,,0.132,370.5
2674,0.487850,,0.542500,0.491950,,,0.132,370.7
2675,0.486617,,0.542500,0.491950,,,0.133,370.8
2676,0.488283,,0.542500,0.491950,,,0.127,370.9
2677,0.489133,,0.542500,0.491950,,,0.133,371.1
2678,0.486733,,0.542500,0.491950,,,0.133,371.2
2679,0.485267,,0.542500,0.491950,,,0.131,371.3
2680,0.485783,,0.542500,0.491950,,,0.132,371.5
2681,0.487200,,0.542500,0.491950,,,0.133,371.6
2682,0.488383,,0.542500,0.491950,,,0.133,371.7
2683,0.489817,,0.542500,0.491950,,,0.133,371.9
2684,0.486583,,0.542500,0.491950,,,0.130,372.0
2685,0.485167,,0.542500,0.491950,,,0.132,372.1
2686,0.487067,,0.542500,0.491950,,,0.132,372.3
2687,0.486500,,0.542500,0.491950,,,0.131,372.4
2688,0.488450,,0.542500,0.491950,,,0.132,372.5
2689,0.487333,,0.542500,0.491950,,,0.134,372.6
2690,0.488100,,0.542500,0.491950,,,0.132,372.8
2691,0.486783,,0.542500,0.491950,,,0.132,372.9
2692,0.488617,,0.542500,0.491950,,,0.132,373.0
2693,0.487883,,0.542500,0.491950,,,0.132,373.2
2694,0.486183,,0.542500,0.491950,,,0.133,373.3
2695,0.486900,,0.542500,0.491950,,,0.132,373.4
2696,0.486117,,0.542500,0.491950,,,0.134,373.6
2697,0.487133,,0.542500,0.491950,,,0.132,373.7
2698,0.489117,,0.542500,0.491950,,,0.133,373.8
2699,0.487117,,0.542500,0.491950,,,0.137,374.0
2700,0.489350,0.546500027179718,0.546500,0.491950,0.030290542170405388,0.8954015970230103,0.245,374.2
2701,0.485867,,0.546500,0.491950,,,0.127,374.4
2702,0.487150,,0.546500,0.491950,,,0.132,374.5
2703,0.486867,,0.546500,0.491950,,,0.133,374.6
2704,0.487417,,0.546500,0.491950,,,0.131,374.7
2705,0.488650,,0.546500,0.491950,,,0.132,374.9
2706,0.488067,,0.546500,0.491950,,,0.134,375.0
2707,0.487267,,0.546500,0.491950,,,0.134,375.1
2708,0.488583,,0.546500,0.491950,,,0.133,375.3
2709,0.486450,,0.546500,0.491950,,,0.201,375.5
2710,0.489200,,0.546500,0.491950,,,0.132,375.6
2711,0.488467,,0.546500,0.491950,,,0.133,375.7
2712,0.489150,,0.546500,0.491950,,,0.131,375.9
2713,0.486117,,0.546500,0.491950,,,0.133,376.0
2714,0.489267,,0.546500,0.491950,,,0.131,376.1
2715,0.487400,,0.546500,0.491950,,,0.130,376.3
2716,0.488567,,0.546500,0.491950,,,0.132,376.4
2717,0.488683,,0.546500,0.491950,,,0.133,376.5
2718,0.486833,,0.546500,0.491950,,,0.134,376.7
2719,0.487950,,0.546500,0.491950,,,0.134,376.8
2720,0.487933,,0.546500,0.491950,,,0.131,376.9
2721,0.488267,,0.546500,0.491950,,,0.131,377.1
2722,0.489467,,0.546500,0.491950,,,0.132,377.2
2723,0.488000,,0.546500,0.491950,,,0.132,377.3
2724,0.490200,,0.546500,0.491950,,,0.135,377.5
2725,0.485550,,0.546500,0.491950,,,0.133,377.6
2726,0.488767,,0.546500,0.491950,,,0.135,377.7
2727,0.488317,,0.546500,0.491950,,,0.131,377.9
2728,0.487517,,0.546500,0.491950,,,0.132,378.0
2729,0.490900,,0.546500,0.491950,,,0.133,378.1
2730,0.487083,,0.546500,0.491950,,,0.131,378.3
2731,0.490117,,0.546500,0.491950,,,0.136,378.4
2732,0.489067,,0.546500,0.491950,,,0.142,378.5
2733,0.490783,,0.546500,0.491950,,,0.132,378.7
2734,0.488500,,0.546500,0.491950,,,0.130,378.8
2735,0.488450,,0.546500,0.491950,,,0.137,378.9
2736,0.487650,,0.546500,0.491950,,,0.133,379.1
2737,0.491967,,0.546500,0.491967,,,0.131,379.2
2738,0.488767,,0.546500,0.491967,,,0.132,379.3
2739,0.489150,,0.546500,0.491967,,,0.167,379.5
2740,0.489867,,0.546500,0.491967,,,0.135,379.6
2741,0.488950,,0.546500,0.491967,,,0.132,379.8
2742,0.487917,,0.546500,0.491967,,,0.134,379.9
2743,0.488133,,0.546500,0.491967,,,0.132,380.0
2744,0.488683,,0.546500,0.491967,,,0.131,380.2
2745,0.489500,,0.546500,0.491967,,,0.135,380.3
2746,0.487417,,0.546500,0.491967,,,0.133,380.4
2747,0.489017,,0.546500,0.491967,,,0.131,380.6
2748,0.488733,,0.546500,0.491967,,,0.131,380.7
2749,0.489433,,0.546500,0.491967,,,0.132,380.8
2750,0.488050,,0.546500,0.491967,,,0.130,381.0
2751,0.490200,,0.546500,0.491967,,,0.132,381.1
2752,0.487383,,0.546500,0.491967,,,0.133,381.2
2753,0.488600,,0.546500,0.491967,,,0.132,381.4
2754,0.487400,,0.546500,0.491967,,,0.130,381.5
2755,0.487733,,0.546500,0.491967,,,0.133,381.6
2756,0.486650,,0.546500,0.491967,,,0.130,381.7
2757,0.489583,,0.546500,0.491967,,,0.132,381.9
2758,0.488283,,0.546500,0.491967,,,0.134,382.0
2759,0.488400,,0.546500,0.491967,,,0.136,382.1
2760,0.487283,,0.546500,0.491967,,,0.132,382.3
2761,0.487983,,0.546500,0.491967,,,0.132,382.4
2762,0.489667,,0.546500,0.491967,,,0.133,382.5
2763,0.488600,,0.546500,0.491967,,,0.133,382.7
2764,0.488217,,0.546500,0.491967,,,0.131,382.8
2765,0.490200,,0.546500,0.491967,,,0.131,382.9
2766,0.489600,,0.546500,0.491967,,,0.133,383.1
2767,0.490033,,0.546500,0.491967,,,0.134,383.2
2768,0.487200,,0.546500,0.491967,,,0.131,383.3
2769,0.488333,,0.546500,0.491967,,,0.138,383.5
2770,0.489400,,0.546500,0.491967,,,0.132,383.6
2771,0.489600,,0.546500,0.491967,,,0.132,383.7
2772,0.488633,,0.546500,0.491967,,,0.131,383.9
2773,0.487550,,0.546500,0.491967,,,0.131,384.0
2774,0.490650,,0.546500,0.491967,,,0.132,384.1
2775,0.488517,,0.546500,0.491967,,,0.132,384.3
2776,0.487750,,0.546500,0.491967,,,0.131,384.4
2777,0.486600,,0.546500,0.491967,,,0.133,384.5
2778,0.484183,,0.546500,0.491967,,,0.131,384.7
2779,0.488317,,0.546500,0.491967,,,0.133,384.8
2780,0.487900,,0.546500,0.491967,,,0.134,384.9
2781,0.488417,,0.546500,0.491967,,,0.133,385.1
2782,0.488483,,0.546500,0.491967,,,0.132,385.2
2783,0.488217,,0.546500,0.491967,,,0.131,385.3
2784,0.487950,,0.546500,0.491967,,,0.132,385.5
2785,0.486867,,0.546500,0.491967,,,0.200,385.7
2786,0.488500,,0.546500,0.491967,,,0.132,385.8
2787,0.487717,,0.546500,0.491967,,,0.135,385.9
2788,0.489100,,0.546500,0.491967,,,0.133,386.1
2789,0.487967,,0.546500,0.491967,,,0.134,386.2
2790,0.488350,,0.546500,0.491967,,,0.133,386.3
2791,0.486633,,0.546500,0.491967,,,0.130,386.5
2792,0.486433,,0.546500,0.491967,,,0.133,386.6
2793,0.489050,,0.546500,0.491967,,,0.132,386.7
2794,0.488850,,0.546500,0.491967,,,0.133,386.9
2795,0.488950,,0.546500,0.491967,,,0.132,387.0
2796,0.490033,,0.546500,0.491967,,,0.133,387.1
2797,0.488667,,0.546500,0.491967,,,0.134,387.3
2798,0.488383,,0.546500,0.491967,,,0.133,387.4
2799,0.488650,,0.546500,0.491967,,,0.132,387.5
2800,0.487817,0.5425000190734863,0.546500,0.491967,0.030066346749663353,0.8968255519866943,0.257,387.8
2801,0.490183,,0.546500,0.491967,,,0.131,387.9
2802,0.489150,,0.546500,0.491967,,,0.135,388.0
2803,0.488917,,0.546500,0.491967,,,0.135,388.2
2804,0.489700,,0.546500,0.491967,,,0.134,388.3
2805,0.488333,,0.546500,0.491967,,,0.140,388.4
2806,0.487483,,0.546500,0.491967,,,0.135,388.6
2807,0.488350,,0.546500,0.491967,,,0.135,388.7
2808,0.488767,,0.546500,0.491967,,,0.134,388.9
2809,0.489217,,0.546500,0.491967,,,0.135,389.0
2810,0.488150,,0.546500,0.491967,,,0.132,389.1
2811,0.488500,,0.546500,0.491967,,,0.134,389.3
2812,0.490333,,0.546500,0.491967,,,0.132,389.4
2813,0.489100,,0.546500,0.491967,,,0.132,389.5
2814,0.490317,,0.546500,0.491967,,,0.133,389.7
2815,0.489433,,0.546500,0.491967,,,0.133,389.8
2816,0.490383,,0.546500,0.491967,,,0.137,389.9
2817,0.487600,,0.546500,0.491967,,,0.133,390.1
2818,0.487083,,0.546500,0.491967,,,0.133,390.2
2819,0.489917,,0.546500,0.491967,,,0.133,390.3
2820,0.489350,,0.546500,0.491967,,,0.133,390.5
2821,0.488233,,0.546500,0.491967,,,0.135,390.6
2822,0.487500,,0.546500,0.491967,,,0.133,390.7
2823,0.486867,,0.546500,0.491967,,,0.135,390.9
2824,0.488933,,0.546500,0.491967,,,0.145,391.0
2825,0.490283,,0.546500,0.491967,,,0.129,391.1
2826,0.487617,,0.546500,0.491967,,,0.134,391.3
2827,0.489700,,0.546500,0.491967,,,0.130,391.4
2828,0.488383,,0.546500,0.491967,,,0.133,391.5
2829,0.490717,,0.546500,0.491967,,,0.189,391.7
2830,0.488433,,0.546500,0.491967,,,0.133,391.8
2831,0.487833,,0.546500,0.491967,,,0.132,392.0
2832,0.487783,,0.546500,0.491967,,,0.132,392.1
2833,0.487650,,0.546500,0.491967,,,0.134,392.2
2834,0.488033,,0.546500,0.491967,,,0.134,392.4
2835,0.488733,,0.546500,0.491967,,,0.131,392.5
2836,0.486150,,0.546500,0.491967,,,0.132,392.6
2837,0.487350,,0.546500,0.491967,,,0.131,392.8
2838,0.489400,,0.546500,0.491967,,,0.131,392.9
2839,0.488367,,0.546500,0.491967,,,0.131,393.0
2840,0.488000,,0.546500,0.491967,,,0.130,393.2
2841,0.489067,,0.546500,0.491967,,,0.132,393.3
2842,0.490133,,0.546500,0.491967,,,0.131,393.4
2843,0.487017,,0.546500,0.491967,,,0.131,393.6
2844,0.487417,,0.546500,0.491967,,,0.134,393.7
2845,0.491667,,0.546500,0.491967,,,0.132,393.8
2846,0.488817,,0.546500,0.491967,,,0.130,394.0
2847,0.489950,,0.546500,0.491967,,,0.134,394.1
2848,0.489667,,0.546500,0.491967,,,0.133,394.2
2849,0.487483,,0.546500,0.491967,,,0.131,394.4
2850,0.489767,,0.546500,0.491967,,,0.134,394.5
2851,0.486117,,0.546500,0.491967,,,0.132,394.6
2852,0.487850,,0.546500,0.491967,,,0.130,394.8
2853,0.488367,,0.546500,0.491967,,,0.133,394.9
2854,0.488100,,0.546500,0.491967,,,0.125,395.0
2855,0.488183,,0.546500,0.491967,,,0.133,395.1
2856,0.487683,,0.546500,0.491967,,,0.134,395.3
2857,0.489200,,0.546500,0.491967,,,0.133,395.4
2858,0.488567,,0.546500,0.491967,,,0.133,395.5
2859,0.487733,,0.546500,0.491967,,,0.133,395.7
2860,0.488317,,0.546500,0.491967,,,0.133,395.8
2861,0.489400,,0.546500,0.491967,,,0.132,395.9
2862,0.487183,,0.546500,0.491967,,,0.131,396.1
2863,0.488750,,0.546500,0.491967,,,0.131,396.2
2864,0.489033,,0.546500,0.491967,,,0.131,396.3
2865,0.489333,,0.546500,0.491967,,,0.131,396.5
2866,0.491383,,0.546500,0.491967,,,0.134,396.6
2867,0.491817,,0.546500,0.491967,,,0.133,396.7
2868,0.488150,,0.546500,0.491967,,,0.135,396.9
2869,0.491100,,0.546500,0.491967,,,0.133,397.0
2870,0.489300,,0.546500,0.491967,,,0.132,397.1
2871,0.486617,,0.546500,0.491967,,,0.134,397.3
2872,0.488083,,0.546500,0.491967,,,0.131,397.4
2873,0.487333,,0.546500,0.491967,,,0.132,397.5
2874,0.490283,,0.546500,0.491967,,,0.139,397.7
2875,0.489150,,0.546500,0.491967,,,0.132,397.8
2876,0.487783,,0.546500,0.491967,,,0.138,397.9
2877,0.489733,,0.546500,0.491967,,,0.132,398.1
2878,0.490983,,0.546500,0.491967,,,0.133,398.2
2879,0.490333,,0.546500,0.491967,,,0.131,398.3
2880,0.489183,,0.546500,0.491967,,,0.132,398.5
2881,0.487883,,0.546500,0.491967,,,0.133,398.6
2882,0.488067,,0.546500,0.491967,,,0.130,398.7
2883,0.488450,,0.546500,0.491967,,,0.132,398.9
2884,0.487750,,0.546500,0.491967,,,0.131,399.0
2885,0.489950,,0.546500,0.491967,,,0.130,399.1
2886,0.491233,,0.546500,0.491967,,,0.134,399.3
2887,0.490433,,0.546500,0.491967,,,0.133,399.4
2888,0.487617,,0.546500,0.491967,,,0.131,399.5
2889,0.486300,,0.546500,0.491967,,,0.132,399.7
2890,0.488900,,0.546500,0.491967,,,0.201,399.9
2891,0.486317,,0.546500,0.491967,,,0.133,400.0
2892,0.490500,,0.546500,0.491967,,,0.132,400.1
2893,0.487333,,0.546500,0.491967,,,0.132,400.3
2894,0.488883,,0.546500,0.491967,,,0.132,400.4
2895,0.490883,,0.546500,0.491967,,,0.132,400.5
2896,0.490200,,0.546500,0.491967,,,0.131,400.6
2897,0.491400,,0.546500,0.491967,,,0.131,400.8
2898,0.487700,,0.546500,0.491967,,,0.131,400.9
2899,0.491767,,0.546500,0.491967,,,0.132,401.0
2900,0.492500,0.5455000400543213,0.546500,0.492500,0.029511772096157074,0.899864137172699,0.242,401.3
2901,0.489900,,0.546500,0.492500,,,0.128,401.4
2902,0.490750,,0.546500,0.492500,,,0.134,401.5
2903,0.491450,,0.546500,0.492500,,,0.133,401.7
2904,0.489717,,0.546500,0.492500,,,0.133,401.8
2905,0.488200,,0.546500,0.492500,,,0.200,402.0
2906,0.488817,,0.546500,0.492500,,,0.130,402.1
2907,0.489733,,0.546500,0.492500,,,0.131,402.3
2908,0.490000,,0.546500,0.492500,,,0.130,402.4
2909,0.489133,,0.546500,0.492500,,,0.132,402.5
2910,0.489650,,0.546500,0.492500,,,0.132,402.7
2911,0.492767,,0.546500,0.492767,,,0.136,402.8
2912,0.489167,,0.546500,0.492767,,,0.133,402.9
2913,0.488883,,0.546500,0.492767,,,0.132,403.1
2914,0.490300,,0.546500,0.492767,,,0.131,403.2
2915,0.487917,,0.546500,0.492767,,,0.130,403.3
2916,0.488300,,0.546500,0.492767,,,0.130,403.5
2917,0.487900,,0.546500,0.492767,,,0.131,403.6
2918,0.491333,,0.546500,0.492767,,,0.131,403.7
2919,0.489717,,0.546500,0.492767,,,0.131,403.9
2920,0.489433,,0.546500,0.492767,,,0.132,404.0
2921,0.488467,,0.546500,0.492767,,,0.200,404.2
2922,0.488883,,0.546500,0.492767,,,0.133,404.3
2923,0.490567,,0.546500,0.492767,,,0.132,404.4
2924,0.489117,,0.546500,0.492767,,,0.134,404.6
2925,0.490700,,0.546500,0.492767,,,0.132,404.7
2926,0.490567,,0.546500,0.492767,,,0.132,404.8
2927,0.489167,,0.546500,0.492767,,,0.133,405.0
2928,0.489167,,0.546500,0.492767,,,0.134,405.1
2929,0.487917,,0.546500,0.492767,,,0.133,405.2
2930,0.487717,,0.546500,0.492767,,,0.132,405.4
2931,0.488300,,0.546500,0.492767,,,0.130,405.5
2932,0.488033,,0.546500,0.492767,,,0.132,405.6
2933,0.490383,,0.546500,0.492767,,,0.132,405.8
2934,0.488833,,0.546500,0.492767,,,0.132,405.9
2935,0.488050,,0.546500,0.492767,,,0.131,406.0
2936,0.491050,,0.546500,0.492767,,,0.133,406.2
2937,0.492517,,0.546500,0.492767,,,0.132,406.3
2938,0.489417,,0.546500,0.492767,,,0.131,406.4
2939,0.488717,,0.546500,0.492767,,,0.134,406.6
2940,0.489650,,0.546500,0.492767,,,0.132,406.7
2941,0.489950,,0.546500,0.492767,,,0.133,406.8
2942,0.490833,,0.546500,0.492767,,,0.132,407.0
2943,0.490417,,0.546500,0.492767,,,0.133,407.1
2944,0.492967,,0.546500,0.492967,,,0.131,407.2
2945,0.490583,,0.546500,0.492967,,,0.135,407.4
2946,0.488567,,0.546500,0.492967,,,0.142,407.5
2947,0.488167,,0.546500,0.492967,,,0.132,407.6
2948,0.489517,,0.546500,0.492967,,,0.133,407.8
2949,0.488700,,0.546500,0.492967,,,0.132,407.9
2950,0.489983,,0.546500,0.492967,,,0.132,408.0
2951,0.488433,,0.546500,0.492967,,,0.164,408.2
2952,0.489967,,0.546500,0.492967,,,0.134,408.3
2953,0.488200,,0.546500,0.492967,,,0.129,408.5
2954,0.488517,,0.546500,0.492967,,,0.133,408.6
2955,0.493050,,0.546500,0.493050,,,0.133,408.7
2956,0.488500,,0.546500,0.493050,,,0.132,408.9
2957,0.489300,,0.546500,0.493050,,,0.133,409.0
2958,0.490633,,0.546500,0.493050,,,0.131,409.1
2959,0.490567,,0.546500,0.493050,,,0.133,409.3
2960,0.488233,,0.546500,0.493050,,,0.130,409.4
2961,0.490500,,0.546500,0.493050,,,0.132,409.5
2962,0.489267,,0.546500,0.493050,,,0.133,409.6
2963,0.488583,,0.546500,0.493050,,,0.131,409.8
2964,0.490933,,0.546500,0.493050,,,0.133,409.9
2965,0.488533,,0.546500,0.493050,,,0.135,410.0
2966,0.487767,,0.546500,0.493050,,,0.133,410.2
2967,0.487583,,0.546500,0.493050,,,0.133,410.3
2968,0.488033,,0.546500,0.493050,,,0.129,410.4
2969,0.489183,,0.546500,0.493050,,,0.134,410.6
2970,0.487550,,0.546500,0.493050,,,0.133,410.7
2971,0.489550,,0.546500,0.493050,,,0.133,410.8
2972,0.487150,,0.546500,0.493050,,,0.132,411.0
2973,0.490983,,0.546500,0.493050,,,0.131,411.1
2974,0.490133,,0.546500,0.493050,,,0.133,411.2
2975,0.487983,,0.546500,0.493050,,,0.131,411.4
2976,0.488100,,0.546500,0.493050,,,0.134,411.5
2977,0.490367,,0.546500,0.493050,,,0.132,411.6
2978,0.489750,,0.546500,0.493050,,,0.136,411.8
2979,0.487100,,0.546500,0.493050,,,0.131,411.9
2980,0.487100,,0.546500,0.493050,,,0.130,412.0
2981,0.487133,,0.546500,0.493050,,,0.136,412.2
2982,0.489950,,0.546500,0.493050,,,0.131,412.3
2983,0.489083,,0.546500,0.493050,,,0.131,412.4
2984,0.489100,,0.546500,0.493050,,,0.132,412.6
2985,0.486917,,0.546500,0.493050,,,0.130,412.7
2986,0.489233,,0.546500,0.493050,,,0.132,412.8
2987,0.488783,,0.546500,0.493050,,,0.131,413.0
2988,0.490633,,0.546500,0.493050,,,0.130,413.1
2989,0.490633,,0.546500,0.493050,,,0.131,413.2
2990,0.490950,,0.546500,0.493050,,,0.134,413.3
2991,0.491733,,0.546500,0.493050,,,0.132,413.5
2992,0.487133,,0.546500,0.493050,,,0.133,413.6
2993,0.491267,,0.546500,0.493050,,,0.125,413.7
2994,0.492367,,0.546500,0.493050,,,0.132,413.9
2995,0.488783,,0.546500,0.493050,,,0.131,414.0
2996,0.489983,,0.546500,0.493050,,,0.130,414.1
2997,0.490850,,0.546500,0.493050,,,0.131,414.3
2998,0.488983,,0.546500,0.493050,,,0.133,414.4
2999,0.491867,0.550000011920929,0.550000,0.493050,0.029169466346502304,0.901885986328125,0.244,414.6
