epoch,train_acc,val_acc,best_val,best_train,epoch_time,cum_time
0,0.082233,0.09799999743700027,0.098000,0.082233,7.648,7.6
1,0.084517,,0.098000,0.084517,1.337,9.0
2,0.083617,,0.098000,0.084517,2.179,11.2
3,0.084500,,0.098000,0.084517,2.152,13.3
4,0.083000,,0.098000,0.084517,2.152,15.5
5,0.084667,,0.098000,0.084667,2.254,17.7
6,0.082717,,0.098000,0.084667,2.319,20.0
7,0.084467,,0.098000,0.084667,2.225,22.3
8,0.085867,,0.098000,0.085867,2.227,24.5
9,0.084833,,0.098000,0.085867,2.170,26.7
10,0.084967,,0.098000,0.085867,2.265,28.9
11,0.086783,,0.098000,0.086783,2.165,31.1
12,0.084583,,0.098000,0.086783,2.161,33.3
13,0.085800,,0.098000,0.086783,2.161,35.4
14,0.086800,,0.098000,0.086800,2.174,37.6
15,0.086400,,0.098000,0.086800,2.168,39.8
16,0.087633,,0.098000,0.087633,2.243,42.0
17,0.088333,,0.098000,0.088333,2.167,44.2
18,0.090617,,0.098000,0.090617,2.333,46.5
19,0.089700,,0.098000,0.090617,2.260,48.8
20,0.091567,,0.098000,0.091567,2.175,50.9
21,0.091783,,0.098000,0.091783,2.197,53.1
22,0.091567,,0.098000,0.091783,2.259,55.4
23,0.095167,,0.098000,0.095167,2.255,57.6
24,0.096033,,0.098000,0.096033,2.302,59.9
25,0.096833,,0.098000,0.096833,2.233,62.2
26,0.095833,,0.098000,0.096833,2.289,64.5
27,0.097433,,0.098000,0.097433,2.202,66.7
28,0.101083,,0.098000,0.101083,2.218,68.9
29,0.100600,,0.098000,0.101083,2.197,71.1
30,0.100500,,0.098000,0.101083,2.217,73.3
31,0.103900,,0.098000,0.103900,2.262,75.6
32,0.102667,,0.098000,0.103900,2.252,77.8
33,0.103667,,0.098000,0.103900,2.208,80.0
34,0.104883,,0.098000,0.104883,2.243,82.3
35,0.105700,,0.098000,0.105700,2.399,84.7
36,0.106867,,0.098000,0.106867,2.295,87.0
37,0.107300,,0.098000,0.107300,2.366,89.3
38,0.108800,,0.098000,0.108800,2.324,91.7
39,0.108500,,0.098000,0.108800,2.203,93.9
40,0.110167,,0.098000,0.110167,2.198,96.1
41,0.108567,,0.098000,0.110167,2.192,98.2
42,0.109950,,0.098000,0.110167,2.227,100.5
43,0.110967,,0.098000,0.110967,2.211,102.7
44,0.110317,,0.098000,0.110967,2.191,104.9
45,0.112567,,0.098000,0.112567,2.188,107.1
46,0.113517,,0.098000,0.113517,2.245,109.3
47,0.112017,,0.098000,0.113517,2.301,111.6
48,0.112217,,0.098000,0.113517,2.421,114.0
49,0.113583,,0.098000,0.113583,2.320,116.3
50,0.113050,0.10099999606609344,0.101000,0.113583,3.193,119.5
51,0.115083,,0.101000,0.115083,1.368,120.9
52,0.114833,,0.101000,0.115083,2.201,123.1
53,0.114717,,0.101000,0.115083,2.180,125.3
54,0.113300,,0.101000,0.115083,2.329,127.6
55,0.116317,,0.101000,0.116317,2.394,130.0
56,0.114750,,0.101000,0.116317,2.345,132.4
57,0.117067,,0.101000,0.117067,2.239,134.6
58,0.114267,,0.101000,0.117067,2.222,136.8
59,0.117867,,0.101000,0.117867,2.220,139.0
60,0.118917,,0.101000,0.118917,2.262,141.3
61,0.117367,,0.101000,0.118917,2.307,143.6
62,0.118583,,0.101000,0.118917,2.230,145.8
63,0.119700,,0.101000,0.119700,2.285,148.1
64,0.119250,,0.101000,0.119700,2.155,150.3
65,0.120267,,0.101000,0.120267,2.159,152.4
66,0.121050,,0.101000,0.121050,2.167,154.6
67,0.120750,,0.101000,0.121050,2.245,156.8
68,0.121450,,0.101000,0.121450,2.247,159.1
69,0.120983,,0.101000,0.121450,2.093,161.2
70,0.121933,,0.101000,0.121933,2.033,163.2
71,0.120650,,0.101000,0.121933,2.015,165.2
72,0.122667,,0.101000,0.122667,2.016,167.3
73,0.121883,,0.101000,0.122667,2.022,169.3
74,0.120917,,0.101000,0.122667,2.030,171.3
75,0.124800,,0.101000,0.124800,2.015,173.3
76,0.122350,,0.101000,0.124800,2.021,175.3
77,0.124200,,0.101000,0.124800,2.015,177.4
78,0.122417,,0.101000,0.124800,2.019,179.4
79,0.124117,,0.101000,0.124800,2.017,181.4
80,0.123017,,0.101000,0.124800,2.023,183.4
81,0.125117,,0.101000,0.125117,2.086,185.5
82,0.123367,,0.101000,0.125117,2.018,187.5
83,0.125250,,0.101000,0.125250,2.030,189.5
84,0.126900,,0.101000,0.126900,2.040,191.6
85,0.126017,,0.101000,0.126900,2.018,193.6
86,0.127850,,0.101000,0.127850,2.036,195.6
87,0.127617,,0.101000,0.127850,2.020,197.7
88,0.126450,,0.101000,0.127850,2.019,199.7
89,0.125750,,0.101000,0.127850,2.035,201.7
90,0.127000,,0.101000,0.127850,2.015,203.7
91,0.129650,,0.101000,0.129650,2.014,205.7
92,0.128583,,0.101000,0.129650,2.017,207.8
93,0.130000,,0.101000,0.130000,2.022,209.8
94,0.128550,,0.101000,0.130000,2.021,211.8
95,0.130017,,0.101000,0.130017,2.018,213.8
96,0.129000,,0.101000,0.130017,2.086,215.9
97,0.131300,,0.101000,0.131300,2.014,217.9
98,0.132150,,0.101000,0.132150,2.022,219.9
99,0.131917,,0.101000,0.132150,2.019,222.0
100,0.131750,0.11889999359846115,0.118900,0.132150,2.808,224.8
101,0.132200,,0.118900,0.132200,1.280,226.1
102,0.132683,,0.118900,0.132683,2.027,228.1
103,0.133650,,0.118900,0.133650,2.029,230.1
104,0.134850,,0.118900,0.134850,2.021,232.1
105,0.133700,,0.118900,0.134850,2.013,234.1
106,0.135100,,0.118900,0.135100,2.016,236.2
107,0.136683,,0.118900,0.136683,2.019,238.2
108,0.137217,,0.118900,0.137217,2.023,240.2
109,0.139683,,0.118900,0.139683,2.016,242.2
110,0.137633,,0.118900,0.139683,2.088,244.3
111,0.138383,,0.118900,0.139683,2.019,246.3
112,0.139767,,0.118900,0.139767,2.029,248.4
113,0.140583,,0.118900,0.140583,2.028,250.4
114,0.141683,,0.118900,0.141683,2.013,252.4
115,0.142183,,0.118900,0.142183,2.023,254.4
116,0.142317,,0.118900,0.142317,2.020,256.4
117,0.143333,,0.118900,0.143333,2.016,258.5
118,0.144433,,0.118900,0.144433,2.019,260.5
119,0.145500,,0.118900,0.145500,2.080,262.6
120,0.146817,,0.118900,0.146817,2.022,264.6
121,0.148733,,0.118900,0.148733,2.087,266.7
122,0.149950,,0.118900,0.149950,2.026,268.7
123,0.150200,,0.118900,0.150200,2.035,270.7
124,0.150200,,0.118900,0.150200,2.017,272.7
125,0.153983,,0.118900,0.153983,2.012,274.7
126,0.153267,,0.118900,0.153983,2.028,276.8
127,0.155350,,0.118900,0.155350,2.031,278.8
128,0.155217,,0.118900,0.155350,2.015,280.8
129,0.159883,,0.118900,0.159883,2.015,282.8
130,0.160650,,0.118900,0.160650,2.013,284.9
131,0.161017,,0.118900,0.161017,2.020,286.9
132,0.160917,,0.118900,0.161017,2.014,288.9
133,0.165750,,0.118900,0.165750,2.017,290.9
134,0.167683,,0.118900,0.167683,2.013,292.9
135,0.168050,,0.118900,0.168050,2.012,294.9
136,0.171100,,0.118900,0.171100,2.020,296.9
137,0.171300,,0.118900,0.171300,2.015,299.0
138,0.171683,,0.118900,0.171683,2.020,301.0
139,0.175367,,0.118900,0.175367,2.025,303.0
140,0.177567,,0.118900,0.177567,2.018,305.0
141,0.177800,,0.118900,0.177800,2.016,307.0
142,0.182650,,0.118900,0.182650,2.010,309.1
143,0.181150,,0.118900,0.182650,2.017,311.1
144,0.186817,,0.118900,0.186817,2.086,313.2
145,0.188483,,0.118900,0.188483,2.023,315.2
146,0.192900,,0.118900,0.192900,2.022,317.2
147,0.194033,,0.118900,0.194033,2.013,319.2
148,0.196400,,0.118900,0.196400,2.076,321.3
149,0.197217,,0.118900,0.197217,2.016,323.3
150,0.199167,0.25380000472068787,0.253800,0.199167,2.877,326.2
151,0.201350,,0.253800,0.201350,1.238,327.4
152,0.202883,,0.253800,0.202883,2.015,329.4
153,0.205100,,0.253800,0.205100,2.015,331.4
154,0.205433,,0.253800,0.205433,2.022,333.5
155,0.209650,,0.253800,0.209650,2.022,335.5
156,0.211750,,0.253800,0.211750,2.034,337.5
157,0.213283,,0.253800,0.213283,2.083,339.6
158,0.216583,,0.253800,0.216583,2.039,341.6
159,0.219433,,0.253800,0.219433,2.094,343.7
160,0.219417,,0.253800,0.219433,2.050,345.8
161,0.224300,,0.253800,0.224300,2.022,347.8
162,0.225400,,0.253800,0.225400,2.081,349.9
163,0.226283,,0.253800,0.226283,2.017,351.9
164,0.228400,,0.253800,0.228400,2.022,353.9
165,0.231100,,0.253800,0.231100,2.025,356.0
166,0.232333,,0.253800,0.232333,2.022,358.0
167,0.234833,,0.253800,0.234833,2.089,360.1
168,0.237300,,0.253800,0.237300,2.023,362.1
169,0.239067,,0.253800,0.239067,2.033,364.1
170,0.241550,,0.253800,0.241550,2.025,366.1
171,0.242317,,0.253800,0.242317,2.016,368.2
172,0.244733,,0.253800,0.244733,2.020,370.2
173,0.246767,,0.253800,0.246767,2.103,372.3
174,0.249050,,0.253800,0.249050,2.020,374.3
175,0.250467,,0.253800,0.250467,2.077,376.4
176,0.253333,,0.253800,0.253333,2.015,378.4
177,0.253017,,0.253800,0.253333,2.084,380.5
178,0.256983,,0.253800,0.256983,2.022,382.5
179,0.259533,,0.253800,0.259533,2.094,384.6
180,0.261383,,0.253800,0.261383,2.025,386.6
181,0.265867,,0.253800,0.265867,2.013,388.6
182,0.266183,,0.253800,0.266183,2.080,390.7
183,0.267083,,0.253800,0.267083,2.018,392.7
184,0.269233,,0.253800,0.269233,2.089,394.8
185,0.273033,,0.253800,0.273033,2.016,396.8
186,0.275250,,0.253800,0.275250,2.025,398.9
187,0.277033,,0.253800,0.277033,2.036,400.9
188,0.276767,,0.253800,0.277033,2.012,402.9
189,0.278383,,0.253800,0.278383,2.016,404.9
190,0.281050,,0.253800,0.281050,2.017,406.9
191,0.281483,,0.253800,0.281483,2.021,409.0
192,0.283200,,0.253800,0.283200,2.038,411.0
193,0.284317,,0.253800,0.284317,2.012,413.0
194,0.287967,,0.253800,0.287967,2.028,415.0
195,0.287283,,0.253800,0.287967,2.035,417.1
196,0.288700,,0.253800,0.288700,2.022,419.1
197,0.290117,,0.253800,0.290117,2.090,421.2
198,0.290317,,0.253800,0.290317,2.021,423.2
199,0.293183,,0.253800,0.293183,2.086,425.3
200,0.294033,0.31869998574256897,0.318700,0.294033,2.806,428.1
201,0.297350,,0.318700,0.297350,1.262,429.4
202,0.297217,,0.318700,0.297350,2.031,431.4
203,0.297950,,0.318700,0.297950,2.077,433.5
204,0.299833,,0.318700,0.299833,2.018,435.5
205,0.300050,,0.318700,0.300050,2.010,437.5
206,0.303450,,0.318700,0.303450,2.014,439.5
207,0.303267,,0.318700,0.303450,2.019,441.5
208,0.306500,,0.318700,0.306500,2.018,443.6
209,0.308100,,0.318700,0.308100,2.018,445.6
210,0.309467,,0.318700,0.309467,2.012,447.6
211,0.310783,,0.318700,0.310783,2.011,449.6
212,0.310400,,0.318700,0.310783,2.021,451.6
213,0.314350,,0.318700,0.314350,2.144,453.8
214,0.316233,,0.318700,0.316233,2.096,455.9
215,0.315850,,0.318700,0.316233,2.019,457.9
216,0.318383,,0.318700,0.318383,2.075,459.9
217,0.319700,,0.318700,0.319700,2.023,462.0
218,0.319833,,0.318700,0.319833,2.073,464.0
219,0.322783,,0.318700,0.322783,2.008,466.1
220,0.322833,,0.318700,0.322833,2.010,468.1
221,0.324950,,0.318700,0.324950,2.205,470.3
222,0.326733,,0.318700,0.326733,2.039,472.3
223,0.325100,,0.318700,0.326733,2.007,474.3
224,0.328700,,0.318700,0.328700,2.013,476.3
225,0.331517,,0.318700,0.331517,2.014,478.3
226,0.331817,,0.318700,0.331817,2.007,480.3
227,0.333383,,0.318700,0.333383,2.017,482.4
228,0.335233,,0.318700,0.335233,2.074,484.4
229,0.336033,,0.318700,0.336033,2.193,486.6
230,0.335517,,0.318700,0.336033,2.018,488.6
231,0.338750,,0.318700,0.338750,2.019,490.7
232,0.338867,,0.318700,0.338867,2.017,492.7
233,0.341033,,0.318700,0.341033,2.077,494.8
234,0.343400,,0.318700,0.343400,2.022,496.8
235,0.343933,,0.318700,0.343933,2.077,498.9
236,0.347967,,0.318700,0.347967,2.295,501.2
237,0.350583,,0.318700,0.350583,2.102,503.3
238,0.350283,,0.318700,0.350583,2.017,505.3
239,0.351750,,0.318700,0.351750,2.015,507.3
240,0.354733,,0.318700,0.354733,2.007,509.3
241,0.356767,,0.318700,0.356767,2.017,511.3
242,0.356850,,0.318700,0.356850,2.022,513.3
243,0.361183,,0.318700,0.361183,2.016,515.4
244,0.362017,,0.318700,0.362017,2.019,517.4
245,0.366133,,0.318700,0.366133,2.014,519.4
246,0.367067,,0.318700,0.367067,2.080,521.5
247,0.370000,,0.318700,0.370000,2.016,523.5
248,0.367450,,0.318700,0.370000,2.075,525.6
249,0.373500,,0.318700,0.373500,2.005,527.6
250,0.375883,0.4306999742984772,0.430700,0.375883,2.875,530.4
251,0.376867,,0.430700,0.376867,1.235,531.7
252,0.380217,,0.430700,0.380217,2.086,533.8
253,0.383483,,0.430700,0.383483,2.005,535.8
254,0.386667,,0.430700,0.386667,2.009,537.8
255,0.391167,,0.430700,0.391167,2.083,539.9
256,0.394217,,0.430700,0.394217,2.012,541.9
257,0.394033,,0.430700,0.394217,2.085,544.0
258,0.397833,,0.430700,0.397833,2.017,546.0
259,0.400633,,0.430700,0.400633,2.077,548.0
260,0.403633,,0.430700,0.403633,2.023,550.1
261,0.404967,,0.430700,0.404967,2.022,552.1
262,0.410250,,0.430700,0.410250,2.015,554.1
263,0.412600,,0.430700,0.412600,2.009,556.1
264,0.418250,,0.430700,0.418250,2.077,558.2
265,0.420233,,0.430700,0.420233,2.005,560.2
266,0.423617,,0.430700,0.423617,2.009,562.2
267,0.424467,,0.430700,0.424467,2.016,564.2
268,0.430667,,0.430700,0.430667,2.073,566.3
269,0.432650,,0.430700,0.432650,2.010,568.3
270,0.434367,,0.430700,0.434367,2.085,570.4
271,0.436100,,0.430700,0.436100,2.005,572.4
272,0.437733,,0.430700,0.437733,2.077,574.5
273,0.444033,,0.430700,0.444033,2.011,576.5
274,0.447383,,0.430700,0.447383,2.079,578.6
275,0.449867,,0.430700,0.449867,2.021,580.6
276,0.453167,,0.430700,0.453167,2.020,582.6
277,0.456983,,0.430700,0.456983,2.081,584.7
278,0.459950,,0.430700,0.459950,2.007,586.7
279,0.459483,,0.430700,0.459950,2.073,588.8
280,0.464383,,0.430700,0.464383,2.016,590.8
281,0.466900,,0.430700,0.466900,2.080,592.9
282,0.468517,,0.430700,0.468517,2.006,594.9
283,0.471317,,0.430700,0.471317,2.079,596.9
284,0.473567,,0.430700,0.473567,2.007,599.0
285,0.478150,,0.430700,0.478150,2.017,601.0
286,0.480850,,0.430700,0.480850,2.007,603.0
287,0.483833,,0.430700,0.483833,2.011,605.0
288,0.486883,,0.430700,0.486883,2.076,607.1
289,0.490967,,0.430700,0.490967,2.008,609.1
290,0.493667,,0.430700,0.493667,2.076,611.2
291,0.496283,,0.430700,0.496283,2.014,613.2
292,0.501267,,0.430700,0.501267,2.077,615.2
293,0.500883,,0.430700,0.501267,2.009,617.3
294,0.505950,,0.430700,0.505950,2.071,619.3
295,0.511733,,0.430700,0.511733,2.017,621.3
296,0.512067,,0.430700,0.512067,2.036,623.4
297,0.517833,,0.430700,0.517833,2.008,625.4
298,0.522067,,0.430700,0.522067,2.076,627.5
299,0.525233,,0.430700,0.525233,2.009,629.5
300,0.529033,0.6960999965667725,0.696100,0.529033,2.874,632.3
301,0.532467,,0.696100,0.532467,1.267,633.6
302,0.532900,,0.696100,0.532900,2.002,635.6
303,0.537550,,0.696100,0.537550,2.073,637.7
304,0.541333,,0.696100,0.541333,2.009,639.7
305,0.542350,,0.696100,0.542350,2.009,641.7
306,0.547700,,0.696100,0.547700,2.009,643.7
307,0.549350,,0.696100,0.549350,2.071,645.8
308,0.554117,,0.696100,0.554117,2.010,647.8
309,0.554167,,0.696100,0.554167,2.079,649.9
310,0.556333,,0.696100,0.556333,2.017,651.9
311,0.564683,,0.696100,0.564683,2.006,653.9
312,0.562350,,0.696100,0.564683,2.010,655.9
313,0.567200,,0.696100,0.567200,2.010,657.9
314,0.570100,,0.696100,0.570100,2.013,659.9
315,0.571583,,0.696100,0.571583,2.076,662.0
316,0.573417,,0.696100,0.573417,2.015,664.0
317,0.575933,,0.696100,0.575933,2.067,666.1
318,0.579317,,0.696100,0.579317,2.019,668.1
319,0.580517,,0.696100,0.580517,2.077,670.2
320,0.582667,,0.696100,0.582667,2.034,672.2
321,0.583800,,0.696100,0.583800,2.085,674.3
322,0.583433,,0.696100,0.583800,2.019,676.3
323,0.585367,,0.696100,0.585367,2.026,678.3
324,0.587533,,0.696100,0.587533,2.016,680.4
325,0.589717,,0.696100,0.589717,2.078,682.4
326,0.590333,,0.696100,0.590333,2.011,684.4
327,0.595317,,0.696100,0.595317,2.082,686.5
328,0.597333,,0.696100,0.597333,2.014,688.5
329,0.602983,,0.696100,0.602983,2.074,690.6
330,0.598350,,0.696100,0.602983,2.010,692.6
331,0.605383,,0.696100,0.605383,2.087,694.7
332,0.602667,,0.696100,0.605383,2.010,696.7
333,0.604767,,0.696100,0.605383,2.082,698.8
334,0.611300,,0.696100,0.611300,2.016,700.8
335,0.608583,,0.696100,0.611300,2.094,702.9
336,0.613150,,0.696100,0.613150,2.014,704.9
337,0.616450,,0.696100,0.616450,2.009,706.9
338,0.616233,,0.696100,0.616450,2.013,709.0
339,0.618767,,0.696100,0.618767,2.006,711.0
340,0.619383,,0.696100,0.619383,2.007,713.0
341,0.619733,,0.696100,0.619733,2.082,715.0
342,0.622967,,0.696100,0.622967,2.007,717.1
343,0.625217,,0.696100,0.625217,2.072,719.1
344,0.625250,,0.696100,0.625250,2.007,721.1
345,0.628350,,0.696100,0.628350,2.074,723.2
346,0.629100,,0.696100,0.629100,2.006,725.2
347,0.633300,,0.696100,0.633300,2.075,727.3
348,0.629883,,0.696100,0.633300,2.013,729.3
349,0.631300,,0.696100,0.633300,2.075,731.4
350,0.632017,0.7565000057220459,0.756500,0.633300,2.800,734.2
351,0.637867,,0.756500,0.637867,1.293,735.5
352,0.636750,,0.756500,0.637867,2.007,737.5
353,0.637517,,0.756500,0.637867,2.074,739.6
354,0.639017,,0.756500,0.639017,2.005,741.6
355,0.643133,,0.756500,0.643133,2.009,743.6
356,0.642833,,0.756500,0.643133,2.084,745.6
357,0.642100,,0.756500,0.643133,2.007,747.7
358,0.645667,,0.756500,0.645667,2.073,749.7
359,0.644900,,0.756500,0.645667,2.018,751.7
360,0.646367,,0.756500,0.646367,2.074,753.8
361,0.646417,,0.756500,0.646417,2.013,755.8
362,0.650567,,0.756500,0.650567,2.074,757.9
363,0.650333,,0.756500,0.650567,2.013,759.9
364,0.650767,,0.756500,0.650767,2.027,762.0
365,0.655217,,0.756500,0.655217,2.011,764.0
366,0.651950,,0.756500,0.655217,2.020,766.0
367,0.652017,,0.756500,0.655217,2.075,768.1
368,0.659367,,0.756500,0.659367,2.004,770.1
369,0.657650,,0.756500,0.659367,2.073,772.1
370,0.659017,,0.756500,0.659367,2.012,774.1
371,0.662850,,0.756500,0.662850,2.082,776.2
372,0.661700,,0.756500,0.662850,2.003,778.2
373,0.662733,,0.756500,0.662850,2.076,780.3
374,0.666383,,0.756500,0.666383,2.009,782.3
375,0.666933,,0.756500,0.666933,2.074,784.4
376,0.666567,,0.756500,0.666933,2.013,786.4
377,0.667667,,0.756500,0.667667,2.006,788.4
378,0.666100,,0.756500,0.667667,2.012,790.4
379,0.669500,,0.756500,0.669500,2.073,792.5
380,0.671183,,0.756500,0.671183,2.015,794.5
381,0.670550,,0.756500,0.671183,2.075,796.6
382,0.671683,,0.756500,0.671683,2.011,798.6
383,0.674550,,0.756500,0.674550,2.085,800.7
384,0.676300,,0.756500,0.676300,2.035,802.7
385,0.676767,,0.756500,0.676767,2.012,804.7
386,0.676150,,0.756500,0.676767,2.019,806.7
387,0.678150,,0.756500,0.678150,2.013,808.8
388,0.678617,,0.756500,0.678617,2.005,810.8
389,0.678317,,0.756500,0.678617,2.006,812.8
390,0.679700,,0.756500,0.679700,2.006,814.8
391,0.680700,,0.756500,0.680700,2.078,816.9
392,0.680350,,0.756500,0.680700,2.014,818.9
393,0.682050,,0.756500,0.682050,2.078,820.9
394,0.682317,,0.756500,0.682317,2.030,823.0
395,0.684350,,0.756500,0.684350,2.021,825.0
396,0.682933,,0.756500,0.684350,2.013,827.0
397,0.687233,,0.756500,0.687233,2.001,829.0
398,0.687383,,0.756500,0.687383,2.007,831.0
399,0.687033,,0.756500,0.687383,2.087,833.1
400,0.689783,0.8021999597549438,0.802200,0.689783,2.798,835.9
401,0.687517,,0.802200,0.689783,1.292,837.2
402,0.689617,,0.802200,0.689783,2.009,839.2
403,0.691367,,0.802200,0.691367,2.080,841.3
404,0.694217,,0.802200,0.694217,2.014,843.3
405,0.692317,,0.802200,0.694217,2.082,845.4
406,0.694283,,0.802200,0.694283,2.010,847.4
407,0.695567,,0.802200,0.695567,2.082,849.5
408,0.696533,,0.802200,0.696533,2.006,851.5
409,0.695367,,0.802200,0.696533,2.094,853.6
410,0.697700,,0.802200,0.697700,2.047,855.6
411,0.695233,,0.802200,0.697700,2.011,857.6
412,0.697967,,0.802200,0.697967,2.079,859.7
413,0.698833,,0.802200,0.698833,2.005,861.7
414,0.699683,,0.802200,0.699683,2.087,863.8
415,0.697650,,0.802200,0.699683,2.016,865.8
416,0.701500,,0.802200,0.701500,2.072,867.9
417,0.701967,,0.802200,0.701967,2.010,869.9
418,0.706267,,0.802200,0.706267,2.079,872.0
419,0.706433,,0.802200,0.706433,2.014,874.0
420,0.703417,,0.802200,0.706433,2.010,876.0
421,0.706200,,0.802200,0.706433,2.006,878.0
422,0.704817,,0.802200,0.706433,2.023,880.0
423,0.709250,,0.802200,0.709250,2.011,882.0
424,0.709817,,0.802200,0.709817,2.136,884.2
425,0.709283,,0.802200,0.709817,2.075,886.3
426,0.710467,,0.802200,0.710467,2.063,888.3
427,0.708133,,0.802200,0.710467,2.023,890.3
428,0.710467,,0.802200,0.710467,2.025,892.4
429,0.710600,,0.802200,0.710600,2.015,894.4
430,0.712333,,0.802200,0.712333,2.075,896.5
431,0.711467,,0.802200,0.712333,2.015,898.5
432,0.713617,,0.802200,0.713617,2.079,900.5
433,0.713400,,0.802200,0.713617,2.013,902.6
434,0.714183,,0.802200,0.714183,2.083,904.6
435,0.716133,,0.802200,0.716133,2.013,906.7
436,0.714950,,0.802200,0.716133,2.080,908.7
437,0.714983,,0.802200,0.716133,2.014,910.7
438,0.717383,,0.802200,0.717383,2.031,912.8
439,0.717533,,0.802200,0.717533,2.083,914.9
440,0.721300,,0.802200,0.721300,2.016,916.9
441,0.718433,,0.802200,0.721300,2.077,919.0
442,0.719233,,0.802200,0.721300,2.016,921.0
443,0.717483,,0.802200,0.721300,2.074,923.0
444,0.720967,,0.802200,0.721300,2.009,925.1
445,0.721717,,0.802200,0.721717,2.080,927.1
446,0.723200,,0.802200,0.723200,2.012,929.1
447,0.720833,,0.802200,0.723200,2.083,931.2
448,0.723667,,0.802200,0.723667,2.007,933.2
449,0.723433,,0.802200,0.723667,2.079,935.3
450,0.724633,0.8297999501228333,0.829800,0.724633,2.802,938.1
451,0.725300,,0.829800,0.725300,1.244,939.4
452,0.730267,,0.829800,0.730267,2.011,941.4
453,0.725383,,0.829800,0.730267,2.088,943.5
454,0.728417,,0.829800,0.730267,2.012,945.5
455,0.725833,,0.829800,0.730267,2.006,947.5
456,0.726733,,0.829800,0.730267,2.076,949.6
457,0.728267,,0.829800,0.730267,2.011,951.6
458,0.729750,,0.829800,0.730267,2.075,953.6
459,0.729017,,0.829800,0.730267,2.012,955.7
460,0.730700,,0.829800,0.730700,2.078,957.7
461,0.731950,,0.829800,0.731950,2.005,959.7
462,0.729667,,0.829800,0.731950,2.011,961.7
463,0.733517,,0.829800,0.733517,2.008,963.8
464,0.732900,,0.829800,0.733517,2.079,965.8
465,0.735817,,0.829800,0.735817,2.009,967.8
466,0.732483,,0.829800,0.735817,2.077,969.9
467,0.731333,,0.829800,0.735817,2.016,971.9
468,0.730433,,0.829800,0.735817,2.072,974.0
469,0.733850,,0.829800,0.735817,2.018,976.0
470,0.735483,,0.829800,0.735817,2.006,978.0
471,0.735433,,0.829800,0.735817,2.006,980.0
472,0.735283,,0.829800,0.735817,2.016,982.1
473,0.733450,,0.829800,0.735817,2.078,984.1
474,0.737150,,0.829800,0.737150,2.014,986.1
475,0.739667,,0.829800,0.739667,2.081,988.2
476,0.736833,,0.829800,0.739667,2.004,990.2
477,0.736917,,0.829800,0.739667,2.073,992.3
478,0.738150,,0.829800,0.739667,2.014,994.3
479,0.738567,,0.829800,0.739667,2.074,996.4
480,0.736800,,0.829800,0.739667,2.010,998.4
481,0.738833,,0.829800,0.739667,2.079,1000.5
482,0.737100,,0.829800,0.739667,2.012,1002.5
483,0.742400,,0.829800,0.742400,2.010,1004.5
484,0.742117,,0.829800,0.742400,2.009,1006.5
485,0.738817,,0.829800,0.742400,2.016,1008.5
486,0.743117,,0.829800,0.743117,2.080,1010.6
487,0.737983,,0.829800,0.743117,2.013,1012.6
488,0.741533,,0.829800,0.743117,2.081,1014.7
489,0.743317,,0.829800,0.743317,2.011,1016.7
490,0.742417,,0.829800,0.743317,2.087,1018.8
491,0.741683,,0.829800,0.743317,2.008,1020.8
492,0.743900,,0.829800,0.743900,2.023,1022.8
493,0.744800,,0.829800,0.744800,2.075,1024.9
494,0.745833,,0.829800,0.745833,2.013,1026.9
495,0.746600,,0.829800,0.746600,2.017,1028.9
496,0.746300,,0.829800,0.746600,2.075,1031.0
497,0.747983,,0.829800,0.747983,2.037,1033.0
498,0.746083,,0.829800,0.747983,2.078,1035.1
499,0.746450,,0.829800,0.747983,2.014,1037.1
500,0.747800,0.8454999923706055,0.845500,0.747983,2.873,1040.0
501,0.746333,,0.845500,0.747983,1.232,1041.2
502,0.749517,,0.845500,0.749517,2.012,1043.3
503,0.747867,,0.845500,0.749517,2.012,1045.3
504,0.748883,,0.845500,0.749517,2.080,1047.4
505,0.750167,,0.845500,0.750167,2.022,1049.4
506,0.750133,,0.845500,0.750167,2.079,1051.5
507,0.747717,,0.845500,0.750167,2.018,1053.5
508,0.749200,,0.845500,0.750167,2.013,1055.5
509,0.750367,,0.845500,0.750367,2.013,1057.5
510,0.751483,,0.845500,0.751483,2.020,1059.5
511,0.751600,,0.845500,0.751600,2.009,1061.5
512,0.754567,,0.845500,0.754567,2.023,1063.5
513,0.750850,,0.845500,0.754567,2.019,1065.6
514,0.751217,,0.845500,0.754567,2.009,1067.6
515,0.755250,,0.845500,0.755250,2.083,1069.7
516,0.752400,,0.845500,0.755250,2.019,1071.7
517,0.756400,,0.845500,0.756400,2.011,1073.7
518,0.758700,,0.845500,0.758700,2.082,1075.8
519,0.753583,,0.845500,0.758700,2.014,1077.8
520,0.755700,,0.845500,0.758700,2.084,1079.9
521,0.758900,,0.845500,0.758900,2.010,1081.9
522,0.757467,,0.845500,0.758900,2.073,1084.0
523,0.755567,,0.845500,0.758900,2.015,1086.0
524,0.757333,,0.845500,0.758900,2.076,1088.0
525,0.755150,,0.845500,0.758900,2.018,1090.1
526,0.759267,,0.845500,0.759267,2.081,1092.1
527,0.759317,,0.845500,0.759317,2.009,1094.2
528,0.758467,,0.845500,0.759317,2.088,1096.2
529,0.760717,,0.845500,0.760717,2.011,1098.2
530,0.761233,,0.845500,0.761233,2.077,1100.3
531,0.758850,,0.845500,0.761233,2.007,1102.3
532,0.759650,,0.845500,0.761233,2.078,1104.4
533,0.762700,,0.845500,0.762700,2.015,1106.4
534,0.762600,,0.845500,0.762700,2.007,1108.4
535,0.762883,,0.845500,0.762883,2.014,1110.4
536,0.762633,,0.845500,0.762883,2.005,1112.5
537,0.759383,,0.845500,0.762883,2.008,1114.5
538,0.763050,,0.845500,0.763050,2.084,1116.5
539,0.763467,,0.845500,0.763467,2.005,1118.6
540,0.764017,,0.845500,0.764017,2.078,1120.6
541,0.763750,,0.845500,0.764017,2.033,1122.7
542,0.766133,,0.845500,0.766133,2.074,1124.7
543,0.763000,,0.845500,0.766133,2.015,1126.8
544,0.762067,,0.845500,0.766133,2.001,1128.8
545,0.763500,,0.845500,0.766133,2.010,1130.8
546,0.763100,,0.845500,0.766133,2.083,1132.8
547,0.764983,,0.845500,0.766133,2.011,1134.9
548,0.763000,,0.845500,0.766133,2.078,1136.9
549,0.766267,,0.845500,0.766267,2.011,1138.9
550,0.765000,0.8518999814987183,0.851900,0.766267,2.873,1141.8
551,0.767100,,0.851900,0.767100,1.278,1143.1
552,0.768750,,0.851900,0.768750,2.012,1145.1
553,0.765033,,0.851900,0.768750,2.018,1147.1
554,0.765067,,0.851900,0.768750,2.008,1149.1
555,0.767350,,0.851900,0.768750,2.008,1151.1
556,0.766750,,0.851900,0.768750,2.030,1153.2
557,0.764467,,0.851900,0.768750,2.080,1155.3
558,0.767867,,0.851900,0.768750,2.016,1157.3
559,0.765217,,0.851900,0.768750,2.014,1159.3
560,0.767783,,0.851900,0.768750,2.012,1161.3
561,0.768833,,0.851900,0.768833,2.015,1163.3
562,0.766533,,0.851900,0.768833,2.011,1165.3
563,0.767467,,0.851900,0.768833,2.014,1167.3
564,0.765967,,0.851900,0.768833,2.010,1169.3
565,0.768617,,0.851900,0.768833,2.008,1171.4
566,0.771283,,0.851900,0.771283,2.015,1173.4
567,0.769833,,0.851900,0.771283,2.074,1175.4
568,0.773017,,0.851900,0.773017,2.017,1177.5
569,0.771067,,0.851900,0.773017,2.073,1179.5
570,0.772700,,0.851900,0.773017,2.016,1181.5
571,0.770183,,0.851900,0.773017,2.093,1183.6
572,0.772100,,0.851900,0.773017,2.010,1185.7
573,0.769100,,0.851900,0.773017,2.016,1187.7
574,0.769867,,0.851900,0.773017,2.008,1189.7
575,0.773500,,0.851900,0.773500,2.006,1191.7
576,0.772067,,0.851900,0.773500,2.083,1193.8
577,0.773783,,0.851900,0.773783,2.008,1195.8
578,0.773783,,0.851900,0.773783,2.074,1197.8
579,0.771550,,0.851900,0.773783,2.020,1199.9
580,0.774700,,0.851900,0.774700,2.075,1201.9
581,0.772050,,0.851900,0.774700,2.021,1204.0
582,0.776450,,0.851900,0.776450,2.072,1206.0
583,0.774100,,0.851900,0.776450,2.013,1208.0
584,0.774417,,0.851900,0.776450,2.076,1210.1
585,0.775317,,0.851900,0.776450,2.011,1212.1
586,0.774667,,0.851900,0.776450,2.078,1214.2
587,0.775950,,0.851900,0.776450,2.011,1216.2
588,0.775200,,0.851900,0.776450,2.009,1218.2
589,0.776733,,0.851900,0.776733,2.007,1220.2
590,0.776417,,0.851900,0.776733,2.075,1222.3
591,0.777050,,0.851900,0.777050,2.013,1224.3
592,0.778067,,0.851900,0.778067,2.077,1226.4
593,0.776933,,0.851900,0.778067,2.008,1228.4
594,0.777000,,0.851900,0.778067,2.078,1230.5
595,0.778483,,0.851900,0.778483,2.009,1232.5
596,0.777700,,0.851900,0.778483,2.012,1234.5
597,0.777767,,0.851900,0.778483,2.004,1236.5
598,0.778383,,0.851900,0.778483,2.003,1238.5
599,0.778767,,0.851900,0.778767,2.073,1240.6
600,0.780567,0.859499990940094,0.859500,0.780567,2.816,1243.4
601,0.777817,,0.859500,0.780567,1.269,1244.7
602,0.778000,,0.859500,0.780567,2.011,1246.7
603,0.776367,,0.859500,0.780567,2.074,1248.8
604,0.777467,,0.859500,0.780567,2.009,1250.8
605,0.779983,,0.859500,0.780567,2.079,1252.8
606,0.779450,,0.859500,0.780567,2.017,1254.9
607,0.780133,,0.859500,0.780567,2.079,1256.9
608,0.782233,,0.859500,0.782233,2.013,1259.0
609,0.781583,,0.859500,0.782233,2.079,1261.0
610,0.779900,,0.859500,0.782233,2.016,1263.1
611,0.782250,,0.859500,0.782250,2.080,1265.1
612,0.783917,,0.859500,0.783917,2.013,1267.1
613,0.780917,,0.859500,0.783917,2.080,1269.2
614,0.781600,,0.859500,0.783917,2.014,1271.2
615,0.782000,,0.859500,0.783917,2.096,1273.3
616,0.783133,,0.859500,0.783917,2.012,1275.3
617,0.782850,,0.859500,0.783917,2.011,1277.4
618,0.780917,,0.859500,0.783917,2.016,1279.4
619,0.785533,,0.859500,0.785533,2.021,1281.4
620,0.779667,,0.859500,0.785533,2.023,1283.4
621,0.783017,,0.859500,0.785533,2.023,1285.4
622,0.785817,,0.859500,0.785817,2.013,1287.5
623,0.786017,,0.859500,0.786017,2.072,1289.5
624,0.783883,,0.859500,0.786017,2.012,1291.5
625,0.782400,,0.859500,0.786017,2.075,1293.6
626,0.785367,,0.859500,0.786017,2.008,1295.6
627,0.786250,,0.859500,0.786250,2.074,1297.7
628,0.782633,,0.859500,0.786250,2.003,1299.7
629,0.784900,,0.859500,0.786250,2.008,1301.7
630,0.784183,,0.859500,0.786250,2.076,1303.8
631,0.786467,,0.859500,0.786467,2.013,1305.8
632,0.786717,,0.859500,0.786717,2.007,1307.8
633,0.787750,,0.859500,0.787750,2.008,1309.8
634,0.788800,,0.859500,0.788800,2.016,1311.8
635,0.787933,,0.859500,0.788800,2.075,1313.9
636,0.787167,,0.859500,0.788800,2.012,1315.9
637,0.786733,,0.859500,0.788800,2.079,1318.0
638,0.787733,,0.859500,0.788800,2.002,1320.0
639,0.788367,,0.859500,0.788800,2.077,1322.1
640,0.788200,,0.859500,0.788800,2.007,1324.1
641,0.786950,,0.859500,0.788800,2.007,1326.1
642,0.790083,,0.859500,0.790083,2.013,1328.1
643,0.789867,,0.859500,0.790083,2.011,1330.1
644,0.786983,,0.859500,0.790083,2.076,1332.2
645,0.790667,,0.859500,0.790667,2.020,1334.2
646,0.790617,,0.859500,0.790667,2.077,1336.3
647,0.791233,,0.859500,0.791233,2.017,1338.3
648,0.792300,,0.859500,0.792300,2.072,1340.4
649,0.792233,,0.859500,0.792300,2.015,1342.4
650,0.791750,0.8689000010490417,0.868900,0.792300,2.869,1345.3
651,0.792550,,0.868900,0.792550,1.239,1346.5
652,0.789767,,0.868900,0.792550,2.014,1348.5
653,0.790717,,0.868900,0.792550,2.005,1350.5
654,0.789983,,0.868900,0.792550,2.012,1352.5
655,0.791467,,0.868900,0.792550,2.074,1354.6
656,0.791600,,0.868900,0.792550,2.009,1356.6
657,0.794833,,0.868900,0.794833,2.079,1358.7
658,0.791283,,0.868900,0.794833,2.004,1360.7
659,0.794367,,0.868900,0.794833,2.074,1362.8
660,0.793783,,0.868900,0.794833,2.012,1364.8
661,0.793167,,0.868900,0.794833,2.013,1366.8
662,0.795283,,0.868900,0.795283,2.078,1368.9
663,0.795233,,0.868900,0.795283,2.013,1370.9
664,0.794667,,0.868900,0.795283,2.073,1373.0
665,0.795550,,0.868900,0.795550,2.012,1375.0
666,0.794083,,0.868900,0.795550,2.080,1377.0
667,0.794917,,0.868900,0.795550,2.015,1379.1
668,0.796450,,0.868900,0.796450,2.078,1381.1
669,0.794800,,0.868900,0.796450,2.016,1383.2
670,0.794733,,0.868900,0.796450,2.081,1385.2
671,0.796100,,0.868900,0.796450,2.010,1387.2
672,0.794867,,0.868900,0.796450,2.085,1389.3
673,0.796350,,0.868900,0.796450,2.008,1391.3
674,0.794567,,0.868900,0.796450,2.099,1393.4
675,0.795717,,0.868900,0.796450,2.027,1395.5
676,0.798700,,0.868900,0.798700,2.025,1397.5
677,0.793867,,0.868900,0.798700,2.017,1399.5
678,0.796750,,0.868900,0.798700,2.011,1401.5
679,0.797783,,0.868900,0.798700,2.012,1403.5
680,0.798433,,0.868900,0.798700,2.077,1405.6
681,0.797817,,0.868900,0.798700,2.007,1407.6
682,0.796083,,0.868900,0.798700,2.072,1409.7
683,0.800350,,0.868900,0.800350,2.009,1411.7
684,0.797817,,0.868900,0.800350,2.078,1413.8
685,0.800450,,0.868900,0.800450,2.013,1415.8
686,0.801250,,0.868900,0.801250,2.013,1417.8
687,0.801033,,0.868900,0.801250,2.013,1419.8
688,0.800317,,0.868900,0.801250,2.015,1421.8
689,0.800900,,0.868900,0.801250,2.084,1423.9
690,0.801400,,0.868900,0.801400,2.029,1425.9
691,0.800183,,0.868900,0.801400,2.020,1428.0
692,0.800350,,0.868900,0.801400,2.011,1430.0
693,0.797817,,0.868900,0.801400,2.073,1432.0
694,0.800900,,0.868900,0.801400,2.006,1434.0
695,0.798900,,0.868900,0.801400,2.082,1436.1
696,0.802483,,0.868900,0.802483,2.011,1438.1
697,0.799650,,0.868900,0.802483,2.009,1440.2
698,0.800650,,0.868900,0.802483,2.011,1442.2
699,0.799183,,0.868900,0.802483,2.013,1444.2
700,0.803000,0.8723999857902527,0.872400,0.803000,2.807,1447.0
701,0.799517,,0.872400,0.803000,1.304,1448.3
702,0.801017,,0.872400,0.803000,2.012,1450.3
703,0.801733,,0.872400,0.803000,2.083,1452.4
704,0.802767,,0.872400,0.803000,2.033,1454.4
705,0.801050,,0.872400,0.803000,2.023,1456.4
706,0.802750,,0.872400,0.803000,2.009,1458.4
707,0.803200,,0.872400,0.803200,2.007,1460.5
708,0.802400,,0.872400,0.803200,2.010,1462.5
709,0.804283,,0.872400,0.804283,2.010,1464.5
710,0.801533,,0.872400,0.804283,2.079,1466.6
711,0.804500,,0.872400,0.804500,2.012,1468.6
712,0.803150,,0.872400,0.804500,2.080,1470.6
713,0.803217,,0.872400,0.804500,2.024,1472.7
714,0.804217,,0.872400,0.804500,2.081,1474.7
715,0.806250,,0.872400,0.806250,2.012,1476.8
716,0.806317,,0.872400,0.806317,2.014,1478.8
717,0.803967,,0.872400,0.806317,2.016,1480.8
718,0.806167,,0.872400,0.806317,2.015,1482.8
719,0.805683,,0.872400,0.806317,2.011,1484.8
720,0.804000,,0.872400,0.806317,2.018,1486.8
721,0.805617,,0.872400,0.806317,2.017,1488.9
722,0.804233,,0.872400,0.806317,2.016,1490.9
723,0.804117,,0.872400,0.806317,2.020,1492.9
724,0.806550,,0.872400,0.806550,2.012,1494.9
725,0.806200,,0.872400,0.806550,2.011,1496.9
726,0.807700,,0.872400,0.807700,2.009,1498.9
727,0.806533,,0.872400,0.807700,2.014,1500.9
728,0.805817,,0.872400,0.807700,2.016,1502.9
729,0.806167,,0.872400,0.807700,2.008,1505.0
730,0.808650,,0.872400,0.808650,2.010,1507.0
731,0.808600,,0.872400,0.808650,2.078,1509.0
732,0.804800,,0.872400,0.808650,2.012,1511.1
733,0.807800,,0.872400,0.808650,2.089,1513.1
734,0.809233,,0.872400,0.809233,2.004,1515.2
735,0.809083,,0.872400,0.809233,2.078,1517.2
736,0.807517,,0.872400,0.809233,2.019,1519.2
737,0.807667,,0.872400,0.809233,2.074,1521.3
738,0.808633,,0.872400,0.809233,2.015,1523.3
739,0.808067,,0.872400,0.809233,2.084,1525.4
740,0.807400,,0.872400,0.809233,2.009,1527.4
741,0.808583,,0.872400,0.809233,2.082,1529.5
742,0.808133,,0.872400,0.809233,2.015,1531.5
743,0.809583,,0.872400,0.809583,2.092,1533.6
744,0.808783,,0.872400,0.809583,2.013,1535.6
745,0.808683,,0.872400,0.809583,2.010,1537.6
746,0.810083,,0.872400,0.810083,2.016,1539.7
747,0.807500,,0.872400,0.810083,2.012,1541.7
748,0.809017,,0.872400,0.810083,2.032,1543.7
749,0.810900,,0.872400,0.810900,2.030,1545.7
750,0.808650,0.8763999938964844,0.876400,0.810900,2.801,1548.5
751,0.811767,,0.876400,0.811767,1.229,1549.8
752,0.813183,,0.876400,0.813183,2.012,1551.8
753,0.809867,,0.876400,0.813183,2.014,1553.8
754,0.811333,,0.876400,0.813183,2.019,1555.8
755,0.813117,,0.876400,0.813183,2.010,1557.8
756,0.811917,,0.876400,0.813183,2.014,1559.8
757,0.812833,,0.876400,0.813183,2.083,1561.9
758,0.811900,,0.876400,0.813183,2.014,1563.9
759,0.813300,,0.876400,0.813300,2.011,1565.9
760,0.813233,,0.876400,0.813300,2.013,1568.0
761,0.810667,,0.876400,0.813300,2.011,1570.0
762,0.815167,,0.876400,0.815167,2.075,1572.0
763,0.812267,,0.876400,0.815167,2.016,1574.1
764,0.812750,,0.876400,0.815167,2.076,1576.1
765,0.813400,,0.876400,0.815167,2.008,1578.1
766,0.813900,,0.876400,0.815167,2.082,1580.2
767,0.813983,,0.876400,0.815167,2.011,1582.2
768,0.813467,,0.876400,0.815167,2.080,1584.3
769,0.812233,,0.876400,0.815167,2.017,1586.3
770,0.815900,,0.876400,0.815900,2.080,1588.4
771,0.811717,,0.876400,0.815900,2.017,1590.4
772,0.811350,,0.876400,0.815900,2.087,1592.5
773,0.814700,,0.876400,0.815900,2.012,1594.5
774,0.811933,,0.876400,0.815900,2.010,1596.5
775,0.814583,,0.876400,0.815900,2.080,1598.6
776,0.813767,,0.876400,0.815900,2.019,1600.6
777,0.816450,,0.876400,0.816450,2.078,1602.7
778,0.815733,,0.876400,0.816450,2.011,1604.7
779,0.813683,,0.876400,0.816450,2.017,1606.7
780,0.814283,,0.876400,0.816450,2.084,1608.8
781,0.813417,,0.876400,0.816450,2.014,1610.8
782,0.813450,,0.876400,0.816450,2.014,1612.9
783,0.814083,,0.876400,0.816450,2.013,1614.9
784,0.811017,,0.876400,0.816450,2.021,1616.9
785,0.815150,,0.876400,0.816450,2.008,1618.9
786,0.815100,,0.876400,0.816450,2.008,1620.9
787,0.817000,,0.876400,0.817000,2.010,1622.9
788,0.813417,,0.876400,0.817000,2.077,1625.0
789,0.816233,,0.876400,0.817000,2.011,1627.0
790,0.815417,,0.876400,0.817000,2.074,1629.1
791,0.815133,,0.876400,0.817000,2.010,1631.1
792,0.814433,,0.876400,0.817000,2.085,1633.2
793,0.815300,,0.876400,0.817000,2.020,1635.2
794,0.817000,,0.876400,0.817000,2.014,1637.2
795,0.816183,,0.876400,0.817000,2.077,1639.3
796,0.817567,,0.876400,0.817567,2.019,1641.3
797,0.816117,,0.876400,0.817567,2.075,1643.4
798,0.816150,,0.876400,0.817567,2.011,1645.4
799,0.817150,,0.876400,0.817567,2.074,1647.5
800,0.817050,0.8801999688148499,0.880200,0.817567,2.796,1650.3
801,0.818767,,0.880200,0.818767,1.236,1651.5
802,0.817450,,0.880200,0.818767,2.013,1653.5
803,0.815533,,0.880200,0.818767,2.075,1655.6
804,0.818067,,0.880200,0.818767,2.013,1657.6
805,0.816600,,0.880200,0.818767,2.014,1659.6
806,0.816533,,0.880200,0.818767,2.010,1661.6
807,0.817867,,0.880200,0.818767,2.028,1663.6
808,0.816383,,0.880200,0.818767,2.011,1665.7
809,0.817217,,0.880200,0.818767,2.017,1667.7
810,0.819700,,0.880200,0.819700,2.013,1669.7
811,0.819333,,0.880200,0.819700,2.009,1671.7
812,0.821817,,0.880200,0.821817,2.012,1673.7
813,0.818867,,0.880200,0.821817,2.016,1675.7
814,0.820200,,0.880200,0.821817,2.017,1677.7
815,0.819550,,0.880200,0.821817,2.011,1679.7
816,0.820467,,0.880200,0.821817,2.010,1681.8
817,0.818917,,0.880200,0.821817,2.016,1683.8
818,0.819950,,0.880200,0.821817,2.043,1685.8
819,0.820417,,0.880200,0.821817,2.017,1687.8
820,0.818733,,0.880200,0.821817,2.082,1689.9
821,0.819733,,0.880200,0.821817,2.015,1691.9
822,0.821300,,0.880200,0.821817,2.025,1694.0
823,0.821583,,0.880200,0.821817,2.025,1696.0
824,0.820900,,0.880200,0.821817,2.043,1698.0
825,0.818733,,0.880200,0.821817,2.013,1700.0
826,0.820800,,0.880200,0.821817,2.083,1702.1
827,0.820333,,0.880200,0.821817,2.021,1704.1
828,0.821050,,0.880200,0.821817,2.074,1706.2
829,0.819750,,0.880200,0.821817,2.024,1708.2
830,0.823000,,0.880200,0.823000,2.082,1710.3
831,0.821700,,0.880200,0.823000,2.008,1712.3
832,0.820433,,0.880200,0.823000,2.015,1714.3
833,0.820783,,0.880200,0.823000,2.007,1716.3
834,0.821783,,0.880200,0.823000,2.021,1718.4
835,0.822433,,0.880200,0.823000,2.082,1720.5
836,0.820283,,0.880200,0.823000,2.009,1722.5
837,0.821333,,0.880200,0.823000,2.011,1724.5
838,0.823317,,0.880200,0.823317,2.071,1726.5
839,0.820633,,0.880200,0.823317,2.008,1728.6
840,0.821300,,0.880200,0.823317,2.078,1730.6
841,0.821850,,0.880200,0.823317,2.004,1732.6
842,0.822933,,0.880200,0.823317,2.010,1734.6
843,0.824083,,0.880200,0.824083,2.074,1736.7
844,0.824733,,0.880200,0.824733,2.003,1738.7
845,0.823933,,0.880200,0.824733,2.080,1740.8
846,0.822600,,0.880200,0.824733,2.016,1742.8
847,0.822433,,0.880200,0.824733,2.085,1744.9
848,0.823317,,0.880200,0.824733,2.009,1746.9
849,0.824217,,0.880200,0.824733,2.070,1749.0
850,0.824200,0.8849999904632568,0.885000,0.824733,2.802,1751.8
851,0.822450,,0.885000,0.824733,1.316,1753.1
852,0.823333,,0.885000,0.824733,2.013,1755.1
853,0.820200,,0.885000,0.824733,2.015,1757.1
854,0.822200,,0.885000,0.824733,2.014,1759.1
855,0.824617,,0.885000,0.824733,2.009,1761.1
856,0.821300,,0.885000,0.824733,2.009,1763.2
857,0.824017,,0.885000,0.824733,2.078,1765.2
858,0.825383,,0.885000,0.825383,2.014,1767.3
859,0.825400,,0.885000,0.825400,2.081,1769.3
860,0.822317,,0.885000,0.825400,2.011,1771.3
861,0.824833,,0.885000,0.825400,2.074,1773.4
862,0.826533,,0.885000,0.826533,2.022,1775.4
863,0.825050,,0.885000,0.826533,2.074,1777.5
864,0.825183,,0.885000,0.826533,2.011,1779.5
865,0.825700,,0.885000,0.826533,2.081,1781.6
866,0.825150,,0.885000,0.826533,2.056,1783.7
867,0.827517,,0.885000,0.827517,2.102,1785.8
868,0.828450,,0.885000,0.828450,2.052,1787.8
869,0.826267,,0.885000,0.828450,2.056,1789.9
870,0.825183,,0.885000,0.828450,2.022,1791.9
871,0.825850,,0.885000,0.828450,2.015,1793.9
872,0.828083,,0.885000,0.828450,2.016,1795.9
873,0.827817,,0.885000,0.828450,2.018,1797.9
874,0.824600,,0.885000,0.828450,2.016,1800.0
875,0.828717,,0.885000,0.828717,2.016,1802.0
876,0.825950,,0.885000,0.828717,2.079,1804.1
877,0.826333,,0.885000,0.828717,2.012,1806.1
878,0.826067,,0.885000,0.828717,2.081,1808.1
879,0.827050,,0.885000,0.828717,2.007,1810.2
880,0.826200,,0.885000,0.828717,2.083,1812.2
881,0.826600,,0.885000,0.828717,2.006,1814.2
882,0.827067,,0.885000,0.828717,2.075,1816.3
883,0.826767,,0.885000,0.828717,2.013,1818.3
884,0.827750,,0.885000,0.828717,2.017,1820.3
885,0.827483,,0.885000,0.828717,2.021,1822.4
886,0.827950,,0.885000,0.828717,2.006,1824.4
887,0.825933,,0.885000,0.828717,2.012,1826.4
888,0.825417,,0.885000,0.828717,2.013,1828.4
889,0.828217,,0.885000,0.828717,2.009,1830.4
890,0.828583,,0.885000,0.828717,2.019,1832.4
891,0.827733,,0.885000,0.828717,2.080,1834.5
892,0.827383,,0.885000,0.828717,2.012,1836.5
893,0.826900,,0.885000,0.828717,2.021,1838.5
894,0.828150,,0.885000,0.828717,2.046,1840.6
895,0.823950,,0.885000,0.828717,2.012,1842.6
896,0.828450,,0.885000,0.828717,2.014,1844.6
897,0.829633,,0.885000,0.829633,2.013,1846.6
898,0.827967,,0.885000,0.829633,2.013,1848.6
899,0.828550,,0.885000,0.829633,2.014,1850.7
900,0.827500,0.8863999843597412,0.886400,0.829633,2.873,1853.5
901,0.828067,,0.886400,0.829633,1.238,1854.8
902,0.829883,,0.886400,0.829883,2.008,1856.8
903,0.830450,,0.886400,0.830450,2.082,1858.9
904,0.827167,,0.886400,0.830450,2.009,1860.9
905,0.828283,,0.886400,0.830450,2.075,1862.9
906,0.828383,,0.886400,0.830450,2.005,1864.9
907,0.830450,,0.886400,0.830450,2.011,1867.0
908,0.830350,,0.886400,0.830450,2.083,1869.0
909,0.829150,,0.886400,0.830450,2.007,1871.0
910,0.828083,,0.886400,0.830450,2.096,1873.1
911,0.830050,,0.886400,0.830450,2.017,1875.2
912,0.829933,,0.886400,0.830450,2.008,1877.2
913,0.827483,,0.886400,0.830450,2.016,1879.2
914,0.828500,,0.886400,0.830450,2.010,1881.2
915,0.828833,,0.886400,0.830450,2.012,1883.2
916,0.828433,,0.886400,0.830450,2.015,1885.2
917,0.828400,,0.886400,0.830450,2.034,1887.3
918,0.830183,,0.886400,0.830450,2.018,1889.3
919,0.830250,,0.886400,0.830450,2.072,1891.3
920,0.830367,,0.886400,0.830450,2.016,1893.4
921,0.828950,,0.886400,0.830450,2.077,1895.4
922,0.829500,,0.886400,0.830450,2.011,1897.4
923,0.829333,,0.886400,0.830450,2.080,1899.5
924,0.829500,,0.886400,0.830450,2.010,1901.5
925,0.830417,,0.886400,0.830450,2.084,1903.6
926,0.829900,,0.886400,0.830450,2.019,1905.6
927,0.832450,,0.886400,0.832450,2.011,1907.7
928,0.830300,,0.886400,0.832450,2.079,1909.7
929,0.830450,,0.886400,0.832450,2.007,1911.7
930,0.831467,,0.886400,0.832450,2.074,1913.8
931,0.831667,,0.886400,0.832450,2.007,1915.8
932,0.831567,,0.886400,0.832450,2.008,1917.8
933,0.830800,,0.886400,0.832450,2.089,1919.9
934,0.831717,,0.886400,0.832450,2.015,1921.9
935,0.831633,,0.886400,0.832450,2.084,1924.0
936,0.830583,,0.886400,0.832450,2.011,1926.0
937,0.832367,,0.886400,0.832450,2.012,1928.0
938,0.830000,,0.886400,0.832450,2.019,1930.1
939,0.832550,,0.886400,0.832550,2.013,1932.1
940,0.831117,,0.886400,0.832550,2.016,1934.1
941,0.830800,,0.886400,0.832550,2.018,1936.1
942,0.832233,,0.886400,0.832550,2.006,1938.1
943,0.831400,,0.886400,0.832550,2.016,1940.1
944,0.830550,,0.886400,0.832550,2.076,1942.2
945,0.831917,,0.886400,0.832550,2.011,1944.2
946,0.832733,,0.886400,0.832733,2.078,1946.3
947,0.833917,,0.886400,0.833917,2.007,1948.3
948,0.830867,,0.886400,0.833917,2.076,1950.4
949,0.832150,,0.886400,0.833917,2.017,1952.4
950,0.831467,0.8859999775886536,0.886400,0.833917,2.872,1955.3
951,0.831433,,0.886400,0.833917,1.241,1956.5
952,0.831967,,0.886400,0.833917,2.012,1958.5
953,0.830667,,0.886400,0.833917,2.009,1960.5
954,0.831683,,0.886400,0.833917,2.019,1962.5
955,0.831450,,0.886400,0.833917,2.012,1964.6
956,0.831800,,0.886400,0.833917,2.016,1966.6
957,0.831617,,0.886400,0.833917,2.007,1968.6
958,0.832250,,0.886400,0.833917,2.006,1970.6
959,0.833917,,0.886400,0.833917,2.082,1972.7
960,0.831933,,0.886400,0.833917,2.010,1974.7
961,0.832267,,0.886400,0.833917,2.089,1976.8
962,0.831650,,0.886400,0.833917,2.010,1978.8
963,0.829250,,0.886400,0.833917,2.081,1980.9
964,0.832217,,0.886400,0.833917,2.024,1982.9
965,0.831467,,0.886400,0.833917,2.085,1985.0
966,0.833033,,0.886400,0.833917,2.024,1987.0
967,0.831550,,0.886400,0.833917,2.052,1989.0
968,0.832783,,0.886400,0.833917,2.021,1991.1
969,0.833217,,0.886400,0.833917,2.106,1993.2
970,0.832667,,0.886400,0.833917,2.100,1995.3
971,0.832533,,0.886400,0.833917,2.050,1997.3
972,0.833433,,0.886400,0.833917,2.070,1999.4
973,0.832667,,0.886400,0.833917,2.043,2001.4
974,0.833883,,0.886400,0.833917,2.046,2003.5
975,0.835317,,0.886400,0.835317,2.063,2005.5
976,0.832267,,0.886400,0.835317,2.129,2007.7
977,0.832233,,0.886400,0.835317,2.124,2009.8
978,0.831383,,0.886400,0.835317,2.111,2011.9
979,0.832633,,0.886400,0.835317,2.112,2014.0
980,0.832917,,0.886400,0.835317,2.110,2016.1
981,0.831850,,0.886400,0.835317,2.075,2018.2
982,0.833767,,0.886400,0.835317,2.019,2020.2
983,0.831783,,0.886400,0.835317,2.097,2022.3
984,0.831250,,0.886400,0.835317,2.069,2024.4
985,0.831550,,0.886400,0.835317,2.093,2026.5
986,0.833617,,0.886400,0.835317,2.083,2028.6
987,0.833450,,0.886400,0.835317,2.102,2030.7
988,0.834550,,0.886400,0.835317,2.084,2032.7
989,0.832450,,0.886400,0.835317,2.103,2034.9
990,0.833917,,0.886400,0.835317,2.127,2037.0
991,0.834567,,0.886400,0.835317,2.123,2039.1
992,0.833783,,0.886400,0.835317,2.128,2041.2
993,0.832683,,0.886400,0.835317,2.075,2043.3
994,0.835417,,0.886400,0.835417,2.026,2045.3
995,0.831733,,0.886400,0.835417,2.016,2047.3
996,0.833383,,0.886400,0.835417,2.021,2049.4
997,0.833517,,0.886400,0.835417,2.011,2051.4
998,0.832983,,0.886400,0.835417,2.079,2053.5
999,0.836500,,0.886400,0.836500,2.015,2055.5
1000,0.835167,0.8883999586105347,0.888400,0.836500,2.870,2058.3
1001,0.832350,,0.888400,0.836500,1.237,2059.6
1002,0.834867,,0.888400,0.836500,2.009,2061.6
1003,0.836233,,0.888400,0.836500,2.011,2063.6
1004,0.835483,,0.888400,0.836500,2.080,2065.7
1005,0.834033,,0.888400,0.836500,2.012,2067.7
1006,0.835700,,0.888400,0.836500,2.084,2069.8
1007,0.835617,,0.888400,0.836500,2.012,2071.8
1008,0.833733,,0.888400,0.836500,2.078,2073.9
1009,0.832850,,0.888400,0.836500,2.015,2075.9
1010,0.835167,,0.888400,0.836500,2.076,2078.0
1011,0.836100,,0.888400,0.836500,2.018,2080.0
1012,0.836267,,0.888400,0.836500,2.078,2082.1
1013,0.837400,,0.888400,0.837400,2.039,2084.1
1014,0.835717,,0.888400,0.837400,2.080,2086.2
1015,0.834517,,0.888400,0.837400,2.009,2088.2
1016,0.835783,,0.888400,0.837400,2.089,2090.3
1017,0.836617,,0.888400,0.837400,2.015,2092.3
1018,0.836533,,0.888400,0.837400,2.078,2094.4
1019,0.835383,,0.888400,0.837400,2.018,2096.4
1020,0.837450,,0.888400,0.837450,2.082,2098.5
1021,0.837983,,0.888400,0.837983,2.011,2100.5
1022,0.835567,,0.888400,0.837983,2.072,2102.5
1023,0.835317,,0.888400,0.837983,2.011,2104.6
1024,0.835283,,0.888400,0.837983,2.078,2106.6
1025,0.837467,,0.888400,0.837983,2.006,2108.6
1026,0.837267,,0.888400,0.837983,2.077,2110.7
1027,0.837850,,0.888400,0.837983,2.015,2112.7
1028,0.837850,,0.888400,0.837983,2.029,2114.8
1029,0.837700,,0.888400,0.837983,2.038,2116.8
1030,0.837667,,0.888400,0.837983,2.015,2118.8
1031,0.838300,,0.888400,0.838300,2.081,2120.9
1032,0.836700,,0.888400,0.838300,2.010,2122.9
1033,0.837033,,0.888400,0.838300,2.073,2125.0
1034,0.837700,,0.888400,0.838300,2.014,2127.0
1035,0.838783,,0.888400,0.838783,2.078,2129.1
1036,0.837883,,0.888400,0.838783,2.012,2131.1
1037,0.838217,,0.888400,0.838783,2.008,2133.1
1038,0.838483,,0.888400,0.838783,2.006,2135.1
1039,0.837767,,0.888400,0.838783,2.079,2137.2
1040,0.837300,,0.888400,0.838783,2.013,2139.2
1041,0.837267,,0.888400,0.838783,2.080,2141.3
1042,0.839117,,0.888400,0.839117,2.010,2143.3
1043,0.837383,,0.888400,0.839117,2.072,2145.4
1044,0.836433,,0.888400,0.839117,2.012,2147.4
1045,0.838733,,0.888400,0.839117,2.081,2149.4
1046,0.837867,,0.888400,0.839117,2.017,2151.5
1047,0.835967,,0.888400,0.839117,2.018,2153.5
1048,0.835900,,0.888400,0.839117,2.013,2155.5
1049,0.839600,,0.888400,0.839600,2.085,2157.6
1050,0.838550,0.8888999819755554,0.888900,0.839600,2.799,2160.4
1051,0.839333,,0.888900,0.839600,1.300,2161.7
1052,0.838900,,0.888900,0.839600,2.011,2163.7
1053,0.837983,,0.888900,0.839600,2.010,2165.7
1054,0.838417,,0.888900,0.839600,2.078,2167.8
1055,0.839317,,0.888900,0.839600,2.018,2169.8
1056,0.840600,,0.888900,0.840600,2.076,2171.9
1057,0.838183,,0.888900,0.840600,2.033,2173.9
1058,0.836450,,0.888900,0.840600,2.081,2176.0
1059,0.839417,,0.888900,0.840600,2.021,2178.0
1060,0.839500,,0.888900,0.840600,2.026,2180.0
1061,0.839017,,0.888900,0.840600,2.012,2182.0
1062,0.837883,,0.888900,0.840600,2.011,2184.1
1063,0.838200,,0.888900,0.840600,2.078,2186.1
1064,0.839350,,0.888900,0.840600,2.017,2188.2
1065,0.840067,,0.888900,0.840600,2.074,2190.2
1066,0.838517,,0.888900,0.840600,2.008,2192.2
1067,0.840567,,0.888900,0.840600,2.081,2194.3
1068,0.840083,,0.888900,0.840600,2.012,2196.3
1069,0.838683,,0.888900,0.840600,2.089,2198.4
1070,0.838967,,0.888900,0.840600,2.014,2200.4
1071,0.840583,,0.888900,0.840600,2.076,2202.5
1072,0.839417,,0.888900,0.840600,2.029,2204.5
1073,0.839533,,0.888900,0.840600,2.073,2206.6
1074,0.840967,,0.888900,0.840967,2.024,2208.6
1075,0.840750,,0.888900,0.840967,2.012,2210.6
1076,0.841283,,0.888900,0.841283,2.011,2212.7
1077,0.839217,,0.888900,0.841283,2.014,2214.7
1078,0.838733,,0.888900,0.841283,2.008,2216.7
1079,0.840400,,0.888900,0.841283,2.021,2218.7
1080,0.838750,,0.888900,0.841283,2.078,2220.8
1081,0.838550,,0.888900,0.841283,2.012,2222.8
1082,0.841300,,0.888900,0.841300,2.024,2224.8
1083,0.840650,,0.888900,0.841300,2.013,2226.8
1084,0.841483,,0.888900,0.841483,2.019,2228.8
1085,0.841217,,0.888900,0.841483,2.018,2230.9
1086,0.840700,,0.888900,0.841483,2.008,2232.9
1087,0.841950,,0.888900,0.841950,2.090,2235.0
1088,0.841517,,0.888900,0.841950,2.040,2237.0
1089,0.840750,,0.888900,0.841950,2.014,2239.0
1090,0.840933,,0.888900,0.841950,2.072,2241.1
1091,0.844167,,0.888900,0.844167,2.016,2243.1
1092,0.840383,,0.888900,0.844167,2.089,2245.2
1093,0.840567,,0.888900,0.844167,2.040,2247.2
1094,0.840767,,0.888900,0.844167,2.015,2249.2
1095,0.842167,,0.888900,0.844167,2.081,2251.3
1096,0.840783,,0.888900,0.844167,2.008,2253.3
1097,0.840417,,0.888900,0.844167,2.083,2255.4
1098,0.842467,,0.888900,0.844167,2.011,2257.4
1099,0.841400,,0.888900,0.844167,2.010,2259.4
1100,0.842283,0.8922999501228333,0.892300,0.844167,2.867,2262.3
1101,0.843567,,0.892300,0.844167,1.253,2263.6
1102,0.841417,,0.892300,0.844167,2.016,2265.6
1103,0.842483,,0.892300,0.844167,2.009,2267.6
1104,0.842100,,0.892300,0.844167,2.012,2269.6
1105,0.842117,,0.892300,0.844167,2.018,2271.6
1106,0.842050,,0.892300,0.844167,2.010,2273.6
1107,0.841417,,0.892300,0.844167,2.018,2275.6
1108,0.841450,,0.892300,0.844167,2.077,2277.7
1109,0.842767,,0.892300,0.844167,2.010,2279.7
1110,0.841000,,0.892300,0.844167,2.089,2281.8
1111,0.841533,,0.892300,0.844167,2.006,2283.8
1112,0.840600,,0.892300,0.844167,2.019,2285.8
1113,0.841017,,0.892300,0.844167,2.010,2287.9
1114,0.843350,,0.892300,0.844167,2.012,2289.9
1115,0.842567,,0.892300,0.844167,2.095,2292.0
1116,0.841300,,0.892300,0.844167,2.048,2294.0
1117,0.839850,,0.892300,0.844167,2.015,2296.0
1118,0.841533,,0.892300,0.844167,2.009,2298.0
1119,0.842717,,0.892300,0.844167,2.007,2300.0
1120,0.841667,,0.892300,0.844167,2.017,2302.1
1121,0.842850,,0.892300,0.844167,2.080,2304.1
1122,0.842267,,0.892300,0.844167,2.008,2306.1
1123,0.843850,,0.892300,0.844167,2.006,2308.2
1124,0.842250,,0.892300,0.844167,2.079,2310.2
1125,0.842383,,0.892300,0.844167,2.028,2312.3
1126,0.841450,,0.892300,0.844167,2.075,2314.3
1127,0.841317,,0.892300,0.844167,2.008,2316.3
1128,0.841333,,0.892300,0.844167,2.077,2318.4
1129,0.842900,,0.892300,0.844167,2.035,2320.5
1130,0.842900,,0.892300,0.844167,2.088,2322.5
1131,0.842617,,0.892300,0.844167,2.039,2324.6
1132,0.843617,,0.892300,0.844167,2.016,2326.6
1133,0.841983,,0.892300,0.844167,2.011,2328.6
1134,0.843150,,0.892300,0.844167,2.101,2330.7
1135,0.841067,,0.892300,0.844167,2.025,2332.7
1136,0.843983,,0.892300,0.844167,2.028,2334.8
1137,0.841700,,0.892300,0.844167,2.010,2336.8
1138,0.842417,,0.892300,0.844167,2.080,2338.8
1139,0.843050,,0.892300,0.844167,2.010,2340.9
1140,0.842017,,0.892300,0.844167,2.084,2342.9
1141,0.843967,,0.892300,0.844167,2.013,2345.0
1142,0.841000,,0.892300,0.844167,2.072,2347.0
1143,0.842633,,0.892300,0.844167,2.011,2349.0
1144,0.842117,,0.892300,0.844167,2.073,2351.1
1145,0.842417,,0.892300,0.844167,2.015,2353.1
1146,0.842867,,0.892300,0.844167,2.008,2355.1
1147,0.844633,,0.892300,0.844633,2.007,2357.1
1148,0.842767,,0.892300,0.844633,2.082,2359.2
1149,0.843500,,0.892300,0.844633,2.013,2361.2
1150,0.842917,0.8942999839782715,0.894300,0.844633,2.864,2364.1
1151,0.841817,,0.894300,0.844633,1.299,2365.4
1152,0.842550,,0.894300,0.844633,2.012,2367.4
1153,0.843533,,0.894300,0.844633,2.082,2369.5
1154,0.844767,,0.894300,0.844767,2.012,2371.5
1155,0.846383,,0.894300,0.846383,2.079,2373.6
1156,0.844300,,0.894300,0.846383,2.014,2375.6
1157,0.843933,,0.894300,0.846383,2.084,2377.7
1158,0.845033,,0.894300,0.846383,2.011,2379.7
1159,0.843317,,0.894300,0.846383,2.015,2381.7
1160,0.842317,,0.894300,0.846383,2.103,2383.8
1161,0.842033,,0.894300,0.846383,2.041,2385.9
1162,0.844100,,0.894300,0.846383,2.010,2387.9
1163,0.841350,,0.894300,0.846383,2.087,2389.9
1164,0.845550,,0.894300,0.846383,2.016,2392.0
1165,0.842833,,0.894300,0.846383,2.080,2394.0
1166,0.843950,,0.894300,0.846383,2.015,2396.1
1167,0.846317,,0.894300,0.846383,2.074,2398.1
1168,0.845333,,0.894300,0.846383,2.011,2400.1
1169,0.843200,,0.894300,0.846383,2.081,2402.2
1170,0.844983,,0.894300,0.846383,2.012,2404.2
1171,0.845050,,0.894300,0.846383,2.078,2406.3
1172,0.843500,,0.894300,0.846383,2.011,2408.3
1173,0.845633,,0.894300,0.846383,2.086,2410.4
1174,0.846233,,0.894300,0.846383,2.011,2412.4
1175,0.845600,,0.894300,0.846383,2.125,2414.6
1176,0.845967,,0.894300,0.846383,2.017,2416.6
1177,0.843467,,0.894300,0.846383,2.016,2418.6
1178,0.845117,,0.894300,0.846383,2.016,2420.6
1179,0.844867,,0.894300,0.846383,2.008,2422.6
1180,0.844417,,0.894300,0.846383,2.031,2424.6
1181,0.845667,,0.894300,0.846383,2.040,2426.7
1182,0.844767,,0.894300,0.846383,2.008,2428.7
1183,0.845150,,0.894300,0.846383,2.013,2430.7
1184,0.846483,,0.894300,0.846483,2.010,2432.7
1185,0.846067,,0.894300,0.846483,2.012,2434.7
1186,0.845200,,0.894300,0.846483,2.014,2436.7
1187,0.845867,,0.894300,0.846483,2.076,2438.8
1188,0.847350,,0.894300,0.847350,2.017,2440.8
1189,0.844967,,0.894300,0.847350,2.084,2442.9
1190,0.845200,,0.894300,0.847350,2.014,2444.9
1191,0.843000,,0.894300,0.847350,2.012,2446.9
1192,0.845117,,0.894300,0.847350,2.010,2448.9
1193,0.848050,,0.894300,0.848050,2.086,2451.0
1194,0.844583,,0.894300,0.848050,2.013,2453.0
1195,0.846067,,0.894300,0.848050,2.009,2455.1
1196,0.846650,,0.894300,0.848050,2.020,2457.1
1197,0.844400,,0.894300,0.848050,2.077,2459.2
1198,0.845033,,0.894300,0.848050,2.020,2461.2
1199,0.843800,,0.894300,0.848050,2.016,2463.2
1200,0.846700,0.8955999612808228,0.895600,0.848050,2.807,2466.0
1201,0.847883,,0.895600,0.848050,1.264,2467.3
1202,0.846450,,0.895600,0.848050,2.014,2469.3
1203,0.845217,,0.895600,0.848050,2.085,2471.4
1204,0.847783,,0.895600,0.848050,2.020,2473.4
1205,0.847333,,0.895600,0.848050,2.097,2475.5
1206,0.846583,,0.895600,0.848050,2.011,2477.5
1207,0.844583,,0.895600,0.848050,2.012,2479.5
1208,0.845933,,0.895600,0.848050,2.020,2481.5
1209,0.847500,,0.895600,0.848050,2.026,2483.5
1210,0.847250,,0.895600,0.848050,2.018,2485.6
1211,0.846033,,0.895600,0.848050,2.091,2487.7
1212,0.846267,,0.895600,0.848050,2.020,2489.7
1213,0.846733,,0.895600,0.848050,2.013,2491.7
1214,0.847600,,0.895600,0.848050,2.011,2493.7
1215,0.845367,,0.895600,0.848050,2.072,2495.8
1216,0.847133,,0.895600,0.848050,2.013,2497.8
1217,0.846167,,0.895600,0.848050,2.009,2499.8
1218,0.845750,,0.895600,0.848050,2.006,2501.8
1219,0.846983,,0.895600,0.848050,2.041,2503.8
1220,0.847983,,0.895600,0.848050,2.012,2505.9
1221,0.847583,,0.895600,0.848050,2.083,2507.9
1222,0.847900,,0.895600,0.848050,2.007,2509.9
1223,0.846500,,0.895600,0.848050,2.075,2512.0
1224,0.846800,,0.895600,0.848050,2.012,2514.0
1225,0.849950,,0.895600,0.849950,2.008,2516.0
1226,0.850433,,0.895600,0.850433,2.013,2518.1
1227,0.846583,,0.895600,0.850433,2.080,2520.1
1228,0.848350,,0.895600,0.850433,2.010,2522.1
1229,0.848933,,0.895600,0.850433,2.091,2524.2
1230,0.849067,,0.895600,0.850433,2.017,2526.2
1231,0.848167,,0.895600,0.850433,2.025,2528.3
1232,0.847583,,0.895600,0.850433,2.024,2530.3
1233,0.848883,,0.895600,0.850433,2.008,2532.3
1234,0.848700,,0.895600,0.850433,2.082,2534.4
1235,0.848967,,0.895600,0.850433,2.007,2536.4
1236,0.848933,,0.895600,0.850433,2.082,2538.5
1237,0.850283,,0.895600,0.850433,2.014,2540.5
1238,0.850200,,0.895600,0.850433,2.077,2542.6
1239,0.849683,,0.895600,0.850433,2.015,2544.6
1240,0.849767,,0.895600,0.850433,2.080,2546.7
1241,0.848183,,0.895600,0.850433,2.015,2548.7
1242,0.848017,,0.895600,0.850433,2.078,2550.8
1243,0.848950,,0.895600,0.850433,2.013,2552.8
1244,0.848200,,0.895600,0.850433,2.083,2554.9
1245,0.847783,,0.895600,0.850433,2.009,2556.9
1246,0.850450,,0.895600,0.850450,2.076,2558.9
1247,0.849067,,0.895600,0.850450,2.010,2560.9
1248,0.850833,,0.895600,0.850833,2.076,2563.0
1249,0.851100,,0.895600,0.851100,2.037,2565.1
1250,0.849167,0.8950999975204468,0.895600,0.851100,2.860,2567.9
1251,0.848983,,0.895600,0.851100,1.232,2569.2
1252,0.849250,,0.895600,0.851100,2.017,2571.2
1253,0.848983,,0.895600,0.851100,2.018,2573.2
1254,0.851033,,0.895600,0.851100,2.017,2575.2
1255,0.850550,,0.895600,0.851100,2.012,2577.2
1256,0.849933,,0.895600,0.851100,2.012,2579.2
1257,0.848683,,0.895600,0.851100,2.008,2581.2
1258,0.850850,,0.895600,0.851100,2.021,2583.3
1259,0.849217,,0.895600,0.851100,2.016,2585.3
1260,0.851583,,0.895600,0.851583,2.013,2587.3
1261,0.851683,,0.895600,0.851683,2.013,2589.3
1262,0.849783,,0.895600,0.851683,2.016,2591.3
1263,0.849350,,0.895600,0.851683,2.012,2593.3
1264,0.846950,,0.895600,0.851683,2.035,2595.4
1265,0.850283,,0.895600,0.851683,2.038,2597.4
1266,0.849933,,0.895600,0.851683,2.017,2599.4
1267,0.849433,,0.895600,0.851683,2.084,2601.5
1268,0.849600,,0.895600,0.851683,2.018,2603.5
1269,0.851100,,0.895600,0.851683,2.085,2605.6
1270,0.851650,,0.895600,0.851683,2.013,2607.6
1271,0.850350,,0.895600,0.851683,2.019,2609.6
1272,0.849833,,0.895600,0.851683,2.008,2611.6
1273,0.849633,,0.895600,0.851683,2.017,2613.7
1274,0.850133,,0.895600,0.851683,2.089,2615.7
1275,0.851617,,0.895600,0.851683,2.008,2617.8
1276,0.851233,,0.895600,0.851683,2.008,2619.8
1277,0.850950,,0.895600,0.851683,2.021,2621.8
1278,0.851700,,0.895600,0.851700,2.012,2623.8
1279,0.852400,,0.895600,0.852400,2.011,2625.8
1280,0.852667,,0.895600,0.852667,2.009,2627.8
1281,0.851550,,0.895600,0.852667,2.010,2629.8
1282,0.852367,,0.895600,0.852667,2.084,2631.9
1283,0.852767,,0.895600,0.852767,2.012,2633.9
1284,0.852133,,0.895600,0.852767,2.076,2636.0
1285,0.849050,,0.895600,0.852767,2.012,2638.0
1286,0.852267,,0.895600,0.852767,2.069,2640.1
1287,0.852933,,0.895600,0.852933,2.012,2642.1
1288,0.850633,,0.895600,0.852933,2.078,2644.2
1289,0.850250,,0.895600,0.852933,2.010,2646.2
1290,0.852950,,0.895600,0.852950,2.005,2648.2
1291,0.848933,,0.895600,0.852950,2.015,2650.2
1292,0.851750,,0.895600,0.852950,2.080,2652.3
1293,0.850783,,0.895600,0.852950,2.013,2654.3
1294,0.854783,,0.895600,0.854783,2.071,2656.4
1295,0.853700,,0.895600,0.854783,2.015,2658.4
1296,0.851800,,0.895600,0.854783,2.072,2660.5
1297,0.852367,,0.895600,0.854783,2.018,2662.5
1298,0.853517,,0.895600,0.854783,2.076,2664.5
1299,0.852617,,0.895600,0.854783,2.013,2666.6
1300,0.853783,0.898099958896637,0.898100,0.854783,2.878,2669.4
1301,0.852983,,0.898100,0.854783,1.238,2670.7
1302,0.852567,,0.898100,0.854783,2.016,2672.7
1303,0.852983,,0.898100,0.854783,2.008,2674.7
1304,0.851800,,0.898100,0.854783,2.012,2676.7
1305,0.854433,,0.898100,0.854783,2.011,2678.7
1306,0.852633,,0.898100,0.854783,2.076,2680.8
1307,0.853300,,0.898100,0.854783,2.038,2682.8
1308,0.853150,,0.898100,0.854783,2.108,2684.9
1309,0.853700,,0.898100,0.854783,2.027,2687.0
1310,0.853350,,0.898100,0.854783,2.014,2689.0
1311,0.853183,,0.898100,0.854783,2.078,2691.1
1312,0.854483,,0.898100,0.854783,2.016,2693.1
1313,0.852300,,0.898100,0.854783,2.073,2695.2
1314,0.852717,,0.898100,0.854783,2.010,2697.2
1315,0.852733,,0.898100,0.854783,2.076,2699.2
1316,0.852967,,0.898100,0.854783,2.003,2701.2
1317,0.852400,,0.898100,0.854783,2.077,2703.3
1318,0.855333,,0.898100,0.855333,2.009,2705.3
1319,0.853300,,0.898100,0.855333,2.006,2707.3
1320,0.854517,,0.898100,0.855333,2.083,2709.4
1321,0.853300,,0.898100,0.855333,2.005,2711.4
1322,0.853667,,0.898100,0.855333,2.085,2713.5
1323,0.854233,,0.898100,0.855333,2.006,2715.5
1324,0.853350,,0.898100,0.855333,2.077,2717.6
1325,0.854133,,0.898100,0.855333,2.022,2719.6
1326,0.853033,,0.898100,0.855333,2.081,2721.7
1327,0.852700,,0.898100,0.855333,2.021,2723.7
1328,0.852283,,0.898100,0.855333,2.080,2725.8
1329,0.853933,,0.898100,0.855333,2.012,2727.8
1330,0.853217,,0.898100,0.855333,2.094,2729.9
1331,0.853617,,0.898100,0.855333,2.010,2731.9
1332,0.854000,,0.898100,0.855333,2.017,2733.9
1333,0.851733,,0.898100,0.855333,2.006,2735.9
1334,0.854867,,0.898100,0.855333,2.009,2737.9
1335,0.854000,,0.898100,0.855333,2.018,2740.0
1336,0.852500,,0.898100,0.855333,2.079,2742.0
1337,0.853267,,0.898100,0.855333,2.006,2744.0
1338,0.854633,,0.898100,0.855333,2.010,2746.1
1339,0.854417,,0.898100,0.855333,2.080,2748.1
1340,0.853450,,0.898100,0.855333,2.017,2750.2
1341,0.854150,,0.898100,0.855333,2.081,2752.2
1342,0.854767,,0.898100,0.855333,2.016,2754.3
1343,0.854967,,0.898100,0.855333,2.080,2756.3
1344,0.854683,,0.898100,0.855333,2.009,2758.3
1345,0.855083,,0.898100,0.855333,2.086,2760.4
1346,0.852033,,0.898100,0.855333,2.005,2762.4
1347,0.855817,,0.898100,0.855817,2.028,2764.5
1348,0.855950,,0.898100,0.855950,2.011,2766.5
1349,0.854417,,0.898100,0.855950,2.008,2768.5
1350,0.854533,0.898099958896637,0.898100,0.855950,2.877,2771.4
1351,0.855633,,0.898100,0.855950,1.232,2772.6
1352,0.854383,,0.898100,0.855950,2.034,2774.6
1353,0.854267,,0.898100,0.855950,2.080,2776.7
1354,0.854867,,0.898100,0.855950,2.014,2778.7
1355,0.853850,,0.898100,0.855950,2.021,2780.7
1356,0.857383,,0.898100,0.857383,2.081,2782.8
1357,0.855350,,0.898100,0.857383,2.012,2784.8
1358,0.854950,,0.898100,0.857383,2.018,2786.9
1359,0.854467,,0.898100,0.857383,2.012,2788.9
1360,0.858017,,0.898100,0.858017,2.017,2790.9
1361,0.857167,,0.898100,0.858017,2.009,2792.9
1362,0.855667,,0.898100,0.858017,2.010,2794.9
1363,0.856183,,0.898100,0.858017,2.015,2796.9
1364,0.856300,,0.898100,0.858017,2.009,2798.9
1365,0.856650,,0.898100,0.858017,2.080,2801.0
1366,0.856650,,0.898100,0.858017,2.011,2803.0
1367,0.856117,,0.898100,0.858017,2.082,2805.1
1368,0.857050,,0.898100,0.858017,2.013,2807.1
1369,0.853950,,0.898100,0.858017,2.074,2809.2
1370,0.856333,,0.898100,0.858017,2.010,2811.2
1371,0.857367,,0.898100,0.858017,2.077,2813.3
1372,0.854450,,0.898100,0.858017,2.009,2815.3
1373,0.855817,,0.898100,0.858017,2.082,2817.4
1374,0.855400,,0.898100,0.858017,2.014,2819.4
1375,0.855417,,0.898100,0.858017,2.016,2821.4
1376,0.856400,,0.898100,0.858017,2.018,2823.4
1377,0.856683,,0.898100,0.858017,2.009,2825.4
1378,0.854567,,0.898100,0.858017,2.089,2827.5
1379,0.855017,,0.898100,0.858017,2.035,2829.5
1380,0.856850,,0.898100,0.858017,2.009,2831.6
1381,0.855850,,0.898100,0.858017,2.006,2833.6
1382,0.856950,,0.898100,0.858017,2.025,2835.6
1383,0.856550,,0.898100,0.858017,2.086,2837.7
1384,0.857033,,0.898100,0.858017,2.011,2839.7
1385,0.855383,,0.898100,0.858017,2.008,2841.7
1386,0.856717,,0.898100,0.858017,2.014,2843.7
1387,0.856367,,0.898100,0.858017,2.007,2845.7
1388,0.856067,,0.898100,0.858017,2.014,2847.7
1389,0.857367,,0.898100,0.858017,2.076,2849.8
1390,0.853967,,0.898100,0.858017,2.009,2851.8
1391,0.857467,,0.898100,0.858017,2.076,2853.9
1392,0.856033,,0.898100,0.858017,2.007,2855.9
1393,0.857400,,0.898100,0.858017,2.078,2858.0
1394,0.854217,,0.898100,0.858017,2.007,2860.0
1395,0.858983,,0.898100,0.858983,2.012,2862.0
1396,0.856467,,0.898100,0.858983,2.018,2864.0
1397,0.855750,,0.898100,0.858983,2.018,2866.0
1398,0.855667,,0.898100,0.858983,2.006,2868.0
1399,0.856100,,0.898100,0.858983,2.010,2870.0
1400,0.855633,0.8996999859809875,0.899700,0.858983,2.870,2872.9
1401,0.855650,,0.899700,0.858983,1.237,2874.1
1402,0.856450,,0.899700,0.858983,2.003,2876.2
1403,0.857533,,0.899700,0.858983,2.008,2878.2
1404,0.857833,,0.899700,0.858983,2.075,2880.2
1405,0.855167,,0.899700,0.858983,2.009,2882.2
1406,0.854117,,0.899700,0.858983,2.084,2884.3
1407,0.857300,,0.899700,0.858983,2.025,2886.4
1408,0.856517,,0.899700,0.858983,2.017,2888.4
1409,0.856300,,0.899700,0.858983,2.073,2890.4
1410,0.855033,,0.899700,0.858983,2.013,2892.5
1411,0.854783,,0.899700,0.858983,2.096,2894.6
1412,0.856383,,0.899700,0.858983,2.012,2896.6
1413,0.859233,,0.899700,0.859233,2.006,2898.6
1414,0.855633,,0.899700,0.859233,2.017,2900.6
1415,0.856400,,0.899700,0.859233,2.074,2902.7
1416,0.858200,,0.899700,0.859233,2.020,2904.7
1417,0.856217,,0.899700,0.859233,2.081,2906.8
1418,0.857917,,0.899700,0.859233,2.009,2908.8
1419,0.856483,,0.899700,0.859233,2.011,2910.8
1420,0.857350,,0.899700,0.859233,2.007,2912.8
1421,0.856017,,0.899700,0.859233,2.074,2914.9
1422,0.858217,,0.899700,0.859233,2.015,2916.9
1423,0.856700,,0.899700,0.859233,2.078,2919.0
1424,0.856717,,0.899700,0.859233,2.011,2921.0
1425,0.857050,,0.899700,0.859233,2.006,2923.0
1426,0.858900,,0.899700,0.859233,2.079,2925.1
1427,0.856000,,0.899700,0.859233,2.012,2927.1
1428,0.856267,,0.899700,0.859233,2.012,2929.1
1429,0.856967,,0.899700,0.859233,2.013,2931.1
1430,0.858100,,0.899700,0.859233,2.075,2933.2
1431,0.856083,,0.899700,0.859233,2.020,2935.2
1432,0.857050,,0.899700,0.859233,2.077,2937.3
1433,0.856967,,0.899700,0.859233,2.010,2939.3
1434,0.857767,,0.899700,0.859233,2.084,2941.4
1435,0.856933,,0.899700,0.859233,2.010,2943.4
1436,0.856283,,0.899700,0.859233,2.078,2945.4
1437,0.858400,,0.899700,0.859233,2.010,2947.4
1438,0.857967,,0.899700,0.859233,2.078,2949.5
1439,0.857550,,0.899700,0.859233,2.017,2951.5
1440,0.857950,,0.899700,0.859233,2.080,2953.6
1441,0.858100,,0.899700,0.859233,2.032,2955.7
1442,0.857900,,0.899700,0.859233,2.079,2957.7
1443,0.857917,,0.899700,0.859233,2.011,2959.7
1444,0.859083,,0.899700,0.859233,2.012,2961.8
1445,0.857667,,0.899700,0.859233,2.011,2963.8
1446,0.858867,,0.899700,0.859233,2.011,2965.8
1447,0.858583,,0.899700,0.859233,2.030,2967.8
1448,0.857750,,0.899700,0.859233,2.007,2969.8
1449,0.860033,,0.899700,0.860033,2.015,2971.8
1450,0.858833,0.9004999995231628,0.900500,0.860033,2.804,2974.6
1451,0.856517,,0.900500,0.860033,1.244,2975.9
1452,0.857833,,0.900500,0.860033,2.014,2977.9
1453,0.857550,,0.900500,0.860033,2.077,2980.0
1454,0.857500,,0.900500,0.860033,2.022,2982.0
1455,0.857650,,0.900500,0.860033,2.076,2984.1
1456,0.859167,,0.900500,0.860033,2.037,2986.1
1457,0.857783,,0.900500,0.860033,2.096,2988.2
1458,0.857633,,0.900500,0.860033,2.033,2990.2
1459,0.858200,,0.900500,0.860033,2.071,2992.3
1460,0.856750,,0.900500,0.860033,2.007,2994.3
1461,0.857067,,0.900500,0.860033,2.009,2996.3
1462,0.859233,,0.900500,0.860033,2.019,2998.3
1463,0.858233,,0.900500,0.860033,2.014,3000.4
1464,0.857983,,0.900500,0.860033,2.018,3002.4
1465,0.857667,,0.900500,0.860033,2.010,3004.4
1466,0.859433,,0.900500,0.860033,2.009,3006.4
1467,0.859600,,0.900500,0.860033,2.029,3008.4
1468,0.858300,,0.900500,0.860033,2.091,3010.5
1469,0.858400,,0.900500,0.860033,2.024,3012.5
1470,0.856750,,0.900500,0.860033,2.089,3014.6
1471,0.859883,,0.900500,0.860033,2.025,3016.6
1472,0.858517,,0.900500,0.860033,2.246,3018.9
1473,0.859417,,0.900500,0.860033,2.160,3021.1
1474,0.857250,,0.900500,0.860033,3.644,3024.7
1475,0.856767,,0.900500,0.860033,2.245,3026.9
1476,0.858383,,0.900500,0.860033,2.408,3029.4
1477,0.859050,,0.900500,0.860033,2.266,3031.6
1478,0.857767,,0.900500,0.860033,2.317,3033.9
1479,0.858083,,0.900500,0.860033,2.272,3036.2
1480,0.858250,,0.900500,0.860033,2.245,3038.5
1481,0.859917,,0.900500,0.860033,2.268,3040.7
1482,0.857367,,0.900500,0.860033,4.067,3044.8
1483,0.857567,,0.900500,0.860033,2.711,3047.5
1484,0.857033,,0.900500,0.860033,2.375,3049.9
1485,0.859400,,0.900500,0.860033,2.253,3052.1
1486,0.856483,,0.900500,0.860033,2.225,3054.4
1487,0.857867,,0.900500,0.860033,2.194,3056.5
1488,0.857900,,0.900500,0.860033,2.200,3058.7
1489,0.858050,,0.900500,0.860033,2.208,3061.0
1490,0.858550,,0.900500,0.860033,2.192,3063.1
1491,0.858100,,0.900500,0.860033,2.199,3065.3
1492,0.859517,,0.900500,0.860033,2.199,3067.5
1493,0.858783,,0.900500,0.860033,2.208,3069.8
1494,0.858767,,0.900500,0.860033,2.203,3072.0
1495,0.857683,,0.900500,0.860033,2.207,3074.2
1496,0.859567,,0.900500,0.860033,2.252,3076.4
1497,0.859250,,0.900500,0.860033,2.235,3078.6
1498,0.858033,,0.900500,0.860033,2.361,3081.0
1499,0.859900,,0.900500,0.860033,2.175,3083.2
1500,0.858850,0.9027999639511108,0.902800,0.860033,3.009,3086.2
1501,0.857017,,0.902800,0.860033,1.417,3087.6
1502,0.859233,,0.902800,0.860033,2.160,3089.8
1503,0.859450,,0.902800,0.860033,2.162,3091.9
1504,0.858417,,0.902800,0.860033,2.157,3094.1
1505,0.859283,,0.902800,0.860033,2.155,3096.2
1506,0.858867,,0.902800,0.860033,2.157,3098.4
1507,0.858533,,0.902800,0.860033,2.246,3100.6
1508,0.861433,,0.902800,0.861433,2.162,3102.8
1509,0.859200,,0.902800,0.861433,2.196,3105.0
1510,0.859333,,0.902800,0.861433,2.253,3107.3
1511,0.858867,,0.902800,0.861433,2.263,3109.5
1512,0.858717,,0.902800,0.861433,2.189,3111.7
1513,0.857650,,0.902800,0.861433,2.135,3113.8
1514,0.859767,,0.902800,0.861433,2.017,3115.9
1515,0.859117,,0.902800,0.861433,2.021,3117.9
1516,0.860867,,0.902800,0.861433,2.019,3119.9
1517,0.860617,,0.902800,0.861433,2.016,3121.9
1518,0.859783,,0.902800,0.861433,2.086,3124.0
1519,0.860350,,0.902800,0.861433,2.015,3126.0
1520,0.858583,,0.902800,0.861433,2.089,3128.1
1521,0.858317,,0.902800,0.861433,2.018,3130.1
1522,0.859967,,0.902800,0.861433,2.022,3132.1
1523,0.858850,,0.902800,0.861433,2.023,3134.2
1524,0.859000,,0.902800,0.861433,2.039,3136.2
1525,0.859750,,0.902800,0.861433,2.013,3138.2
1526,0.860217,,0.902800,0.861433,2.080,3140.3
1527,0.859267,,0.902800,0.861433,2.014,3142.3
1528,0.859033,,0.902800,0.861433,2.077,3144.4
1529,0.860783,,0.902800,0.861433,2.017,3146.4
1530,0.860783,,0.902800,0.861433,2.077,3148.5
1531,0.859250,,0.902800,0.861433,2.007,3150.5
1532,0.859817,,0.902800,0.861433,2.080,3152.6
1533,0.859700,,0.902800,0.861433,2.008,3154.6
1534,0.860267,,0.902800,0.861433,2.016,3156.6
1535,0.860667,,0.902800,0.861433,2.013,3158.6
1536,0.861550,,0.902800,0.861550,2.011,3160.6
1537,0.860567,,0.902800,0.861550,2.014,3162.6
1538,0.861200,,0.902800,0.861550,2.019,3164.7
1539,0.861667,,0.902800,0.861667,2.083,3166.7
1540,0.860867,,0.902800,0.861667,2.076,3168.8
1541,0.861183,,0.902800,0.861667,2.019,3170.8
1542,0.859400,,0.902800,0.861667,2.017,3172.8
1543,0.861750,,0.902800,0.861750,2.018,3174.9
1544,0.860317,,0.902800,0.861750,2.011,3176.9
1545,0.859733,,0.902800,0.861750,2.083,3179.0
1546,0.862033,,0.902800,0.862033,2.012,3181.0
1547,0.863367,,0.902800,0.863367,2.084,3183.1
1548,0.862350,,0.902800,0.863367,2.033,3185.1
1549,0.861733,,0.902800,0.863367,2.018,3187.1
1550,0.864317,0.9016000032424927,0.902800,0.864317,2.816,3189.9
1551,0.862617,,0.902800,0.864317,1.291,3191.2
1552,0.863083,,0.902800,0.864317,2.008,3193.2
1553,0.861700,,0.902800,0.864317,2.114,3195.3
1554,0.860517,,0.902800,0.864317,2.059,3197.4
1555,0.859967,,0.902800,0.864317,2.018,3199.4
1556,0.862067,,0.902800,0.864317,2.020,3201.4
1557,0.861367,,0.902800,0.864317,2.030,3203.5
1558,0.862167,,0.902800,0.864317,2.014,3205.5
1559,0.860483,,0.902800,0.864317,2.019,3207.5
1560,0.860550,,0.902800,0.864317,2.025,3209.5
1561,0.860433,,0.902800,0.864317,2.026,3211.5
1562,0.863033,,0.902800,0.864317,2.015,3213.6
1563,0.861283,,0.902800,0.864317,2.082,3215.6
1564,0.862050,,0.902800,0.864317,2.009,3217.7
1565,0.861967,,0.902800,0.864317,2.027,3219.7
1566,0.862400,,0.902800,0.864317,2.089,3221.8
1567,0.859867,,0.902800,0.864317,2.030,3223.8
1568,0.861283,,0.902800,0.864317,2.026,3225.8
1569,0.863267,,0.902800,0.864317,2.020,3227.8
1570,0.863683,,0.902800,0.864317,2.024,3229.9
1571,0.862633,,0.902800,0.864317,2.085,3232.0
1572,0.861200,,0.902800,0.864317,2.014,3234.0
1573,0.861300,,0.902800,0.864317,2.024,3236.0
1574,0.860850,,0.902800,0.864317,2.011,3238.0
1575,0.861450,,0.902800,0.864317,2.024,3240.0
1576,0.859950,,0.902800,0.864317,2.025,3242.1
1577,0.862467,,0.902800,0.864317,2.020,3244.1
1578,0.860233,,0.902800,0.864317,2.090,3246.2
1579,0.861517,,0.902800,0.864317,2.017,3248.2
1580,0.859800,,0.902800,0.864317,2.021,3250.2
1581,0.862700,,0.902800,0.864317,2.037,3252.2
1582,0.861417,,0.902800,0.864317,2.013,3254.2
1583,0.860433,,0.902800,0.864317,2.022,3256.3
1584,0.862050,,0.902800,0.864317,2.025,3258.3
1585,0.861667,,0.902800,0.864317,2.020,3260.3
1586,0.861567,,0.902800,0.864317,2.084,3262.4
1587,0.862300,,0.902800,0.864317,2.016,3264.4
1588,0.861733,,0.902800,0.864317,2.022,3266.4
1589,0.864033,,0.902800,0.864317,2.018,3268.5
1590,0.864133,,0.902800,0.864317,2.017,3270.5
1591,0.862950,,0.902800,0.864317,2.084,3272.6
1592,0.863200,,0.902800,0.864317,2.010,3274.6
1593,0.862217,,0.902800,0.864317,2.088,3276.7
1594,0.861900,,0.902800,0.864317,2.014,3278.7
1595,0.861767,,0.902800,0.864317,2.017,3280.7
1596,0.862033,,0.902800,0.864317,2.019,3282.7
1597,0.862133,,0.902800,0.864317,2.017,3284.7
1598,0.861983,,0.902800,0.864317,2.013,3286.7
1599,0.862500,,0.902800,0.864317,2.011,3288.7
1600,0.862167,0.9025999903678894,0.902800,0.864317,2.805,3291.5
1601,0.860583,,0.902800,0.864317,1.234,3292.8
1602,0.862950,,0.902800,0.864317,2.014,3294.8
1603,0.861950,,0.902800,0.864317,2.081,3296.9
1604,0.863450,,0.902800,0.864317,2.020,3298.9
1605,0.862783,,0.902800,0.864317,2.013,3300.9
1606,0.862367,,0.902800,0.864317,2.082,3303.0
1607,0.861800,,0.902800,0.864317,2.021,3305.0
1608,0.862517,,0.902800,0.864317,2.082,3307.1
1609,0.862383,,0.902800,0.864317,2.015,3309.1
1610,0.860950,,0.902800,0.864317,2.087,3311.2
1611,0.861950,,0.902800,0.864317,2.018,3313.2
1612,0.861617,,0.902800,0.864317,2.017,3315.2
1613,0.860917,,0.902800,0.864317,2.023,3317.3
1614,0.860433,,0.902800,0.864317,2.021,3319.3
1615,0.863917,,0.902800,0.864317,2.084,3321.4
1616,0.862350,,0.902800,0.864317,2.013,3323.4
1617,0.862017,,0.902800,0.864317,2.021,3325.4
1618,0.861717,,0.902800,0.864317,2.019,3327.4
1619,0.862733,,0.902800,0.864317,2.010,3329.4
1620,0.861267,,0.902800,0.864317,2.023,3331.4
1621,0.863300,,0.902800,0.864317,2.028,3333.5
1622,0.863700,,0.902800,0.864317,2.009,3335.5
1623,0.862300,,0.902800,0.864317,2.081,3337.6
1624,0.862783,,0.902800,0.864317,2.017,3339.6
1625,0.862433,,0.902800,0.864317,2.079,3341.7
1626,0.864733,,0.902800,0.864733,2.017,3343.7
1627,0.862483,,0.902800,0.864733,2.085,3345.8
1628,0.861533,,0.902800,0.864733,2.019,3347.8
1629,0.863633,,0.902800,0.864733,2.021,3349.8
1630,0.861667,,0.902800,0.864733,2.040,3351.8
1631,0.861517,,0.902800,0.864733,2.029,3353.9
1632,0.862650,,0.902800,0.864733,2.014,3355.9
1633,0.863067,,0.902800,0.864733,2.094,3358.0
1634,0.862700,,0.902800,0.864733,2.024,3360.0
1635,0.862867,,0.902800,0.864733,2.025,3362.0
1636,0.862650,,0.902800,0.864733,2.021,3364.0
1637,0.862650,,0.902800,0.864733,2.085,3366.1
1638,0.862283,,0.902800,0.864733,2.025,3368.2
1639,0.862217,,0.902800,0.864733,2.030,3370.2
1640,0.864017,,0.902800,0.864733,2.013,3372.2
1641,0.863467,,0.902800,0.864733,2.027,3374.2
1642,0.862300,,0.902800,0.864733,2.036,3376.3
1643,0.863550,,0.902800,0.864733,2.018,3378.3
1644,0.864017,,0.902800,0.864733,2.014,3380.3
1645,0.864200,,0.902800,0.864733,2.017,3382.3
1646,0.863183,,0.902800,0.864733,2.023,3384.3
1647,0.865283,,0.902800,0.865283,2.035,3386.4
1648,0.863167,,0.902800,0.865283,2.020,3388.4
1649,0.863850,,0.902800,0.865283,2.020,3390.4
1650,0.864533,0.9010999798774719,0.902800,0.865283,2.812,3393.2
1651,0.865117,,0.902800,0.865283,1.304,3394.5
1652,0.864267,,0.902800,0.865283,2.007,3396.5
1653,0.864100,,0.902800,0.865283,2.019,3398.6
1654,0.862917,,0.902800,0.865283,2.021,3400.6
1655,0.864050,,0.902800,0.865283,2.016,3402.6
1656,0.863600,,0.902800,0.865283,2.029,3404.6
1657,0.865667,,0.902800,0.865667,2.149,3406.8
1658,0.865667,,0.902800,0.865667,2.096,3408.9
1659,0.864600,,0.902800,0.865667,2.021,3410.9
1660,0.863333,,0.902800,0.865667,2.026,3412.9
1661,0.864567,,0.902800,0.865667,2.020,3414.9
1662,0.864033,,0.902800,0.865667,2.007,3416.9
1663,0.865017,,0.902800,0.865667,2.009,3418.9
1664,0.865467,,0.902800,0.865667,2.014,3421.0
1665,0.863983,,0.902800,0.865667,2.180,3423.1
1666,0.863517,,0.902800,0.865667,2.111,3425.3
1667,0.865083,,0.902800,0.865667,2.010,3427.3
1668,0.864833,,0.902800,0.865667,2.014,3429.3
1669,0.864750,,0.902800,0.865667,2.082,3431.4
1670,0.866567,,0.902800,0.866567,2.017,3433.4
1671,0.863650,,0.902800,0.866567,2.017,3435.4
1672,0.865633,,0.902800,0.866567,2.018,3437.4
1673,0.866133,,0.902800,0.866567,2.180,3439.6
1674,0.866267,,0.902800,0.866567,2.110,3441.7
1675,0.864650,,0.902800,0.866567,2.010,3443.7
1676,0.864033,,0.902800,0.866567,2.010,3445.7
1677,0.863267,,0.902800,0.866567,2.018,3447.7
1678,0.865367,,0.902800,0.866567,2.009,3449.7
1679,0.866100,,0.902800,0.866567,2.014,3451.8
1680,0.863733,,0.902800,0.866567,2.108,3453.9
1681,0.863517,,0.902800,0.866567,2.106,3456.0
1682,0.867633,,0.902800,0.867633,2.049,3458.0
1683,0.864067,,0.902800,0.867633,2.014,3460.0
1684,0.865367,,0.902800,0.867633,2.085,3462.1
1685,0.865950,,0.902800,0.867633,2.013,3464.1
1686,0.864217,,0.902800,0.867633,2.036,3466.2
1687,0.865417,,0.902800,0.867633,2.049,3468.2
1688,0.866367,,0.902800,0.867633,2.015,3470.2
1689,0.865067,,0.902800,0.867633,2.084,3472.3
1690,0.865033,,0.902800,0.867633,2.013,3474.3
1691,0.865383,,0.902800,0.867633,2.013,3476.3
1692,0.865567,,0.902800,0.867633,2.076,3478.4
1693,0.865800,,0.902800,0.867633,2.015,3480.4
1694,0.866150,,0.902800,0.867633,2.089,3482.5
1695,0.866567,,0.902800,0.867633,2.010,3484.5
1696,0.867250,,0.902800,0.867633,2.015,3486.5
1697,0.866183,,0.902800,0.867633,2.014,3488.6
1698,0.866067,,0.902800,0.867633,2.016,3490.6
1699,0.866300,,0.902800,0.867633,2.012,3492.6
1700,0.865950,0.9032999873161316,0.903300,0.867633,2.811,3495.4
1701,0.864717,,0.903300,0.867633,1.289,3496.7
1702,0.865517,,0.903300,0.867633,2.012,3498.7
1703,0.865150,,0.903300,0.867633,2.012,3500.7
1704,0.865633,,0.903300,0.867633,2.017,3502.7
1705,0.867233,,0.903300,0.867633,2.011,3504.7
1706,0.868333,,0.903300,0.868333,2.009,3506.8
1707,0.867417,,0.903300,0.868333,2.013,3508.8
1708,0.864950,,0.903300,0.868333,2.075,3510.8
1709,0.866100,,0.903300,0.868333,2.012,3512.9
1710,0.866300,,0.903300,0.868333,2.075,3514.9
1711,0.866167,,0.903300,0.868333,2.009,3516.9
1712,0.866000,,0.903300,0.868333,2.078,3519.0
1713,0.868150,,0.903300,0.868333,2.012,3521.0
1714,0.865483,,0.903300,0.868333,2.019,3523.0
1715,0.866483,,0.903300,0.868333,2.030,3525.1
1716,0.867900,,0.903300,0.868333,2.011,3527.1
1717,0.865067,,0.903300,0.868333,2.078,3529.2
1718,0.866217,,0.903300,0.868333,2.013,3531.2
1719,0.866800,,0.903300,0.868333,2.081,3533.3
1720,0.866883,,0.903300,0.868333,2.008,3535.3
1721,0.867183,,0.903300,0.868333,2.076,3537.3
1722,0.866233,,0.903300,0.868333,2.022,3539.4
1723,0.868150,,0.903300,0.868333,2.079,3541.4
1724,0.866617,,0.903300,0.868333,2.020,3543.5
1725,0.868033,,0.903300,0.868333,2.084,3545.5
1726,0.867017,,0.903300,0.868333,2.008,3547.6
1727,0.869067,,0.903300,0.869067,2.015,3549.6
1728,0.864483,,0.903300,0.869067,2.077,3551.6
1729,0.868150,,0.903300,0.869067,2.011,3553.7
1730,0.867017,,0.903300,0.869067,2.106,3555.8
1731,0.866267,,0.903300,0.869067,2.035,3557.8
1732,0.867750,,0.903300,0.869067,2.016,3559.8
1733,0.865483,,0.903300,0.869067,2.010,3561.8
1734,0.867150,,0.903300,0.869067,2.008,3563.8
1735,0.868533,,0.903300,0.869067,2.013,3565.8
1736,0.867900,,0.903300,0.869067,2.013,3567.9
1737,0.866550,,0.903300,0.869067,2.085,3569.9
1738,0.867200,,0.903300,0.869067,2.006,3571.9
1739,0.867617,,0.903300,0.869067,2.002,3574.0
1740,0.867483,,0.903300,0.869067,2.077,3576.0
1741,0.865200,,0.903300,0.869067,2.007,3578.0
1742,0.866950,,0.903300,0.869067,2.075,3580.1
1743,0.866567,,0.903300,0.869067,2.463,3582.6
1744,0.865217,,0.903300,0.869067,2.119,3584.7
1745,0.867633,,0.903300,0.869067,2.098,3586.8
1746,0.867717,,0.903300,0.869067,2.056,3588.8
1747,0.866900,,0.903300,0.869067,2.017,3590.9
1748,0.869183,,0.903300,0.869183,2.012,3592.9
1749,0.867583,,0.903300,0.869183,2.017,3594.9
1750,0.867567,0.903499960899353,0.903500,0.869183,2.806,3597.7
1751,0.868117,,0.903500,0.869183,1.261,3599.0
1752,0.867733,,0.903500,0.869183,2.019,3601.0
1753,0.869000,,0.903500,0.869183,2.081,3603.1
1754,0.867483,,0.903500,0.869183,2.018,3605.1
1755,0.867317,,0.903500,0.869183,2.074,3607.2
1756,0.868450,,0.903500,0.869183,2.013,3609.2
1757,0.869183,,0.903500,0.869183,2.088,3611.3
1758,0.868950,,0.903500,0.869183,2.015,3613.3
1759,0.868517,,0.903500,0.869183,2.078,3615.3
1760,0.866533,,0.903500,0.869183,2.016,3617.4
1761,0.868650,,0.903500,0.869183,2.073,3619.4
1762,0.867450,,0.903500,0.869183,2.011,3621.4
1763,0.867967,,0.903500,0.869183,2.077,3623.5
1764,0.866667,,0.903500,0.869183,2.006,3625.5
1765,0.868383,,0.903500,0.869183,2.075,3627.6
1766,0.867833,,0.903500,0.869183,2.011,3629.6
1767,0.867700,,0.903500,0.869183,2.012,3631.6
1768,0.867633,,0.903500,0.869183,2.013,3633.6
1769,0.869217,,0.903500,0.869217,2.009,3635.6
1770,0.867117,,0.903500,0.869217,2.076,3637.7
1771,0.867050,,0.903500,0.869217,2.010,3639.7
1772,0.869867,,0.903500,0.869867,2.084,3641.8
1773,0.868483,,0.903500,0.869867,2.006,3643.8
1774,0.868000,,0.903500,0.869867,2.095,3645.9
1775,0.868133,,0.903500,0.869867,2.022,3647.9
1776,0.867967,,0.903500,0.869867,2.014,3650.0
1777,0.867800,,0.903500,0.869867,2.010,3652.0
1778,0.869300,,0.903500,0.869867,2.007,3654.0
1779,0.868583,,0.903500,0.869867,2.008,3656.0
1780,0.869433,,0.903500,0.869867,2.082,3658.1
1781,0.867383,,0.903500,0.869867,2.015,3660.1
1782,0.867317,,0.903500,0.869867,2.082,3662.2
1783,0.868933,,0.903500,0.869867,2.003,3664.2
1784,0.867317,,0.903500,0.869867,2.069,3666.2
1785,0.869500,,0.903500,0.869867,2.024,3668.3
1786,0.866500,,0.903500,0.869867,2.083,3670.3
1787,0.868617,,0.903500,0.869867,2.015,3672.4
1788,0.866250,,0.903500,0.869867,2.078,3674.4
1789,0.868900,,0.903500,0.869867,2.028,3676.5
1790,0.870933,,0.903500,0.870933,2.093,3678.6
1791,0.868683,,0.903500,0.870933,2.020,3680.6
1792,0.868217,,0.903500,0.870933,2.018,3682.6
1793,0.868217,,0.903500,0.870933,2.078,3684.7
1794,0.868800,,0.903500,0.870933,2.011,3686.7
1795,0.867833,,0.903500,0.870933,2.086,3688.8
1796,0.867900,,0.903500,0.870933,2.009,3690.8
1797,0.868417,,0.903500,0.870933,2.079,3692.9
1798,0.868433,,0.903500,0.870933,2.015,3694.9
1799,0.868867,,0.903500,0.870933,2.072,3696.9
1800,0.867817,0.9041999578475952,0.904200,0.870933,2.806,3699.7
1801,0.870667,,0.904200,0.870933,1.296,3701.0
1802,0.868867,,0.904200,0.870933,2.013,3703.1
1803,0.867183,,0.904200,0.870933,2.076,3705.1
1804,0.869683,,0.904200,0.870933,2.008,3707.1
1805,0.867700,,0.904200,0.870933,2.080,3709.2
1806,0.867717,,0.904200,0.870933,2.015,3711.2
1807,0.868633,,0.904200,0.870933,2.079,3713.3
1808,0.868133,,0.904200,0.870933,2.009,3715.3
1809,0.869400,,0.904200,0.870933,2.073,3717.4
1810,0.869283,,0.904200,0.870933,2.024,3719.4
1811,0.868800,,0.904200,0.870933,2.074,3721.5
1812,0.870383,,0.904200,0.870933,2.012,3723.5
1813,0.867433,,0.904200,0.870933,2.070,3725.6
1814,0.867133,,0.904200,0.870933,2.009,3727.6
1815,0.869317,,0.904200,0.870933,2.008,3729.6
1816,0.867867,,0.904200,0.870933,2.080,3731.7
1817,0.869533,,0.904200,0.870933,2.012,3733.7
1818,0.868167,,0.904200,0.870933,2.106,3735.8
1819,0.869017,,0.904200,0.870933,2.016,3737.8
1820,0.869217,,0.904200,0.870933,2.020,3739.8
1821,0.870717,,0.904200,0.870933,2.073,3741.9
1822,0.867183,,0.904200,0.870933,2.015,3743.9
1823,0.868917,,0.904200,0.870933,2.077,3746.0
1824,0.869650,,0.904200,0.870933,2.016,3748.0
1825,0.868883,,0.904200,0.870933,2.083,3750.1
1826,0.869533,,0.904200,0.870933,2.015,3752.1
1827,0.869467,,0.904200,0.870933,2.082,3754.2
1828,0.869717,,0.904200,0.870933,2.084,3756.3
1829,0.868100,,0.904200,0.870933,2.010,3758.3
1830,0.867917,,0.904200,0.870933,2.019,3760.3
1831,0.867017,,0.904200,0.870933,2.081,3762.4
1832,0.868717,,0.904200,0.870933,2.016,3764.4
1833,0.868433,,0.904200,0.870933,2.027,3766.4
1834,0.867233,,0.904200,0.870933,2.018,3768.4
1835,0.868533,,0.904200,0.870933,2.012,3770.5
1836,0.868400,,0.904200,0.870933,2.076,3772.5
1837,0.869433,,0.904200,0.870933,2.013,3774.5
1838,0.868300,,0.904200,0.870933,2.079,3776.6
1839,0.868767,,0.904200,0.870933,2.012,3778.6
1840,0.868150,,0.904200,0.870933,2.084,3780.7
1841,0.869300,,0.904200,0.870933,2.008,3782.7
1842,0.869417,,0.904200,0.870933,2.076,3784.8
1843,0.868150,,0.904200,0.870933,2.019,3786.8
1844,0.869800,,0.904200,0.870933,2.085,3788.9
1845,0.868083,,0.904200,0.870933,2.009,3790.9
1846,0.869217,,0.904200,0.870933,2.077,3793.0
1847,0.869517,,0.904200,0.870933,2.014,3795.0
1848,0.868967,,0.904200,0.870933,2.091,3797.1
1849,0.870167,,0.904200,0.870933,2.017,3799.1
1850,0.868867,0.9056999683380127,0.905700,0.870933,2.880,3802.0
1851,0.869567,,0.905700,0.870933,1.260,3803.3
1852,0.869600,,0.905700,0.870933,2.011,3805.3
1853,0.869650,,0.905700,0.870933,2.016,3807.3
1854,0.868217,,0.905700,0.870933,2.005,3809.3
1855,0.868967,,0.905700,0.870933,2.014,3811.3
1856,0.870600,,0.905700,0.870933,2.013,3813.3
1857,0.869733,,0.905700,0.870933,2.013,3815.3
1858,0.868550,,0.905700,0.870933,2.083,3817.4
1859,0.869900,,0.905700,0.870933,2.011,3819.4
1860,0.868667,,0.905700,0.870933,2.007,3821.4
1861,0.867933,,0.905700,0.870933,2.077,3823.5
1862,0.869500,,0.905700,0.870933,2.031,3825.5
1863,0.868117,,0.905700,0.870933,2.081,3827.6
1864,0.869050,,0.905700,0.870933,2.012,3829.6
1865,0.870500,,0.905700,0.870933,2.008,3831.6
1866,0.870750,,0.905700,0.870933,2.015,3833.6
1867,0.870483,,0.905700,0.870933,2.013,3835.7
1868,0.869733,,0.905700,0.870933,2.083,3837.7
1869,0.870650,,0.905700,0.870933,2.008,3839.8
1870,0.867917,,0.905700,0.870933,2.008,3841.8
1871,0.871883,,0.905700,0.871883,2.084,3843.8
1872,0.870067,,0.905700,0.871883,2.014,3845.9
1873,0.870233,,0.905700,0.871883,2.075,3847.9
1874,0.870383,,0.905700,0.871883,2.008,3849.9
1875,0.868317,,0.905700,0.871883,2.073,3852.0
1876,0.868717,,0.905700,0.871883,2.011,3854.0
1877,0.869183,,0.905700,0.871883,2.086,3856.1
1878,0.869250,,0.905700,0.871883,2.014,3858.1
1879,0.871550,,0.905700,0.871883,2.015,3860.1
1880,0.869183,,0.905700,0.871883,2.076,3862.2
1881,0.871017,,0.905700,0.871883,2.010,3864.2
1882,0.871283,,0.905700,0.871883,2.072,3866.3
1883,0.869617,,0.905700,0.871883,2.015,3868.3
1884,0.869200,,0.905700,0.871883,2.008,3870.3
1885,0.869633,,0.905700,0.871883,2.015,3872.3
1886,0.871017,,0.905700,0.871883,2.080,3874.4
1887,0.870000,,0.905700,0.871883,2.004,3876.4
1888,0.869883,,0.905700,0.871883,2.077,3878.5
1889,0.869900,,0.905700,0.871883,2.008,3880.5
1890,0.871333,,0.905700,0.871883,2.084,3882.6
1891,0.870500,,0.905700,0.871883,2.030,3884.6
1892,0.868617,,0.905700,0.871883,2.013,3886.6
1893,0.869250,,0.905700,0.871883,2.009,3888.6
1894,0.870750,,0.905700,0.871883,2.009,3890.7
1895,0.873250,,0.905700,0.873250,2.076,3892.7
1896,0.871517,,0.905700,0.873250,2.021,3894.7
1897,0.871850,,0.905700,0.873250,2.083,3896.8
1898,0.872117,,0.905700,0.873250,2.015,3898.8
1899,0.871017,,0.905700,0.873250,2.075,3900.9
1900,0.871333,0.902899980545044,0.905700,0.873250,2.803,3903.7
1901,0.869467,,0.905700,0.873250,1.308,3905.0
1902,0.869400,,0.905700,0.873250,2.017,3907.0
1903,0.871167,,0.905700,0.873250,2.021,3909.1
1904,0.870817,,0.905700,0.873250,2.017,3911.1
1905,0.870567,,0.905700,0.873250,2.076,3913.2
1906,0.872683,,0.905700,0.873250,2.021,3915.2
1907,0.869767,,0.905700,0.873250,2.098,3917.3
1908,0.869867,,0.905700,0.873250,2.014,3919.3
1909,0.871267,,0.905700,0.873250,2.016,3921.3
1910,0.870233,,0.905700,0.873250,2.074,3923.4
1911,0.871267,,0.905700,0.873250,2.011,3925.4
1912,0.870100,,0.905700,0.873250,2.073,3927.5
1913,0.870683,,0.905700,0.873250,2.010,3929.5
1914,0.870833,,0.905700,0.873250,2.013,3931.5
1915,0.871200,,0.905700,0.873250,2.075,3933.6
1916,0.871283,,0.905700,0.873250,2.017,3935.6
1917,0.870867,,0.905700,0.873250,2.076,3937.7
1918,0.872167,,0.905700,0.873250,2.010,3939.7
1919,0.870717,,0.905700,0.873250,2.079,3941.8
1920,0.870883,,0.905700,0.873250,2.010,3943.8
1921,0.870650,,0.905700,0.873250,2.085,3945.8
1922,0.872717,,0.905700,0.873250,2.008,3947.9
1923,0.870083,,0.905700,0.873250,2.077,3949.9
1924,0.873067,,0.905700,0.873250,2.018,3951.9
1925,0.869533,,0.905700,0.873250,2.081,3954.0
1926,0.870767,,0.905700,0.873250,2.010,3956.0
1927,0.868500,,0.905700,0.873250,2.079,3958.1
1928,0.868783,,0.905700,0.873250,2.011,3960.1
1929,0.870767,,0.905700,0.873250,2.080,3962.2
1930,0.870650,,0.905700,0.873250,2.007,3964.2
1931,0.870300,,0.905700,0.873250,2.078,3966.3
1932,0.870500,,0.905700,0.873250,2.010,3968.3
1933,0.869433,,0.905700,0.873250,2.017,3970.3
1934,0.870550,,0.905700,0.873250,2.019,3972.3
1935,0.870850,,0.905700,0.873250,2.006,3974.3
1936,0.871517,,0.905700,0.873250,2.028,3976.4
1937,0.870617,,0.905700,0.873250,2.019,3978.4
1938,0.871500,,0.905700,0.873250,2.014,3980.4
1939,0.870867,,0.905700,0.873250,2.073,3982.5
1940,0.869933,,0.905700,0.873250,2.010,3984.5
1941,0.870933,,0.905700,0.873250,2.084,3986.6
1942,0.871000,,0.905700,0.873250,2.014,3988.6
1943,0.871083,,0.905700,0.873250,2.015,3990.6
1944,0.869850,,0.905700,0.873250,2.081,3992.7
1945,0.871550,,0.905700,0.873250,2.010,3994.7
1946,0.871183,,0.905700,0.873250,2.085,3996.8
1947,0.870333,,0.905700,0.873250,2.009,3998.8
1948,0.871183,,0.905700,0.873250,2.082,4000.9
1949,0.870800,,0.905700,0.873250,2.023,4002.9
1950,0.871117,0.9041999578475952,0.905700,0.873250,2.875,4005.8
1951,0.870533,,0.905700,0.873250,1.264,4007.0
1952,0.871400,,0.905700,0.873250,2.014,4009.0
1953,0.870383,,0.905700,0.873250,2.018,4011.1
1954,0.870967,,0.905700,0.873250,2.013,4013.1
1955,0.871333,,0.905700,0.873250,2.014,4015.1
1956,0.872383,,0.905700,0.873250,2.014,4017.1
1957,0.871050,,0.905700,0.873250,2.013,4019.1
1958,0.872083,,0.905700,0.873250,2.015,4021.1
1959,0.872933,,0.905700,0.873250,2.013,4023.1
1960,0.871283,,0.905700,0.873250,2.014,4025.2
1961,0.870767,,0.905700,0.873250,2.009,4027.2
1962,0.871800,,0.905700,0.873250,2.012,4029.2
1963,0.871800,,0.905700,0.873250,2.010,4031.2
1964,0.873183,,0.905700,0.873250,2.091,4033.3
1965,0.872917,,0.905700,0.873250,2.008,4035.3
1966,0.871267,,0.905700,0.873250,2.011,4037.3
1967,0.872717,,0.905700,0.873250,2.088,4039.4
1968,0.874617,,0.905700,0.874617,2.006,4041.4
1969,0.871967,,0.905700,0.874617,2.016,4043.4
1970,0.871883,,0.905700,0.874617,2.081,4045.5
1971,0.873583,,0.905700,0.874617,2.013,4047.5
1972,0.872367,,0.905700,0.874617,2.017,4049.5
1973,0.873467,,0.905700,0.874617,2.020,4051.5
1974,0.872417,,0.905700,0.874617,2.008,4053.5
1975,0.871700,,0.905700,0.874617,2.010,4055.6
1976,0.872833,,0.905700,0.874617,2.011,4057.6
1977,0.871333,,0.905700,0.874617,2.085,4059.7
1978,0.873700,,0.905700,0.874617,2.017,4061.7
1979,0.871617,,0.905700,0.874617,2.012,4063.7
1980,0.873233,,0.905700,0.874617,2.017,4065.7
1981,0.869817,,0.905700,0.874617,2.009,4067.7
1982,0.872350,,0.905700,0.874617,2.015,4069.7
1983,0.871883,,0.905700,0.874617,2.074,4071.8
1984,0.871900,,0.905700,0.874617,2.009,4073.8
1985,0.873600,,0.905700,0.874617,2.081,4075.9
1986,0.871283,,0.905700,0.874617,2.011,4077.9
1987,0.874000,,0.905700,0.874617,2.082,4080.0
1988,0.874117,,0.905700,0.874617,2.013,4082.0
1989,0.873350,,0.905700,0.874617,2.078,4084.1
1990,0.871500,,0.905700,0.874617,2.012,4086.1
1991,0.872217,,0.905700,0.874617,2.078,4088.2
1992,0.873600,,0.905700,0.874617,2.017,4090.2
1993,0.871867,,0.905700,0.874617,2.085,4092.3
1994,0.872733,,0.905700,0.874617,2.022,4094.3
1995,0.871717,,0.905700,0.874617,2.106,4096.4
1996,0.872917,,0.905700,0.874617,2.045,4098.4
1997,0.872583,,0.905700,0.874617,2.016,4100.5
1998,0.872767,,0.905700,0.874617,2.071,4102.5
1999,0.873417,,0.905700,0.874617,2.005,4104.5
2000,0.873350,0.906499981880188,0.906500,0.874617,2.876,4107.4
2001,0.872367,,0.906500,0.874617,1.284,4108.7
2002,0.872183,,0.906500,0.874617,2.010,4110.7
2003,0.870017,,0.906500,0.874617,2.077,4112.8
2004,0.872150,,0.906500,0.874617,2.009,4114.8
2005,0.871517,,0.906500,0.874617,2.014,4116.8
2006,0.871633,,0.906500,0.874617,2.011,4118.8
2007,0.872767,,0.906500,0.874617,2.012,4120.8
2008,0.871900,,0.906500,0.874617,2.042,4122.9
2009,0.871933,,0.906500,0.874617,2.010,4124.9
2010,0.872933,,0.906500,0.874617,2.100,4127.0
2011,0.872450,,0.906500,0.874617,2.012,4129.0
2012,0.870517,,0.906500,0.874617,2.017,4131.0
2013,0.873100,,0.906500,0.874617,2.012,4133.0
2014,0.873950,,0.906500,0.874617,2.010,4135.0
2015,0.873000,,0.906500,0.874617,2.022,4137.0
2016,0.871800,,0.906500,0.874617,2.010,4139.1
2017,0.872600,,0.906500,0.874617,2.010,4141.1
2018,0.872800,,0.906500,0.874617,2.012,4143.1
2019,0.873300,,0.906500,0.874617,2.081,4145.2
2020,0.871950,,0.906500,0.874617,2.021,4147.2
2021,0.871567,,0.906500,0.874617,2.077,4149.3
2022,0.873033,,0.906500,0.874617,2.006,4151.3
2023,0.870533,,0.906500,0.874617,2.011,4153.3
2024,0.872783,,0.906500,0.874617,2.077,4155.3
2025,0.873150,,0.906500,0.874617,2.034,4157.4
2026,0.872017,,0.906500,0.874617,2.008,4159.4
2027,0.872833,,0.906500,0.874617,2.010,4161.4
2028,0.872900,,0.906500,0.874617,2.015,4163.4
2029,0.874683,,0.906500,0.874683,2.010,4165.4
2030,0.873450,,0.906500,0.874683,2.048,4167.5
2031,0.874967,,0.906500,0.874967,2.006,4169.5
2032,0.873383,,0.906500,0.874967,2.071,4171.6
2033,0.873217,,0.906500,0.874967,2.021,4173.6
2034,0.872350,,0.906500,0.874967,2.077,4175.6
2035,0.875233,,0.906500,0.875233,2.019,4177.7
2036,0.872850,,0.906500,0.875233,2.079,4179.7
2037,0.874417,,0.906500,0.875233,2.013,4181.8
2038,0.875150,,0.906500,0.875233,2.091,4183.9
2039,0.874100,,0.906500,0.875233,2.012,4185.9
2040,0.873433,,0.906500,0.875233,2.017,4187.9
2041,0.873483,,0.906500,0.875233,2.010,4189.9
2042,0.873700,,0.906500,0.875233,2.006,4191.9
2043,0.873767,,0.906500,0.875233,2.012,4193.9
2044,0.873817,,0.906500,0.875233,2.073,4196.0
2045,0.873583,,0.906500,0.875233,2.010,4198.0
2046,0.873483,,0.906500,0.875233,2.073,4200.1
2047,0.876117,,0.906500,0.876117,2.012,4202.1
2048,0.873017,,0.906500,0.876117,2.009,4204.1
2049,0.871783,,0.906500,0.876117,2.068,4206.2
2050,0.874533,0.9078999757766724,0.907900,0.876117,2.801,4209.0
2051,0.872650,,0.907900,0.876117,1.299,4210.3
2052,0.873817,,0.907900,0.876117,2.004,4212.3
2053,0.873483,,0.907900,0.876117,2.080,4214.3
2054,0.873617,,0.907900,0.876117,2.027,4216.4
2055,0.874233,,0.907900,0.876117,2.074,4218.4
2056,0.874117,,0.907900,0.876117,2.009,4220.4
2057,0.874167,,0.907900,0.876117,2.077,4222.5
2058,0.873983,,0.907900,0.876117,2.018,4224.5
2059,0.874167,,0.907900,0.876117,2.072,4226.6
2060,0.873833,,0.907900,0.876117,2.080,4228.7
2061,0.874633,,0.907900,0.876117,2.017,4230.7
2062,0.872967,,0.907900,0.876117,2.074,4232.8
2063,0.874400,,0.907900,0.876117,2.077,4234.9
2064,0.873100,,0.907900,0.876117,2.004,4236.9
2065,0.875483,,0.907900,0.876117,2.085,4239.0
2066,0.873917,,0.907900,0.876117,2.014,4241.0
2067,0.874417,,0.907900,0.876117,2.016,4243.0
2068,0.874900,,0.907900,0.876117,2.017,4245.0
2069,0.874183,,0.907900,0.876117,2.034,4247.0
2070,0.872717,,0.907900,0.876117,2.017,4249.1
2071,0.874683,,0.907900,0.876117,2.015,4251.1
2072,0.873900,,0.907900,0.876117,2.009,4253.1
2073,0.872583,,0.907900,0.876117,2.016,4255.1
2074,0.873267,,0.907900,0.876117,2.012,4257.1
2075,0.875417,,0.907900,0.876117,2.011,4259.1
2076,0.876100,,0.907900,0.876117,2.079,4261.2
2077,0.875583,,0.907900,0.876117,2.016,4263.2
2078,0.875000,,0.907900,0.876117,2.076,4265.3
2079,0.875683,,0.907900,0.876117,2.012,4267.3
2080,0.873617,,0.907900,0.876117,2.068,4269.4
2081,0.873700,,0.907900,0.876117,2.015,4271.4
2082,0.873700,,0.907900,0.876117,2.077,4273.5
2083,0.874767,,0.907900,0.876117,2.014,4275.5
2084,0.873050,,0.907900,0.876117,2.080,4277.6
2085,0.873500,,0.907900,0.876117,2.009,4279.6
2086,0.873850,,0.907900,0.876117,2.085,4281.6
2087,0.875667,,0.907900,0.876117,2.013,4283.7
2088,0.875067,,0.907900,0.876117,2.077,4285.7
2089,0.875183,,0.907900,0.876117,2.012,4287.7
2090,0.874650,,0.907900,0.876117,2.076,4289.8
2091,0.875917,,0.907900,0.876117,2.015,4291.8
2092,0.874150,,0.907900,0.876117,2.071,4293.9
2093,0.875333,,0.907900,0.876117,2.016,4295.9
2094,0.875583,,0.907900,0.876117,2.018,4297.9
2095,0.874650,,0.907900,0.876117,2.010,4300.0
2096,0.874067,,0.907900,0.876117,2.016,4302.0
2097,0.875567,,0.907900,0.876117,2.012,4304.0
2098,0.873067,,0.907900,0.876117,2.011,4306.0
2099,0.874300,,0.907900,0.876117,2.017,4308.0
2100,0.874267,0.9077000021934509,0.907900,0.876117,2.803,4310.8
2101,0.875167,,0.907900,0.876117,1.250,4312.1
2102,0.874867,,0.907900,0.876117,2.020,4314.1
2103,0.875033,,0.907900,0.876117,2.082,4316.2
2104,0.876333,,0.907900,0.876333,2.012,4318.2
2105,0.875767,,0.907900,0.876333,2.007,4320.2
2106,0.874833,,0.907900,0.876333,2.015,4322.2
2107,0.876017,,0.907900,0.876333,2.080,4324.3
2108,0.874900,,0.907900,0.876333,2.003,4326.3
2109,0.875967,,0.907900,0.876333,2.083,4328.4
2110,0.875383,,0.907900,0.876333,2.008,4330.4
2111,0.875000,,0.907900,0.876333,2.079,4332.4
2112,0.874750,,0.907900,0.876333,2.008,4334.5
2113,0.876233,,0.907900,0.876333,2.102,4336.6
2114,0.874700,,0.907900,0.876333,2.068,4338.6
2115,0.874517,,0.907900,0.876333,2.012,4340.6
2116,0.874317,,0.907900,0.876333,2.075,4342.7
2117,0.875267,,0.907900,0.876333,2.006,4344.7
2118,0.875050,,0.907900,0.876333,2.077,4346.8
2119,0.874067,,0.907900,0.876333,2.007,4348.8
2120,0.876400,,0.907900,0.876400,2.008,4350.8
2121,0.875300,,0.907900,0.876400,2.078,4352.9
2122,0.875450,,0.907900,0.876400,2.009,4354.9
2123,0.875450,,0.907900,0.876400,2.072,4357.0
2124,0.875817,,0.907900,0.876400,2.024,4359.0
2125,0.874750,,0.907900,0.876400,2.076,4361.1
2126,0.873383,,0.907900,0.876400,2.020,4363.1
2127,0.875850,,0.907900,0.876400,2.074,4365.2
2128,0.876383,,0.907900,0.876400,2.028,4367.2
2129,0.875517,,0.907900,0.876400,2.083,4369.3
2130,0.875000,,0.907900,0.876400,2.010,4371.3
2131,0.874650,,0.907900,0.876400,2.017,4373.3
2132,0.875033,,0.907900,0.876400,2.083,4375.4
2133,0.875117,,0.907900,0.876400,2.012,4377.4
2134,0.875733,,0.907900,0.876400,2.010,4379.4
2135,0.876417,,0.907900,0.876417,2.015,4381.4
2136,0.876250,,0.907900,0.876417,2.010,4383.4
2137,0.875517,,0.907900,0.876417,2.015,4385.4
2138,0.874883,,0.907900,0.876417,2.075,4387.5
2139,0.874567,,0.907900,0.876417,2.009,4389.5
2140,0.874717,,0.907900,0.876417,2.073,4391.6
2141,0.874483,,0.907900,0.876417,2.019,4393.6
2142,0.873750,,0.907900,0.876417,2.069,4395.7
2143,0.875150,,0.907900,0.876417,2.014,4397.7
2144,0.873900,,0.907900,0.876417,2.080,4399.8
2145,0.874350,,0.907900,0.876417,2.018,4401.8
2146,0.875233,,0.907900,0.876417,2.010,4403.8
2147,0.875133,,0.907900,0.876417,2.012,4405.8
2148,0.875417,,0.907900,0.876417,2.010,4407.8
2149,0.875600,,0.907900,0.876417,2.022,4409.9
2150,0.875367,0.9081999659538269,0.908200,0.876417,2.801,4412.7
2151,0.875917,,0.908200,0.876417,1.243,4413.9
2152,0.874933,,0.908200,0.876417,2.014,4415.9
2153,0.874500,,0.908200,0.876417,2.078,4418.0
2154,0.875267,,0.908200,0.876417,2.018,4420.0
2155,0.875650,,0.908200,0.876417,2.076,4422.1
2156,0.874983,,0.908200,0.876417,2.016,4424.1
2157,0.874750,,0.908200,0.876417,2.096,4426.2
2158,0.874800,,0.908200,0.876417,2.009,4428.2
2159,0.874600,,0.908200,0.876417,2.016,4430.2
2160,0.875333,,0.908200,0.876417,2.010,4432.2
2161,0.875067,,0.908200,0.876417,2.007,4434.2
2162,0.875467,,0.908200,0.876417,2.016,4436.3
2163,0.874500,,0.908200,0.876417,2.013,4438.3
2164,0.874933,,0.908200,0.876417,2.014,4440.3
2165,0.874033,,0.908200,0.876417,2.076,4442.4
2166,0.875983,,0.908200,0.876417,2.012,4444.4
2167,0.876117,,0.908200,0.876417,2.082,4446.5
2168,0.874883,,0.908200,0.876417,2.010,4448.5
2169,0.874317,,0.908200,0.876417,2.075,4450.5
2170,0.876117,,0.908200,0.876417,2.014,4452.6
2171,0.873500,,0.908200,0.876417,2.078,4454.6
2172,0.875283,,0.908200,0.876417,2.036,4456.7
2173,0.877150,,0.908200,0.877150,2.074,4458.7
2174,0.874117,,0.908200,0.877150,2.011,4460.8
2175,0.874500,,0.908200,0.877150,2.012,4462.8
2176,0.874900,,0.908200,0.877150,2.074,4464.8
2177,0.875700,,0.908200,0.877150,2.012,4466.8
2178,0.875150,,0.908200,0.877150,2.077,4468.9
2179,0.874850,,0.908200,0.877150,2.013,4470.9
2180,0.874383,,0.908200,0.877150,2.078,4473.0
2181,0.874583,,0.908200,0.877150,2.012,4475.0
2182,0.874833,,0.908200,0.877150,2.088,4477.1
2183,0.876400,,0.908200,0.877150,2.005,4479.1
2184,0.873217,,0.908200,0.877150,2.103,4481.2
2185,0.875750,,0.908200,0.877150,2.021,4483.2
2186,0.875150,,0.908200,0.877150,2.026,4485.3
2187,0.876117,,0.908200,0.877150,2.015,4487.3
2188,0.876817,,0.908200,0.877150,2.076,4489.4
2189,0.874183,,0.908200,0.877150,2.011,4491.4
2190,0.875800,,0.908200,0.877150,2.080,4493.5
2191,0.875033,,0.908200,0.877150,2.012,4495.5
2192,0.875433,,0.908200,0.877150,2.087,4497.6
2193,0.874833,,0.908200,0.877150,2.014,4499.6
2194,0.875817,,0.908200,0.877150,2.079,4501.6
2195,0.876150,,0.908200,0.877150,2.009,4503.7
2196,0.875367,,0.908200,0.877150,2.078,4505.7
2197,0.875367,,0.908200,0.877150,2.015,4507.8
2198,0.873817,,0.908200,0.877150,2.073,4509.8
2199,0.875117,,0.908200,0.877150,2.011,4511.8
2200,0.875167,0.9065999984741211,0.908200,0.877150,2.873,4514.7
2201,0.873133,,0.908200,0.877150,1.234,4515.9
2202,0.875950,,0.908200,0.877150,2.035,4518.0
2203,0.875417,,0.908200,0.877150,2.075,4520.1
2204,0.875317,,0.908200,0.877150,2.016,4522.1
2205,0.874617,,0.908200,0.877150,2.077,4524.1
2206,0.874650,,0.908200,0.877150,2.013,4526.2
2207,0.873483,,0.908200,0.877150,2.080,4528.2
2208,0.875417,,0.908200,0.877150,2.017,4530.3
2209,0.875433,,0.908200,0.877150,2.012,4532.3
2210,0.875467,,0.908200,0.877150,2.077,4534.3
2211,0.873300,,0.908200,0.877150,2.010,4536.4
2212,0.873317,,0.908200,0.877150,2.087,4538.4
2213,0.876683,,0.908200,0.877150,2.010,4540.5
2214,0.876117,,0.908200,0.877150,2.008,4542.5
2215,0.875550,,0.908200,0.877150,2.081,4544.5
2216,0.875733,,0.908200,0.877150,2.015,4546.6
2217,0.875517,,0.908200,0.877150,2.015,4548.6
2218,0.874950,,0.908200,0.877150,2.018,4550.6
2219,0.877117,,0.908200,0.877150,2.005,4552.6
2220,0.874850,,0.908200,0.877150,2.017,4554.6
2221,0.876533,,0.908200,0.877150,2.010,4556.6
2222,0.875367,,0.908200,0.877150,3.266,4559.9
2223,0.876450,,0.908200,0.877150,2.289,4562.2
2224,0.874617,,0.908200,0.877150,2.225,4564.4
2225,0.875650,,0.908200,0.877150,2.265,4566.7
2226,0.876400,,0.908200,0.877150,2.269,4568.9
2227,0.874350,,0.908200,0.877150,2.231,4571.2
2228,0.877383,,0.908200,0.877383,2.171,4573.3
2229,0.877083,,0.908200,0.877383,2.180,4575.5
2230,0.875717,,0.908200,0.877383,3.487,4579.0
2231,0.874483,,0.908200,0.877383,2.959,4582.0
2232,0.875683,,0.908200,0.877383,2.307,4584.3
2233,0.874750,,0.908200,0.877383,2.325,4586.6
2234,0.874300,,0.908200,0.877383,2.277,4588.9
2235,0.875950,,0.908200,0.877383,2.201,4591.1
2236,0.877950,,0.908200,0.877950,2.123,4593.2
2237,0.877433,,0.908200,0.877950,2.021,4595.2
2238,0.876533,,0.908200,0.877950,2.083,4597.3
2239,0.875850,,0.908200,0.877950,2.013,4599.3
2240,0.875683,,0.908200,0.877950,2.025,4601.3
2241,0.875700,,0.908200,0.877950,2.014,4603.4
2242,0.876900,,0.908200,0.877950,2.017,4605.4
2243,0.877667,,0.908200,0.877950,2.123,4607.5
2244,0.875700,,0.908200,0.877950,2.054,4609.5
2245,0.876150,,0.908200,0.877950,2.025,4611.6
2246,0.876717,,0.908200,0.877950,2.022,4613.6
2247,0.877650,,0.908200,0.877950,2.017,4615.6
2248,0.876583,,0.908200,0.877950,2.087,4617.7
2249,0.875517,,0.908200,0.877950,2.025,4619.7
2250,0.876667,0.909500002861023,0.909500,0.877950,2.823,4622.5
2251,0.877017,,0.909500,0.877950,1.290,4623.8
2252,0.877400,,0.909500,0.877950,2.017,4625.9
2253,0.876750,,0.909500,0.877950,2.013,4627.9
2254,0.877950,,0.909500,0.877950,2.019,4629.9
2255,0.877167,,0.909500,0.877950,2.021,4631.9
2256,0.876017,,0.909500,0.877950,2.022,4633.9
2257,0.876200,,0.909500,0.877950,2.019,4635.9
2258,0.876117,,0.909500,0.877950,2.102,4638.0
2259,0.874717,,0.909500,0.877950,2.020,4640.1
2260,0.876367,,0.909500,0.877950,2.020,4642.1
2261,0.877267,,0.909500,0.877950,2.081,4644.2
2262,0.875667,,0.909500,0.877950,2.012,4646.2
2263,0.875167,,0.909500,0.877950,2.086,4648.3
2264,0.876117,,0.909500,0.877950,2.020,4650.3
2265,0.876350,,0.909500,0.877950,2.026,4652.3
2266,0.877567,,0.909500,0.877950,2.026,4654.3
2267,0.875917,,0.909500,0.877950,2.016,4656.4
2268,0.875483,,0.909500,0.877950,2.085,4658.4
2269,0.876367,,0.909500,0.877950,2.010,4660.4
2270,0.874867,,0.909500,0.877950,2.018,4662.5
2271,0.875417,,0.909500,0.877950,2.019,4664.5
2272,0.876883,,0.909500,0.877950,2.019,4666.5
2273,0.875867,,0.909500,0.877950,2.024,4668.5
2274,0.875417,,0.909500,0.877950,2.034,4670.6
2275,0.875617,,0.909500,0.877950,2.016,4672.6
2276,0.875100,,0.909500,0.877950,2.010,4674.6
2277,0.875683,,0.909500,0.877950,2.014,4676.6
2278,0.874983,,0.909500,0.877950,2.020,4678.6
2279,0.875850,,0.909500,0.877950,2.019,4680.6
2280,0.875117,,0.909500,0.877950,2.025,4682.7
2281,0.875683,,0.909500,0.877950,2.019,4684.7
2282,0.875650,,0.909500,0.877950,2.084,4686.8
2283,0.875933,,0.909500,0.877950,2.026,4688.8
2284,0.876183,,0.909500,0.877950,2.022,4690.8
2285,0.875850,,0.909500,0.877950,2.048,4692.9
2286,0.877567,,0.909500,0.877950,2.023,4694.9
2287,0.876083,,0.909500,0.877950,2.097,4697.0
2288,0.876967,,0.909500,0.877950,2.046,4699.0
2289,0.877517,,0.909500,0.877950,2.110,4701.1
2290,0.875567,,0.909500,0.877950,2.031,4703.2
2291,0.874833,,0.909500,0.877950,2.018,4705.2
2292,0.877083,,0.909500,0.877950,2.017,4707.2
2293,0.877933,,0.909500,0.877950,2.023,4709.2
2294,0.875550,,0.909500,0.877950,2.039,4711.3
2295,0.875900,,0.909500,0.877950,2.018,4713.3
2296,0.876167,,0.909500,0.877950,2.022,4715.3
2297,0.876817,,0.909500,0.877950,2.088,4717.4
2298,0.876767,,0.909500,0.877950,2.029,4719.4
2299,0.876333,,0.909500,0.877950,2.021,4721.4
2300,0.876100,0.9049999713897705,0.909500,0.877950,2.815,4724.3
2301,0.876283,,0.909500,0.877950,1.307,4725.6
2302,0.876483,,0.909500,0.877950,2.047,4727.6
2303,0.876933,,0.909500,0.877950,2.030,4729.6
2304,0.875900,,0.909500,0.877950,2.019,4731.7
2305,0.875883,,0.909500,0.877950,2.017,4733.7
2306,0.877400,,0.909500,0.877950,2.021,4735.7
2307,0.876450,,0.909500,0.877950,2.021,4737.7
2308,0.875400,,0.909500,0.877950,2.028,4739.8
2309,0.876100,,0.909500,0.877950,2.086,4741.8
2310,0.878017,,0.909500,0.878017,2.023,4743.9
2311,0.875767,,0.909500,0.878017,2.045,4745.9
2312,0.875350,,0.909500,0.878017,2.033,4747.9
2313,0.876750,,0.909500,0.878017,2.019,4750.0
2314,0.877067,,0.909500,0.878017,2.014,4752.0
2315,0.877050,,0.909500,0.878017,2.023,4754.0
2316,0.877217,,0.909500,0.878017,2.043,4756.0
2317,0.877917,,0.909500,0.878017,2.021,4758.1
2318,0.876100,,0.909500,0.878017,2.021,4760.1
2319,0.878517,,0.909500,0.878517,2.091,4762.2
2320,0.877600,,0.909500,0.878517,2.019,4764.2
2321,0.878067,,0.909500,0.878517,2.022,4766.2
2322,0.878533,,0.909500,0.878533,2.026,4768.2
2323,0.877150,,0.909500,0.878533,2.024,4770.3
2324,0.877183,,0.909500,0.878533,2.025,4772.3
2325,0.877267,,0.909500,0.878533,2.033,4774.3
2326,0.877250,,0.909500,0.878533,2.043,4776.4
2327,0.875667,,0.909500,0.878533,2.081,4778.4
2328,0.877450,,0.909500,0.878533,2.015,4780.5
2329,0.875917,,0.909500,0.878533,2.011,4782.5
2330,0.877433,,0.909500,0.878533,2.014,4784.5
2331,0.876250,,0.909500,0.878533,2.020,4786.5
2332,0.878650,,0.909500,0.878650,2.022,4788.5
2333,0.877083,,0.909500,0.878650,2.014,4790.5
2334,0.876933,,0.909500,0.878650,2.022,4792.6
2335,0.876767,,0.909500,0.878650,2.083,4794.6
2336,0.877117,,0.909500,0.878650,2.028,4796.7
2337,0.877633,,0.909500,0.878650,2.013,4798.7
2338,0.877583,,0.909500,0.878650,2.013,4800.7
2339,0.876767,,0.909500,0.878650,2.017,4802.7
2340,0.878300,,0.909500,0.878650,2.017,4804.7
2341,0.877333,,0.909500,0.878650,2.017,4806.8
2342,0.877450,,0.909500,0.878650,2.021,4808.8
2343,0.877200,,0.909500,0.878650,2.019,4810.8
2344,0.876433,,0.909500,0.878650,2.089,4812.9
2345,0.877750,,0.909500,0.878650,2.016,4814.9
2346,0.878717,,0.909500,0.878717,2.039,4816.9
2347,0.877217,,0.909500,0.878717,2.064,4819.0
2348,0.876917,,0.909500,0.878717,2.024,4821.0
2349,0.878333,,0.909500,0.878717,2.020,4823.0
2350,0.878800,0.9073999524116516,0.909500,0.878800,2.875,4825.9
2351,0.876600,,0.909500,0.878800,1.266,4827.2
2352,0.876817,,0.909500,0.878800,2.037,4829.2
2353,0.878583,,0.909500,0.878800,2.022,4831.2
2354,0.876900,,0.909500,0.878800,2.040,4833.3
2355,0.877283,,0.909500,0.878800,2.025,4835.3
2356,0.877733,,0.909500,0.878800,2.023,4837.3
2357,0.876417,,0.909500,0.878800,2.076,4839.4
2358,0.877467,,0.909500,0.878800,2.027,4841.4
2359,0.878583,,0.909500,0.878800,2.012,4843.4
2360,0.877467,,0.909500,0.878800,2.015,4845.5
2361,0.878950,,0.909500,0.878950,2.028,4847.5
2362,0.878233,,0.909500,0.878950,2.043,4849.5
2363,0.878750,,0.909500,0.878950,2.017,4851.6
2364,0.878967,,0.909500,0.878967,2.084,4853.6
2365,0.878383,,0.909500,0.878967,2.016,4855.7
2366,0.878883,,0.909500,0.878967,2.080,4857.7
2367,0.878717,,0.909500,0.878967,2.010,4859.7
2368,0.878617,,0.909500,0.878967,2.082,4861.8
2369,0.876567,,0.909500,0.878967,2.015,4863.8
2370,0.878367,,0.909500,0.878967,2.079,4865.9
2371,0.878783,,0.909500,0.878967,2.025,4867.9
2372,0.878433,,0.909500,0.878967,2.085,4870.0
2373,0.877667,,0.909500,0.878967,2.012,4872.0
2374,0.878117,,0.909500,0.878967,2.020,4874.1
2375,0.877400,,0.909500,0.878967,2.081,4876.1
2376,0.878583,,0.909500,0.878967,2.016,4878.2
2377,0.876233,,0.909500,0.878967,2.076,4880.2
2378,0.878200,,0.909500,0.878967,2.015,4882.2
2379,0.877633,,0.909500,0.878967,2.087,4884.3
2380,0.878800,,0.909500,0.878967,2.091,4886.4
2381,0.877900,,0.909500,0.878967,2.093,4888.5
2382,0.876817,,0.909500,0.878967,2.016,4890.5
2383,0.878317,,0.909500,0.878967,2.082,4892.6
2384,0.877717,,0.909500,0.878967,2.021,4894.6
2385,0.877683,,0.909500,0.878967,2.076,4896.7
2386,0.878017,,0.909500,0.878967,2.012,4898.7
2387,0.878317,,0.909500,0.878967,2.079,4900.8
2388,0.877250,,0.909500,0.878967,2.254,4903.1
2389,0.878100,,0.909500,0.878967,2.028,4905.1
2390,0.878850,,0.909500,0.878967,2.044,4907.1
2391,0.877533,,0.909500,0.878967,2.079,4909.2
2392,0.879000,,0.909500,0.879000,2.012,4911.2
2393,0.877933,,0.909500,0.879000,2.077,4913.3
2394,0.880117,,0.909500,0.880117,2.016,4915.3
2395,0.878683,,0.909500,0.880117,2.114,4917.4
2396,0.877950,,0.909500,0.880117,2.148,4919.6
2397,0.879500,,0.909500,0.880117,2.043,4921.6
2398,0.879150,,0.909500,0.880117,2.015,4923.6
2399,0.879133,,0.909500,0.880117,2.083,4925.7
2400,0.878733,0.9085999727249146,0.909500,0.880117,2.801,4928.5
2401,0.878417,,0.909500,0.880117,1.306,4929.8
2402,0.879100,,0.909500,0.880117,2.015,4931.8
2403,0.879600,,0.909500,0.880117,2.255,4934.1
2404,0.880200,,0.909500,0.880200,2.066,4936.2
2405,0.878917,,0.909500,0.880200,2.011,4938.2
2406,0.876100,,0.909500,0.880200,2.086,4940.3
2407,0.878017,,0.909500,0.880200,2.006,4942.3
2408,0.877600,,0.909500,0.880200,2.083,4944.3
2409,0.878417,,0.909500,0.880200,2.030,4946.4
2410,0.878250,,0.909500,0.880200,2.082,4948.5
2411,0.878900,,0.909500,0.880200,2.016,4950.5
2412,0.878917,,0.909500,0.880200,2.011,4952.5
2413,0.877467,,0.909500,0.880200,2.012,4954.5
2414,0.880217,,0.909500,0.880217,2.023,4956.5
2415,0.878050,,0.909500,0.880217,2.080,4958.6
2416,0.877967,,0.909500,0.880217,2.010,4960.6
2417,0.877800,,0.909500,0.880217,2.014,4962.6
2418,0.879800,,0.909500,0.880217,2.016,4964.6
2419,0.877750,,0.909500,0.880217,2.034,4966.7
2420,0.878550,,0.909500,0.880217,2.052,4968.7
2421,0.878717,,0.909500,0.880217,2.014,4970.7
2422,0.878000,,0.909500,0.880217,2.015,4972.8
2423,0.876533,,0.909500,0.880217,2.080,4974.8
2424,0.878333,,0.909500,0.880217,2.017,4976.9
2425,0.877067,,0.909500,0.880217,2.073,4978.9
2426,0.879600,,0.909500,0.880217,2.014,4980.9
2427,0.878717,,0.909500,0.880217,2.084,4983.0
2428,0.878917,,0.909500,0.880217,2.015,4985.0
2429,0.878583,,0.909500,0.880217,2.015,4987.1
2430,0.878650,,0.909500,0.880217,2.012,4989.1
2431,0.878550,,0.909500,0.880217,2.009,4991.1
2432,0.879117,,0.909500,0.880217,2.016,4993.1
2433,0.878867,,0.909500,0.880217,2.075,4995.2
2434,0.878700,,0.909500,0.880217,2.034,4997.2
2435,0.879650,,0.909500,0.880217,2.073,4999.3
2436,0.878067,,0.909500,0.880217,2.010,5001.3
2437,0.877283,,0.909500,0.880217,2.075,5003.4
2438,0.879500,,0.909500,0.880217,2.011,5005.4
2439,0.878267,,0.909500,0.880217,2.021,5007.4
2440,0.877650,,0.909500,0.880217,2.010,5009.4
2441,0.879083,,0.909500,0.880217,2.016,5011.4
2442,0.879433,,0.909500,0.880217,2.082,5013.5
2443,0.878383,,0.909500,0.880217,2.013,5015.5
2444,0.878933,,0.909500,0.880217,2.009,5017.5
2445,0.878300,,0.909500,0.880217,2.015,5019.5
2446,0.879550,,0.909500,0.880217,2.075,5021.6
2447,0.879217,,0.909500,0.880217,2.015,5023.6
2448,0.878317,,0.909500,0.880217,2.071,5025.7
2449,0.879317,,0.909500,0.880217,2.036,5027.7
2450,0.877817,0.906499981880188,0.909500,0.880217,2.803,5030.5
2451,0.879367,,0.909500,0.880217,1.253,5031.8
2452,0.879183,,0.909500,0.880217,2.018,5033.8
2453,0.879200,,0.909500,0.880217,2.013,5035.8
2454,0.879050,,0.909500,0.880217,2.010,5037.8
2455,0.878967,,0.909500,0.880217,2.009,5039.8
2456,0.878767,,0.909500,0.880217,2.015,5041.9
2457,0.880883,,0.909500,0.880883,2.048,5043.9
2458,0.877250,,0.909500,0.880883,2.010,5045.9
2459,0.878800,,0.909500,0.880883,2.082,5048.0
2460,0.879767,,0.909500,0.880883,2.021,5050.0
2461,0.878900,,0.909500,0.880883,2.012,5052.0
2462,0.880783,,0.909500,0.880883,2.023,5054.0
2463,0.877900,,0.909500,0.880883,2.013,5056.1
2464,0.877983,,0.909500,0.880883,2.010,5058.1
2465,0.879983,,0.909500,0.880883,2.011,5060.1
2466,0.880950,,0.909500,0.880950,2.011,5062.1
2467,0.879700,,0.909500,0.880950,2.014,5064.1
2468,0.878633,,0.909500,0.880950,2.075,5066.2
2469,0.882183,,0.909500,0.882183,2.007,5068.2
2470,0.880550,,0.909500,0.882183,2.076,5070.3
2471,0.880600,,0.909500,0.882183,2.015,5072.3
2472,0.878250,,0.909500,0.882183,2.077,5074.4
2473,0.879833,,0.909500,0.882183,2.008,5076.4
2474,0.880033,,0.909500,0.882183,2.077,5078.4
2475,0.880383,,0.909500,0.882183,2.016,5080.5
2476,0.878983,,0.909500,0.882183,2.011,5082.5
2477,0.879167,,0.909500,0.882183,2.017,5084.5
2478,0.880033,,0.909500,0.882183,2.028,5086.5
2479,0.878333,,0.909500,0.882183,2.038,5088.6
2480,0.879617,,0.909500,0.882183,2.019,5090.6
2481,0.879317,,0.909500,0.882183,2.014,5092.6
2482,0.880367,,0.909500,0.882183,2.011,5094.6
2483,0.880217,,0.909500,0.882183,2.082,5096.7
2484,0.880867,,0.909500,0.882183,2.017,5098.7
2485,0.881033,,0.909500,0.882183,2.085,5100.8
2486,0.881067,,0.909500,0.882183,2.018,5102.8
2487,0.881050,,0.909500,0.882183,2.078,5104.9
2488,0.880917,,0.909500,0.882183,2.016,5106.9
2489,0.880700,,0.909500,0.882183,2.082,5109.0
2490,0.879133,,0.909500,0.882183,2.022,5111.0
2491,0.878017,,0.909500,0.882183,2.085,5113.1
2492,0.877967,,0.909500,0.882183,2.021,5115.1
2493,0.878767,,0.909500,0.882183,2.039,5117.1
2494,0.879150,,0.909500,0.882183,2.082,5119.2
2495,0.880183,,0.909500,0.882183,2.021,5121.2
2496,0.879900,,0.909500,0.882183,2.082,5123.3
2497,0.880433,,0.909500,0.882183,2.014,5125.3
2498,0.879783,,0.909500,0.882183,2.085,5127.4
2499,0.880450,,0.909500,0.882183,2.021,5129.4
2500,0.879767,0.905299961566925,0.909500,0.882183,2.813,5132.3
2501,0.880550,,0.909500,0.882183,1.274,5133.5
2502,0.878800,,0.909500,0.882183,2.014,5135.5
2503,0.879967,,0.909500,0.882183,2.011,5137.6
2504,0.881667,,0.909500,0.882183,2.008,5139.6
2505,0.879267,,0.909500,0.882183,2.081,5141.6
2506,0.880667,,0.909500,0.882183,3.848,5145.5
2507,0.880533,,0.909500,0.882183,2.283,5147.8
2508,0.880233,,0.909500,0.882183,2.290,5150.1
2509,0.880900,,0.909500,0.882183,2.245,5152.3
2510,0.881767,,0.909500,0.882183,2.219,5154.5
2511,0.879767,,0.909500,0.882183,2.132,5156.7
2512,0.880133,,0.909500,0.882183,2.121,5158.8
2513,0.881850,,0.909500,0.882183,2.126,5160.9
2514,0.881517,,0.909500,0.882183,3.452,5164.4
2515,0.880783,,0.909500,0.882183,2.936,5167.3
2516,0.880783,,0.909500,0.882183,2.206,5169.5
2517,0.880633,,0.909500,0.882183,2.174,5171.7
2518,0.881183,,0.909500,0.882183,2.174,5173.9
2519,0.879800,,0.909500,0.882183,2.163,5176.0
2520,0.879667,,0.909500,0.882183,2.253,5178.3
2521,0.880450,,0.909500,0.882183,2.173,5180.4
2522,0.881950,,0.909500,0.882183,2.288,5182.7
2523,0.881717,,0.909500,0.882183,2.151,5184.9
2524,0.879333,,0.909500,0.882183,2.028,5186.9
2525,0.881867,,0.909500,0.882183,2.017,5188.9
2526,0.881283,,0.909500,0.882183,2.028,5191.0
2527,0.881550,,0.909500,0.882183,2.033,5193.0
2528,0.880250,,0.909500,0.882183,2.014,5195.0
2529,0.881233,,0.909500,0.882183,2.013,5197.0
2530,0.881100,,0.909500,0.882183,2.025,5199.0
2531,0.882833,,0.909500,0.882833,2.026,5201.1
2532,0.880833,,0.909500,0.882833,2.017,5203.1
2533,0.879783,,0.909500,0.882833,2.091,5205.2
2534,0.882183,,0.909500,0.882833,2.019,5207.2
2535,0.880600,,0.909500,0.882833,2.039,5209.2
2536,0.881800,,0.909500,0.882833,2.016,5211.2
2537,0.882333,,0.909500,0.882833,2.015,5213.3
2538,0.880050,,0.909500,0.882833,2.034,5215.3
2539,0.880933,,0.909500,0.882833,2.019,5217.3
2540,0.883567,,0.909500,0.883567,2.018,5219.3
2541,0.881250,,0.909500,0.883567,2.029,5221.4
2542,0.881233,,0.909500,0.883567,2.020,5223.4
2543,0.881317,,0.909500,0.883567,2.092,5225.5
2544,0.881717,,0.909500,0.883567,2.026,5227.5
2545,0.882050,,0.909500,0.883567,2.027,5229.5
2546,0.879817,,0.909500,0.883567,2.082,5231.6
2547,0.879017,,0.909500,0.883567,2.015,5233.6
2548,0.880467,,0.909500,0.883567,2.039,5235.7
2549,0.882367,,0.909500,0.883567,2.019,5237.7
2550,0.882150,0.9070999622344971,0.909500,0.883567,2.816,5240.5
2551,0.881000,,0.909500,0.883567,1.274,5241.8
2552,0.881917,,0.909500,0.883567,2.015,5243.8
2553,0.881133,,0.909500,0.883567,2.020,5245.8
2554,0.881533,,0.909500,0.883567,2.015,5247.8
2555,0.880067,,0.909500,0.883567,2.021,5249.8
2556,0.879017,,0.909500,0.883567,2.021,5251.9
2557,0.880483,,0.909500,0.883567,2.087,5254.0
2558,0.880550,,0.909500,0.883567,2.016,5256.0
2559,0.882333,,0.909500,0.883567,2.013,5258.0
2560,0.881300,,0.909500,0.883567,2.018,5260.0
2561,0.882200,,0.909500,0.883567,2.017,5262.0
2562,0.879883,,0.909500,0.883567,2.014,5264.0
2563,0.882067,,0.909500,0.883567,2.020,5266.0
2564,0.881417,,0.909500,0.883567,2.016,5268.1
2565,0.880367,,0.909500,0.883567,2.020,5270.1
2566,0.883183,,0.909500,0.883567,2.082,5272.2
2567,0.883217,,0.909500,0.883567,2.014,5274.2
2568,0.882233,,0.909500,0.883567,2.083,5276.3
2569,0.881050,,0.909500,0.883567,2.014,5278.3
2570,0.881317,,0.909500,0.883567,2.082,5280.4
2571,0.882133,,0.909500,0.883567,2.024,5282.4
2572,0.881483,,0.909500,0.883567,2.018,5284.4
2573,0.880467,,0.909500,0.883567,2.059,5286.5
2574,0.881250,,0.909500,0.883567,2.050,5288.5
2575,0.880800,,0.909500,0.883567,2.013,5290.5
2576,0.882033,,0.909500,0.883567,2.096,5292.6
2577,0.880000,,0.909500,0.883567,2.016,5294.6
2578,0.881350,,0.909500,0.883567,2.027,5296.7
2579,0.881667,,0.909500,0.883567,2.086,5298.7
2580,0.880783,,0.909500,0.883567,2.021,5300.8
2581,0.881683,,0.909500,0.883567,2.018,5302.8
2582,0.881733,,0.909500,0.883567,2.020,5304.8
2583,0.880900,,0.909500,0.883567,2.035,5306.8
2584,0.881300,,0.909500,0.883567,2.019,5308.9
2585,0.880750,,0.909500,0.883567,2.027,5310.9
2586,0.881950,,0.909500,0.883567,2.017,5312.9
2587,0.881083,,0.909500,0.883567,2.085,5315.0
2588,0.880750,,0.909500,0.883567,2.024,5317.0
2589,0.882500,,0.909500,0.883567,2.007,5319.0
2590,0.879600,,0.909500,0.883567,2.013,5321.0
2591,0.881667,,0.909500,0.883567,2.018,5323.1
2592,0.881950,,0.909500,0.883567,2.019,5325.1
2593,0.881967,,0.909500,0.883567,2.022,5327.1
2594,0.882483,,0.909500,0.883567,2.037,5329.1
2595,0.881617,,0.909500,0.883567,2.018,5331.1
2596,0.882367,,0.909500,0.883567,2.034,5333.2
2597,0.882100,,0.909500,0.883567,2.011,5335.2
2598,0.881883,,0.909500,0.883567,2.082,5337.3
2599,0.881150,,0.909500,0.883567,2.013,5339.3
2600,0.882867,0.9080999493598938,0.909500,0.883567,2.808,5342.1
2601,0.882200,,0.909500,0.883567,1.231,5343.3
2602,0.881300,,0.909500,0.883567,2.017,5345.3
2603,0.880200,,0.909500,0.883567,2.018,5347.4
2604,0.882233,,0.909500,0.883567,2.036,5349.4
2605,0.881800,,0.909500,0.883567,2.019,5351.4
2606,0.883017,,0.909500,0.883567,2.018,5353.4
2607,0.882917,,0.909500,0.883567,2.019,5355.5
2608,0.881833,,0.909500,0.883567,2.042,5357.5
2609,0.882217,,0.909500,0.883567,2.017,5359.5
2610,0.882317,,0.909500,0.883567,2.011,5361.5
2611,0.880900,,0.909500,0.883567,2.096,5363.6
2612,0.881217,,0.909500,0.883567,2.021,5365.6
2613,0.884217,,0.909500,0.884217,2.086,5367.7
2614,0.881517,,0.909500,0.884217,2.020,5369.7
2615,0.881050,,0.909500,0.884217,2.031,5371.8
2616,0.879200,,0.909500,0.884217,2.027,5373.8
2617,0.884283,,0.909500,0.884283,2.030,5375.8
2618,0.882550,,0.909500,0.884283,2.020,5377.9
2619,0.882833,,0.909500,0.884283,2.101,5380.0
2620,0.881483,,0.909500,0.884283,2.078,5382.0
2621,0.882900,,0.909500,0.884283,2.082,5384.1
2622,0.882733,,0.909500,0.884283,2.052,5386.2
2623,0.881283,,0.909500,0.884283,2.039,5388.2
2624,0.882400,,0.909500,0.884283,2.058,5390.3
2625,0.881350,,0.909500,0.884283,2.014,5392.3
2626,0.882683,,0.909500,0.884283,2.016,5394.3
2627,0.882833,,0.909500,0.884283,2.018,5396.3
2628,0.882183,,0.909500,0.884283,2.021,5398.3
2629,0.881417,,0.909500,0.884283,2.034,5400.4
2630,0.882317,,0.909500,0.884283,2.018,5402.4
2631,0.882983,,0.909500,0.884283,2.025,5404.4
2632,0.882333,,0.909500,0.884283,2.035,5406.4
2633,0.882417,,0.909500,0.884283,2.020,5408.5
2634,0.883550,,0.909500,0.884283,2.017,5410.5
2635,0.883533,,0.909500,0.884283,2.012,5412.5
2636,0.882333,,0.909500,0.884283,2.084,5414.6
2637,0.880433,,0.909500,0.884283,2.020,5416.6
2638,0.882533,,0.909500,0.884283,2.078,5418.7
2639,0.882933,,0.909500,0.884283,2.014,5420.7
2640,0.883000,,0.909500,0.884283,2.079,5422.8
2641,0.881850,,0.909500,0.884283,2.032,5424.8
2642,0.883267,,0.909500,0.884283,2.086,5426.9
2643,0.881917,,0.909500,0.884283,2.017,5428.9
2644,0.881400,,0.909500,0.884283,2.084,5431.0
2645,0.882967,,0.909500,0.884283,2.023,5433.0
2646,0.882667,,0.909500,0.884283,2.088,5435.1
2647,0.883150,,0.909500,0.884283,2.013,5437.1
2648,0.883567,,0.909500,0.884283,2.016,5439.1
2649,0.882233,,0.909500,0.884283,2.016,5441.1
2650,0.884100,0.90829998254776,0.909500,0.884283,2.815,5444.0
2651,0.884133,,0.909500,0.884283,1.289,5445.3
2652,0.881767,,0.909500,0.884283,2.041,5447.3
2653,0.881800,,0.909500,0.884283,2.081,5449.4
2654,0.881933,,0.909500,0.884283,2.014,5451.4
2655,0.882350,,0.909500,0.884283,2.086,5453.5
2656,0.881767,,0.909500,0.884283,2.023,5455.5
2657,0.884583,,0.909500,0.884583,2.083,5457.6
2658,0.881533,,0.909500,0.884583,2.010,5459.6
2659,0.881700,,0.909500,0.884583,2.020,5461.6
2660,0.882900,,0.909500,0.884583,2.011,5463.6
2661,0.882817,,0.909500,0.884583,2.035,5465.7
2662,0.882900,,0.909500,0.884583,2.060,5467.7
2663,0.883500,,0.909500,0.884583,2.021,5469.7
2664,0.883550,,0.909500,0.884583,2.030,5471.8
2665,0.883850,,0.909500,0.884583,2.021,5473.8
2666,0.882033,,0.909500,0.884583,2.095,5475.9
2667,0.883717,,0.909500,0.884583,2.034,5477.9
2668,0.882633,,0.909500,0.884583,2.274,5480.2
2669,0.883250,,0.909500,0.884583,2.015,5482.2
2670,0.883817,,0.909500,0.884583,2.027,5484.2
2671,0.882600,,0.909500,0.884583,2.036,5486.3
2672,0.881017,,0.909500,0.884583,2.026,5488.3
2673,0.882967,,0.909500,0.884583,2.013,5490.3
2674,0.885150,,0.909500,0.885150,2.078,5492.4
2675,0.882417,,0.909500,0.885150,2.093,5494.5
2676,0.881200,,0.909500,0.885150,2.105,5496.6
2677,0.881767,,0.909500,0.885150,2.046,5498.6
2678,0.883633,,0.909500,0.885150,2.009,5500.6
2679,0.883067,,0.909500,0.885150,2.075,5502.7
2680,0.884850,,0.909500,0.885150,2.009,5504.7
2681,0.883350,,0.909500,0.885150,2.080,5506.8
2682,0.883150,,0.909500,0.885150,2.030,5508.8
2683,0.882667,,0.909500,0.885150,2.168,5511.0
2684,0.883517,,0.909500,0.885150,2.102,5513.1
2685,0.884600,,0.909500,0.885150,2.012,5515.1
2686,0.883533,,0.909500,0.885150,2.011,5517.1
2687,0.884217,,0.909500,0.885150,2.074,5519.2
2688,0.883950,,0.909500,0.885150,2.013,5521.2
2689,0.883233,,0.909500,0.885150,2.009,5523.2
2690,0.883783,,0.909500,0.885150,2.045,5525.3
2691,0.882667,,0.909500,0.885150,2.152,5527.4
2692,0.884333,,0.909500,0.885150,2.019,5529.4
2693,0.883967,,0.909500,0.885150,2.016,5531.5
2694,0.882050,,0.909500,0.885150,2.022,5533.5
2695,0.882933,,0.909500,0.885150,2.012,5535.5
2696,0.883833,,0.909500,0.885150,2.084,5537.6
2697,0.883217,,0.909500,0.885150,2.012,5539.6
2698,0.883467,,0.909500,0.885150,2.078,5541.7
2699,0.882550,,0.909500,0.885150,2.009,5543.7
2700,0.883050,0.9077000021934509,0.909500,0.885150,2.874,5546.5
2701,0.882967,,0.909500,0.885150,1.234,5547.8
2702,0.883617,,0.909500,0.885150,2.018,5549.8
2703,0.883933,,0.909500,0.885150,2.007,5551.8
2704,0.883900,,0.909500,0.885150,2.019,5553.8
2705,0.882400,,0.909500,0.885150,2.082,5555.9
2706,0.884233,,0.909500,0.885150,2.014,5557.9
2707,0.880850,,0.909500,0.885150,2.014,5559.9
2708,0.882950,,0.909500,0.885150,2.010,5561.9
2709,0.883300,,0.909500,0.885150,2.013,5564.0
2710,0.884533,,0.909500,0.885150,2.075,5566.0
2711,0.882883,,0.909500,0.885150,2.012,5568.0
2712,0.884567,,0.909500,0.885150,2.077,5570.1
2713,0.882150,,0.909500,0.885150,2.010,5572.1
2714,0.880967,,0.909500,0.885150,2.076,5574.2
2715,0.882733,,0.909500,0.885150,2.013,5576.2
2716,0.881917,,0.909500,0.885150,2.075,5578.3
2717,0.881333,,0.909500,0.885150,2.012,5580.3
2718,0.883367,,0.909500,0.885150,2.009,5582.3
2719,0.882900,,0.909500,0.885150,2.015,5584.3
2720,0.882600,,0.909500,0.885150,2.014,5586.3
2721,0.882517,,0.909500,0.885150,2.006,5588.3
2722,0.883833,,0.909500,0.885150,2.017,5590.4
2723,0.884033,,0.909500,0.885150,2.100,5592.5
2724,0.883033,,0.909500,0.885150,2.033,5594.5
2725,0.883617,,0.909500,0.885150,2.020,5596.5
2726,0.882683,,0.909500,0.885150,2.023,5598.5
2727,0.884717,,0.909500,0.885150,2.029,5600.6
2728,0.883833,,0.909500,0.885150,2.009,5602.6
2729,0.884167,,0.909500,0.885150,2.014,5604.6
2730,0.883117,,0.909500,0.885150,2.074,5606.7
2731,0.883733,,0.909500,0.885150,2.011,5608.7
2732,0.883150,,0.909500,0.885150,2.079,5610.8
2733,0.883417,,0.909500,0.885150,2.008,5612.8
2734,0.882650,,0.909500,0.885150,2.077,5614.8
2735,0.882833,,0.909500,0.885150,2.007,5616.9
2736,0.884100,,0.909500,0.885150,2.069,5618.9
2737,0.885433,,0.909500,0.885433,2.015,5620.9
2738,0.883233,,0.909500,0.885433,2.079,5623.0
2739,0.884617,,0.909500,0.885433,2.008,5625.0
2740,0.884683,,0.909500,0.885433,2.075,5627.1
2741,0.884967,,0.909500,0.885433,2.035,5629.1
2742,0.883467,,0.909500,0.885433,2.084,5631.2
2743,0.883717,,0.909500,0.885433,2.012,5633.2
2744,0.885267,,0.909500,0.885433,2.029,5635.3
2745,0.882617,,0.909500,0.885433,2.038,5637.3
2746,0.884850,,0.909500,0.885433,2.011,5639.3
2747,0.884283,,0.909500,0.885433,2.076,5641.4
2748,0.884450,,0.909500,0.885433,2.006,5643.4
2749,0.884100,,0.909500,0.885433,2.011,5645.4
2750,0.883783,0.9101999998092651,0.910200,0.885433,2.803,5648.2
2751,0.884100,,0.910200,0.885433,1.293,5649.5
2752,0.883800,,0.910200,0.885433,2.021,5651.5
2753,0.884733,,0.910200,0.885433,2.080,5653.6
2754,0.884683,,0.910200,0.885433,2.011,5655.6
2755,0.884983,,0.910200,0.885433,2.015,5657.6
2756,0.883950,,0.910200,0.885433,2.012,5659.6
2757,0.884850,,0.910200,0.885433,2.026,5661.7
2758,0.883817,,0.910200,0.885433,2.010,5663.7
2759,0.884517,,0.910200,0.885433,2.009,5665.7
2760,0.883667,,0.910200,0.885433,2.008,5667.7
2761,0.884267,,0.910200,0.885433,2.012,5669.7
2762,0.883217,,0.910200,0.885433,2.083,5671.8
2763,0.884100,,0.910200,0.885433,2.017,5673.8
2764,0.884033,,0.910200,0.885433,2.012,5675.8
2765,0.884117,,0.910200,0.885433,2.011,5677.8
2766,0.885133,,0.910200,0.885433,2.077,5679.9
2767,0.884450,,0.910200,0.885433,2.013,5681.9
2768,0.884017,,0.910200,0.885433,2.072,5684.0
2769,0.884833,,0.910200,0.885433,2.006,5686.0
2770,0.885300,,0.910200,0.885433,2.093,5688.1
2771,0.884350,,0.910200,0.885433,2.026,5690.1
2772,0.884050,,0.910200,0.885433,2.009,5692.1
2773,0.886300,,0.910200,0.886300,2.013,5694.1
2774,0.883850,,0.910200,0.886300,2.008,5696.1
2775,0.884950,,0.910200,0.886300,2.080,5698.2
2776,0.883433,,0.910200,0.886300,2.005,5700.2
2777,0.883967,,0.910200,0.886300,2.080,5702.3
2778,0.883067,,0.910200,0.886300,2.005,5704.3
2779,0.883383,,0.910200,0.886300,2.012,5706.3
2780,0.883833,,0.910200,0.886300,2.010,5708.3
2781,0.885883,,0.910200,0.886300,2.006,5710.3
2782,0.884650,,0.910200,0.886300,2.077,5712.4
2783,0.884100,,0.910200,0.886300,2.023,5714.4
2784,0.884000,,0.910200,0.886300,2.076,5716.5
2785,0.886200,,0.910200,0.886300,2.035,5718.5
2786,0.883500,,0.910200,0.886300,2.079,5720.6
2787,0.884683,,0.910200,0.886300,2.020,5722.6
2788,0.885217,,0.910200,0.886300,2.013,5724.7
2789,0.883617,,0.910200,0.886300,2.073,5726.7
2790,0.884650,,0.910200,0.886300,2.022,5728.8
2791,0.886383,,0.910200,0.886383,2.084,5730.8
2792,0.885333,,0.910200,0.886383,2.011,5732.8
2793,0.884900,,0.910200,0.886383,2.098,5734.9
2794,0.883767,,0.910200,0.886383,2.008,5737.0
2795,0.883867,,0.910200,0.886383,2.015,5739.0
2796,0.884967,,0.910200,0.886383,2.012,5741.0
2797,0.886333,,0.910200,0.886383,2.009,5743.0
2798,0.885700,,0.910200,0.886383,2.018,5745.0
2799,0.883883,,0.910200,0.886383,2.008,5747.0
2800,0.884467,0.9083999991416931,0.910200,0.886383,2.823,5749.8
2801,0.885400,,0.910200,0.886383,1.296,5751.1
2802,0.883700,,0.910200,0.886383,2.008,5753.1
2803,0.886467,,0.910200,0.886467,2.083,5755.2
2804,0.884400,,0.910200,0.886467,2.008,5757.2
2805,0.885033,,0.910200,0.886467,2.080,5759.3
2806,0.884867,,0.910200,0.886467,2.015,5761.3
2807,0.885567,,0.910200,0.886467,2.014,5763.3
2808,0.885467,,0.910200,0.886467,2.009,5765.4
2809,0.885033,,0.910200,0.886467,2.076,5767.4
2810,0.884383,,0.910200,0.886467,2.014,5769.4
2811,0.885767,,0.910200,0.886467,2.016,5771.5
2812,0.885550,,0.910200,0.886467,2.009,5773.5
2813,0.884150,,0.910200,0.886467,2.022,5775.5
2814,0.884233,,0.910200,0.886467,2.010,5777.5
2815,0.884950,,0.910200,0.886467,2.014,5779.5
2816,0.884483,,0.910200,0.886467,2.012,5781.5
2817,0.884817,,0.910200,0.886467,2.008,5783.5
2818,0.885250,,0.910200,0.886467,2.015,5785.5
2819,0.884600,,0.910200,0.886467,2.071,5787.6
2820,0.885983,,0.910200,0.886467,2.011,5789.6
2821,0.884400,,0.910200,0.886467,2.082,5791.7
2822,0.884983,,0.910200,0.886467,2.015,5793.7
2823,0.885583,,0.910200,0.886467,2.080,5795.8
2824,0.884800,,0.910200,0.886467,2.009,5797.8
2825,0.885617,,0.910200,0.886467,2.081,5799.9
2826,0.885033,,0.910200,0.886467,2.010,5801.9
2827,0.886117,,0.910200,0.886467,2.075,5804.0
2828,0.884933,,0.910200,0.886467,2.019,5806.0
2829,0.885667,,0.910200,0.886467,2.098,5808.1
2830,0.885750,,0.910200,0.886467,2.015,5810.1
2831,0.884483,,0.910200,0.886467,2.025,5812.1
2832,0.884633,,0.910200,0.886467,2.011,5814.2
2833,0.885517,,0.910200,0.886467,2.017,5816.2
2834,0.885317,,0.910200,0.886467,2.078,5818.2
2835,0.884683,,0.910200,0.886467,2.012,5820.3
2836,0.885567,,0.910200,0.886467,2.076,5822.3
2837,0.884683,,0.910200,0.886467,2.010,5824.3
2838,0.884633,,0.910200,0.886467,2.016,5826.4
2839,0.885700,,0.910200,0.886467,2.011,5828.4
2840,0.886333,,0.910200,0.886467,2.008,5830.4
2841,0.885850,,0.910200,0.886467,2.020,5832.4
2842,0.886383,,0.910200,0.886467,2.078,5834.5
2843,0.886000,,0.910200,0.886467,2.023,5836.5
2844,0.884883,,0.910200,0.886467,2.023,5838.5
2845,0.885733,,0.910200,0.886467,2.033,5840.6
2846,0.886067,,0.910200,0.886467,2.010,5842.6
2847,0.886400,,0.910200,0.886467,2.011,5844.6
2848,0.885183,,0.910200,0.886467,2.019,5846.6
2849,0.885817,,0.910200,0.886467,2.082,5848.7
2850,0.886283,0.9115999937057495,0.911600,0.886467,2.800,5851.5
2851,0.885300,,0.911600,0.886467,1.251,5852.7
2852,0.885500,,0.911600,0.886467,2.016,5854.7
2853,0.885233,,0.911600,0.886467,2.081,5856.8
2854,0.885083,,0.911600,0.886467,2.001,5858.8
2855,0.885450,,0.911600,0.886467,2.074,5860.9
2856,0.885033,,0.911600,0.886467,2.018,5862.9
2857,0.885100,,0.911600,0.886467,2.076,5865.0
2858,0.885583,,0.911600,0.886467,2.015,5867.0
2859,0.885717,,0.911600,0.886467,2.105,5869.1
2860,0.886717,,0.911600,0.886717,2.015,5871.1
2861,0.886683,,0.911600,0.886717,2.092,5873.2
2862,0.886267,,0.911600,0.886717,2.031,5875.3
2863,0.884483,,0.911600,0.886717,2.013,5877.3
2864,0.884583,,0.911600,0.886717,2.080,5879.3
2865,0.887283,,0.911600,0.887283,2.008,5881.4
2866,0.885550,,0.911600,0.887283,2.013,5883.4
2867,0.886300,,0.911600,0.887283,2.010,5885.4
2868,0.884933,,0.911600,0.887283,2.009,5887.4
2869,0.885550,,0.911600,0.887283,2.116,5889.5
2870,0.885817,,0.911600,0.887283,2.090,5891.6
2871,0.885150,,0.911600,0.887283,2.116,5893.7
2872,0.886167,,0.911600,0.887283,2.047,5895.8
2873,0.887600,,0.911600,0.887600,2.033,5897.8
2874,0.885233,,0.911600,0.887600,2.034,5899.8
2875,0.886767,,0.911600,0.887600,2.069,5901.9
2876,0.885483,,0.911600,0.887600,2.098,5904.0
2877,0.886317,,0.911600,0.887600,2.076,5906.1
2878,0.885983,,0.911600,0.887600,2.077,5908.1
2879,0.887150,,0.911600,0.887600,2.047,5910.2
2880,0.887117,,0.911600,0.887600,2.041,5912.2
2881,0.886900,,0.911600,0.887600,2.028,5914.3
2882,0.887017,,0.911600,0.887600,2.081,5916.3
2883,0.883483,,0.911600,0.887600,2.018,5918.4
2884,0.887167,,0.911600,0.887600,2.010,5920.4
2885,0.887117,,0.911600,0.887600,2.017,5922.4
2886,0.886850,,0.911600,0.887600,2.023,5924.4
2887,0.888400,,0.911600,0.888400,2.012,5926.4
2888,0.887550,,0.911600,0.888400,2.058,5928.5
2889,0.886700,,0.911600,0.888400,2.044,5930.5
2890,0.886983,,0.911600,0.888400,2.026,5932.5
2891,0.885950,,0.911600,0.888400,2.078,5934.6
2892,0.887817,,0.911600,0.888400,2.034,5936.7
2893,0.886217,,0.911600,0.888400,2.049,5938.7
2894,0.886717,,0.911600,0.888400,2.047,5940.8
2895,0.884967,,0.911600,0.888400,2.046,5942.8
2896,0.886750,,0.911600,0.888400,2.031,5944.8
2897,0.886067,,0.911600,0.888400,2.009,5946.8
2898,0.886583,,0.911600,0.888400,2.007,5948.8
2899,0.886000,,0.911600,0.888400,2.080,5950.9
2900,0.886367,0.9096999764442444,0.911600,0.888400,2.805,5953.7
2901,0.886150,,0.911600,0.888400,1.306,5955.0
2902,0.886917,,0.911600,0.888400,2.024,5957.1
2903,0.887133,,0.911600,0.888400,2.006,5959.1
2904,0.887400,,0.911600,0.888400,2.082,5961.1
2905,0.886283,,0.911600,0.888400,2.018,5963.2
2906,0.887317,,0.911600,0.888400,2.018,5965.2
2907,0.887500,,0.911600,0.888400,2.009,5967.2
2908,0.886100,,0.911600,0.888400,2.079,5969.3
2909,0.886183,,0.911600,0.888400,2.017,5971.3
2910,0.885317,,0.911600,0.888400,2.077,5973.4
2911,0.887050,,0.911600,0.888400,2.017,5975.4
2912,0.885983,,0.911600,0.888400,2.084,5977.5
2913,0.887250,,0.911600,0.888400,2.016,5979.5
2914,0.884667,,0.911600,0.888400,2.087,5981.6
2915,0.885383,,0.911600,0.888400,2.012,5983.6
2916,0.886217,,0.911600,0.888400,2.020,5985.6
2917,0.886800,,0.911600,0.888400,2.070,5987.7
2918,0.886517,,0.911600,0.888400,2.010,5989.7
2919,0.885367,,0.911600,0.888400,2.090,5991.8
2920,0.886783,,0.911600,0.888400,2.006,5993.8
2921,0.886067,,0.911600,0.888400,2.013,5995.8
2922,0.886567,,0.911600,0.888400,2.079,5997.9
2923,0.886333,,0.911600,0.888400,2.009,5999.9
2924,0.886867,,0.911600,0.888400,2.079,6002.0
2925,0.886667,,0.911600,0.888400,2.009,6004.0
2926,0.887083,,0.911600,0.888400,2.075,6006.0
2927,0.887417,,0.911600,0.888400,2.012,6008.1
2928,0.886550,,0.911600,0.888400,2.080,6010.1
2929,0.885517,,0.911600,0.888400,2.048,6012.2
2930,0.887400,,0.911600,0.888400,2.067,6014.2
2931,0.887433,,0.911600,0.888400,2.012,6016.3
2932,0.886550,,0.911600,0.888400,2.108,6018.4
2933,0.886017,,0.911600,0.888400,2.025,6020.4
2934,0.886433,,0.911600,0.888400,2.016,6022.4
2935,0.886633,,0.911600,0.888400,2.005,6024.4
2936,0.886683,,0.911600,0.888400,2.007,6026.4
2937,0.885600,,0.911600,0.888400,2.081,6028.5
2938,0.886850,,0.911600,0.888400,2.012,6030.5
2939,0.886133,,0.911600,0.888400,2.084,6032.6
2940,0.885050,,0.911600,0.888400,2.008,6034.6
2941,0.887367,,0.911600,0.888400,2.076,6036.7
2942,0.886467,,0.911600,0.888400,2.020,6038.7
2943,0.887917,,0.911600,0.888400,2.087,6040.8
2944,0.885950,,0.911600,0.888400,2.018,6042.8
2945,0.885633,,0.911600,0.888400,2.014,6044.8
2946,0.887750,,0.911600,0.888400,2.014,6046.8
2947,0.886300,,0.911600,0.888400,2.025,6048.9
2948,0.885700,,0.911600,0.888400,2.007,6050.9
2949,0.886217,,0.911600,0.888400,2.018,6052.9
2950,0.888233,0.9098999500274658,0.911600,0.888400,2.806,6055.7
2951,0.887083,,0.911600,0.888400,1.261,6056.9
2952,0.886700,,0.911600,0.888400,2.025,6059.0
2953,0.887417,,0.911600,0.888400,2.079,6061.1
2954,0.885950,,0.911600,0.888400,2.015,6063.1
2955,0.887500,,0.911600,0.888400,2.080,6065.1
2956,0.887300,,0.911600,0.888400,2.014,6067.2
2957,0.886133,,0.911600,0.888400,2.084,6069.2
2958,0.886117,,0.911600,0.888400,2.013,6071.3
2959,0.887917,,0.911600,0.888400,2.010,6073.3
2960,0.886250,,0.911600,0.888400,2.082,6075.4
2961,0.886117,,0.911600,0.888400,2.009,6077.4
2962,0.887200,,0.911600,0.888400,2.020,6079.4
2963,0.887533,,0.911600,0.888400,2.079,6081.5
2964,0.888317,,0.911600,0.888400,2.013,6083.5
2965,0.888050,,0.911600,0.888400,2.076,6085.5
2966,0.886483,,0.911600,0.888400,2.009,6087.6
2967,0.887200,,0.911600,0.888400,2.081,6089.6
2968,0.887233,,0.911600,0.888400,2.009,6091.6
2969,0.886417,,0.911600,0.888400,2.082,6093.7
2970,0.885400,,0.911600,0.888400,2.011,6095.7
2971,0.887550,,0.911600,0.888400,2.081,6097.8
2972,0.887000,,0.911600,0.888400,2.023,6099.8
2973,0.886317,,0.911600,0.888400,2.080,6101.9
2974,0.885300,,0.911600,0.888400,2.011,6103.9
2975,0.886500,,0.911600,0.888400,2.014,6106.0
2976,0.886467,,0.911600,0.888400,2.080,6108.0
2977,0.887500,,0.911600,0.888400,2.013,6110.0
2978,0.887000,,0.911600,0.888400,2.075,6112.1
2979,0.885900,,0.911600,0.888400,2.011,6114.1
2980,0.888650,,0.911600,0.888650,2.073,6116.2
2981,0.886667,,0.911600,0.888650,2.010,6118.2
2982,0.887650,,0.911600,0.888650,2.090,6120.3
2983,0.887400,,0.911600,0.888650,2.023,6122.3
2984,0.886100,,0.911600,0.888650,2.014,6124.3
2985,0.887067,,0.911600,0.888650,2.014,6126.4
2986,0.886267,,0.911600,0.888650,2.011,6128.4
2987,0.885183,,0.911600,0.888650,2.018,6130.4
2988,0.886783,,0.911600,0.888650,2.080,6132.5
2989,0.887600,,0.911600,0.888650,2.010,6134.5
2990,0.887067,,0.911600,0.888650,2.021,6136.5
2991,0.889183,,0.911600,0.889183,2.079,6138.6
2992,0.887083,,0.911600,0.889183,2.019,6140.6
2993,0.885267,,0.911600,0.889183,2.022,6142.6
2994,0.887933,,0.911600,0.889183,2.014,6144.6
2995,0.887983,,0.911600,0.889183,2.082,6146.7
2996,0.887800,,0.911600,0.889183,2.015,6148.7
2997,0.887550,,0.911600,0.889183,2.084,6150.8
2998,0.886833,,0.911600,0.889183,2.008,6152.8
2999,0.886100,,0.911600,0.889183,2.080,6154.9
