epoch,train_acc,val_acc,best_val,best_train,epoch_time,cum_time
0,0.085367,0.09799999743700027,0.098000,0.085367,5.987,6.0
1,0.084050,,0.098000,0.085367,0.282,6.3
2,0.085067,,0.098000,0.085367,0.309,6.6
3,0.083850,,0.098000,0.085367,0.309,6.9
4,0.083717,,0.098000,0.085367,0.312,7.2
5,0.085633,,0.098000,0.085633,0.375,7.6
6,0.082733,,0.098000,0.085633,0.308,7.9
7,0.084767,,0.098000,0.085633,0.308,8.2
8,0.085400,,0.098000,0.085633,0.308,8.5
9,0.086617,,0.098000,0.086617,0.305,8.8
10,0.085733,,0.098000,0.086617,0.305,9.1
11,0.085367,,0.098000,0.086617,0.376,9.5
12,0.085000,,0.098000,0.086617,0.309,9.8
13,0.085583,,0.098000,0.086617,0.306,10.1
14,0.083183,,0.098000,0.086617,0.305,10.4
15,0.086417,,0.098000,0.086617,0.310,10.7
16,0.086067,,0.098000,0.086617,0.298,11.0
17,0.086883,,0.098000,0.086883,0.311,11.3
18,0.089150,,0.098000,0.089150,0.375,11.7
19,0.087450,,0.098000,0.089150,0.304,12.0
20,0.087567,,0.098000,0.089150,0.310,12.3
21,0.088467,,0.098000,0.089150,0.309,12.6
22,0.090300,,0.098000,0.090300,0.310,12.9
23,0.089950,,0.098000,0.090300,0.307,13.2
24,0.090650,,0.098000,0.090650,0.371,13.6
25,0.093333,,0.098000,0.093333,0.307,13.9
26,0.093533,,0.098000,0.093533,0.305,14.2
27,0.093017,,0.098000,0.093533,0.311,14.5
28,0.092633,,0.098000,0.093533,0.308,14.8
29,0.095350,,0.098000,0.095350,0.309,15.2
30,0.098283,,0.098000,0.098283,0.358,15.5
31,0.100167,,0.098000,0.100167,0.307,15.8
32,0.100483,,0.098000,0.100483,0.311,16.1
33,0.100833,,0.098000,0.100833,0.328,16.5
34,0.102067,,0.098000,0.102067,0.305,16.8
35,0.103567,,0.098000,0.103567,0.306,17.1
36,0.105050,,0.098000,0.105050,0.308,17.4
37,0.104267,,0.098000,0.105050,0.373,17.7
38,0.104400,,0.098000,0.105050,0.304,18.1
39,0.105667,,0.098000,0.105667,0.305,18.4
40,0.106783,,0.098000,0.106783,0.306,18.7
41,0.106467,,0.098000,0.106783,0.306,19.0
42,0.105950,,0.098000,0.106783,0.307,19.3
43,0.107950,,0.098000,0.107950,0.305,19.6
44,0.110967,,0.098000,0.110967,0.375,20.0
45,0.108700,,0.098000,0.110967,0.307,20.3
46,0.111567,,0.098000,0.111567,0.308,20.6
47,0.111300,,0.098000,0.111567,0.312,20.9
48,0.111450,,0.098000,0.111567,0.310,21.2
49,0.109700,,0.098000,0.111567,0.307,21.5
50,0.111217,0.11309999972581863,0.113100,0.111567,0.422,21.9
51,0.113133,,0.113100,0.113133,0.278,22.2
52,0.112833,,0.113100,0.113133,0.310,22.5
53,0.112217,,0.113100,0.113133,0.307,22.8
54,0.112067,,0.113100,0.113133,0.307,23.1
55,0.112883,,0.113100,0.113133,0.307,23.4
56,0.115217,,0.113100,0.115217,0.306,23.7
57,0.113550,,0.113100,0.115217,0.306,24.0
58,0.112617,,0.113100,0.115217,0.373,24.4
59,0.116933,,0.113100,0.116933,0.306,24.7
60,0.115717,,0.113100,0.116933,0.308,25.0
61,0.116383,,0.113100,0.116933,0.307,25.3
62,0.116600,,0.113100,0.116933,0.306,25.6
63,0.118733,,0.113100,0.118733,0.306,25.9
64,0.117117,,0.113100,0.118733,0.306,26.3
65,0.117683,,0.113100,0.118733,0.374,26.6
66,0.118317,,0.113100,0.118733,0.310,26.9
67,0.119067,,0.113100,0.119067,0.308,27.2
68,0.118483,,0.113100,0.119067,0.307,27.6
69,0.121517,,0.113100,0.121517,0.306,27.9
70,0.120850,,0.113100,0.121517,0.310,28.2
71,0.120267,,0.113100,0.121517,0.308,28.5
72,0.119600,,0.113100,0.121517,0.374,28.9
73,0.122283,,0.113100,0.122283,0.309,29.2
74,0.123917,,0.113100,0.123917,0.307,29.5
75,0.123267,,0.113100,0.123917,0.311,29.8
76,0.124233,,0.113100,0.124233,0.310,30.1
77,0.123067,,0.113100,0.124233,0.307,30.4
78,0.125733,,0.113100,0.125733,0.308,30.7
79,0.124100,,0.113100,0.125733,0.377,31.1
80,0.124283,,0.113100,0.125733,0.304,31.4
81,0.124333,,0.113100,0.125733,0.310,31.7
82,0.125917,,0.113100,0.125917,0.308,32.0
83,0.126350,,0.113100,0.126350,0.308,32.3
84,0.125650,,0.113100,0.126350,0.309,32.6
85,0.126650,,0.113100,0.126650,0.307,32.9
86,0.126833,,0.113100,0.126833,0.377,33.3
87,0.127783,,0.113100,0.127783,0.305,33.6
88,0.127183,,0.113100,0.127783,0.310,33.9
89,0.128317,,0.113100,0.128317,0.308,34.2
90,0.131183,,0.113100,0.131183,0.310,34.5
91,0.131583,,0.113100,0.131583,0.305,34.8
92,0.131567,,0.113100,0.131583,0.306,35.1
93,0.131667,,0.113100,0.131667,0.373,35.5
94,0.131883,,0.113100,0.131883,0.308,35.8
95,0.132800,,0.113100,0.132800,0.306,36.1
96,0.132867,,0.113100,0.132867,0.305,36.4
97,0.133200,,0.113100,0.133200,0.310,36.7
98,0.136117,,0.113100,0.136117,0.308,37.1
99,0.135517,,0.113100,0.136117,0.308,37.4
100,0.137150,0.1403999924659729,0.140400,0.137150,0.484,37.8
101,0.136200,,0.140400,0.137150,0.210,38.1
102,0.137900,,0.140400,0.137900,0.311,38.4
103,0.136417,,0.140400,0.137900,0.307,38.7
104,0.140083,,0.140400,0.140083,0.308,39.0
105,0.139150,,0.140400,0.140083,0.308,39.3
106,0.140733,,0.140400,0.140733,0.308,39.6
107,0.140200,,0.140400,0.140733,0.373,40.0
108,0.140717,,0.140400,0.140733,0.310,40.3
109,0.142267,,0.140400,0.142267,0.305,40.6
110,0.142983,,0.140400,0.142983,0.306,40.9
111,0.142900,,0.140400,0.142983,0.306,41.2
112,0.143900,,0.140400,0.143900,0.304,41.5
113,0.146917,,0.140400,0.146917,0.308,41.8
114,0.145867,,0.140400,0.146917,0.378,42.2
115,0.146350,,0.140400,0.146917,0.308,42.5
116,0.146433,,0.140400,0.146917,0.308,42.8
117,0.150533,,0.140400,0.150533,0.309,43.1
118,0.152583,,0.140400,0.152583,0.311,43.4
119,0.151983,,0.140400,0.152583,0.305,43.7
120,0.152167,,0.140400,0.152583,0.308,44.0
121,0.154533,,0.140400,0.154533,0.371,44.4
122,0.155550,,0.140400,0.155550,0.308,44.7
123,0.158733,,0.140400,0.158733,0.311,45.0
124,0.160317,,0.140400,0.160317,0.312,45.3
125,0.163133,,0.140400,0.163133,0.312,45.7
126,0.162433,,0.140400,0.163133,0.307,46.0
127,0.163233,,0.140400,0.163233,0.354,46.3
128,0.165867,,0.140400,0.165867,0.373,46.7
129,0.167350,,0.140400,0.167350,0.307,47.0
130,0.167400,,0.140400,0.167400,0.308,47.3
131,0.170017,,0.140400,0.170017,0.312,47.6
132,0.172083,,0.140400,0.172083,0.310,47.9
133,0.174800,,0.140400,0.174800,0.308,48.2
134,0.175367,,0.140400,0.175367,0.306,48.5
135,0.176467,,0.140400,0.176467,0.376,48.9
136,0.178550,,0.140400,0.178550,0.305,49.2
137,0.180750,,0.140400,0.180750,0.307,49.5
138,0.183383,,0.140400,0.183383,0.313,49.8
139,0.183850,,0.140400,0.183850,0.308,50.1
140,0.187200,,0.140400,0.187200,0.307,50.5
141,0.191067,,0.140400,0.191067,0.310,50.8
142,0.191733,,0.140400,0.191733,0.377,51.1
143,0.191450,,0.140400,0.191733,0.306,51.4
144,0.196683,,0.140400,0.196683,0.307,51.7
145,0.197517,,0.140400,0.197517,0.307,52.1
146,0.199567,,0.140400,0.199567,0.307,52.4
147,0.199750,,0.140400,0.199750,0.306,52.7
148,0.202800,,0.140400,0.202800,0.307,53.0
149,0.205883,,0.140400,0.205883,0.374,53.4
150,0.207517,0.2692999839782715,0.269300,0.207517,0.424,53.8
151,0.211750,,0.269300,0.211750,0.209,54.0
152,0.213833,,0.269300,0.213833,0.304,54.3
153,0.216617,,0.269300,0.216617,0.308,54.6
154,0.219633,,0.269300,0.219633,0.308,54.9
155,0.218483,,0.269300,0.219633,0.307,55.2
156,0.222500,,0.269300,0.222500,0.380,55.6
157,0.225617,,0.269300,0.225617,0.308,55.9
158,0.227617,,0.269300,0.227617,0.310,56.2
159,0.230067,,0.269300,0.230067,0.310,56.5
160,0.230483,,0.269300,0.230483,0.306,56.8
161,0.233817,,0.269300,0.233817,0.309,57.1
162,0.238133,,0.269300,0.238133,0.310,57.4
163,0.239783,,0.269300,0.239783,0.372,57.8
164,0.243733,,0.269300,0.243733,0.308,58.1
165,0.244767,,0.269300,0.244767,0.307,58.4
166,0.248450,,0.269300,0.248450,0.307,58.7
167,0.249050,,0.269300,0.249050,0.312,59.1
168,0.252250,,0.269300,0.252250,0.307,59.4
169,0.254500,,0.269300,0.254500,0.309,59.7
170,0.258433,,0.269300,0.258433,0.374,60.0
171,0.257917,,0.269300,0.258433,0.307,60.3
172,0.264133,,0.269300,0.264133,0.306,60.7
173,0.265100,,0.269300,0.265100,0.312,61.0
174,0.266950,,0.269300,0.266950,0.309,61.3
175,0.269167,,0.269300,0.269167,0.317,61.6
176,0.270800,,0.269300,0.270800,0.314,61.9
177,0.273117,,0.269300,0.273117,0.376,62.3
178,0.276767,,0.269300,0.276767,0.306,62.6
179,0.278833,,0.269300,0.278833,0.307,62.9
180,0.279333,,0.269300,0.279333,0.305,63.2
181,0.280450,,0.269300,0.280450,0.307,63.5
182,0.283017,,0.269300,0.283017,0.308,63.8
183,0.284133,,0.269300,0.284133,0.307,64.1
184,0.286517,,0.269300,0.286517,0.373,64.5
185,0.289733,,0.269300,0.289733,0.309,64.8
186,0.288900,,0.269300,0.289733,0.308,65.1
187,0.291317,,0.269300,0.291317,0.307,65.4
188,0.292350,,0.269300,0.292350,0.308,65.7
189,0.293400,,0.269300,0.293400,0.309,66.0
190,0.298383,,0.269300,0.298383,0.309,66.3
191,0.300083,,0.269300,0.300083,0.374,66.7
192,0.300150,,0.269300,0.300150,0.307,67.0
193,0.302150,,0.269300,0.302150,0.307,67.3
194,0.301267,,0.269300,0.302150,0.307,67.6
195,0.306967,,0.269300,0.306967,0.307,67.9
196,0.306517,,0.269300,0.306967,0.308,68.3
197,0.307150,,0.269300,0.307150,0.304,68.6
198,0.309650,,0.269300,0.309650,0.376,68.9
199,0.311967,,0.269300,0.311967,0.308,69.2
200,0.312333,0.3499999940395355,0.350000,0.312333,0.419,69.7
201,0.313517,,0.350000,0.313517,0.209,69.9
202,0.316733,,0.350000,0.316733,0.310,70.2
203,0.316467,,0.350000,0.316733,0.311,70.5
204,0.316300,,0.350000,0.316733,0.311,70.8
205,0.321200,,0.350000,0.321200,0.379,71.2
206,0.320767,,0.350000,0.321200,0.310,71.5
207,0.321767,,0.350000,0.321767,0.309,71.8
208,0.325150,,0.350000,0.325150,0.309,72.1
209,0.325367,,0.350000,0.325367,0.311,72.4
210,0.325017,,0.350000,0.325367,0.309,72.7
211,0.327117,,0.350000,0.327117,0.301,73.0
212,0.327400,,0.350000,0.327400,0.379,73.4
213,0.328133,,0.350000,0.328133,0.315,73.7
214,0.328917,,0.350000,0.328917,0.315,74.0
215,0.331200,,0.350000,0.331200,0.311,74.3
216,0.333600,,0.350000,0.333600,0.308,74.7
217,0.335333,,0.350000,0.335333,0.310,75.0
218,0.337633,,0.350000,0.337633,0.311,75.3
219,0.335783,,0.350000,0.337633,0.377,75.7
220,0.338033,,0.350000,0.338033,0.310,76.0
221,0.337283,,0.350000,0.338033,0.382,76.3
222,0.338667,,0.350000,0.338667,0.310,76.7
223,0.339883,,0.350000,0.339883,0.312,77.0
224,0.340417,,0.350000,0.340417,0.307,77.3
225,0.343183,,0.350000,0.343183,0.314,77.6
226,0.342517,,0.350000,0.343183,0.381,78.0
227,0.343300,,0.350000,0.343300,0.312,78.3
228,0.347533,,0.350000,0.347533,0.310,78.6
229,0.350333,,0.350000,0.350333,0.311,78.9
230,0.348433,,0.350000,0.350333,0.308,79.2
231,0.350700,,0.350000,0.350700,0.309,79.5
232,0.350933,,0.350000,0.350933,0.305,79.8
233,0.351283,,0.350000,0.351283,0.381,80.2
234,0.354850,,0.350000,0.354850,0.310,80.5
235,0.355450,,0.350000,0.355450,0.309,80.8
236,0.355033,,0.350000,0.355450,0.307,81.1
237,0.356933,,0.350000,0.356933,0.313,81.4
238,0.358750,,0.350000,0.358750,0.310,81.8
239,0.362017,,0.350000,0.362017,0.311,82.1
240,0.359850,,0.350000,0.362017,0.377,82.4
241,0.361167,,0.350000,0.362017,0.308,82.8
242,0.363650,,0.350000,0.363650,0.307,83.1
243,0.365217,,0.350000,0.365217,0.314,83.4
244,0.364467,,0.350000,0.365217,0.308,83.7
245,0.367667,,0.350000,0.367667,0.308,84.0
246,0.368883,,0.350000,0.368883,0.307,84.3
247,0.374183,,0.350000,0.374183,0.378,84.7
248,0.370483,,0.350000,0.374183,0.307,85.0
249,0.374250,,0.350000,0.374250,0.308,85.3
250,0.378550,0.4097999930381775,0.409800,0.378550,0.425,85.7
251,0.378233,,0.409800,0.378550,0.212,85.9
252,0.380467,,0.409800,0.380467,0.307,86.2
253,0.381867,,0.409800,0.381867,0.310,86.5
254,0.382717,,0.409800,0.382717,0.381,86.9
255,0.385150,,0.409800,0.385150,0.308,87.2
256,0.385933,,0.409800,0.385933,0.309,87.5
257,0.388750,,0.409800,0.388750,0.312,87.9
258,0.390733,,0.409800,0.390733,0.310,88.2
259,0.391400,,0.409800,0.391400,0.310,88.5
260,0.397550,,0.409800,0.397550,0.309,88.8
261,0.398050,,0.409800,0.398050,0.384,89.2
262,0.403233,,0.409800,0.403233,0.314,89.5
263,0.403383,,0.409800,0.403383,0.311,89.8
264,0.405267,,0.409800,0.405267,0.309,90.1
265,0.410450,,0.409800,0.410450,0.310,90.4
266,0.411667,,0.409800,0.411667,0.310,90.7
267,0.414850,,0.409800,0.414850,0.312,91.0
268,0.417917,,0.409800,0.417917,0.378,91.4
269,0.419750,,0.409800,0.419750,0.310,91.7
270,0.421533,,0.409800,0.421533,0.309,92.0
271,0.423533,,0.409800,0.423533,0.311,92.3
272,0.428433,,0.409800,0.428433,0.311,92.7
273,0.430417,,0.409800,0.430417,0.310,93.0
274,0.431100,,0.409800,0.431100,0.318,93.3
275,0.432567,,0.409800,0.432567,0.373,93.7
276,0.436733,,0.409800,0.436733,0.311,94.0
277,0.437017,,0.409800,0.437017,0.307,94.3
278,0.440617,,0.409800,0.440617,0.310,94.6
279,0.443267,,0.409800,0.443267,0.307,94.9
280,0.445683,,0.409800,0.445683,0.310,95.2
281,0.447617,,0.409800,0.447617,0.311,95.5
282,0.450650,,0.409800,0.450650,0.374,95.9
283,0.453467,,0.409800,0.453467,0.309,96.2
284,0.457167,,0.409800,0.457167,0.306,96.5
285,0.457150,,0.409800,0.457167,0.310,96.8
286,0.462117,,0.409800,0.462117,0.310,97.1
287,0.462883,,0.409800,0.462883,0.309,97.4
288,0.463800,,0.409800,0.463800,0.310,97.7
289,0.467267,,0.409800,0.467267,0.378,98.1
290,0.467750,,0.409800,0.467750,0.310,98.4
291,0.467683,,0.409800,0.467750,0.310,98.7
292,0.473100,,0.409800,0.473100,0.307,99.0
293,0.474950,,0.409800,0.474950,0.309,99.4
294,0.476250,,0.409800,0.476250,0.306,99.7
295,0.478467,,0.409800,0.478467,0.309,100.0
296,0.481967,,0.409800,0.481967,0.376,100.3
297,0.485767,,0.409800,0.485767,0.308,100.6
298,0.486450,,0.409800,0.486450,0.309,101.0
299,0.486667,,0.409800,0.486667,0.309,101.3
300,0.490867,0.601099967956543,0.601100,0.490867,0.423,101.7
301,0.492233,,0.601100,0.492233,0.215,101.9
302,0.495783,,0.601100,0.495783,0.308,102.2
303,0.496217,,0.601100,0.496217,0.376,102.6
304,0.498800,,0.601100,0.498800,0.309,102.9
305,0.502200,,0.601100,0.502200,0.308,103.2
306,0.504850,,0.601100,0.504850,0.310,103.5
307,0.512750,,0.601100,0.512750,0.306,103.8
308,0.512700,,0.601100,0.512750,0.310,104.1
309,0.516133,,0.601100,0.516133,0.395,104.5
310,0.516600,,0.601100,0.516600,0.379,104.9
311,0.520617,,0.601100,0.520617,0.310,105.2
312,0.525433,,0.601100,0.525433,0.310,105.5
313,0.523933,,0.601100,0.525433,0.575,106.1
314,0.529217,,0.601100,0.529217,0.331,106.4
315,0.529583,,0.601100,0.529583,0.323,106.8
316,0.533533,,0.601100,0.533533,0.425,107.2
317,0.540233,,0.601100,0.540233,0.355,107.5
318,0.541667,,0.601100,0.541667,0.324,107.9
319,0.541717,,0.601100,0.541717,0.313,108.2
320,0.547233,,0.601100,0.547233,0.314,108.5
321,0.546717,,0.601100,0.547233,0.310,108.8
322,0.549467,,0.601100,0.549467,0.309,109.1
323,0.552250,,0.601100,0.552250,0.401,109.5
324,0.557150,,0.601100,0.557150,0.318,109.8
325,0.554417,,0.601100,0.557150,0.308,110.1
326,0.555933,,0.601100,0.557150,0.307,110.4
327,0.558250,,0.601100,0.558250,0.311,110.8
328,0.564700,,0.601100,0.564700,0.309,111.1
329,0.566367,,0.601100,0.566367,0.307,111.4
330,0.566633,,0.601100,0.566633,0.376,111.7
331,0.571783,,0.601100,0.571783,0.309,112.1
332,0.570100,,0.601100,0.571783,0.308,112.4
333,0.570783,,0.601100,0.571783,0.307,112.7
334,0.575117,,0.601100,0.575117,0.311,113.0
335,0.576400,,0.601100,0.576400,0.308,113.3
336,0.576000,,0.601100,0.576400,0.309,113.6
337,0.577917,,0.601100,0.577917,0.378,114.0
338,0.580833,,0.601100,0.580833,0.311,114.3
339,0.582967,,0.601100,0.582967,0.312,114.6
340,0.586050,,0.601100,0.586050,0.310,114.9
341,0.586800,,0.601100,0.586800,0.310,115.2
342,0.587383,,0.601100,0.587383,0.311,115.5
343,0.590600,,0.601100,0.590600,0.307,115.8
344,0.590067,,0.601100,0.590600,0.372,116.2
345,0.592750,,0.601100,0.592750,0.311,116.5
346,0.594333,,0.601100,0.594333,0.311,116.8
347,0.599200,,0.601100,0.599200,0.309,117.1
348,0.598983,,0.601100,0.599200,0.311,117.4
349,0.599917,,0.601100,0.599917,0.308,117.8
350,0.604100,0.7173999547958374,0.717400,0.604100,0.421,118.2
351,0.602867,,0.717400,0.604100,0.273,118.4
352,0.605117,,0.717400,0.605117,0.311,118.8
353,0.606733,,0.717400,0.606733,0.309,119.1
354,0.608233,,0.717400,0.608233,0.307,119.4
355,0.608667,,0.717400,0.608667,0.313,119.7
356,0.608967,,0.717400,0.608967,0.310,120.0
357,0.615600,,0.717400,0.615600,0.307,120.3
358,0.614833,,0.717400,0.615600,0.372,120.7
359,0.617267,,0.717400,0.617267,0.310,121.0
360,0.618883,,0.717400,0.618883,0.308,121.3
361,0.617917,,0.717400,0.618883,0.309,121.6
362,0.621083,,0.717400,0.621083,0.312,121.9
363,0.623817,,0.717400,0.623817,0.311,122.2
364,0.622600,,0.717400,0.623817,0.311,122.5
365,0.622133,,0.717400,0.623817,0.373,122.9
366,0.622433,,0.717400,0.623817,0.309,123.2
367,0.625800,,0.717400,0.625800,0.306,123.5
368,0.627533,,0.717400,0.627533,0.309,123.8
369,0.627500,,0.717400,0.627533,0.307,124.1
370,0.628583,,0.717400,0.628583,0.309,124.5
371,0.630367,,0.717400,0.630367,0.310,124.8
372,0.633267,,0.717400,0.633267,0.375,125.1
373,0.632700,,0.717400,0.633267,0.308,125.4
374,0.633650,,0.717400,0.633650,0.307,125.8
375,0.637167,,0.717400,0.637167,0.304,126.1
376,0.635067,,0.717400,0.637167,0.309,126.4
377,0.637567,,0.717400,0.637567,0.314,126.7
378,0.637733,,0.717400,0.637733,0.311,127.0
379,0.636833,,0.717400,0.637733,0.374,127.4
380,0.642200,,0.717400,0.642200,0.309,127.7
381,0.640450,,0.717400,0.642200,0.308,128.0
382,0.642433,,0.717400,0.642433,0.308,128.3
383,0.641917,,0.717400,0.642433,0.308,128.6
384,0.641400,,0.717400,0.642433,0.311,128.9
385,0.643283,,0.717400,0.643283,0.305,129.2
386,0.643633,,0.717400,0.643633,0.373,129.6
387,0.641950,,0.717400,0.643633,0.310,129.9
388,0.647550,,0.717400,0.647550,0.308,130.2
389,0.649117,,0.717400,0.649117,0.311,130.5
390,0.647017,,0.717400,0.649117,0.310,130.8
391,0.650233,,0.717400,0.650233,0.310,131.1
392,0.650900,,0.717400,0.650900,0.313,131.4
393,0.650633,,0.717400,0.650900,0.375,131.8
394,0.654267,,0.717400,0.654267,0.310,132.1
395,0.654917,,0.717400,0.654917,0.307,132.4
396,0.652883,,0.717400,0.654917,0.310,132.7
397,0.653983,,0.717400,0.654917,0.310,133.1
398,0.658933,,0.717400,0.658933,0.310,133.4
399,0.655633,,0.717400,0.658933,0.305,133.7
400,0.657383,0.765999972820282,0.766000,0.658933,0.487,134.2
401,0.659933,,0.766000,0.659933,0.214,134.4
402,0.660050,,0.766000,0.660050,0.308,134.7
403,0.661400,,0.766000,0.661400,0.312,135.0
404,0.662017,,0.766000,0.662017,0.309,135.3
405,0.663683,,0.766000,0.663683,0.307,135.6
406,0.663933,,0.766000,0.663933,0.312,135.9
407,0.665533,,0.766000,0.665533,0.385,136.3
408,0.664117,,0.766000,0.665533,0.311,136.6
409,0.667733,,0.766000,0.667733,0.378,137.0
410,0.667767,,0.766000,0.667767,0.309,137.3
411,0.667950,,0.766000,0.667950,0.307,137.6
412,0.669950,,0.766000,0.669950,0.306,137.9
413,0.671500,,0.766000,0.671500,0.309,138.2
414,0.671867,,0.766000,0.671867,0.373,138.6
415,0.671283,,0.766000,0.671867,0.307,138.9
416,0.671817,,0.766000,0.671867,0.306,139.2
417,0.674000,,0.766000,0.674000,0.307,139.5
418,0.677217,,0.766000,0.677217,0.307,139.8
419,0.675650,,0.766000,0.677217,0.307,140.1
420,0.675183,,0.766000,0.677217,0.310,140.4
421,0.677100,,0.766000,0.677217,0.374,140.8
422,0.677383,,0.766000,0.677383,0.312,141.1
423,0.681133,,0.766000,0.681133,0.307,141.4
424,0.678517,,0.766000,0.681133,0.310,141.7
425,0.681533,,0.766000,0.681533,0.312,142.1
426,0.680883,,0.766000,0.681533,0.305,142.4
427,0.682233,,0.766000,0.682233,0.309,142.7
428,0.683667,,0.766000,0.683667,0.371,143.0
429,0.683650,,0.766000,0.683667,0.311,143.4
430,0.688517,,0.766000,0.688517,0.306,143.7
431,0.687367,,0.766000,0.688517,0.307,144.0
432,0.686717,,0.766000,0.688517,0.307,144.3
433,0.686800,,0.766000,0.688517,0.307,144.6
434,0.689850,,0.766000,0.689850,0.307,144.9
435,0.690733,,0.766000,0.690733,0.375,145.3
436,0.689150,,0.766000,0.690733,0.306,145.6
437,0.690400,,0.766000,0.690733,0.306,145.9
438,0.693083,,0.766000,0.693083,0.307,146.2
439,0.693900,,0.766000,0.693900,0.309,146.5
440,0.690967,,0.766000,0.693900,0.310,146.8
441,0.695600,,0.766000,0.695600,0.308,147.1
442,0.696683,,0.766000,0.696683,0.375,147.5
443,0.697833,,0.766000,0.697833,0.311,147.8
444,0.699083,,0.766000,0.699083,0.308,148.1
445,0.699383,,0.766000,0.699383,0.309,148.4
446,0.700783,,0.766000,0.700783,0.308,148.7
447,0.701350,,0.766000,0.701350,0.311,149.0
448,0.701950,,0.766000,0.701950,0.314,149.3
449,0.701000,,0.766000,0.701950,0.377,149.7
450,0.700233,0.8133999705314636,0.813400,0.701950,0.421,150.1
451,0.703017,,0.813400,0.703017,0.214,150.4
452,0.703217,,0.813400,0.703217,0.306,150.7
453,0.705000,,0.813400,0.705000,0.310,151.0
454,0.707917,,0.813400,0.707917,0.314,151.3
455,0.703983,,0.813400,0.707917,0.311,151.6
456,0.709067,,0.813400,0.709067,0.372,152.0
457,0.706917,,0.813400,0.709067,0.307,152.3
458,0.709200,,0.813400,0.709200,0.307,152.6
459,0.706367,,0.813400,0.709200,0.307,152.9
460,0.712533,,0.813400,0.712533,0.308,153.2
461,0.709433,,0.813400,0.712533,0.310,153.5
462,0.710367,,0.813400,0.712533,0.308,153.8
463,0.711017,,0.813400,0.712533,0.356,154.2
464,0.711650,,0.813400,0.712533,0.309,154.5
465,0.714217,,0.813400,0.714217,0.308,154.8
466,0.714483,,0.813400,0.714483,0.310,155.1
467,0.714683,,0.813400,0.714683,0.306,155.4
468,0.713833,,0.813400,0.714683,0.306,155.7
469,0.715083,,0.813400,0.715083,0.313,156.0
470,0.717017,,0.813400,0.717017,0.376,156.4
471,0.718117,,0.813400,0.718117,0.307,156.7
472,0.718000,,0.813400,0.718117,0.307,157.0
473,0.717717,,0.813400,0.718117,0.311,157.3
474,0.718350,,0.813400,0.718350,0.310,157.6
475,0.719467,,0.813400,0.719467,0.312,158.0
476,0.719067,,0.813400,0.719467,0.308,158.3
477,0.721283,,0.813400,0.721283,0.373,158.6
478,0.720317,,0.813400,0.721283,0.308,158.9
479,0.722933,,0.813400,0.722933,0.309,159.3
480,0.724267,,0.813400,0.724267,0.310,159.6
481,0.721850,,0.813400,0.724267,0.310,159.9
482,0.726083,,0.813400,0.726083,0.308,160.2
483,0.723017,,0.813400,0.726083,0.308,160.5
484,0.721833,,0.813400,0.726083,0.371,160.9
485,0.723733,,0.813400,0.726083,0.304,161.2
486,0.724617,,0.813400,0.726083,0.312,161.5
487,0.726867,,0.813400,0.726867,0.313,161.8
488,0.727550,,0.813400,0.727550,0.308,162.1
489,0.727000,,0.813400,0.727550,0.308,162.4
490,0.727700,,0.813400,0.727700,0.305,162.7
491,0.728767,,0.813400,0.728767,0.379,163.1
492,0.729783,,0.813400,0.729783,0.308,163.4
493,0.730767,,0.813400,0.730767,0.309,163.7
494,0.731167,,0.813400,0.731167,0.307,164.0
495,0.732450,,0.813400,0.732450,0.306,164.3
496,0.731617,,0.813400,0.732450,0.314,164.6
497,0.729383,,0.813400,0.732450,0.310,164.9
498,0.732283,,0.813400,0.732450,0.373,165.3
499,0.731167,,0.813400,0.732450,0.308,165.6
500,0.733183,0.8349999785423279,0.835000,0.733183,0.421,166.0
501,0.733700,,0.835000,0.733700,0.212,166.3
502,0.735350,,0.835000,0.735350,0.314,166.6
503,0.735817,,0.835000,0.735817,0.329,166.9
504,0.733500,,0.835000,0.735817,0.310,167.2
505,0.736350,,0.835000,0.736350,0.374,167.6
506,0.734817,,0.835000,0.736350,0.306,167.9
507,0.736900,,0.835000,0.736900,0.306,168.2
508,0.737633,,0.835000,0.737633,0.308,168.5
509,0.736183,,0.835000,0.737633,0.312,168.8
510,0.737650,,0.835000,0.737650,0.311,169.1
511,0.737333,,0.835000,0.737650,0.306,169.4
512,0.739567,,0.835000,0.739567,0.377,169.8
513,0.737950,,0.835000,0.739567,0.308,170.1
514,0.737783,,0.835000,0.739567,0.308,170.4
515,0.739450,,0.835000,0.739567,0.310,170.7
516,0.739817,,0.835000,0.739817,0.309,171.0
517,0.744317,,0.835000,0.744317,0.307,171.4
518,0.740617,,0.835000,0.744317,0.315,171.7
519,0.740100,,0.835000,0.744317,0.375,172.0
520,0.740900,,0.835000,0.744317,0.305,172.3
521,0.741250,,0.835000,0.744317,0.307,172.7
522,0.742467,,0.835000,0.744317,0.309,173.0
523,0.741933,,0.835000,0.744317,0.308,173.3
524,0.742450,,0.835000,0.744317,0.310,173.6
525,0.745133,,0.835000,0.745133,0.308,173.9
526,0.743300,,0.835000,0.745133,0.373,174.3
527,0.744817,,0.835000,0.745133,0.308,174.6
528,0.742000,,0.835000,0.745133,0.308,174.9
529,0.744950,,0.835000,0.745133,0.307,175.2
530,0.747167,,0.835000,0.747167,0.307,175.5
531,0.744400,,0.835000,0.747167,0.309,175.8
532,0.745917,,0.835000,0.747167,0.310,176.1
533,0.747783,,0.835000,0.747783,0.376,176.5
534,0.748300,,0.835000,0.748300,0.309,176.8
535,0.746717,,0.835000,0.748300,0.310,177.1
536,0.747950,,0.835000,0.748300,0.309,177.4
537,0.749017,,0.835000,0.749017,0.312,177.7
538,0.748400,,0.835000,0.749017,0.309,178.0
539,0.745283,,0.835000,0.749017,0.309,178.3
540,0.748800,,0.835000,0.749017,0.376,178.7
541,0.750500,,0.835000,0.750500,0.307,179.0
542,0.748800,,0.835000,0.750500,0.305,179.3
543,0.752850,,0.835000,0.752850,0.311,179.6
544,0.750350,,0.835000,0.752850,0.312,180.0
545,0.749450,,0.835000,0.752850,0.307,180.3
546,0.752067,,0.835000,0.752850,0.306,180.6
547,0.751750,,0.835000,0.752850,0.371,180.9
548,0.750833,,0.835000,0.752850,0.309,181.2
549,0.751350,,0.835000,0.752850,0.310,181.6
550,0.751267,0.847000002861023,0.847000,0.752850,0.423,182.0
551,0.753150,,0.847000,0.753150,0.208,182.2
552,0.755600,,0.847000,0.755600,0.310,182.5
553,0.753917,,0.847000,0.755600,0.312,182.8
554,0.754200,,0.847000,0.755600,0.377,183.2
555,0.757467,,0.847000,0.757467,0.311,183.5
556,0.750567,,0.847000,0.757467,0.310,183.8
557,0.754867,,0.847000,0.757467,0.310,184.1
558,0.753550,,0.847000,0.757467,0.310,184.4
559,0.757033,,0.847000,0.757467,0.305,184.7
560,0.753533,,0.847000,0.757467,0.308,185.0
561,0.756883,,0.847000,0.757467,0.376,185.4
562,0.756700,,0.847000,0.757467,0.306,185.7
563,0.757083,,0.847000,0.757467,0.307,186.0
564,0.756350,,0.847000,0.757467,0.312,186.3
565,0.757333,,0.847000,0.757467,0.309,186.6
566,0.757667,,0.847000,0.757667,0.305,187.0
567,0.756433,,0.847000,0.757667,0.313,187.3
568,0.758033,,0.847000,0.758033,0.373,187.6
569,0.761417,,0.847000,0.761417,0.307,187.9
570,0.758817,,0.847000,0.761417,0.307,188.3
571,0.757967,,0.847000,0.761417,0.307,188.6
572,0.760200,,0.847000,0.761417,0.306,188.9
573,0.762017,,0.847000,0.762017,0.312,189.2
574,0.760417,,0.847000,0.762017,0.308,189.5
575,0.760683,,0.847000,0.762017,0.375,189.9
576,0.758500,,0.847000,0.762017,0.312,190.2
577,0.760717,,0.847000,0.762017,0.310,190.5
578,0.759750,,0.847000,0.762017,0.308,190.8
579,0.761467,,0.847000,0.762017,0.308,191.1
580,0.760983,,0.847000,0.762017,0.309,191.4
581,0.761717,,0.847000,0.762017,0.308,191.7
582,0.763900,,0.847000,0.763900,0.375,192.1
583,0.764133,,0.847000,0.764133,0.308,192.4
584,0.765467,,0.847000,0.765467,0.306,192.7
585,0.764117,,0.847000,0.765467,0.309,193.0
586,0.763767,,0.847000,0.765467,0.308,193.3
587,0.764383,,0.847000,0.765467,0.309,193.6
588,0.762917,,0.847000,0.765467,0.308,193.9
589,0.764867,,0.847000,0.765467,0.374,194.3
590,0.766683,,0.847000,0.766683,0.307,194.6
591,0.764967,,0.847000,0.766683,0.306,194.9
592,0.766033,,0.847000,0.766683,0.314,195.2
593,0.765283,,0.847000,0.766683,0.310,195.6
594,0.768883,,0.847000,0.768883,0.306,195.9
595,0.766467,,0.847000,0.768883,0.309,196.2
596,0.765833,,0.847000,0.768883,0.379,196.5
597,0.766433,,0.847000,0.768883,0.307,196.9
598,0.768467,,0.847000,0.768883,0.309,197.2
599,0.766833,,0.847000,0.768883,0.352,197.5
600,0.766933,0.8557999730110168,0.855800,0.768883,0.420,197.9
601,0.769083,,0.855800,0.769083,0.212,198.1
602,0.767433,,0.855800,0.769083,0.308,198.5
603,0.769100,,0.855800,0.769100,0.372,198.8
604,0.770833,,0.855800,0.770833,0.299,199.1
605,0.769017,,0.855800,0.770833,0.306,199.4
606,0.769500,,0.855800,0.770833,0.309,199.7
607,0.770883,,0.855800,0.770883,0.307,200.0
608,0.771367,,0.855800,0.771367,0.306,200.4
609,0.771017,,0.855800,0.771367,0.304,200.7
610,0.770833,,0.855800,0.771367,0.375,201.0
611,0.772867,,0.855800,0.772867,0.307,201.3
612,0.774650,,0.855800,0.774650,0.308,201.6
613,0.772133,,0.855800,0.774650,0.308,202.0
614,0.771083,,0.855800,0.774650,0.308,202.3
615,0.772483,,0.855800,0.774650,0.310,202.6
616,0.775650,,0.855800,0.775650,0.306,202.9
617,0.772150,,0.855800,0.775650,0.376,203.3
618,0.774983,,0.855800,0.775650,0.310,203.6
619,0.774200,,0.855800,0.775650,0.310,203.9
620,0.772050,,0.855800,0.775650,0.306,204.2
621,0.772617,,0.855800,0.775650,0.308,204.5
622,0.773883,,0.855800,0.775650,0.308,204.8
623,0.775567,,0.855800,0.775650,0.310,205.1
624,0.774067,,0.855800,0.775650,0.375,205.5
625,0.774617,,0.855800,0.775650,0.310,205.8
626,0.775050,,0.855800,0.775650,0.309,206.1
627,0.772367,,0.855800,0.775650,0.309,206.4
628,0.773950,,0.855800,0.775650,0.310,206.7
629,0.773350,,0.855800,0.775650,0.307,207.0
630,0.774600,,0.855800,0.775650,0.306,207.3
631,0.774533,,0.855800,0.775650,0.373,207.7
632,0.775533,,0.855800,0.775650,0.309,208.0
633,0.776183,,0.855800,0.776183,0.308,208.3
634,0.774433,,0.855800,0.776183,0.316,208.6
635,0.776150,,0.855800,0.776183,0.306,208.9
636,0.775950,,0.855800,0.776183,0.314,209.3
637,0.778417,,0.855800,0.778417,0.308,209.6
638,0.777667,,0.855800,0.778417,0.373,209.9
639,0.777850,,0.855800,0.778417,0.309,210.3
640,0.777500,,0.855800,0.778417,0.309,210.6
641,0.778233,,0.855800,0.778417,0.308,210.9
642,0.778300,,0.855800,0.778417,0.308,211.2
643,0.777067,,0.855800,0.778417,0.309,211.5
644,0.779800,,0.855800,0.779800,0.309,211.8
645,0.778667,,0.855800,0.779800,0.378,212.2
646,0.777517,,0.855800,0.779800,0.311,212.5
647,0.779100,,0.855800,0.779800,0.309,212.8
648,0.779517,,0.855800,0.779800,0.312,213.1
649,0.781567,,0.855800,0.781567,0.309,213.4
650,0.781000,0.8651999831199646,0.865200,0.781567,0.422,213.8
651,0.780900,,0.865200,0.781567,0.212,214.0
652,0.779300,,0.865200,0.781567,0.379,214.4
653,0.780500,,0.865200,0.781567,0.306,214.7
654,0.781917,,0.865200,0.781917,0.308,215.0
655,0.782283,,0.865200,0.782283,0.308,215.3
656,0.780617,,0.865200,0.782283,0.307,215.7
657,0.781533,,0.865200,0.782283,0.308,216.0
658,0.782117,,0.865200,0.782283,0.308,216.3
659,0.781533,,0.865200,0.782283,0.377,216.6
660,0.786550,,0.865200,0.786550,0.309,217.0
661,0.781067,,0.865200,0.786550,0.309,217.3
662,0.783467,,0.865200,0.786550,0.310,217.6
663,0.783367,,0.865200,0.786550,0.307,217.9
664,0.782817,,0.865200,0.786550,0.305,218.2
665,0.783117,,0.865200,0.786550,0.309,218.5
666,0.784267,,0.865200,0.786550,0.376,218.9
667,0.784683,,0.865200,0.786550,0.312,219.2
668,0.786650,,0.865200,0.786650,0.308,219.5
669,0.784200,,0.865200,0.786650,0.308,219.8
670,0.786583,,0.865200,0.786650,0.307,220.1
671,0.785667,,0.865200,0.786650,0.305,220.4
672,0.785917,,0.865200,0.786650,0.308,220.7
673,0.786150,,0.865200,0.786650,0.373,221.1
674,0.785100,,0.865200,0.786650,0.311,221.4
675,0.786783,,0.865200,0.786783,0.311,221.7
676,0.786350,,0.865200,0.786783,0.307,222.0
677,0.790150,,0.865200,0.790150,0.311,222.3
678,0.786233,,0.865200,0.790150,0.304,222.6
679,0.787333,,0.865200,0.790150,0.310,222.9
680,0.786517,,0.865200,0.790150,0.374,223.3
681,0.790117,,0.865200,0.790150,0.307,223.6
682,0.790183,,0.865200,0.790183,0.306,223.9
683,0.786450,,0.865200,0.790183,0.312,224.2
684,0.789600,,0.865200,0.790183,0.308,224.6
685,0.789417,,0.865200,0.790183,0.307,224.9
686,0.790067,,0.865200,0.790183,0.310,225.2
687,0.788567,,0.865200,0.790183,0.373,225.5
688,0.789733,,0.865200,0.790183,0.310,225.9
689,0.790933,,0.865200,0.790933,0.307,226.2
690,0.788667,,0.865200,0.790933,0.310,226.5
691,0.791317,,0.865200,0.791317,0.309,226.8
692,0.792100,,0.865200,0.792100,0.312,227.1
693,0.792917,,0.865200,0.792917,0.355,227.4
694,0.793083,,0.865200,0.793083,0.375,227.8
695,0.791467,,0.865200,0.793083,0.311,228.1
696,0.791150,,0.865200,0.793083,0.309,228.4
697,0.792483,,0.865200,0.793083,0.310,228.7
698,0.792367,,0.865200,0.793083,0.310,229.1
699,0.791967,,0.865200,0.793083,0.307,229.4
700,0.793267,0.8693000078201294,0.869300,0.793267,0.423,229.8
701,0.794833,,0.869300,0.794833,0.276,230.1
702,0.793633,,0.869300,0.794833,0.309,230.4
703,0.793083,,0.869300,0.794833,0.308,230.7
704,0.792750,,0.869300,0.794833,0.307,231.0
705,0.794250,,0.869300,0.794833,0.312,231.3
706,0.792350,,0.869300,0.794833,0.311,231.6
707,0.796267,,0.869300,0.796267,0.311,231.9
708,0.796050,,0.869300,0.796267,0.377,232.3
709,0.795017,,0.869300,0.796267,0.305,232.6
710,0.796900,,0.869300,0.796900,0.307,232.9
711,0.798583,,0.869300,0.798583,0.308,233.2
712,0.796117,,0.869300,0.798583,0.306,233.5
713,0.795683,,0.869300,0.798583,0.308,233.8
714,0.796933,,0.869300,0.798583,0.308,234.1
715,0.797300,,0.869300,0.798583,0.376,234.5
716,0.798900,,0.869300,0.798900,0.308,234.8
717,0.794983,,0.869300,0.798900,0.307,235.1
718,0.797367,,0.869300,0.798900,0.305,235.4
719,0.798650,,0.869300,0.798900,0.310,235.7
720,0.799150,,0.869300,0.799150,0.309,236.1
721,0.797417,,0.869300,0.799150,0.319,236.4
722,0.797333,,0.869300,0.799150,0.374,236.8
723,0.798900,,0.869300,0.799150,0.308,237.1
724,0.794883,,0.869300,0.799150,0.308,237.4
725,0.797617,,0.869300,0.799150,0.310,237.7
726,0.798317,,0.869300,0.799150,0.310,238.0
727,0.798517,,0.869300,0.799150,0.310,238.3
728,0.798217,,0.869300,0.799150,0.308,238.6
729,0.799317,,0.869300,0.799317,0.375,239.0
730,0.796550,,0.869300,0.799317,0.310,239.3
731,0.798300,,0.869300,0.799317,0.312,239.6
732,0.800100,,0.869300,0.800100,0.308,239.9
733,0.799167,,0.869300,0.800100,0.307,240.2
734,0.796633,,0.869300,0.800100,0.314,240.5
735,0.800050,,0.869300,0.800100,0.307,240.8
736,0.799600,,0.869300,0.800100,0.378,241.2
737,0.802367,,0.869300,0.802367,0.308,241.5
738,0.800900,,0.869300,0.802367,0.307,241.8
739,0.800283,,0.869300,0.802367,0.309,242.1
740,0.803167,,0.869300,0.803167,0.311,242.5
741,0.799833,,0.869300,0.803167,0.309,242.8
742,0.802833,,0.869300,0.803167,0.307,243.1
743,0.801450,,0.869300,0.803167,0.373,243.4
744,0.801350,,0.869300,0.803167,0.307,243.7
745,0.802567,,0.869300,0.803167,0.315,244.1
746,0.803967,,0.869300,0.803967,0.308,244.4
747,0.802367,,0.869300,0.803967,0.308,244.7
748,0.802683,,0.869300,0.803967,0.308,245.0
749,0.807817,,0.869300,0.807817,0.306,245.3
750,0.802083,0.8737999796867371,0.873800,0.807817,0.488,245.8
751,0.803417,,0.873800,0.807817,0.211,246.0
752,0.803300,,0.873800,0.807817,0.308,246.3
753,0.802917,,0.873800,0.807817,0.300,246.6
754,0.805283,,0.873800,0.807817,0.309,246.9
755,0.802867,,0.873800,0.807817,0.308,247.2
756,0.804550,,0.873800,0.807817,0.309,247.5
757,0.804050,,0.873800,0.807817,0.374,247.9
758,0.802883,,0.873800,0.807817,0.308,248.2
759,0.804333,,0.873800,0.807817,0.307,248.5
760,0.806167,,0.873800,0.807817,0.306,248.8
761,0.805300,,0.873800,0.807817,0.308,249.1
762,0.805083,,0.873800,0.807817,0.308,249.4
763,0.805450,,0.873800,0.807817,0.305,249.7
764,0.807450,,0.873800,0.807817,0.374,250.1
765,0.807217,,0.873800,0.807817,0.307,250.4
766,0.805717,,0.873800,0.807817,0.307,250.7
767,0.803800,,0.873800,0.807817,0.308,251.0
768,0.804550,,0.873800,0.807817,0.309,251.3
769,0.804583,,0.873800,0.807817,0.312,251.7
770,0.805517,,0.873800,0.807817,0.310,252.0
771,0.807600,,0.873800,0.807817,0.374,252.3
772,0.807083,,0.873800,0.807817,0.306,252.7
773,0.808217,,0.873800,0.808217,0.307,253.0
774,0.806117,,0.873800,0.808217,0.306,253.3
775,0.807567,,0.873800,0.808217,0.306,253.6
776,0.807367,,0.873800,0.808217,0.308,253.9
777,0.807167,,0.873800,0.808217,0.308,254.2
778,0.807700,,0.873800,0.808217,0.379,254.6
779,0.807333,,0.873800,0.808217,0.310,254.9
780,0.807300,,0.873800,0.808217,0.309,255.2
781,0.806967,,0.873800,0.808217,0.310,255.5
782,0.807983,,0.873800,0.808217,0.311,255.8
783,0.807683,,0.873800,0.808217,0.314,256.1
784,0.807533,,0.873800,0.808217,0.311,256.4
785,0.808950,,0.873800,0.808950,0.373,256.8
786,0.807600,,0.873800,0.808950,0.317,257.1
787,0.807767,,0.873800,0.808950,0.320,257.4
788,0.808200,,0.873800,0.808950,0.309,257.7
789,0.809033,,0.873800,0.809033,0.309,258.1
790,0.810167,,0.873800,0.810167,0.309,258.4
791,0.811500,,0.873800,0.811500,0.308,258.7
792,0.806833,,0.873800,0.811500,0.374,259.0
793,0.810017,,0.873800,0.811500,0.309,259.4
794,0.810767,,0.873800,0.811500,0.308,259.7
795,0.809967,,0.873800,0.811500,0.305,260.0
796,0.810283,,0.873800,0.811500,0.305,260.3
797,0.809000,,0.873800,0.811500,0.307,260.6
798,0.810867,,0.873800,0.811500,0.308,260.9
799,0.811883,,0.873800,0.811883,0.375,261.3
800,0.810483,0.8776999711990356,0.877700,0.811883,0.421,261.7
801,0.807900,,0.877700,0.811883,0.209,261.9
802,0.810533,,0.877700,0.811883,0.321,262.2
803,0.808750,,0.877700,0.811883,0.310,262.5
804,0.811033,,0.877700,0.811883,0.305,262.8
805,0.811500,,0.877700,0.811883,0.308,263.1
806,0.811050,,0.877700,0.811883,0.373,263.5
807,0.812667,,0.877700,0.812667,0.308,263.8
808,0.812083,,0.877700,0.812667,0.308,264.1
809,0.811850,,0.877700,0.812667,0.310,264.4
810,0.815450,,0.877700,0.815450,0.308,264.7
811,0.811017,,0.877700,0.815450,0.305,265.0
812,0.810733,,0.877700,0.815450,0.309,265.4
813,0.810950,,0.877700,0.815450,0.374,265.7
814,0.814700,,0.877700,0.815450,0.308,266.0
815,0.815267,,0.877700,0.815450,0.311,266.3
816,0.815283,,0.877700,0.815450,0.311,266.7
817,0.811950,,0.877700,0.815450,0.310,267.0
818,0.811750,,0.877700,0.815450,0.305,267.3
819,0.815000,,0.877700,0.815450,0.308,267.6
820,0.813967,,0.877700,0.815450,0.375,268.0
821,0.813367,,0.877700,0.815450,0.309,268.3
822,0.815700,,0.877700,0.815700,0.310,268.6
823,0.811583,,0.877700,0.815700,0.308,268.9
824,0.814050,,0.877700,0.815700,0.307,269.2
825,0.814150,,0.877700,0.815700,0.308,269.5
826,0.813400,,0.877700,0.815700,0.307,269.8
827,0.812550,,0.877700,0.815700,0.372,270.2
828,0.814533,,0.877700,0.815700,0.308,270.5
829,0.813917,,0.877700,0.815700,0.306,270.8
830,0.815100,,0.877700,0.815700,0.310,271.1
831,0.815583,,0.877700,0.815700,0.307,271.4
832,0.815417,,0.877700,0.815700,0.309,271.7
833,0.813883,,0.877700,0.815700,0.307,272.0
834,0.816500,,0.877700,0.816500,0.377,272.4
835,0.816033,,0.877700,0.816500,0.308,272.7
836,0.813483,,0.877700,0.816500,0.309,273.0
837,0.813317,,0.877700,0.816500,0.311,273.3
838,0.816083,,0.877700,0.816500,0.311,273.6
839,0.815417,,0.877700,0.816500,0.309,274.0
840,0.813300,,0.877700,0.816500,0.309,274.3
841,0.816383,,0.877700,0.816500,0.374,274.6
842,0.813217,,0.877700,0.816500,0.309,274.9
843,0.814183,,0.877700,0.816500,0.310,275.3
844,0.812317,,0.877700,0.816500,0.309,275.6
845,0.814550,,0.877700,0.816500,0.306,275.9
846,0.814867,,0.877700,0.816500,0.314,276.2
847,0.813850,,0.877700,0.816500,0.311,276.5
848,0.816683,,0.877700,0.816683,0.371,276.9
849,0.817883,,0.877700,0.817883,0.310,277.2
850,0.814717,0.8801999688148499,0.880200,0.817883,0.423,277.6
851,0.815617,,0.880200,0.817883,0.212,277.8
852,0.816950,,0.880200,0.817883,0.307,278.1
853,0.815483,,0.880200,0.817883,0.308,278.4
854,0.817667,,0.880200,0.817883,0.312,278.7
855,0.816267,,0.880200,0.817883,0.372,279.1
856,0.815267,,0.880200,0.817883,0.311,279.4
857,0.816850,,0.880200,0.817883,0.307,279.7
858,0.817333,,0.880200,0.817883,0.306,280.0
859,0.818050,,0.880200,0.818050,0.309,280.3
860,0.818300,,0.880200,0.818300,0.310,280.7
861,0.817767,,0.880200,0.818300,0.306,281.0
862,0.817000,,0.880200,0.818300,0.376,281.3
863,0.820350,,0.880200,0.820350,0.304,281.6
864,0.818450,,0.880200,0.820350,0.309,281.9
865,0.818900,,0.880200,0.820350,0.310,282.3
866,0.818183,,0.880200,0.820350,0.309,282.6
867,0.817983,,0.880200,0.820350,0.309,282.9
868,0.821433,,0.880200,0.821433,0.307,283.2
869,0.818667,,0.880200,0.821433,0.372,283.6
870,0.819700,,0.880200,0.821433,0.306,283.9
871,0.818900,,0.880200,0.821433,0.311,284.2
872,0.819183,,0.880200,0.821433,0.310,284.5
873,0.820500,,0.880200,0.821433,0.307,284.8
874,0.818067,,0.880200,0.821433,0.310,285.1
875,0.819567,,0.880200,0.821433,0.310,285.4
876,0.821183,,0.880200,0.821433,0.376,285.8
877,0.820450,,0.880200,0.821433,0.310,286.1
878,0.819300,,0.880200,0.821433,0.309,286.4
879,0.820233,,0.880200,0.821433,0.305,286.7
880,0.819850,,0.880200,0.821433,0.368,287.1
881,0.819317,,0.880200,0.821433,0.308,287.4
882,0.820867,,0.880200,0.821433,0.306,287.7
883,0.819667,,0.880200,0.821433,0.375,288.1
884,0.821550,,0.880200,0.821550,0.308,288.4
885,0.818967,,0.880200,0.821550,0.304,288.7
886,0.819133,,0.880200,0.821550,0.308,289.0
887,0.821267,,0.880200,0.821550,0.309,289.3
888,0.821417,,0.880200,0.821550,0.311,289.6
889,0.819000,,0.880200,0.821550,0.310,289.9
890,0.821150,,0.880200,0.821550,0.376,290.3
891,0.821600,,0.880200,0.821600,0.310,290.6
892,0.820000,,0.880200,0.821600,0.310,290.9
893,0.817867,,0.880200,0.821600,0.308,291.2
894,0.822100,,0.880200,0.822100,0.309,291.5
895,0.819733,,0.880200,0.822100,0.305,291.8
896,0.821600,,0.880200,0.822100,0.307,292.1
897,0.820167,,0.880200,0.822100,0.375,292.5
898,0.822050,,0.880200,0.822100,0.308,292.8
899,0.819367,,0.880200,0.822100,0.307,293.1
900,0.821683,0.8813999891281128,0.881400,0.822100,0.420,293.6
901,0.824250,,0.881400,0.824250,0.210,293.8
902,0.823483,,0.881400,0.824250,0.300,294.1
903,0.822367,,0.881400,0.824250,0.309,294.4
904,0.824800,,0.881400,0.824800,0.375,294.7
905,0.821933,,0.881400,0.824800,0.306,295.1
906,0.823700,,0.881400,0.824800,0.309,295.4
907,0.823767,,0.881400,0.824800,0.308,295.7
908,0.822500,,0.881400,0.824800,0.311,296.0
909,0.822517,,0.881400,0.824800,0.311,296.3
910,0.822967,,0.881400,0.824800,0.309,296.6
911,0.821633,,0.881400,0.824800,0.372,297.0
912,0.823617,,0.881400,0.824800,0.307,297.3
913,0.824117,,0.881400,0.824800,0.307,297.6
914,0.821583,,0.881400,0.824800,0.307,297.9
915,0.822033,,0.881400,0.824800,0.305,298.2
916,0.824150,,0.881400,0.824800,0.305,298.5
917,0.821867,,0.881400,0.824800,0.310,298.8
918,0.824667,,0.881400,0.824800,0.375,299.2
919,0.822967,,0.881400,0.824800,0.303,299.5
920,0.823850,,0.881400,0.824800,0.311,299.8
921,0.825000,,0.881400,0.825000,0.305,300.1
922,0.822967,,0.881400,0.825000,0.309,300.4
923,0.826433,,0.881400,0.826433,0.308,300.7
924,0.823733,,0.881400,0.826433,0.309,301.0
925,0.824983,,0.881400,0.826433,0.377,301.4
926,0.823767,,0.881400,0.826433,0.310,301.7
927,0.823967,,0.881400,0.826433,0.310,302.0
928,0.825267,,0.881400,0.826433,0.311,302.3
929,0.825217,,0.881400,0.826433,0.309,302.6
930,0.825067,,0.881400,0.826433,0.308,303.0
931,0.826317,,0.881400,0.826433,0.309,303.3
932,0.824033,,0.881400,0.826433,0.377,303.6
933,0.825167,,0.881400,0.826433,0.307,303.9
934,0.825433,,0.881400,0.826433,0.306,304.3
935,0.826450,,0.881400,0.826450,0.310,304.6
936,0.826500,,0.881400,0.826500,0.306,304.9
937,0.827733,,0.881400,0.827733,0.308,305.2
938,0.824100,,0.881400,0.827733,0.307,305.5
939,0.827467,,0.881400,0.827733,0.375,305.9
940,0.822583,,0.881400,0.827733,0.309,306.2
941,0.827250,,0.881400,0.827733,0.311,306.5
942,0.826550,,0.881400,0.827733,0.308,306.8
943,0.827333,,0.881400,0.827733,0.309,307.1
944,0.826250,,0.881400,0.827733,0.307,307.4
945,0.828800,,0.881400,0.828800,0.310,307.7
946,0.827550,,0.881400,0.828800,0.377,308.1
947,0.827417,,0.881400,0.828800,0.308,308.4
948,0.827883,,0.881400,0.828800,0.308,308.7
949,0.826117,,0.881400,0.828800,0.307,309.0
950,0.826767,0.882099986076355,0.882100,0.828800,0.420,309.4
951,0.828467,,0.882100,0.828800,0.210,309.6
952,0.826067,,0.882100,0.828800,0.311,310.0
953,0.827000,,0.882100,0.828800,0.372,310.3
954,0.826800,,0.882100,0.828800,0.307,310.6
955,0.828583,,0.882100,0.828800,0.308,310.9
956,0.828650,,0.882100,0.828800,0.309,311.2
957,0.829933,,0.882100,0.829933,0.309,311.6
958,0.827550,,0.882100,0.829933,0.306,311.9
959,0.825983,,0.882100,0.829933,0.311,312.2
960,0.830200,,0.882100,0.830200,0.379,312.6
961,0.829083,,0.882100,0.830200,0.307,312.9
962,0.829617,,0.882100,0.830200,0.307,313.2
963,0.830683,,0.882100,0.830683,0.307,313.5
964,0.828500,,0.882100,0.830683,0.308,313.8
965,0.828267,,0.882100,0.830683,0.306,314.1
966,0.830050,,0.882100,0.830683,0.298,314.4
967,0.829983,,0.882100,0.830683,0.375,314.8
968,0.828083,,0.882100,0.830683,0.308,315.1
969,0.829800,,0.882100,0.830683,0.306,315.4
970,0.830117,,0.882100,0.830683,0.309,315.7
971,0.831167,,0.882100,0.831167,0.310,316.0
972,0.828700,,0.882100,0.831167,0.322,316.3
973,0.829633,,0.882100,0.831167,0.309,316.6
974,0.827867,,0.882100,0.831167,0.375,317.0
975,0.830733,,0.882100,0.831167,0.313,317.3
976,0.830933,,0.882100,0.831167,0.310,317.6
977,0.830867,,0.882100,0.831167,0.355,318.0
978,0.830233,,0.882100,0.831167,0.311,318.3
979,0.831000,,0.882100,0.831167,0.310,318.6
980,0.830683,,0.882100,0.831167,0.307,318.9
981,0.830417,,0.882100,0.831167,0.377,319.3
982,0.830517,,0.882100,0.831167,0.307,319.6
983,0.830000,,0.882100,0.831167,0.307,319.9
984,0.830667,,0.882100,0.831167,0.307,320.2
985,0.832417,,0.882100,0.832417,0.310,320.5
986,0.831083,,0.882100,0.832417,0.307,320.8
987,0.832000,,0.882100,0.832417,0.313,321.1
988,0.831683,,0.882100,0.832417,0.378,321.5
989,0.830800,,0.882100,0.832417,0.311,321.8
990,0.833300,,0.882100,0.833300,0.308,322.1
991,0.834150,,0.882100,0.834150,0.309,322.4
992,0.833517,,0.882100,0.834150,0.308,322.8
993,0.832017,,0.882100,0.834150,0.309,323.1
994,0.834300,,0.882100,0.834300,0.309,323.4
995,0.832533,,0.882100,0.834300,0.375,323.7
996,0.832433,,0.882100,0.834300,0.311,324.1
997,0.832483,,0.882100,0.834300,0.313,324.4
998,0.831617,,0.882100,0.834300,0.309,324.7
999,0.832483,,0.882100,0.834300,0.310,325.0
1000,0.832000,0.8852999806404114,0.885300,0.834300,0.420,325.4
1001,0.831883,,0.885300,0.834300,0.210,325.6
1002,0.834750,,0.885300,0.834750,0.376,326.0
1003,0.833467,,0.885300,0.834750,0.309,326.3
1004,0.832283,,0.885300,0.834750,0.307,326.6
1005,0.833217,,0.885300,0.834750,0.310,326.9
1006,0.832167,,0.885300,0.834750,0.308,327.2
1007,0.832800,,0.885300,0.834750,0.304,327.5
1008,0.833567,,0.885300,0.834750,0.310,327.8
1009,0.833400,,0.885300,0.834750,0.356,328.2
1010,0.832417,,0.885300,0.834750,0.310,328.5
1011,0.833917,,0.885300,0.834750,0.309,328.8
1012,0.834150,,0.885300,0.834750,0.308,329.1
1013,0.832783,,0.885300,0.834750,0.306,329.4
1014,0.833500,,0.885300,0.834750,0.308,329.7
1015,0.831983,,0.885300,0.834750,0.308,330.0
1016,0.834450,,0.885300,0.834750,0.379,330.4
1017,0.832117,,0.885300,0.834750,0.311,330.7
1018,0.835200,,0.885300,0.835200,0.315,331.1
1019,0.832083,,0.885300,0.835200,0.307,331.4
1020,0.833667,,0.885300,0.835200,0.305,331.7
1021,0.833250,,0.885300,0.835200,0.307,332.0
1022,0.832917,,0.885300,0.835200,0.310,332.3
1023,0.833050,,0.885300,0.835200,0.376,332.7
1024,0.833133,,0.885300,0.835200,0.311,333.0
1025,0.834467,,0.885300,0.835200,0.308,333.3
1026,0.835717,,0.885300,0.835717,0.311,333.6
1027,0.835417,,0.885300,0.835717,0.309,333.9
1028,0.835117,,0.885300,0.835717,0.309,334.2
1029,0.835350,,0.885300,0.835717,0.310,334.5
1030,0.833767,,0.885300,0.835717,0.379,334.9
1031,0.834950,,0.885300,0.835717,0.308,335.2
1032,0.833533,,0.885300,0.835717,0.309,335.5
1033,0.836783,,0.885300,0.836783,0.308,335.8
1034,0.835383,,0.885300,0.836783,0.308,336.1
1035,0.836600,,0.885300,0.836783,0.311,336.4
1036,0.836150,,0.885300,0.836783,0.311,336.7
1037,0.834400,,0.885300,0.836783,0.372,337.1
1038,0.835267,,0.885300,0.836783,0.300,337.4
1039,0.835250,,0.885300,0.836783,0.308,337.7
1040,0.835967,,0.885300,0.836783,0.306,338.0
1041,0.833933,,0.885300,0.836783,0.311,338.3
1042,0.834317,,0.885300,0.836783,0.308,338.7
1043,0.834550,,0.885300,0.836783,0.308,339.0
1044,0.835750,,0.885300,0.836783,0.376,339.3
1045,0.836967,,0.885300,0.836967,0.309,339.6
1046,0.835017,,0.885300,0.836967,0.309,340.0
1047,0.834967,,0.885300,0.836967,0.307,340.3
1048,0.836933,,0.885300,0.836967,0.309,340.6
1049,0.835650,,0.885300,0.836967,0.308,340.9
1050,0.834867,0.8877999782562256,0.887800,0.836967,0.433,341.3
1051,0.833267,,0.887800,0.836967,0.277,341.6
1052,0.836833,,0.887800,0.836967,0.310,341.9
1053,0.835217,,0.887800,0.836967,0.308,342.2
1054,0.836617,,0.887800,0.836967,0.309,342.5
1055,0.834850,,0.887800,0.836967,0.308,342.8
1056,0.834983,,0.887800,0.836967,0.310,343.1
1057,0.837983,,0.887800,0.837983,0.304,343.4
1058,0.834683,,0.887800,0.837983,0.374,343.8
1059,0.837300,,0.887800,0.837983,0.309,344.1
1060,0.836583,,0.887800,0.837983,0.310,344.4
1061,0.838433,,0.887800,0.838433,0.307,344.7
1062,0.835567,,0.887800,0.838433,0.309,345.0
1063,0.837367,,0.887800,0.838433,0.307,345.4
1064,0.835800,,0.887800,0.838433,0.311,345.7
1065,0.836700,,0.887800,0.838433,0.377,346.0
1066,0.836650,,0.887800,0.838433,0.311,346.4
1067,0.839050,,0.887800,0.839050,0.309,346.7
1068,0.836667,,0.887800,0.839050,0.307,347.0
1069,0.838000,,0.887800,0.839050,0.309,347.3
1070,0.838683,,0.887800,0.839050,0.308,347.6
1071,0.836650,,0.887800,0.839050,0.338,347.9
1072,0.837117,,0.887800,0.839050,0.374,348.3
1073,0.837400,,0.887800,0.839050,0.310,348.6
1074,0.838350,,0.887800,0.839050,0.314,348.9
1075,0.838050,,0.887800,0.839050,0.311,349.2
1076,0.835583,,0.887800,0.839050,0.306,349.5
1077,0.838817,,0.887800,0.839050,0.310,349.8
1078,0.838083,,0.887800,0.839050,0.309,350.2
1079,0.837733,,0.887800,0.839050,0.374,350.5
1080,0.838033,,0.887800,0.839050,0.310,350.8
1081,0.837767,,0.887800,0.839050,0.309,351.1
1082,0.838583,,0.887800,0.839050,0.309,351.5
1083,0.837950,,0.887800,0.839050,0.311,351.8
1084,0.837867,,0.887800,0.839050,0.307,352.1
1085,0.838233,,0.887800,0.839050,0.308,352.4
1086,0.838250,,0.887800,0.839050,0.376,352.8
1087,0.837667,,0.887800,0.839050,0.305,353.1
1088,0.837550,,0.887800,0.839050,0.307,353.4
1089,0.838217,,0.887800,0.839050,0.309,353.7
1090,0.840017,,0.887800,0.840017,0.306,354.0
1091,0.838550,,0.887800,0.840017,0.310,354.3
1092,0.837317,,0.887800,0.840017,0.306,354.6
1093,0.839200,,0.887800,0.840017,0.378,355.0
1094,0.838917,,0.887800,0.840017,0.310,355.3
1095,0.839900,,0.887800,0.840017,0.313,355.6
1096,0.839417,,0.887800,0.840017,0.310,355.9
1097,0.838750,,0.887800,0.840017,0.306,356.2
1098,0.840833,,0.887800,0.840833,0.306,356.5
1099,0.839433,,0.887800,0.840833,0.309,356.8
1100,0.838450,0.887499988079071,0.887800,0.840833,0.487,357.3
1101,0.840483,,0.887800,0.840833,0.214,357.5
1102,0.840000,,0.887800,0.840833,0.309,357.8
1103,0.839583,,0.887800,0.840833,0.308,358.2
1104,0.838917,,0.887800,0.840833,0.308,358.5
1105,0.838083,,0.887800,0.840833,0.309,358.8
1106,0.839417,,0.887800,0.840833,0.312,359.1
1107,0.837350,,0.887800,0.840833,0.379,359.5
1108,0.838083,,0.887800,0.840833,0.314,359.8
1109,0.840217,,0.887800,0.840833,0.308,360.1
1110,0.837800,,0.887800,0.840833,0.308,360.4
1111,0.841100,,0.887800,0.841100,0.306,360.7
1112,0.839233,,0.887800,0.841100,0.313,361.0
1113,0.837983,,0.887800,0.841100,0.310,361.3
1114,0.840600,,0.887800,0.841100,0.375,361.7
1115,0.839850,,0.887800,0.841100,0.308,362.0
1116,0.840233,,0.887800,0.841100,0.308,362.3
1117,0.840567,,0.887800,0.841100,0.311,362.6
1118,0.839333,,0.887800,0.841100,0.309,362.9
1119,0.838467,,0.887800,0.841100,0.309,363.2
1120,0.840050,,0.887800,0.841100,0.313,363.6
1121,0.841150,,0.887800,0.841150,0.372,363.9
1122,0.842083,,0.887800,0.842083,0.310,364.2
1123,0.838650,,0.887800,0.842083,0.309,364.5
1124,0.840267,,0.887800,0.842083,0.309,364.9
1125,0.841750,,0.887800,0.842083,0.305,365.2
1126,0.840867,,0.887800,0.842083,0.309,365.5
1127,0.840017,,0.887800,0.842083,0.313,365.8
1128,0.839400,,0.887800,0.842083,0.378,366.2
1129,0.841100,,0.887800,0.842083,0.311,366.5
1130,0.838700,,0.887800,0.842083,0.310,366.8
1131,0.839467,,0.887800,0.842083,0.308,367.1
1132,0.839217,,0.887800,0.842083,0.308,367.4
1133,0.840083,,0.887800,0.842083,0.309,367.7
1134,0.839533,,0.887800,0.842083,0.311,368.0
1135,0.841300,,0.887800,0.842083,0.373,368.4
1136,0.839317,,0.887800,0.842083,0.308,368.7
1137,0.841100,,0.887800,0.842083,0.309,369.0
1138,0.839083,,0.887800,0.842083,0.309,369.3
1139,0.840983,,0.887800,0.842083,0.313,369.6
1140,0.840667,,0.887800,0.842083,0.306,369.9
1141,0.840667,,0.887800,0.842083,0.309,370.2
1142,0.840267,,0.887800,0.842083,0.374,370.6
1143,0.841383,,0.887800,0.842083,0.310,370.9
1144,0.840500,,0.887800,0.842083,0.307,371.2
1145,0.840933,,0.887800,0.842083,0.308,371.5
1146,0.840467,,0.887800,0.842083,0.309,371.8
1147,0.842167,,0.887800,0.842167,0.310,372.2
1148,0.842983,,0.887800,0.842983,0.305,372.5
1149,0.841617,,0.887800,0.842983,0.371,372.8
1150,0.839917,0.8890999555587769,0.889100,0.842983,0.424,373.3
1151,0.840700,,0.889100,0.842983,0.210,373.5
1152,0.842767,,0.889100,0.842983,0.307,373.8
1153,0.841250,,0.889100,0.842983,0.309,374.1
1154,0.840117,,0.889100,0.842983,0.310,374.4
1155,0.840167,,0.889100,0.842983,0.309,374.7
1156,0.841150,,0.889100,0.842983,0.377,375.1
1157,0.842067,,0.889100,0.842983,0.309,375.4
1158,0.841900,,0.889100,0.842983,0.310,375.7
1159,0.841233,,0.889100,0.842983,0.309,376.0
1160,0.844233,,0.889100,0.844233,0.308,376.3
1161,0.841767,,0.889100,0.844233,0.309,376.6
1162,0.841233,,0.889100,0.844233,0.310,376.9
1163,0.841983,,0.889100,0.844233,0.376,377.3
1164,0.840450,,0.889100,0.844233,0.357,377.7
1165,0.842067,,0.889100,0.844233,0.309,378.0
1166,0.842850,,0.889100,0.844233,0.307,378.3
1167,0.841650,,0.889100,0.844233,0.306,378.6
1168,0.841933,,0.889100,0.844233,0.309,378.9
1169,0.843650,,0.889100,0.844233,0.311,379.2
1170,0.842817,,0.889100,0.844233,0.376,379.6
1171,0.841433,,0.889100,0.844233,0.310,379.9
1172,0.842983,,0.889100,0.844233,0.310,380.2
1173,0.842533,,0.889100,0.844233,0.309,380.5
1174,0.841133,,0.889100,0.844233,0.310,380.8
1175,0.841333,,0.889100,0.844233,0.310,381.1
1176,0.841667,,0.889100,0.844233,0.313,381.4
1177,0.841033,,0.889100,0.844233,0.375,381.8
1178,0.845567,,0.889100,0.845567,0.308,382.1
1179,0.842533,,0.889100,0.845567,0.315,382.4
1180,0.843583,,0.889100,0.845567,0.308,382.8
1181,0.843800,,0.889100,0.845567,0.310,383.1
1182,0.842717,,0.889100,0.845567,0.309,383.4
1183,0.842617,,0.889100,0.845567,0.311,383.7
1184,0.844400,,0.889100,0.845567,0.375,384.1
1185,0.843350,,0.889100,0.845567,0.313,384.4
1186,0.843433,,0.889100,0.845567,0.307,384.7
1187,0.843967,,0.889100,0.845567,0.311,385.0
1188,0.845000,,0.889100,0.845567,0.310,385.3
1189,0.844083,,0.889100,0.845567,0.311,385.6
1190,0.844150,,0.889100,0.845567,0.314,385.9
1191,0.844083,,0.889100,0.845567,0.383,386.3
1192,0.842983,,0.889100,0.845567,0.313,386.6
1193,0.844400,,0.889100,0.845567,0.312,386.9
1194,0.844850,,0.889100,0.845567,0.311,387.2
1195,0.844317,,0.889100,0.845567,0.314,387.6
1196,0.843883,,0.889100,0.845567,0.313,387.9
1197,0.842317,,0.889100,0.845567,0.312,388.2
1198,0.843700,,0.889100,0.845567,0.378,388.6
1199,0.844750,,0.889100,0.845567,0.311,388.9
1200,0.846500,0.8940999507904053,0.894100,0.846500,0.423,389.3
1201,0.845133,,0.894100,0.846500,0.212,389.5
1202,0.846617,,0.894100,0.846617,0.313,389.8
1203,0.845133,,0.894100,0.846617,0.310,390.1
1204,0.844783,,0.894100,0.846617,0.312,390.4
1205,0.845417,,0.894100,0.846617,0.379,390.8
1206,0.844283,,0.894100,0.846617,0.312,391.1
1207,0.845750,,0.894100,0.846617,0.311,391.4
1208,0.842900,,0.894100,0.846617,0.313,391.8
1209,0.844500,,0.894100,0.846617,0.314,392.1
1210,0.844683,,0.894100,0.846617,0.313,392.4
1211,0.846000,,0.894100,0.846617,0.313,392.7
1212,0.843700,,0.894100,0.846617,0.376,393.1
1213,0.846267,,0.894100,0.846617,0.315,393.4
1214,0.847150,,0.894100,0.847150,0.329,393.7
1215,0.844550,,0.894100,0.847150,0.313,394.0
1216,0.845800,,0.894100,0.847150,0.315,394.3
1217,0.845067,,0.894100,0.847150,0.310,394.7
1218,0.846467,,0.894100,0.847150,0.311,395.0
1219,0.842800,,0.894100,0.847150,0.379,395.3
1220,0.845667,,0.894100,0.847150,0.310,395.7
1221,0.845067,,0.894100,0.847150,0.311,396.0
1222,0.845133,,0.894100,0.847150,0.315,396.3
1223,0.844817,,0.894100,0.847150,0.310,396.6
1224,0.846867,,0.894100,0.847150,0.313,396.9
1225,0.845750,,0.894100,0.847150,0.314,397.2
1226,0.845350,,0.894100,0.847150,0.378,397.6
1227,0.845433,,0.894100,0.847150,0.312,397.9
1228,0.845467,,0.894100,0.847150,0.308,398.2
1229,0.845350,,0.894100,0.847150,0.313,398.5
1230,0.845717,,0.894100,0.847150,0.311,398.8
1231,0.844433,,0.894100,0.847150,0.318,399.2
1232,0.846817,,0.894100,0.847150,0.310,399.5
1233,0.847917,,0.894100,0.847917,0.378,399.8
1234,0.847517,,0.894100,0.847917,0.313,400.2
1235,0.846083,,0.894100,0.847917,0.309,400.5
1236,0.846683,,0.894100,0.847917,0.311,400.8
1237,0.846833,,0.894100,0.847917,0.310,401.1
1238,0.845750,,0.894100,0.847917,0.308,401.4
1239,0.847617,,0.894100,0.847917,0.313,401.7
1240,0.847383,,0.894100,0.847917,0.380,402.1
1241,0.846483,,0.894100,0.847917,0.316,402.4
1242,0.846900,,0.894100,0.847917,0.309,402.7
1243,0.846417,,0.894100,0.847917,0.311,403.0
1244,0.846650,,0.894100,0.847917,0.445,403.5
1245,0.846283,,0.894100,0.847917,0.312,403.8
1246,0.845817,,0.894100,0.847917,0.313,404.1
1247,0.847433,,0.894100,0.847917,0.317,404.4
1248,0.847750,,0.894100,0.847917,0.316,404.7
1249,0.846850,,0.894100,0.847917,0.317,405.0
1250,0.848833,0.8937999606132507,0.894100,0.848833,0.628,405.7
1251,0.848267,,0.894100,0.848833,0.223,405.9
1252,0.846667,,0.894100,0.848833,0.378,406.3
1253,0.846700,,0.894100,0.848833,0.311,406.6
1254,0.849200,,0.894100,0.849200,0.318,406.9
1255,0.847950,,0.894100,0.849200,0.318,407.2
1256,0.848183,,0.894100,0.849200,0.386,407.6
1257,0.847250,,0.894100,0.849200,0.306,407.9
1258,0.848650,,0.894100,0.849200,0.308,408.2
1259,0.847417,,0.894100,0.849200,0.375,408.6
1260,0.847667,,0.894100,0.849200,0.308,408.9
1261,0.847850,,0.894100,0.849200,0.313,409.2
1262,0.847267,,0.894100,0.849200,0.316,409.5
1263,0.848517,,0.894100,0.849200,0.305,409.8
1264,0.845767,,0.894100,0.849200,0.309,410.1
1265,0.850317,,0.894100,0.850317,0.307,410.4
1266,0.848350,,0.894100,0.850317,0.354,410.8
1267,0.849350,,0.894100,0.850317,0.312,411.1
1268,0.847817,,0.894100,0.850317,0.312,411.4
1269,0.848350,,0.894100,0.850317,0.311,411.7
1270,0.848667,,0.894100,0.850317,0.307,412.0
1271,0.847017,,0.894100,0.850317,0.309,412.4
1272,0.847750,,0.894100,0.850317,0.307,412.7
1273,0.850367,,0.894100,0.850367,0.373,413.0
1274,0.849333,,0.894100,0.850367,0.311,413.3
1275,0.849917,,0.894100,0.850367,0.308,413.7
1276,0.849783,,0.894100,0.850367,0.308,414.0
1277,0.850433,,0.894100,0.850433,0.307,414.3
1278,0.851850,,0.894100,0.851850,0.307,414.6
1279,0.849167,,0.894100,0.851850,0.306,414.9
1280,0.850183,,0.894100,0.851850,0.375,415.3
1281,0.848483,,0.894100,0.851850,0.310,415.6
1282,0.850317,,0.894100,0.851850,0.309,415.9
1283,0.848733,,0.894100,0.851850,0.309,416.2
1284,0.849633,,0.894100,0.851850,0.310,416.5
1285,0.850983,,0.894100,0.851850,0.307,416.8
1286,0.849600,,0.894100,0.851850,0.321,417.1
1287,0.849700,,0.894100,0.851850,0.376,417.5
1288,0.849900,,0.894100,0.851850,0.308,417.8
1289,0.850000,,0.894100,0.851850,0.309,418.1
1290,0.851267,,0.894100,0.851850,0.309,418.4
1291,0.850217,,0.894100,0.851850,0.310,418.7
1292,0.851317,,0.894100,0.851850,0.310,419.0
1293,0.851867,,0.894100,0.851867,0.312,419.4
1294,0.851683,,0.894100,0.851867,0.372,419.7
1295,0.850367,,0.894100,0.851867,0.311,420.0
1296,0.851350,,0.894100,0.851867,0.312,420.4
1297,0.849450,,0.894100,0.851867,0.308,420.7
1298,0.851700,,0.894100,0.851867,0.305,421.0
1299,0.853233,,0.894100,0.853233,0.310,421.3
1300,0.852150,0.8978999853134155,0.897900,0.853233,0.425,421.7
1301,0.850350,,0.897900,0.853233,0.276,422.0
1302,0.851417,,0.897900,0.853233,0.309,422.3
1303,0.851217,,0.897900,0.853233,0.309,422.6
1304,0.852750,,0.897900,0.853233,0.309,422.9
1305,0.852517,,0.897900,0.853233,0.309,423.2
1306,0.852417,,0.897900,0.853233,0.308,423.5
1307,0.852600,,0.897900,0.853233,0.308,423.8
1308,0.853067,,0.897900,0.853233,0.378,424.2
1309,0.853083,,0.897900,0.853233,0.313,424.5
1310,0.851900,,0.897900,0.853233,0.310,424.8
1311,0.851017,,0.897900,0.853233,0.304,425.1
1312,0.850033,,0.897900,0.853233,0.309,425.4
1313,0.852167,,0.897900,0.853233,0.309,425.8
1314,0.852467,,0.897900,0.853233,0.311,426.1
1315,0.852683,,0.897900,0.853233,0.355,426.4
1316,0.853683,,0.897900,0.853683,0.309,426.7
1317,0.851617,,0.897900,0.853683,0.304,427.0
1318,0.852600,,0.897900,0.853683,0.310,427.3
1319,0.853867,,0.897900,0.853867,0.308,427.6
1320,0.852400,,0.897900,0.853867,0.309,428.0
1321,0.853000,,0.897900,0.853867,0.310,428.3
1322,0.851567,,0.897900,0.853867,0.373,428.6
1323,0.851783,,0.897900,0.853867,0.308,428.9
1324,0.851600,,0.897900,0.853867,0.305,429.3
1325,0.852717,,0.897900,0.853867,0.307,429.6
1326,0.852967,,0.897900,0.853867,0.305,429.9
1327,0.851950,,0.897900,0.853867,0.312,430.2
1328,0.852400,,0.897900,0.853867,0.310,430.5
1329,0.852150,,0.897900,0.853867,0.372,430.9
1330,0.853833,,0.897900,0.853867,0.310,431.2
1331,0.853717,,0.897900,0.853867,0.306,431.5
1332,0.851617,,0.897900,0.853867,0.308,431.8
1333,0.851700,,0.897900,0.853867,0.308,432.1
1334,0.853183,,0.897900,0.853867,0.309,432.4
1335,0.852800,,0.897900,0.853867,0.311,432.7
1336,0.852333,,0.897900,0.853867,0.371,433.1
1337,0.853567,,0.897900,0.853867,0.310,433.4
1338,0.852067,,0.897900,0.853867,0.307,433.7
1339,0.853517,,0.897900,0.853867,0.307,434.0
1340,0.852050,,0.897900,0.853867,0.306,434.3
1341,0.852800,,0.897900,0.853867,0.308,434.6
1342,0.853900,,0.897900,0.853900,0.305,434.9
1343,0.853900,,0.897900,0.853900,0.379,435.3
1344,0.852833,,0.897900,0.853900,0.308,435.6
1345,0.852667,,0.897900,0.853900,0.309,435.9
1346,0.852533,,0.897900,0.853900,0.310,436.2
1347,0.855167,,0.897900,0.855167,0.307,436.5
1348,0.852517,,0.897900,0.855167,0.309,436.8
1349,0.854050,,0.897900,0.855167,0.315,437.2
1350,0.854800,0.8980000019073486,0.898000,0.855167,0.486,437.7
1351,0.854467,,0.898000,0.855167,0.213,437.9
1352,0.852867,,0.898000,0.855167,0.357,438.2
1353,0.853967,,0.898000,0.855167,0.304,438.5
1354,0.853850,,0.898000,0.855167,0.307,438.8
1355,0.853700,,0.898000,0.855167,0.310,439.1
1356,0.854683,,0.898000,0.855167,0.307,439.4
1357,0.853583,,0.898000,0.855167,0.375,439.8
1358,0.854033,,0.898000,0.855167,0.304,440.1
1359,0.851450,,0.898000,0.855167,0.309,440.4
1360,0.853133,,0.898000,0.855167,0.310,440.7
1361,0.852850,,0.898000,0.855167,0.308,441.1
1362,0.851800,,0.898000,0.855167,0.308,441.4
1363,0.852233,,0.898000,0.855167,0.314,441.7
1364,0.852567,,0.898000,0.855167,0.375,442.1
1365,0.852717,,0.898000,0.855167,0.308,442.4
1366,0.853517,,0.898000,0.855167,0.307,442.7
1367,0.852267,,0.898000,0.855167,0.310,443.0
1368,0.852817,,0.898000,0.855167,0.308,443.3
1369,0.852767,,0.898000,0.855167,0.306,443.6
1370,0.853883,,0.898000,0.855167,0.309,443.9
1371,0.850817,,0.898000,0.855167,0.375,444.3
1372,0.852733,,0.898000,0.855167,0.308,444.6
1373,0.852600,,0.898000,0.855167,0.307,444.9
1374,0.853283,,0.898000,0.855167,0.308,445.2
1375,0.852800,,0.898000,0.855167,0.307,445.5
1376,0.852583,,0.898000,0.855167,0.311,445.8
1377,0.853450,,0.898000,0.855167,0.311,446.1
1378,0.851233,,0.898000,0.855167,0.377,446.5
1379,0.853183,,0.898000,0.855167,0.310,446.8
1380,0.853383,,0.898000,0.855167,0.308,447.1
1381,0.851733,,0.898000,0.855167,0.311,447.4
1382,0.852783,,0.898000,0.855167,0.308,447.7
1383,0.852617,,0.898000,0.855167,0.308,448.0
1384,0.853500,,0.898000,0.855167,0.309,448.4
1385,0.852067,,0.898000,0.855167,0.376,448.7
1386,0.853350,,0.898000,0.855167,0.307,449.0
1387,0.855267,,0.898000,0.855267,0.306,449.3
1388,0.854150,,0.898000,0.855267,0.310,449.7
1389,0.852083,,0.898000,0.855267,0.309,450.0
1390,0.853483,,0.898000,0.855267,0.309,450.3
1391,0.853400,,0.898000,0.855267,0.311,450.6
1392,0.854733,,0.898000,0.855267,0.374,451.0
1393,0.854683,,0.898000,0.855267,0.309,451.3
1394,0.853983,,0.898000,0.855267,0.308,451.6
1395,0.853550,,0.898000,0.855267,0.308,451.9
1396,0.854800,,0.898000,0.855267,0.307,452.2
1397,0.851617,,0.898000,0.855267,0.309,452.5
1398,0.854250,,0.898000,0.855267,0.308,452.8
1399,0.854167,,0.898000,0.855267,0.376,453.2
1400,0.853800,0.8977999687194824,0.898000,0.855267,0.422,453.6
1401,0.855733,,0.898000,0.855733,0.207,453.8
1402,0.852717,,0.898000,0.855733,0.312,454.1
1403,0.852667,,0.898000,0.855733,0.313,454.4
1404,0.854283,,0.898000,0.855733,0.308,454.7
1405,0.854633,,0.898000,0.855733,0.309,455.1
1406,0.854167,,0.898000,0.855733,0.379,455.4
1407,0.854283,,0.898000,0.855733,0.306,455.7
1408,0.855117,,0.898000,0.855733,0.306,456.0
1409,0.855367,,0.898000,0.855733,0.307,456.4
1410,0.852600,,0.898000,0.855733,0.310,456.7
1411,0.854817,,0.898000,0.855733,0.306,457.0
1412,0.854283,,0.898000,0.855733,0.308,457.3
1413,0.853867,,0.898000,0.855733,0.373,457.7
1414,0.856200,,0.898000,0.856200,0.307,458.0
1415,0.854183,,0.898000,0.856200,0.309,458.3
1416,0.853950,,0.898000,0.856200,0.310,458.6
1417,0.853483,,0.898000,0.856200,0.308,458.9
1418,0.854700,,0.898000,0.856200,0.307,459.2
1419,0.856017,,0.898000,0.856200,0.308,459.5
1420,0.853717,,0.898000,0.856200,0.374,459.9
1421,0.854483,,0.898000,0.856200,0.311,460.2
1422,0.853950,,0.898000,0.856200,0.309,460.5
1423,0.855017,,0.898000,0.856200,0.311,460.8
1424,0.854217,,0.898000,0.856200,0.309,461.1
1425,0.854550,,0.898000,0.856200,0.306,461.4
1426,0.854317,,0.898000,0.856200,0.313,461.7
1427,0.854850,,0.898000,0.856200,0.358,462.1
1428,0.856200,,0.898000,0.856200,0.307,462.4
1429,0.854833,,0.898000,0.856200,0.311,462.7
1430,0.854617,,0.898000,0.856200,0.312,463.0
1431,0.855700,,0.898000,0.856200,0.309,463.3
1432,0.856183,,0.898000,0.856200,0.308,463.6
1433,0.856700,,0.898000,0.856700,0.309,463.9
1434,0.856150,,0.898000,0.856700,0.378,464.3
1435,0.855817,,0.898000,0.856700,0.311,464.6
1436,0.853917,,0.898000,0.856700,0.309,464.9
1437,0.855183,,0.898000,0.856700,0.308,465.3
1438,0.856050,,0.898000,0.856700,0.309,465.6
1439,0.855383,,0.898000,0.856700,0.311,465.9
1440,0.856917,,0.898000,0.856917,0.306,466.2
1441,0.858050,,0.898000,0.858050,0.379,466.6
1442,0.856533,,0.898000,0.858050,0.309,466.9
1443,0.854050,,0.898000,0.858050,0.309,467.2
1444,0.854733,,0.898000,0.858050,0.310,467.5
1445,0.854800,,0.898000,0.858050,0.310,467.8
1446,0.855550,,0.898000,0.858050,0.356,468.2
1447,0.855983,,0.898000,0.858050,0.307,468.5
1448,0.854850,,0.898000,0.858050,0.384,468.8
1449,0.855600,,0.898000,0.858050,0.308,469.2
1450,0.853417,0.8977999687194824,0.898000,0.858050,0.419,469.6
1451,0.856000,,0.898000,0.858050,0.209,469.8
1452,0.855967,,0.898000,0.858050,0.307,470.1
1453,0.856833,,0.898000,0.858050,0.311,470.4
1454,0.855683,,0.898000,0.858050,0.309,470.7
1455,0.856783,,0.898000,0.858050,0.373,471.1
1456,0.854633,,0.898000,0.858050,0.311,471.4
1457,0.857500,,0.898000,0.858050,0.310,471.7
1458,0.854333,,0.898000,0.858050,0.307,472.0
1459,0.854167,,0.898000,0.858050,0.310,472.3
1460,0.855333,,0.898000,0.858050,0.308,472.6
1461,0.857933,,0.898000,0.858050,0.306,472.9
1462,0.856983,,0.898000,0.858050,0.374,473.3
1463,0.856017,,0.898000,0.858050,0.309,473.6
1464,0.855917,,0.898000,0.858050,0.305,473.9
1465,0.855233,,0.898000,0.858050,0.307,474.2
1466,0.856200,,0.898000,0.858050,0.309,474.5
1467,0.856817,,0.898000,0.858050,0.308,474.8
1468,0.855350,,0.898000,0.858050,0.305,475.2
1469,0.856183,,0.898000,0.858050,0.375,475.5
1470,0.855417,,0.898000,0.858050,0.306,475.8
1471,0.854250,,0.898000,0.858050,0.307,476.1
1472,0.856033,,0.898000,0.858050,0.309,476.4
1473,0.857633,,0.898000,0.858050,0.308,476.8
1474,0.858217,,0.898000,0.858217,0.309,477.1
1475,0.855267,,0.898000,0.858217,0.306,477.4
1476,0.857050,,0.898000,0.858217,0.376,477.7
1477,0.855850,,0.898000,0.858217,0.307,478.1
1478,0.856483,,0.898000,0.858217,0.307,478.4
1479,0.856683,,0.898000,0.858217,0.306,478.7
1480,0.855967,,0.898000,0.858217,0.308,479.0
1481,0.857083,,0.898000,0.858217,0.309,479.3
1482,0.857150,,0.898000,0.858217,0.309,479.6
1483,0.857033,,0.898000,0.858217,0.379,480.0
1484,0.855817,,0.898000,0.858217,0.309,480.3
1485,0.854383,,0.898000,0.858217,0.309,480.6
1486,0.856283,,0.898000,0.858217,0.312,480.9
1487,0.856900,,0.898000,0.858217,0.308,481.2
1488,0.856183,,0.898000,0.858217,0.307,481.5
1489,0.855933,,0.898000,0.858217,0.308,481.8
1490,0.856633,,0.898000,0.858217,0.375,482.2
1491,0.857067,,0.898000,0.858217,0.304,482.5
1492,0.855217,,0.898000,0.858217,0.308,482.8
1493,0.856650,,0.898000,0.858217,0.309,483.1
1494,0.855400,,0.898000,0.858217,0.312,483.4
1495,0.856933,,0.898000,0.858217,0.310,483.7
1496,0.856567,,0.898000,0.858217,0.310,484.1
1497,0.856583,,0.898000,0.858217,0.377,484.4
1498,0.855317,,0.898000,0.858217,0.309,484.7
1499,0.856250,,0.898000,0.858217,0.308,485.0
1500,0.856300,0.8996999859809875,0.899700,0.858217,0.427,485.5
1501,0.857917,,0.899700,0.858217,0.212,485.7
1502,0.857417,,0.899700,0.858217,0.308,486.0
1503,0.856567,,0.899700,0.858217,0.309,486.3
1504,0.856950,,0.899700,0.858217,0.375,486.7
1505,0.858950,,0.899700,0.858950,0.309,487.0
1506,0.857850,,0.899700,0.858950,0.310,487.3
1507,0.856067,,0.899700,0.858950,0.309,487.6
1508,0.857633,,0.899700,0.858950,0.307,487.9
1509,0.856567,,0.899700,0.858950,0.309,488.2
1510,0.857500,,0.899700,0.858950,0.308,488.5
1511,0.857733,,0.899700,0.858950,0.376,488.9
1512,0.857417,,0.899700,0.858950,0.309,489.2
1513,0.857383,,0.899700,0.858950,0.308,489.5
1514,0.856833,,0.899700,0.858950,0.306,489.8
1515,0.857217,,0.899700,0.858950,0.308,490.1
1516,0.857583,,0.899700,0.858950,0.312,490.4
1517,0.855950,,0.899700,0.858950,0.309,490.8
1518,0.857267,,0.899700,0.858950,0.371,491.1
1519,0.857083,,0.899700,0.858950,0.308,491.4
1520,0.856767,,0.899700,0.858950,0.306,491.7
1521,0.857550,,0.899700,0.858950,0.309,492.0
1522,0.857950,,0.899700,0.858950,0.306,492.4
1523,0.858317,,0.899700,0.858950,0.309,492.7
1524,0.856100,,0.899700,0.858950,0.311,493.0
1525,0.857133,,0.899700,0.858950,0.376,493.3
1526,0.856317,,0.899700,0.858950,0.309,493.7
1527,0.857750,,0.899700,0.858950,0.306,494.0
1528,0.859017,,0.899700,0.859017,0.308,494.3
1529,0.856300,,0.899700,0.859017,0.307,494.6
1530,0.857533,,0.899700,0.859017,0.311,494.9
1531,0.858583,,0.899700,0.859017,0.308,495.2
1532,0.860317,,0.899700,0.860317,0.376,495.6
1533,0.859283,,0.899700,0.860317,0.306,495.9
1534,0.859283,,0.899700,0.860317,0.308,496.2
1535,0.858200,,0.899700,0.860317,0.308,496.5
1536,0.856350,,0.899700,0.860317,0.306,496.8
1537,0.860867,,0.899700,0.860867,0.309,497.1
1538,0.859233,,0.899700,0.860867,0.306,497.4
1539,0.859367,,0.899700,0.860867,0.373,497.8
1540,0.858383,,0.899700,0.860867,0.305,498.1
1541,0.858383,,0.899700,0.860867,0.308,498.4
1542,0.860550,,0.899700,0.860867,0.309,498.7
1543,0.858817,,0.899700,0.860867,0.382,499.1
1544,0.860117,,0.899700,0.860867,0.305,499.4
1545,0.859300,,0.899700,0.860867,0.308,499.7
1546,0.860500,,0.899700,0.860867,0.375,500.1
1547,0.859600,,0.899700,0.860867,0.311,500.4
1548,0.858650,,0.899700,0.860867,0.309,500.7
1549,0.859900,,0.899700,0.860867,0.310,501.0
1550,0.859600,0.8983999490737915,0.899700,0.860867,0.421,501.4
1551,0.858767,,0.899700,0.860867,0.211,501.6
1552,0.858700,,0.899700,0.860867,0.311,502.0
1553,0.859700,,0.899700,0.860867,0.372,502.3
1554,0.859617,,0.899700,0.860867,0.308,502.6
1555,0.859500,,0.899700,0.860867,0.312,502.9
1556,0.858850,,0.899700,0.860867,0.308,503.3
1557,0.859583,,0.899700,0.860867,0.307,503.6
1558,0.858650,,0.899700,0.860867,0.308,503.9
1559,0.858583,,0.899700,0.860867,0.307,504.2
1560,0.859767,,0.899700,0.860867,0.374,504.6
1561,0.861233,,0.899700,0.861233,0.306,504.9
1562,0.861483,,0.899700,0.861483,0.307,505.2
1563,0.860150,,0.899700,0.861483,0.308,505.5
1564,0.860617,,0.899700,0.861483,0.306,505.8
1565,0.859367,,0.899700,0.861483,0.309,506.1
1566,0.858750,,0.899700,0.861483,0.308,506.4
1567,0.863517,,0.899700,0.863517,0.374,506.8
1568,0.860717,,0.899700,0.863517,0.308,507.1
1569,0.859800,,0.899700,0.863517,0.306,507.4
1570,0.860667,,0.899700,0.863517,0.303,507.7
1571,0.859483,,0.899700,0.863517,0.308,508.0
1572,0.859283,,0.899700,0.863517,0.307,508.3
1573,0.859217,,0.899700,0.863517,0.307,508.6
1574,0.861933,,0.899700,0.863517,0.370,509.0
1575,0.861267,,0.899700,0.863517,0.310,509.3
1576,0.858617,,0.899700,0.863517,0.310,509.6
1577,0.861950,,0.899700,0.863517,0.312,509.9
1578,0.859550,,0.899700,0.863517,0.312,510.2
1579,0.860217,,0.899700,0.863517,0.306,510.5
1580,0.860817,,0.899700,0.863517,0.309,510.8
1581,0.859583,,0.899700,0.863517,0.374,511.2
1582,0.860617,,0.899700,0.863517,0.309,511.5
1583,0.862133,,0.899700,0.863517,0.308,511.8
1584,0.860067,,0.899700,0.863517,0.307,512.1
1585,0.861550,,0.899700,0.863517,0.308,512.4
1586,0.857567,,0.899700,0.863517,0.310,512.8
1587,0.862333,,0.899700,0.863517,0.312,513.1
1588,0.861000,,0.899700,0.863517,0.375,513.4
1589,0.861750,,0.899700,0.863517,0.310,513.7
1590,0.860617,,0.899700,0.863517,0.308,514.1
1591,0.862450,,0.899700,0.863517,0.310,514.4
1592,0.860567,,0.899700,0.863517,0.307,514.7
1593,0.861733,,0.899700,0.863517,0.305,515.0
1594,0.861250,,0.899700,0.863517,0.310,515.3
1595,0.861583,,0.899700,0.863517,0.375,515.7
1596,0.858500,,0.899700,0.863517,0.307,516.0
1597,0.862383,,0.899700,0.863517,0.314,516.3
1598,0.860900,,0.899700,0.863517,0.309,516.6
1599,0.860933,,0.899700,0.863517,0.308,516.9
1600,0.860200,0.899399995803833,0.899700,0.863517,0.422,517.3
1601,0.861500,,0.899700,0.863517,0.214,517.5
1602,0.860950,,0.899700,0.863517,0.376,517.9
1603,0.861450,,0.899700,0.863517,0.307,518.2
1604,0.860950,,0.899700,0.863517,0.308,518.5
1605,0.861283,,0.899700,0.863517,0.307,518.8
1606,0.862033,,0.899700,0.863517,0.307,519.1
1607,0.859983,,0.899700,0.863517,0.308,519.5
1608,0.861083,,0.899700,0.863517,0.309,519.8
1609,0.860833,,0.899700,0.863517,0.377,520.1
1610,0.862367,,0.899700,0.863517,0.309,520.4
1611,0.862050,,0.899700,0.863517,0.307,520.8
1612,0.861100,,0.899700,0.863517,0.309,521.1
1613,0.861833,,0.899700,0.863517,0.313,521.4
1614,0.861333,,0.899700,0.863517,0.309,521.7
1615,0.859533,,0.899700,0.863517,0.307,522.0
1616,0.862067,,0.899700,0.863517,0.374,522.4
1617,0.862600,,0.899700,0.863517,0.307,522.7
1618,0.862983,,0.899700,0.863517,0.310,523.0
1619,0.862417,,0.899700,0.863517,0.308,523.3
1620,0.861133,,0.899700,0.863517,0.307,523.6
1621,0.860933,,0.899700,0.863517,0.307,523.9
1622,0.863467,,0.899700,0.863517,0.308,524.2
1623,0.861217,,0.899700,0.863517,0.373,524.6
1624,0.861500,,0.899700,0.863517,0.312,524.9
1625,0.861483,,0.899700,0.863517,0.309,525.2
1626,0.862550,,0.899700,0.863517,0.309,525.5
1627,0.863300,,0.899700,0.863517,0.309,525.8
1628,0.861150,,0.899700,0.863517,0.311,526.1
1629,0.862383,,0.899700,0.863517,0.310,526.4
1630,0.862900,,0.899700,0.863517,0.374,526.8
1631,0.860750,,0.899700,0.863517,0.309,527.1
1632,0.861850,,0.899700,0.863517,0.307,527.4
1633,0.863083,,0.899700,0.863517,0.309,527.7
1634,0.861133,,0.899700,0.863517,0.308,528.1
1635,0.862567,,0.899700,0.863517,0.309,528.4
1636,0.862850,,0.899700,0.863517,0.328,528.7
1637,0.861017,,0.899700,0.863517,0.369,529.1
1638,0.862617,,0.899700,0.863517,0.309,529.4
1639,0.860100,,0.899700,0.863517,0.310,529.7
1640,0.864317,,0.899700,0.864317,0.309,530.0
1641,0.863100,,0.899700,0.864317,0.310,530.3
1642,0.863400,,0.899700,0.864317,0.309,530.6
1643,0.863033,,0.899700,0.864317,0.309,530.9
1644,0.863367,,0.899700,0.864317,0.374,531.3
1645,0.863900,,0.899700,0.864317,0.311,531.6
1646,0.863450,,0.899700,0.864317,0.307,531.9
1647,0.860750,,0.899700,0.864317,0.311,532.2
1648,0.863517,,0.899700,0.864317,0.305,532.5
1649,0.862700,,0.899700,0.864317,0.311,532.8
1650,0.863017,0.9010999798774719,0.901100,0.864317,0.420,533.3
1651,0.862317,,0.901100,0.864317,0.279,533.5
1652,0.861633,,0.901100,0.864317,0.310,533.8
1653,0.863350,,0.901100,0.864317,0.308,534.2
1654,0.860650,,0.901100,0.864317,0.307,534.5
1655,0.864850,,0.901100,0.864850,0.307,534.8
1656,0.860167,,0.901100,0.864850,0.309,535.1
1657,0.863750,,0.901100,0.864850,0.309,535.4
1658,0.862167,,0.901100,0.864850,0.372,535.8
1659,0.862217,,0.901100,0.864850,0.308,536.1
1660,0.863867,,0.901100,0.864850,0.306,536.4
1661,0.863783,,0.901100,0.864850,0.313,536.7
1662,0.864050,,0.901100,0.864850,0.306,537.0
1663,0.863283,,0.901100,0.864850,0.306,537.3
1664,0.863333,,0.901100,0.864850,0.307,537.6
1665,0.862783,,0.901100,0.864850,0.375,538.0
1666,0.862083,,0.901100,0.864850,0.308,538.3
1667,0.863600,,0.901100,0.864850,0.309,538.6
1668,0.862817,,0.901100,0.864850,0.308,538.9
1669,0.863483,,0.901100,0.864850,0.306,539.2
1670,0.862733,,0.901100,0.864850,0.309,539.5
1671,0.863383,,0.901100,0.864850,0.306,539.8
1672,0.864983,,0.901100,0.864983,0.376,540.2
1673,0.863467,,0.901100,0.864983,0.311,540.5
1674,0.864917,,0.901100,0.864983,0.300,540.8
1675,0.864233,,0.901100,0.864983,0.309,541.1
1676,0.864250,,0.901100,0.864983,0.307,541.4
1677,0.862967,,0.901100,0.864983,0.309,541.7
1678,0.863283,,0.901100,0.864983,0.314,542.1
1679,0.863283,,0.901100,0.864983,0.377,542.4
1680,0.862767,,0.901100,0.864983,0.309,542.7
1681,0.861633,,0.901100,0.864983,0.305,543.0
1682,0.863800,,0.901100,0.864983,0.308,543.4
1683,0.864117,,0.901100,0.864983,0.309,543.7
1684,0.863333,,0.901100,0.864983,0.310,544.0
1685,0.865483,,0.901100,0.865483,0.306,544.3
1686,0.864667,,0.901100,0.865483,0.376,544.7
1687,0.864767,,0.901100,0.865483,0.307,545.0
1688,0.863283,,0.901100,0.865483,0.310,545.3
1689,0.862683,,0.901100,0.865483,0.310,545.6
1690,0.865150,,0.901100,0.865483,0.307,545.9
1691,0.861550,,0.901100,0.865483,0.309,546.2
1692,0.863933,,0.901100,0.865483,0.311,546.5
1693,0.864900,,0.901100,0.865483,0.375,546.9
1694,0.863817,,0.901100,0.865483,0.311,547.2
1695,0.862317,,0.901100,0.865483,0.307,547.5
1696,0.864400,,0.901100,0.865483,0.308,547.8
1697,0.863283,,0.901100,0.865483,0.312,548.1
1698,0.864183,,0.901100,0.865483,0.305,548.4
1699,0.863283,,0.901100,0.865483,0.307,548.7
1700,0.864500,0.9027999639511108,0.902800,0.865483,0.482,549.2
1701,0.864917,,0.902800,0.865483,0.211,549.4
1702,0.864300,,0.902800,0.865483,0.307,549.7
1703,0.864333,,0.902800,0.865483,0.310,550.0
1704,0.862367,,0.902800,0.865483,0.307,550.3
1705,0.864800,,0.902800,0.865483,0.307,550.7
1706,0.863450,,0.902800,0.865483,0.306,551.0
1707,0.863033,,0.902800,0.865483,0.371,551.3
1708,0.865500,,0.902800,0.865500,0.308,551.6
1709,0.864417,,0.902800,0.865500,0.308,551.9
1710,0.865467,,0.902800,0.865500,0.306,552.3
1711,0.863517,,0.902800,0.865500,0.307,552.6
1712,0.863633,,0.902800,0.865500,0.308,552.9
1713,0.864567,,0.902800,0.865500,0.309,553.2
1714,0.866733,,0.902800,0.866733,0.372,553.5
1715,0.866267,,0.902800,0.866733,0.308,553.9
1716,0.866483,,0.902800,0.866733,0.309,554.2
1717,0.864383,,0.902800,0.866733,0.305,554.5
1718,0.864533,,0.902800,0.866733,0.309,554.8
1719,0.864517,,0.902800,0.866733,0.310,555.1
1720,0.864117,,0.902800,0.866733,0.308,555.4
1721,0.867050,,0.902800,0.867050,0.376,555.8
1722,0.862767,,0.902800,0.867050,0.306,556.1
1723,0.865083,,0.902800,0.867050,0.309,556.4
1724,0.865533,,0.902800,0.867050,0.304,556.7
1725,0.865233,,0.902800,0.867050,0.309,557.0
1726,0.864283,,0.902800,0.867050,0.309,557.3
1727,0.865467,,0.902800,0.867050,0.310,557.6
1728,0.864767,,0.902800,0.867050,0.379,558.0
1729,0.865550,,0.902800,0.867050,0.308,558.3
1730,0.864467,,0.902800,0.867050,0.366,558.7
1731,0.866317,,0.902800,0.867050,0.308,559.0
1732,0.865333,,0.902800,0.867050,0.307,559.3
1733,0.864667,,0.902800,0.867050,0.307,559.6
1734,0.865667,,0.902800,0.867050,0.310,559.9
1735,0.866533,,0.902800,0.867050,0.374,560.3
1736,0.866450,,0.902800,0.867050,0.307,560.6
1737,0.865717,,0.902800,0.867050,0.308,560.9
1738,0.865433,,0.902800,0.867050,0.309,561.2
1739,0.866117,,0.902800,0.867050,0.309,561.5
1740,0.866533,,0.902800,0.867050,0.307,561.8
1741,0.866533,,0.902800,0.867050,0.308,562.1
1742,0.865433,,0.902800,0.867050,0.376,562.5
1743,0.864400,,0.902800,0.867050,0.307,562.8
1744,0.864800,,0.902800,0.867050,0.306,563.1
1745,0.864517,,0.902800,0.867050,0.308,563.4
1746,0.865267,,0.902800,0.867050,0.306,563.7
1747,0.866867,,0.902800,0.867050,0.305,564.0
1748,0.866133,,0.902800,0.867050,0.307,564.3
1749,0.865367,,0.902800,0.867050,0.376,564.7
1750,0.866517,0.9023000001907349,0.902800,0.867050,0.422,565.1
1751,0.867150,,0.902800,0.867150,0.210,565.3
1752,0.865200,,0.902800,0.867150,0.307,565.7
1753,0.865100,,0.902800,0.867150,0.306,566.0
1754,0.866450,,0.902800,0.867150,0.306,566.3
1755,0.865883,,0.902800,0.867150,0.308,566.6
1756,0.867117,,0.902800,0.867150,0.371,566.9
1757,0.865117,,0.902800,0.867150,0.309,567.3
1758,0.867017,,0.902800,0.867150,0.307,567.6
1759,0.865450,,0.902800,0.867150,0.306,567.9
1760,0.867550,,0.902800,0.867550,0.309,568.2
1761,0.866600,,0.902800,0.867550,0.310,568.5
1762,0.867050,,0.902800,0.867550,0.306,568.8
1763,0.866067,,0.902800,0.867550,0.373,569.2
1764,0.866233,,0.902800,0.867550,0.307,569.5
1765,0.866633,,0.902800,0.867550,0.310,569.8
1766,0.867133,,0.902800,0.867550,0.310,570.1
1767,0.867183,,0.902800,0.867550,0.308,570.4
1768,0.866633,,0.902800,0.867550,0.311,570.7
1769,0.865783,,0.902800,0.867550,0.308,571.0
1770,0.866317,,0.902800,0.867550,0.372,571.4
1771,0.866383,,0.902800,0.867550,0.307,571.7
1772,0.868117,,0.902800,0.868117,0.310,572.0
1773,0.864950,,0.902800,0.868117,0.310,572.3
1774,0.865917,,0.902800,0.868117,0.310,572.6
1775,0.867067,,0.902800,0.868117,0.309,572.9
1776,0.866533,,0.902800,0.868117,0.309,573.3
1777,0.865567,,0.902800,0.868117,0.374,573.6
1778,0.867883,,0.902800,0.868117,0.312,573.9
1779,0.866417,,0.902800,0.868117,0.310,574.2
1780,0.867317,,0.902800,0.868117,0.308,574.6
1781,0.866783,,0.902800,0.868117,0.313,574.9
1782,0.867850,,0.902800,0.868117,0.311,575.2
1783,0.865217,,0.902800,0.868117,0.309,575.5
1784,0.866600,,0.902800,0.868117,0.378,575.9
1785,0.866783,,0.902800,0.868117,0.314,576.2
1786,0.866567,,0.902800,0.868117,0.309,576.5
1787,0.867600,,0.902800,0.868117,0.315,576.8
1788,0.867583,,0.902800,0.868117,0.306,577.1
1789,0.866500,,0.902800,0.868117,0.310,577.4
1790,0.865517,,0.902800,0.868117,0.307,577.7
1791,0.867817,,0.902800,0.868117,0.376,578.1
1792,0.867183,,0.902800,0.868117,0.309,578.4
1793,0.866167,,0.902800,0.868117,0.310,578.7
1794,0.867567,,0.902800,0.868117,0.310,579.0
1795,0.866733,,0.902800,0.868117,0.309,579.3
1796,0.867017,,0.902800,0.868117,0.308,579.6
1797,0.868567,,0.902800,0.868567,0.308,580.0
1798,0.866800,,0.902800,0.868567,0.373,580.3
1799,0.866183,,0.902800,0.868567,0.312,580.6
1800,0.867067,0.9017999768257141,0.902800,0.868567,0.421,581.1
1801,0.868950,,0.902800,0.868950,0.211,581.3
1802,0.866450,,0.902800,0.868950,0.309,581.6
1803,0.866817,,0.902800,0.868950,0.307,581.9
1804,0.866883,,0.902800,0.868950,0.310,582.2
1805,0.868617,,0.902800,0.868950,0.377,582.6
1806,0.867067,,0.902800,0.868950,0.309,582.9
1807,0.867367,,0.902800,0.868950,0.308,583.2
1808,0.867917,,0.902800,0.868950,0.310,583.5
1809,0.867183,,0.902800,0.868950,0.308,583.8
1810,0.866467,,0.902800,0.868950,0.307,584.1
1811,0.868583,,0.902800,0.868950,0.306,584.4
1812,0.869000,,0.902800,0.869000,0.376,584.8
1813,0.867700,,0.902800,0.869000,0.306,585.1
1814,0.868500,,0.902800,0.869000,0.305,585.4
1815,0.865783,,0.902800,0.869000,0.312,585.7
1816,0.865917,,0.902800,0.869000,0.305,586.0
1817,0.867033,,0.902800,0.869000,0.305,586.3
1818,0.867233,,0.902800,0.869000,0.310,586.6
1819,0.868850,,0.902800,0.869000,0.378,587.0
1820,0.866583,,0.902800,0.869000,0.306,587.3
1821,0.866617,,0.902800,0.869000,0.305,587.6
1822,0.867433,,0.902800,0.869000,0.310,587.9
1823,0.866983,,0.902800,0.869000,0.310,588.3
1824,0.866783,,0.902800,0.869000,0.385,588.6
1825,0.866700,,0.902800,0.869000,0.309,588.9
1826,0.866333,,0.902800,0.869000,0.368,589.3
1827,0.868317,,0.902800,0.869000,0.309,589.6
1828,0.869350,,0.902800,0.869350,0.309,589.9
1829,0.867933,,0.902800,0.869350,0.309,590.2
1830,0.867350,,0.902800,0.869350,0.305,590.5
1831,0.867250,,0.902800,0.869350,0.305,590.9
1832,0.866583,,0.902800,0.869350,0.308,591.2
1833,0.868983,,0.902800,0.869350,0.373,591.5
1834,0.867533,,0.902800,0.869350,0.306,591.8
1835,0.868067,,0.902800,0.869350,0.309,592.1
1836,0.866283,,0.902800,0.869350,0.308,592.5
1837,0.865833,,0.902800,0.869350,0.307,592.8
1838,0.868250,,0.902800,0.869350,0.303,593.1
1839,0.868200,,0.902800,0.869350,0.310,593.4
1840,0.868283,,0.902800,0.869350,0.375,593.7
1841,0.868267,,0.902800,0.869350,0.304,594.1
1842,0.867083,,0.902800,0.869350,0.308,594.4
1843,0.868000,,0.902800,0.869350,0.309,594.7
1844,0.868300,,0.902800,0.869350,0.312,595.0
1845,0.868500,,0.902800,0.869350,0.308,595.3
1846,0.867700,,0.902800,0.869350,0.307,595.6
1847,0.868767,,0.902800,0.869350,0.374,596.0
1848,0.867217,,0.902800,0.869350,0.310,596.3
1849,0.867283,,0.902800,0.869350,0.309,596.6
1850,0.867600,0.9047999978065491,0.904800,0.869350,0.421,597.0
1851,0.869583,,0.904800,0.869583,0.212,597.2
1852,0.866033,,0.904800,0.869583,0.306,597.5
1853,0.868450,,0.904800,0.869583,0.306,597.8
1854,0.866333,,0.904800,0.869583,0.372,598.2
1855,0.867650,,0.904800,0.869583,0.309,598.5
1856,0.867083,,0.904800,0.869583,0.310,598.8
1857,0.866700,,0.904800,0.869583,0.308,599.1
1858,0.868017,,0.904800,0.869583,0.308,599.4
1859,0.867367,,0.904800,0.869583,0.310,599.8
1860,0.868150,,0.904800,0.869583,0.308,600.1
1861,0.868417,,0.904800,0.869583,0.373,600.4
1862,0.867117,,0.904800,0.869583,0.307,600.7
1863,0.867833,,0.904800,0.869583,0.308,601.0
1864,0.868100,,0.904800,0.869583,0.309,601.4
1865,0.867517,,0.904800,0.869583,0.306,601.7
1866,0.868367,,0.904800,0.869583,0.311,602.0
1867,0.868233,,0.904800,0.869583,0.313,602.3
1868,0.866200,,0.904800,0.869583,0.376,602.7
1869,0.867300,,0.904800,0.869583,0.308,603.0
1870,0.867950,,0.904800,0.869583,0.312,603.3
1871,0.868517,,0.904800,0.869583,0.308,603.6
1872,0.867533,,0.904800,0.869583,0.311,603.9
1873,0.869267,,0.904800,0.869583,0.309,604.2
1874,0.868367,,0.904800,0.869583,0.310,604.5
1875,0.869850,,0.904800,0.869850,0.380,604.9
1876,0.867067,,0.904800,0.869850,0.308,605.2
1877,0.866883,,0.904800,0.869850,0.309,605.5
1878,0.869317,,0.904800,0.869850,0.310,605.8
1879,0.867033,,0.904800,0.869850,0.305,606.1
1880,0.868583,,0.904800,0.869850,0.311,606.4
1881,0.868150,,0.904800,0.869850,0.309,606.8
1882,0.867467,,0.904800,0.869850,0.374,607.1
1883,0.867617,,0.904800,0.869850,0.306,607.4
1884,0.867850,,0.904800,0.869850,0.304,607.7
1885,0.869967,,0.904800,0.869967,0.311,608.0
1886,0.868717,,0.904800,0.869967,0.306,608.4
1887,0.867717,,0.904800,0.869967,0.311,608.7
1888,0.870450,,0.904800,0.870450,0.310,609.0
1889,0.869283,,0.904800,0.870450,0.377,609.4
1890,0.868150,,0.904800,0.870450,0.310,609.7
1891,0.867783,,0.904800,0.870450,0.308,610.0
1892,0.867783,,0.904800,0.870450,0.309,610.3
1893,0.868200,,0.904800,0.870450,0.307,610.6
1894,0.870417,,0.904800,0.870450,0.305,610.9
1895,0.868700,,0.904800,0.870450,0.309,611.2
1896,0.868783,,0.904800,0.870450,0.373,611.6
1897,0.870200,,0.904800,0.870450,0.307,611.9
1898,0.869833,,0.904800,0.870450,0.306,612.2
1899,0.869283,,0.904800,0.870450,0.309,612.5
1900,0.869950,0.9056999683380127,0.905700,0.870450,0.420,612.9
1901,0.868933,,0.905700,0.870450,0.213,613.1
1902,0.869400,,0.905700,0.870450,0.307,613.4
1903,0.870433,,0.905700,0.870450,0.374,613.8
1904,0.869217,,0.905700,0.870450,0.309,614.1
1905,0.868067,,0.905700,0.870450,0.305,614.4
1906,0.869317,,0.905700,0.870450,0.311,614.7
1907,0.868817,,0.905700,0.870450,0.310,615.0
1908,0.871033,,0.905700,0.871033,0.310,615.4
1909,0.869367,,0.905700,0.871033,0.308,615.7
1910,0.868850,,0.905700,0.871033,0.376,616.0
1911,0.868433,,0.905700,0.871033,0.310,616.3
1912,0.869850,,0.905700,0.871033,0.306,616.7
1913,0.870033,,0.905700,0.871033,0.308,617.0
1914,0.870783,,0.905700,0.871033,0.307,617.3
1915,0.869417,,0.905700,0.871033,0.306,617.6
1916,0.867900,,0.905700,0.871033,0.305,617.9
1917,0.868800,,0.905700,0.871033,0.369,618.2
1918,0.869567,,0.905700,0.871033,0.309,618.6
1919,0.868400,,0.905700,0.871033,0.310,618.9
1920,0.871433,,0.905700,0.871433,0.308,619.2
1921,0.870583,,0.905700,0.871433,0.338,619.5
1922,0.869550,,0.905700,0.871433,0.306,619.8
1923,0.868067,,0.905700,0.871433,0.310,620.1
1924,0.869050,,0.905700,0.871433,0.376,620.5
1925,0.869283,,0.905700,0.871433,0.310,620.8
1926,0.868150,,0.905700,0.871433,0.307,621.1
1927,0.870417,,0.905700,0.871433,0.305,621.4
1928,0.868550,,0.905700,0.871433,0.312,621.7
1929,0.871850,,0.905700,0.871850,0.310,622.0
1930,0.870950,,0.905700,0.871850,0.311,622.4
1931,0.869983,,0.905700,0.871850,0.375,622.7
1932,0.870117,,0.905700,0.871850,0.306,623.0
1933,0.869717,,0.905700,0.871850,0.308,623.3
1934,0.869467,,0.905700,0.871850,0.305,623.7
1935,0.869433,,0.905700,0.871850,0.306,624.0
1936,0.871917,,0.905700,0.871917,0.310,624.3
1937,0.871450,,0.905700,0.871917,0.307,624.6
1938,0.871017,,0.905700,0.871917,0.376,625.0
1939,0.869817,,0.905700,0.871917,0.311,625.3
1940,0.868983,,0.905700,0.871917,0.306,625.6
1941,0.870833,,0.905700,0.871917,0.308,625.9
1942,0.871133,,0.905700,0.871917,0.309,626.2
1943,0.869933,,0.905700,0.871917,0.308,626.5
1944,0.869483,,0.905700,0.871917,0.310,626.8
1945,0.869833,,0.905700,0.871917,0.378,627.2
1946,0.872550,,0.905700,0.872550,0.306,627.5
1947,0.870883,,0.905700,0.872550,0.311,627.8
1948,0.872633,,0.905700,0.872633,0.306,628.1
1949,0.871183,,0.905700,0.872633,0.305,628.4
1950,0.870700,0.906499981880188,0.906500,0.872633,0.422,628.8
1951,0.870900,,0.906500,0.872633,0.212,629.0
1952,0.870767,,0.906500,0.872633,0.373,629.4
1953,0.871500,,0.906500,0.872633,0.308,629.7
1954,0.871233,,0.906500,0.872633,0.308,630.0
1955,0.871433,,0.906500,0.872633,0.300,630.3
1956,0.869483,,0.906500,0.872633,0.308,630.6
1957,0.871400,,0.906500,0.872633,0.309,631.0
1958,0.869850,,0.906500,0.872633,0.310,631.3
1959,0.869867,,0.906500,0.872633,0.380,631.6
1960,0.870617,,0.906500,0.872633,0.310,632.0
1961,0.870417,,0.906500,0.872633,0.310,632.3
1962,0.872517,,0.906500,0.872633,0.309,632.6
1963,0.870817,,0.906500,0.872633,0.310,632.9
1964,0.871033,,0.906500,0.872633,0.310,633.2
1965,0.869750,,0.906500,0.872633,0.306,633.5
1966,0.870767,,0.906500,0.872633,0.376,633.9
1967,0.871533,,0.906500,0.872633,0.310,634.2
1968,0.869217,,0.906500,0.872633,0.309,634.5
1969,0.869933,,0.906500,0.872633,0.313,634.8
1970,0.871850,,0.906500,0.872633,0.313,635.1
1971,0.872150,,0.906500,0.872633,0.310,635.4
1972,0.871450,,0.906500,0.872633,0.309,635.7
1973,0.870667,,0.906500,0.872633,0.378,636.1
1974,0.871683,,0.906500,0.872633,0.312,636.4
1975,0.871767,,0.906500,0.872633,0.310,636.7
1976,0.870750,,0.906500,0.872633,0.310,637.0
1977,0.870600,,0.906500,0.872633,0.308,637.4
1978,0.871500,,0.906500,0.872633,0.310,637.7
1979,0.870550,,0.906500,0.872633,0.312,638.0
1980,0.869767,,0.906500,0.872633,0.374,638.4
1981,0.869883,,0.906500,0.872633,0.306,638.7
1982,0.873100,,0.906500,0.873100,0.308,639.0
1983,0.872267,,0.906500,0.873100,0.308,639.3
1984,0.870683,,0.906500,0.873100,0.310,639.6
1985,0.870533,,0.906500,0.873100,0.312,639.9
1986,0.871917,,0.906500,0.873100,0.310,640.2
1987,0.869650,,0.906500,0.873100,0.371,640.6
1988,0.872250,,0.906500,0.873100,0.311,640.9
1989,0.873500,,0.906500,0.873500,0.310,641.2
1990,0.870967,,0.906500,0.873500,0.307,641.5
1991,0.870617,,0.906500,0.873500,0.304,641.8
1992,0.869167,,0.906500,0.873500,0.309,642.1
1993,0.869517,,0.906500,0.873500,0.311,642.4
1994,0.870067,,0.906500,0.873500,0.374,642.8
1995,0.870467,,0.906500,0.873500,0.309,643.1
1996,0.872800,,0.906500,0.873500,0.307,643.4
1997,0.869633,,0.906500,0.873500,0.306,643.7
1998,0.872817,,0.906500,0.873500,0.311,644.0
1999,0.871317,,0.906500,0.873500,0.308,644.3
2000,0.871033,0.9049999713897705,0.906500,0.873500,0.421,644.8
2001,0.871583,,0.906500,0.873500,0.277,645.0
2002,0.870783,,0.906500,0.873500,0.307,645.3
2003,0.871083,,0.906500,0.873500,0.315,645.7
2004,0.870650,,0.906500,0.873500,0.310,646.0
2005,0.870150,,0.906500,0.873500,0.312,646.3
2006,0.871467,,0.906500,0.873500,0.310,646.6
2007,0.870967,,0.906500,0.873500,0.312,646.9
2008,0.870583,,0.906500,0.873500,0.377,647.3
2009,0.870250,,0.906500,0.873500,0.308,647.6
2010,0.870150,,0.906500,0.873500,0.308,647.9
2011,0.872650,,0.906500,0.873500,0.308,648.2
2012,0.871167,,0.906500,0.873500,0.308,648.5
2013,0.870567,,0.906500,0.873500,0.308,648.8
2014,0.870733,,0.906500,0.873500,0.363,649.2
2015,0.868417,,0.906500,0.873500,0.374,649.6
2016,0.872583,,0.906500,0.873500,0.308,649.9
2017,0.870133,,0.906500,0.873500,0.306,650.2
2018,0.871367,,0.906500,0.873500,0.307,650.5
2019,0.872350,,0.906500,0.873500,0.308,650.8
2020,0.871450,,0.906500,0.873500,0.306,651.1
2021,0.870067,,0.906500,0.873500,0.306,651.4
2022,0.870650,,0.906500,0.873500,0.372,651.8
2023,0.871183,,0.906500,0.873500,0.308,652.1
2024,0.871317,,0.906500,0.873500,0.309,652.4
2025,0.871983,,0.906500,0.873500,0.305,652.7
2026,0.872067,,0.906500,0.873500,0.308,653.0
2027,0.871200,,0.906500,0.873500,0.307,653.3
2028,0.869900,,0.906500,0.873500,0.306,653.6
2029,0.871017,,0.906500,0.873500,0.370,654.0
2030,0.870883,,0.906500,0.873500,0.306,654.3
2031,0.871183,,0.906500,0.873500,0.308,654.6
2032,0.871100,,0.906500,0.873500,0.311,654.9
2033,0.872817,,0.906500,0.873500,0.307,655.2
2034,0.872117,,0.906500,0.873500,0.309,655.5
2035,0.870400,,0.906500,0.873500,0.312,655.8
2036,0.871000,,0.906500,0.873500,0.375,656.2
2037,0.872983,,0.906500,0.873500,0.307,656.5
2038,0.872083,,0.906500,0.873500,0.306,656.8
2039,0.869983,,0.906500,0.873500,0.311,657.1
2040,0.869083,,0.906500,0.873500,0.310,657.4
2041,0.872600,,0.906500,0.873500,0.309,657.8
2042,0.871250,,0.906500,0.873500,0.311,658.1
2043,0.871367,,0.906500,0.873500,0.375,658.4
2044,0.871450,,0.906500,0.873500,0.309,658.8
2045,0.872200,,0.906500,0.873500,0.308,659.1
2046,0.871233,,0.906500,0.873500,0.306,659.4
2047,0.870467,,0.906500,0.873500,0.307,659.7
2048,0.872417,,0.906500,0.873500,0.311,660.0
2049,0.870683,,0.906500,0.873500,0.310,660.3
2050,0.872383,0.9066999554634094,0.906700,0.873500,0.489,660.8
2051,0.869800,,0.906700,0.873500,0.210,661.0
2052,0.871850,,0.906700,0.873500,0.308,661.3
2053,0.870933,,0.906700,0.873500,0.307,661.6
2054,0.871300,,0.906700,0.873500,0.310,661.9
2055,0.869017,,0.906700,0.873500,0.305,662.2
2056,0.871317,,0.906700,0.873500,0.308,662.5
2057,0.871050,,0.906700,0.873500,0.377,662.9
2058,0.871883,,0.906700,0.873500,0.309,663.2
2059,0.871817,,0.906700,0.873500,0.309,663.5
2060,0.871000,,0.906700,0.873500,0.309,663.8
2061,0.871883,,0.906700,0.873500,0.306,664.1
2062,0.871050,,0.906700,0.873500,0.310,664.5
2063,0.870750,,0.906700,0.873500,0.305,664.8
2064,0.871233,,0.906700,0.873500,0.376,665.1
2065,0.871133,,0.906700,0.873500,0.308,665.4
2066,0.872950,,0.906700,0.873500,0.308,665.7
2067,0.871233,,0.906700,0.873500,0.309,666.1
2068,0.870600,,0.906700,0.873500,0.309,666.4
2069,0.871733,,0.906700,0.873500,0.311,666.7
2070,0.872217,,0.906700,0.873500,0.309,667.0
2071,0.872417,,0.906700,0.873500,0.375,667.4
2072,0.872067,,0.906700,0.873500,0.310,667.7
2073,0.872633,,0.906700,0.873500,0.305,668.0
2074,0.871300,,0.906700,0.873500,0.306,668.3
2075,0.871600,,0.906700,0.873500,0.310,668.6
2076,0.872300,,0.906700,0.873500,0.309,668.9
2077,0.870483,,0.906700,0.873500,0.312,669.2
2078,0.872500,,0.906700,0.873500,0.372,669.6
2079,0.872533,,0.906700,0.873500,0.311,669.9
2080,0.872800,,0.906700,0.873500,0.309,670.2
2081,0.870933,,0.906700,0.873500,0.304,670.5
2082,0.873417,,0.906700,0.873500,0.307,670.8
2083,0.871950,,0.906700,0.873500,0.305,671.1
2084,0.872017,,0.906700,0.873500,0.308,671.4
2085,0.872233,,0.906700,0.873500,0.373,671.8
2086,0.871283,,0.906700,0.873500,0.308,672.1
2087,0.870583,,0.906700,0.873500,0.305,672.4
2088,0.873000,,0.906700,0.873500,0.306,672.7
2089,0.872217,,0.906700,0.873500,0.305,673.0
2090,0.871667,,0.906700,0.873500,0.309,673.3
2091,0.873483,,0.906700,0.873500,0.307,673.6
2092,0.873283,,0.906700,0.873500,0.376,674.0
2093,0.873100,,0.906700,0.873500,0.306,674.3
2094,0.874333,,0.906700,0.874333,0.311,674.6
2095,0.873600,,0.906700,0.874333,0.309,674.9
2096,0.872433,,0.906700,0.874333,0.308,675.3
2097,0.872017,,0.906700,0.874333,0.306,675.6
2098,0.872417,,0.906700,0.874333,0.306,675.9
2099,0.874067,,0.906700,0.874333,0.375,676.2
2100,0.872317,0.9079999923706055,0.908000,0.874333,0.419,676.7
2101,0.872633,,0.908000,0.874333,0.209,676.9
2102,0.872167,,0.908000,0.874333,0.309,677.2
2103,0.873583,,0.908000,0.874333,0.309,677.5
2104,0.871967,,0.908000,0.874333,0.307,677.8
2105,0.874383,,0.908000,0.874383,0.308,678.1
2106,0.874367,,0.908000,0.874383,0.375,678.5
2107,0.872867,,0.908000,0.874383,0.308,678.8
2108,0.873867,,0.908000,0.874383,0.391,679.2
2109,0.873017,,0.908000,0.874383,0.309,679.5
2110,0.873300,,0.908000,0.874383,0.308,679.8
2111,0.873800,,0.908000,0.874383,0.312,680.1
2112,0.874167,,0.908000,0.874383,0.309,680.4
2113,0.872783,,0.908000,0.874383,0.374,680.8
2114,0.872667,,0.908000,0.874383,0.309,681.1
2115,0.872567,,0.908000,0.874383,0.310,681.4
2116,0.872567,,0.908000,0.874383,0.306,681.7
2117,0.874500,,0.908000,0.874500,0.308,682.0
2118,0.872200,,0.908000,0.874500,0.308,682.3
2119,0.872667,,0.908000,0.874500,0.309,682.6
2120,0.872167,,0.908000,0.874500,0.371,683.0
2121,0.874100,,0.908000,0.874500,0.311,683.3
2122,0.872433,,0.908000,0.874500,0.306,683.6
2123,0.873617,,0.908000,0.874500,0.305,683.9
2124,0.873783,,0.908000,0.874500,0.307,684.2
2125,0.874550,,0.908000,0.874550,0.310,684.5
2126,0.873467,,0.908000,0.874550,0.308,684.9
2127,0.874850,,0.908000,0.874850,0.374,685.2
2128,0.874383,,0.908000,0.874850,0.310,685.5
2129,0.873717,,0.908000,0.874850,0.310,685.8
2130,0.873233,,0.908000,0.874850,0.311,686.2
2131,0.874133,,0.908000,0.874850,0.316,686.5
2132,0.872350,,0.908000,0.874850,0.307,686.8
2133,0.872750,,0.908000,0.874850,0.309,687.1
2134,0.872467,,0.908000,0.874850,0.375,687.5
2135,0.873317,,0.908000,0.874850,0.303,687.8
2136,0.873733,,0.908000,0.874850,0.309,688.1
2137,0.873400,,0.908000,0.874850,0.307,688.4
2138,0.874417,,0.908000,0.874850,0.307,688.7
2139,0.872883,,0.908000,0.874850,0.306,689.0
2140,0.873583,,0.908000,0.874850,0.306,689.3
2141,0.872950,,0.908000,0.874850,0.376,689.7
2142,0.874083,,0.908000,0.874850,0.308,690.0
2143,0.874850,,0.908000,0.874850,0.308,690.3
2144,0.873883,,0.908000,0.874850,0.310,690.6
2145,0.876100,,0.908000,0.876100,0.310,690.9
2146,0.874483,,0.908000,0.876100,0.306,691.2
2147,0.874367,,0.908000,0.876100,0.308,691.5
2148,0.874100,,0.908000,0.876100,0.377,691.9
2149,0.874117,,0.908000,0.876100,0.306,692.2
2150,0.873617,0.9060999751091003,0.908000,0.876100,0.419,692.6
2151,0.874817,,0.908000,0.876100,0.214,692.8
2152,0.872750,,0.908000,0.876100,0.309,693.2
2153,0.874600,,0.908000,0.876100,0.306,693.5
2154,0.875300,,0.908000,0.876100,0.305,693.8
2155,0.872350,,0.908000,0.876100,0.373,694.1
2156,0.873800,,0.908000,0.876100,0.312,694.5
2157,0.873267,,0.908000,0.876100,0.307,694.8
2158,0.874400,,0.908000,0.876100,0.309,695.1
2159,0.873417,,0.908000,0.876100,0.311,695.4
2160,0.875767,,0.908000,0.876100,0.309,695.7
2161,0.874133,,0.908000,0.876100,0.310,696.0
2162,0.873183,,0.908000,0.876100,0.377,696.4
2163,0.874033,,0.908000,0.876100,0.309,696.7
2164,0.873817,,0.908000,0.876100,0.312,697.0
2165,0.874250,,0.908000,0.876100,0.310,697.3
2166,0.873333,,0.908000,0.876100,0.309,697.6
2167,0.874183,,0.908000,0.876100,0.311,697.9
2168,0.874200,,0.908000,0.876100,0.311,698.2
2169,0.874367,,0.908000,0.876100,0.375,698.6
2170,0.874483,,0.908000,0.876100,0.307,698.9
2171,0.875900,,0.908000,0.876100,0.312,699.2
2172,0.872383,,0.908000,0.876100,0.309,699.5
2173,0.876700,,0.908000,0.876700,0.310,699.8
2174,0.875817,,0.908000,0.876700,0.398,700.2
2175,0.874200,,0.908000,0.876700,0.311,700.6
2176,0.875800,,0.908000,0.876700,0.378,700.9
2177,0.874450,,0.908000,0.876700,0.312,701.2
2178,0.876167,,0.908000,0.876700,0.318,701.6
2179,0.874800,,0.908000,0.876700,0.313,701.9
2180,0.873183,,0.908000,0.876700,0.493,702.4
2181,0.877033,,0.908000,0.877033,0.313,702.7
2182,0.876517,,0.908000,0.877033,0.376,703.1
2183,0.875483,,0.908000,0.877033,0.309,703.4
2184,0.875683,,0.908000,0.877033,0.314,703.7
2185,0.873517,,0.908000,0.877033,0.312,704.0
2186,0.876700,,0.908000,0.877033,0.307,704.3
2187,0.875467,,0.908000,0.877033,0.310,704.6
2188,0.874300,,0.908000,0.877033,0.308,704.9
2189,0.874217,,0.908000,0.877033,0.375,705.3
2190,0.874900,,0.908000,0.877033,0.305,705.6
2191,0.874533,,0.908000,0.877033,0.307,705.9
2192,0.876783,,0.908000,0.877033,0.308,706.2
2193,0.875383,,0.908000,0.877033,0.312,706.5
2194,0.875833,,0.908000,0.877033,0.308,706.8
2195,0.875233,,0.908000,0.877033,0.311,707.1
2196,0.875050,,0.908000,0.877033,0.375,707.5
2197,0.873533,,0.908000,0.877033,0.309,707.8
2198,0.874717,,0.908000,0.877033,0.309,708.1
2199,0.875117,,0.908000,0.877033,0.309,708.5
2200,0.875900,0.90829998254776,0.908300,0.877033,0.446,708.9
2201,0.873267,,0.908300,0.877033,0.213,709.1
2202,0.874133,,0.908300,0.877033,0.308,709.4
2203,0.875033,,0.908300,0.877033,0.377,709.8
2204,0.876833,,0.908300,0.877033,0.308,710.1
2205,0.876367,,0.908300,0.877033,0.307,710.4
2206,0.875683,,0.908300,0.877033,0.304,710.7
2207,0.873400,,0.908300,0.877033,0.309,711.0
2208,0.875367,,0.908300,0.877033,0.308,711.3
2209,0.875383,,0.908300,0.877033,0.305,711.6
2210,0.876833,,0.908300,0.877033,0.370,712.0
2211,0.876700,,0.908300,0.877033,0.310,712.3
2212,0.876333,,0.908300,0.877033,0.306,712.6
2213,0.876683,,0.908300,0.877033,0.309,712.9
2214,0.875600,,0.908300,0.877033,0.305,713.2
2215,0.874583,,0.908300,0.877033,0.309,713.5
2216,0.876583,,0.908300,0.877033,0.304,713.8
2217,0.875783,,0.908300,0.877033,0.374,714.2
2218,0.874867,,0.908300,0.877033,0.310,714.5
2219,0.876583,,0.908300,0.877033,0.308,714.8
2220,0.876150,,0.908300,0.877033,0.308,715.1
2221,0.876383,,0.908300,0.877033,0.307,715.5
2222,0.876583,,0.908300,0.877033,0.327,715.8
2223,0.877050,,0.908300,0.877050,0.310,716.1
2224,0.877500,,0.908300,0.877500,0.375,716.5
2225,0.876033,,0.908300,0.877500,0.313,716.8
2226,0.876350,,0.908300,0.877500,0.306,717.1
2227,0.876700,,0.908300,0.877500,0.306,717.4
2228,0.876767,,0.908300,0.877500,0.306,717.7
2229,0.876717,,0.908300,0.877500,0.307,718.0
2230,0.876633,,0.908300,0.877500,0.308,718.3
2231,0.875933,,0.908300,0.877500,0.374,718.7
2232,0.877467,,0.908300,0.877500,0.310,719.0
2233,0.877833,,0.908300,0.877833,0.309,719.3
2234,0.877417,,0.908300,0.877833,0.307,719.6
2235,0.876900,,0.908300,0.877833,0.310,719.9
2236,0.875817,,0.908300,0.877833,0.303,720.2
2237,0.876050,,0.908300,0.877833,0.308,720.5
2238,0.877500,,0.908300,0.877833,0.377,720.9
2239,0.875917,,0.908300,0.877833,0.310,721.2
2240,0.878000,,0.908300,0.878000,0.312,721.5
2241,0.877583,,0.908300,0.878000,0.309,721.8
2242,0.876933,,0.908300,0.878000,0.310,722.2
2243,0.876067,,0.908300,0.878000,0.306,722.5
2244,0.876250,,0.908300,0.878000,0.311,722.8
2245,0.878117,,0.908300,0.878117,0.379,723.1
2246,0.877167,,0.908300,0.878117,0.309,723.5
2247,0.876900,,0.908300,0.878117,0.310,723.8
2248,0.876283,,0.908300,0.878117,0.308,724.1
2249,0.877300,,0.908300,0.878117,0.312,724.4
2250,0.878917,0.9085999727249146,0.908600,0.878917,0.422,724.8
2251,0.876350,,0.908600,0.878917,0.214,725.0
2252,0.876617,,0.908600,0.878917,0.375,725.4
2253,0.876300,,0.908600,0.878917,0.310,725.7
2254,0.876900,,0.908600,0.878917,0.311,726.0
2255,0.876533,,0.908600,0.878917,0.310,726.3
2256,0.876350,,0.908600,0.878917,0.296,726.6
2257,0.876217,,0.908600,0.878917,0.310,726.9
2258,0.877400,,0.908600,0.878917,0.307,727.2
2259,0.875267,,0.908600,0.878917,0.373,727.6
2260,0.877883,,0.908600,0.878917,0.311,727.9
2261,0.876200,,0.908600,0.878917,0.309,728.2
2262,0.876317,,0.908600,0.878917,0.307,728.5
2263,0.876433,,0.908600,0.878917,0.308,728.9
2264,0.875983,,0.908600,0.878917,0.309,729.2
2265,0.876567,,0.908600,0.878917,0.310,729.5
2266,0.876900,,0.908600,0.878917,0.392,729.9
2267,0.876033,,0.908600,0.878917,0.349,730.2
2268,0.876267,,0.908600,0.878917,0.334,730.5
2269,0.876533,,0.908600,0.878917,0.323,730.9
2270,0.875400,,0.908600,0.878917,0.315,731.2
2271,0.876867,,0.908600,0.878917,0.313,731.5
2272,0.876417,,0.908600,0.878917,0.308,731.8
2273,0.876417,,0.908600,0.878917,0.379,732.2
2274,0.876933,,0.908600,0.878917,0.309,732.5
2275,0.877100,,0.908600,0.878917,0.311,732.8
2276,0.876667,,0.908600,0.878917,0.310,733.1
2277,0.877333,,0.908600,0.878917,0.306,733.4
2278,0.876083,,0.908600,0.878917,0.310,733.7
2279,0.876967,,0.908600,0.878917,0.309,734.0
2280,0.876300,,0.908600,0.878917,0.384,734.4
2281,0.877317,,0.908600,0.878917,0.321,734.7
2282,0.874200,,0.908600,0.878917,0.316,735.1
2283,0.874683,,0.908600,0.878917,0.306,735.4
2284,0.876233,,0.908600,0.878917,0.313,735.7
2285,0.876617,,0.908600,0.878917,0.307,736.0
2286,0.875617,,0.908600,0.878917,0.347,736.3
2287,0.876250,,0.908600,0.878917,0.392,736.7
2288,0.877583,,0.908600,0.878917,0.328,737.1
2289,0.875067,,0.908600,0.878917,0.315,737.4
2290,0.878100,,0.908600,0.878917,0.308,737.7
2291,0.876233,,0.908600,0.878917,0.304,738.0
2292,0.875367,,0.908600,0.878917,0.314,738.3
2293,0.875850,,0.908600,0.878917,0.343,738.6
2294,0.876600,,0.908600,0.878917,0.383,739.0
2295,0.877733,,0.908600,0.878917,0.310,739.3
2296,0.876417,,0.908600,0.878917,0.331,739.7
2297,0.876067,,0.908600,0.878917,0.324,740.0
2298,0.876567,,0.908600,0.878917,0.317,740.3
2299,0.876633,,0.908600,0.878917,0.317,740.6
2300,0.875683,0.909500002861023,0.909500,0.878917,0.495,741.1
2301,0.876867,,0.909500,0.878917,0.210,741.3
2302,0.877100,,0.909500,0.878917,0.323,741.6
2303,0.877733,,0.909500,0.878917,0.333,742.0
2304,0.877067,,0.909500,0.878917,0.325,742.3
2305,0.874317,,0.909500,0.878917,0.314,742.6
2306,0.876683,,0.909500,0.878917,0.312,742.9
2307,0.878133,,0.909500,0.878917,0.379,743.3
2308,0.877817,,0.909500,0.878917,0.305,743.6
2309,0.876000,,0.909500,0.878917,0.318,743.9
2310,0.876417,,0.909500,0.878917,0.320,744.3
2311,0.877717,,0.909500,0.878917,0.322,744.6
2312,0.876800,,0.909500,0.878917,0.315,744.9
2313,0.876367,,0.909500,0.878917,0.309,745.2
2314,0.877433,,0.909500,0.878917,0.375,745.6
2315,0.877367,,0.909500,0.878917,0.311,745.9
2316,0.876617,,0.909500,0.878917,0.309,746.2
2317,0.876383,,0.909500,0.878917,0.311,746.5
2318,0.878283,,0.909500,0.878917,0.307,746.8
2319,0.876967,,0.909500,0.878917,0.308,747.1
2320,0.879517,,0.909500,0.879517,0.304,747.4
2321,0.877617,,0.909500,0.879517,0.375,747.8
2322,0.877817,,0.909500,0.879517,0.307,748.1
2323,0.878617,,0.909500,0.879517,0.309,748.4
2324,0.880117,,0.909500,0.880117,0.308,748.7
2325,0.877767,,0.909500,0.880117,0.311,749.0
2326,0.877233,,0.909500,0.880117,0.307,749.3
2327,0.879533,,0.909500,0.880117,0.305,749.6
2328,0.877950,,0.909500,0.880117,0.308,750.0
2329,0.878233,,0.909500,0.880117,0.316,750.3
2330,0.878300,,0.909500,0.880117,0.308,750.6
2331,0.877550,,0.909500,0.880117,0.314,750.9
2332,0.877867,,0.909500,0.880117,0.308,751.2
2333,0.878883,,0.909500,0.880117,0.308,751.5
2334,0.878067,,0.909500,0.880117,0.374,751.9
2335,0.879083,,0.909500,0.880117,0.311,752.2
2336,0.877217,,0.909500,0.880117,0.307,752.5
2337,0.879267,,0.909500,0.880117,0.307,752.8
2338,0.877417,,0.909500,0.880117,0.309,753.1
2339,0.878767,,0.909500,0.880117,0.309,753.4
2340,0.879000,,0.909500,0.880117,0.385,753.8
2341,0.878217,,0.909500,0.880117,0.310,754.1
2342,0.879583,,0.909500,0.880117,0.307,754.4
2343,0.880633,,0.909500,0.880633,0.305,754.7
2344,0.878333,,0.909500,0.880633,0.308,755.0
2345,0.878550,,0.909500,0.880633,0.309,755.3
2346,0.878467,,0.909500,0.880633,0.312,755.7
2347,0.878317,,0.909500,0.880633,0.364,756.0
2348,0.877800,,0.909500,0.880633,0.308,756.3
2349,0.879783,,0.909500,0.880633,0.305,756.6
2350,0.879267,0.9102999567985535,0.910300,0.880633,0.417,757.1
2351,0.878267,,0.910300,0.880633,0.210,757.3
2352,0.877817,,0.910300,0.880633,0.305,757.6
2353,0.878917,,0.910300,0.880633,0.309,757.9
2354,0.878917,,0.910300,0.880633,0.379,758.3
2355,0.878833,,0.910300,0.880633,0.309,758.6
2356,0.879817,,0.910300,0.880633,0.308,758.9
2357,0.878517,,0.910300,0.880633,0.307,759.2
2358,0.879283,,0.910300,0.880633,0.309,759.5
2359,0.878450,,0.910300,0.880633,0.305,759.8
2360,0.878067,,0.910300,0.880633,0.309,760.1
2361,0.879000,,0.910300,0.880633,0.378,760.5
2362,0.878650,,0.910300,0.880633,0.312,760.8
2363,0.879550,,0.910300,0.880633,0.314,761.1
2364,0.879083,,0.910300,0.880633,0.308,761.4
2365,0.880500,,0.910300,0.880633,0.313,761.7
2366,0.879950,,0.910300,0.880633,0.311,762.0
2367,0.879167,,0.910300,0.880633,0.308,762.3
2368,0.878167,,0.910300,0.880633,0.376,762.7
2369,0.880167,,0.910300,0.880633,0.310,763.0
2370,0.879350,,0.910300,0.880633,0.308,763.3
2371,0.876600,,0.910300,0.880633,0.305,763.6
2372,0.880117,,0.910300,0.880633,0.308,764.0
2373,0.878117,,0.910300,0.880633,0.315,764.3
2374,0.878883,,0.910300,0.880633,0.308,764.6
2375,0.879283,,0.910300,0.880633,0.372,764.9
2376,0.881133,,0.910300,0.881133,0.308,765.3
2377,0.879167,,0.910300,0.881133,0.309,765.6
2378,0.878500,,0.910300,0.881133,0.307,765.9
2379,0.878333,,0.910300,0.881133,0.308,766.2
2380,0.878033,,0.910300,0.881133,0.308,766.5
2381,0.878833,,0.910300,0.881133,0.309,766.8
2382,0.880117,,0.910300,0.881133,0.377,767.2
2383,0.878850,,0.910300,0.881133,0.311,767.5
2384,0.879467,,0.910300,0.881133,0.307,767.8
2385,0.878417,,0.910300,0.881133,0.309,768.1
2386,0.881433,,0.910300,0.881433,0.308,768.4
2387,0.878450,,0.910300,0.881433,0.308,768.7
2388,0.879133,,0.910300,0.881433,0.315,769.0
2389,0.881267,,0.910300,0.881433,0.385,769.4
2390,0.878767,,0.910300,0.881433,0.329,769.7
2391,0.879700,,0.910300,0.881433,0.306,770.1
2392,0.879067,,0.910300,0.881433,0.309,770.4
2393,0.879783,,0.910300,0.881433,0.311,770.7
2394,0.880200,,0.910300,0.881433,0.306,771.0
2395,0.880183,,0.910300,0.881433,0.308,771.3
2396,0.879533,,0.910300,0.881433,0.373,771.7
2397,0.881600,,0.910300,0.881600,0.310,772.0
2398,0.880317,,0.910300,0.881600,0.309,772.3
2399,0.878383,,0.910300,0.881600,0.309,772.6
2400,0.878333,0.9097999930381775,0.910300,0.881600,0.418,773.0
2401,0.880517,,0.910300,0.881600,0.209,773.2
2402,0.878667,,0.910300,0.881600,0.306,773.5
2403,0.878817,,0.910300,0.881600,0.372,773.9
2404,0.876900,,0.910300,0.881600,0.310,774.2
2405,0.879333,,0.910300,0.881600,0.310,774.5
2406,0.879883,,0.910300,0.881600,0.308,774.8
2407,0.879467,,0.910300,0.881600,0.308,775.1
2408,0.879867,,0.910300,0.881600,0.308,775.4
2409,0.878650,,0.910300,0.881600,0.310,775.7
2410,0.878750,,0.910300,0.881600,0.376,776.1
2411,0.880200,,0.910300,0.881600,0.306,776.4
2412,0.879600,,0.910300,0.881600,0.306,776.7
2413,0.878817,,0.910300,0.881600,0.306,777.0
2414,0.878233,,0.910300,0.881600,0.304,777.3
2415,0.879717,,0.910300,0.881600,0.308,777.6
2416,0.879167,,0.910300,0.881600,0.306,778.0
2417,0.879317,,0.910300,0.881600,0.374,778.3
2418,0.879517,,0.910300,0.881600,0.309,778.6
2419,0.878033,,0.910300,0.881600,0.305,778.9
2420,0.878950,,0.910300,0.881600,0.308,779.3
2421,0.878783,,0.910300,0.881600,0.307,779.6
2422,0.879617,,0.910300,0.881600,0.308,779.9
2423,0.878117,,0.910300,0.881600,0.309,780.2
2424,0.878500,,0.910300,0.881600,0.374,780.5
2425,0.878600,,0.910300,0.881600,0.305,780.9
2426,0.878267,,0.910300,0.881600,0.313,781.2
2427,0.879650,,0.910300,0.881600,0.311,781.5
2428,0.879100,,0.910300,0.881600,0.310,781.8
2429,0.879333,,0.910300,0.881600,0.310,782.1
2430,0.879317,,0.910300,0.881600,0.310,782.4
2431,0.880183,,0.910300,0.881600,0.375,782.8
2432,0.878867,,0.910300,0.881600,0.311,783.1
2433,0.878667,,0.910300,0.881600,0.311,783.4
2434,0.881717,,0.910300,0.881717,0.306,783.7
2435,0.878567,,0.910300,0.881717,0.310,784.0
2436,0.878300,,0.910300,0.881717,0.312,784.3
2437,0.878533,,0.910300,0.881717,0.307,784.6
2438,0.880917,,0.910300,0.881717,0.364,785.0
2439,0.880017,,0.910300,0.881717,0.314,785.3
2440,0.880467,,0.910300,0.881717,0.308,785.6
2441,0.880117,,0.910300,0.881717,0.309,785.9
2442,0.879067,,0.910300,0.881717,0.307,786.2
2443,0.879200,,0.910300,0.881717,0.304,786.5
2444,0.880483,,0.910300,0.881717,0.308,786.9
2445,0.878817,,0.910300,0.881717,0.378,787.2
2446,0.880067,,0.910300,0.881717,0.308,787.5
2447,0.878183,,0.910300,0.881717,0.310,787.9
2448,0.879900,,0.910300,0.881717,0.307,788.2
2449,0.879567,,0.910300,0.881717,0.310,788.5
2450,0.878517,0.9090999960899353,0.910300,0.881717,0.421,788.9
2451,0.880700,,0.910300,0.881717,0.213,789.1
2452,0.878267,,0.910300,0.881717,0.375,789.5
2453,0.879550,,0.910300,0.881717,0.311,789.8
2454,0.880417,,0.910300,0.881717,0.307,790.1
2455,0.879967,,0.910300,0.881717,0.309,790.4
2456,0.879333,,0.910300,0.881717,0.308,790.7
2457,0.878917,,0.910300,0.881717,0.306,791.0
2458,0.880483,,0.910300,0.881717,0.307,791.3
2459,0.880250,,0.910300,0.881717,0.374,791.7
2460,0.879750,,0.910300,0.881717,0.308,792.0
2461,0.879433,,0.910300,0.881717,0.309,792.3
2462,0.879133,,0.910300,0.881717,0.307,792.6
2463,0.879850,,0.910300,0.881717,0.310,792.9
2464,0.879133,,0.910300,0.881717,0.313,793.2
2465,0.879383,,0.910300,0.881717,0.306,793.6
2466,0.880683,,0.910300,0.881717,0.374,793.9
2467,0.880683,,0.910300,0.881717,0.310,794.2
2468,0.878517,,0.910300,0.881717,0.308,794.5
2469,0.879933,,0.910300,0.881717,0.311,794.9
2470,0.879717,,0.910300,0.881717,0.306,795.2
2471,0.879633,,0.910300,0.881717,0.307,795.5
2472,0.880050,,0.910300,0.881717,0.306,795.8
2473,0.880167,,0.910300,0.881717,0.378,796.2
2474,0.879817,,0.910300,0.881717,0.308,796.5
2475,0.879517,,0.910300,0.881717,0.305,796.8
2476,0.877917,,0.910300,0.881717,0.307,797.1
2477,0.880617,,0.910300,0.881717,0.307,797.4
2478,0.879683,,0.910300,0.881717,0.307,797.7
2479,0.880450,,0.910300,0.881717,0.308,798.0
2480,0.881500,,0.910300,0.881717,0.375,798.4
2481,0.879983,,0.910300,0.881717,0.308,798.7
2482,0.880583,,0.910300,0.881717,0.309,799.0
2483,0.880000,,0.910300,0.881717,0.333,799.3
2484,0.879717,,0.910300,0.881717,0.306,799.6
2485,0.880450,,0.910300,0.881717,0.308,799.9
2486,0.880417,,0.910300,0.881717,0.308,800.2
2487,0.879183,,0.910300,0.881717,0.373,800.6
2488,0.880467,,0.910300,0.881717,0.309,800.9
2489,0.879500,,0.910300,0.881717,0.307,801.2
2490,0.879383,,0.910300,0.881717,0.309,801.5
2491,0.879117,,0.910300,0.881717,0.306,801.8
2492,0.880833,,0.910300,0.881717,0.315,802.2
2493,0.880483,,0.910300,0.881717,0.307,802.5
2494,0.878750,,0.910300,0.881717,0.372,802.8
2495,0.879667,,0.910300,0.881717,0.307,803.1
2496,0.879900,,0.910300,0.881717,0.307,803.5
2497,0.880400,,0.910300,0.881717,0.305,803.8
2498,0.879933,,0.910300,0.881717,0.311,804.1
2499,0.879417,,0.910300,0.881717,0.310,804.4
2500,0.878383,0.9088999629020691,0.910300,0.881717,0.421,804.8
2501,0.879817,,0.910300,0.881717,0.282,805.1
2502,0.878650,,0.910300,0.881717,0.308,805.4
2503,0.878400,,0.910300,0.881717,0.309,805.7
2504,0.879017,,0.910300,0.881717,0.307,806.0
2505,0.881017,,0.910300,0.881717,0.308,806.3
2506,0.880117,,0.910300,0.881717,0.313,806.6
2507,0.880433,,0.910300,0.881717,0.307,806.9
2508,0.880467,,0.910300,0.881717,0.375,807.3
2509,0.878533,,0.910300,0.881717,0.309,807.6
2510,0.880283,,0.910300,0.881717,0.307,807.9
2511,0.879050,,0.910300,0.881717,0.307,808.2
2512,0.880800,,0.910300,0.881717,0.307,808.5
2513,0.880383,,0.910300,0.881717,0.313,808.9
2514,0.879250,,0.910300,0.881717,0.312,809.2
2515,0.879417,,0.910300,0.881717,0.373,809.5
2516,0.879833,,0.910300,0.881717,0.309,809.8
2517,0.880133,,0.910300,0.881717,0.305,810.2
2518,0.880550,,0.910300,0.881717,0.304,810.5
2519,0.880067,,0.910300,0.881717,0.313,810.8
2520,0.879783,,0.910300,0.881717,0.313,811.1
2521,0.879333,,0.910300,0.881717,0.309,811.4
2522,0.880250,,0.910300,0.881717,0.374,811.8
2523,0.879350,,0.910300,0.881717,0.311,812.1
2524,0.878767,,0.910300,0.881717,0.304,812.4
2525,0.880667,,0.910300,0.881717,0.310,812.7
2526,0.880267,,0.910300,0.881717,0.310,813.0
2527,0.879583,,0.910300,0.881717,0.313,813.3
2528,0.879467,,0.910300,0.881717,0.311,813.6
2529,0.880717,,0.910300,0.881717,0.373,814.0
2530,0.879767,,0.910300,0.881717,0.308,814.3
2531,0.878933,,0.910300,0.881717,0.309,814.6
2532,0.881417,,0.910300,0.881717,0.310,814.9
2533,0.880817,,0.910300,0.881717,0.308,815.2
2534,0.880033,,0.910300,0.881717,0.312,815.5
2535,0.879933,,0.910300,0.881717,0.309,815.9
2536,0.880350,,0.910300,0.881717,0.375,816.2
2537,0.879417,,0.910300,0.881717,0.314,816.5
2538,0.881000,,0.910300,0.881717,0.313,816.9
2539,0.880817,,0.910300,0.881717,0.307,817.2
2540,0.879817,,0.910300,0.881717,0.311,817.5
2541,0.881867,,0.910300,0.881867,0.305,817.8
2542,0.879033,,0.910300,0.881867,0.306,818.1
2543,0.880350,,0.910300,0.881867,0.376,818.5
2544,0.878450,,0.910300,0.881867,0.312,818.8
2545,0.881500,,0.910300,0.881867,0.307,819.1
2546,0.879217,,0.910300,0.881867,0.312,819.4
2547,0.879733,,0.910300,0.881867,0.310,819.7
2548,0.879800,,0.910300,0.881867,0.309,820.0
2549,0.881183,,0.910300,0.881867,0.311,820.3
2550,0.880683,0.9102999567985535,0.910300,0.881867,0.489,820.8
2551,0.880517,,0.910300,0.881867,0.210,821.0
2552,0.879800,,0.910300,0.881867,0.310,821.3
2553,0.880183,,0.910300,0.881867,0.308,821.6
2554,0.881267,,0.910300,0.881867,0.310,821.9
2555,0.881950,,0.910300,0.881950,0.308,822.3
2556,0.880567,,0.910300,0.881950,0.312,822.6
2557,0.879600,,0.910300,0.881950,0.369,822.9
2558,0.878467,,0.910300,0.881950,0.307,823.2
2559,0.880300,,0.910300,0.881950,0.310,823.6
2560,0.880950,,0.910300,0.881950,0.316,823.9
2561,0.880600,,0.910300,0.881950,0.307,824.2
2562,0.881300,,0.910300,0.881950,0.310,824.5
2563,0.881417,,0.910300,0.881950,0.312,824.8
2564,0.879767,,0.910300,0.881950,0.373,825.2
2565,0.879433,,0.910300,0.881950,0.308,825.5
2566,0.880717,,0.910300,0.881950,0.307,825.8
2567,0.879567,,0.910300,0.881950,0.310,826.1
2568,0.880533,,0.910300,0.881950,0.308,826.4
2569,0.878367,,0.910300,0.881950,0.308,826.7
2570,0.879983,,0.910300,0.881950,0.310,827.0
2571,0.880133,,0.910300,0.881950,0.377,827.4
2572,0.879350,,0.910300,0.881950,0.308,827.7
2573,0.880567,,0.910300,0.881950,0.309,828.0
2574,0.879217,,0.910300,0.881950,0.307,828.3
2575,0.879783,,0.910300,0.881950,0.310,828.6
2576,0.880883,,0.910300,0.881950,0.309,828.9
2577,0.880017,,0.910300,0.881950,0.345,829.3
2578,0.880150,,0.910300,0.881950,0.376,829.7
2579,0.879967,,0.910300,0.881950,0.309,830.0
2580,0.880817,,0.910300,0.881950,0.309,830.3
2581,0.880233,,0.910300,0.881950,0.305,830.6
2582,0.879567,,0.910300,0.881950,0.307,830.9
2583,0.880000,,0.910300,0.881950,0.309,831.2
2584,0.879050,,0.910300,0.881950,0.309,831.5
2585,0.879983,,0.910300,0.881950,0.376,831.9
2586,0.881233,,0.910300,0.881950,0.308,832.2
2587,0.879233,,0.910300,0.881950,0.308,832.5
2588,0.879900,,0.910300,0.881950,0.308,832.8
2589,0.880467,,0.910300,0.881950,0.310,833.1
2590,0.880450,,0.910300,0.881950,0.311,833.4
2591,0.879283,,0.910300,0.881950,0.310,833.7
2592,0.881033,,0.910300,0.881950,0.385,834.1
2593,0.880467,,0.910300,0.881950,0.322,834.5
2594,0.880400,,0.910300,0.881950,0.316,834.8
2595,0.878650,,0.910300,0.881950,0.312,835.1
2596,0.880500,,0.910300,0.881950,0.312,835.4
2597,0.881083,,0.910300,0.881950,0.311,835.7
2598,0.880517,,0.910300,0.881950,0.309,836.0
2599,0.880400,,0.910300,0.881950,0.375,836.4
2600,0.880283,0.9092999696731567,0.910300,0.881950,0.423,836.8
2601,0.880883,,0.910300,0.881950,0.213,837.0
2602,0.879167,,0.910300,0.881950,0.310,837.3
2603,0.881300,,0.910300,0.881950,0.307,837.6
2604,0.879200,,0.910300,0.881950,0.308,837.9
2605,0.880950,,0.910300,0.881950,0.308,838.3
2606,0.880133,,0.910300,0.881950,0.375,838.6
2607,0.880317,,0.910300,0.881950,0.311,838.9
2608,0.880117,,0.910300,0.881950,0.309,839.2
2609,0.881850,,0.910300,0.881950,0.307,839.6
2610,0.879833,,0.910300,0.881950,0.307,839.9
2611,0.881350,,0.910300,0.881950,0.307,840.2
2612,0.879350,,0.910300,0.881950,0.306,840.5
2613,0.881117,,0.910300,0.881950,0.374,840.8
2614,0.880700,,0.910300,0.881950,0.305,841.2
2615,0.881267,,0.910300,0.881950,0.308,841.5
2616,0.879950,,0.910300,0.881950,0.308,841.8
2617,0.880183,,0.910300,0.881950,0.308,842.1
2618,0.880533,,0.910300,0.881950,0.315,842.4
2619,0.879867,,0.910300,0.881950,0.321,842.7
2620,0.881467,,0.910300,0.881950,0.391,843.1
2621,0.881567,,0.910300,0.881950,0.314,843.4
2622,0.881267,,0.910300,0.881950,0.319,843.7
2623,0.880133,,0.910300,0.881950,0.325,844.1
2624,0.879467,,0.910300,0.881950,0.317,844.4
2625,0.881617,,0.910300,0.881950,0.313,844.7
2626,0.881150,,0.910300,0.881950,0.311,845.0
2627,0.880233,,0.910300,0.881950,0.379,845.4
2628,0.879800,,0.910300,0.881950,0.310,845.7
2629,0.880350,,0.910300,0.881950,0.309,846.0
2630,0.881100,,0.910300,0.881950,0.312,846.3
2631,0.882117,,0.910300,0.882117,0.308,846.6
2632,0.879650,,0.910300,0.882117,0.306,846.9
2633,0.880783,,0.910300,0.882117,0.307,847.2
2634,0.880517,,0.910300,0.882117,0.373,847.6
2635,0.881433,,0.910300,0.882117,0.307,847.9
2636,0.881217,,0.910300,0.882117,0.312,848.2
2637,0.882017,,0.910300,0.882117,0.308,848.5
2638,0.880050,,0.910300,0.882117,0.310,848.8
2639,0.881250,,0.910300,0.882117,0.310,849.2
2640,0.881517,,0.910300,0.882117,0.309,849.5
2641,0.882317,,0.910300,0.882317,0.375,849.8
2642,0.880400,,0.910300,0.882317,0.309,850.2
2643,0.880483,,0.910300,0.882317,0.309,850.5
2644,0.879667,,0.910300,0.882317,0.308,850.8
2645,0.881167,,0.910300,0.882317,0.308,851.1
2646,0.880967,,0.910300,0.882317,0.301,851.4
2647,0.879917,,0.910300,0.882317,0.307,851.7
2648,0.880717,,0.910300,0.882317,0.376,852.1
2649,0.880600,,0.910300,0.882317,0.311,852.4
2650,0.880500,0.9102999567985535,0.910300,0.882317,0.423,852.8
2651,0.880533,,0.910300,0.882317,0.212,853.0
2652,0.881783,,0.910300,0.882317,0.311,853.3
2653,0.878967,,0.910300,0.882317,0.308,853.6
2654,0.880650,,0.910300,0.882317,0.307,853.9
2655,0.882183,,0.910300,0.882317,0.379,854.3
2656,0.879433,,0.910300,0.882317,0.307,854.6
2657,0.879333,,0.910300,0.882317,0.304,854.9
2658,0.881517,,0.910300,0.882317,0.310,855.2
2659,0.882267,,0.910300,0.882317,0.306,855.5
2660,0.881617,,0.910300,0.882317,0.308,855.8
2661,0.880050,,0.910300,0.882317,0.308,856.2
2662,0.880250,,0.910300,0.882317,0.372,856.5
2663,0.880817,,0.910300,0.882317,0.309,856.8
2664,0.880017,,0.910300,0.882317,0.306,857.1
2665,0.881133,,0.910300,0.882317,0.307,857.4
2666,0.880567,,0.910300,0.882317,0.306,857.8
2667,0.881900,,0.910300,0.882317,0.309,858.1
2668,0.882217,,0.910300,0.882317,0.308,858.4
2669,0.881483,,0.910300,0.882317,0.374,858.7
2670,0.882917,,0.910300,0.882917,0.351,859.1
2671,0.881933,,0.910300,0.882917,0.306,859.4
2672,0.880983,,0.910300,0.882917,0.306,859.7
2673,0.881417,,0.910300,0.882917,0.316,860.0
2674,0.880450,,0.910300,0.882917,0.309,860.3
2675,0.880967,,0.910300,0.882917,0.307,860.6
2676,0.882333,,0.910300,0.882917,0.377,861.0
2677,0.879733,,0.910300,0.882917,0.311,861.3
2678,0.882683,,0.910300,0.882917,0.309,861.6
2679,0.880850,,0.910300,0.882917,0.308,861.9
2680,0.879800,,0.910300,0.882917,0.306,862.3
2681,0.881333,,0.910300,0.882917,0.307,862.6
2682,0.882867,,0.910300,0.882917,0.308,862.9
2683,0.880683,,0.910300,0.882917,0.376,863.2
2684,0.882250,,0.910300,0.882917,0.307,863.6
2685,0.881817,,0.910300,0.882917,0.311,863.9
2686,0.880833,,0.910300,0.882917,0.310,864.2
2687,0.882283,,0.910300,0.882917,0.310,864.5
2688,0.880583,,0.910300,0.882917,0.308,864.8
2689,0.880650,,0.910300,0.882917,0.309,865.1
2690,0.880367,,0.910300,0.882917,0.376,865.5
2691,0.880433,,0.910300,0.882917,0.319,865.8
2692,0.878950,,0.910300,0.882917,0.306,866.1
2693,0.881800,,0.910300,0.882917,0.306,866.4
2694,0.881967,,0.910300,0.882917,0.310,866.7
2695,0.881017,,0.910300,0.882917,0.311,867.0
2696,0.881250,,0.910300,0.882917,0.307,867.3
2697,0.881050,,0.910300,0.882917,0.375,867.7
2698,0.881233,,0.910300,0.882917,0.307,868.0
2699,0.880867,,0.910300,0.882917,0.306,868.3
2700,0.881567,0.911799967288971,0.911800,0.882917,0.420,868.7
2701,0.881067,,0.911800,0.882917,0.207,868.9
2702,0.881583,,0.911800,0.882917,0.310,869.3
2703,0.881033,,0.911800,0.882917,0.306,869.6
2704,0.881950,,0.911800,0.882917,0.376,869.9
2705,0.879750,,0.911800,0.882917,0.307,870.2
2706,0.880283,,0.911800,0.882917,0.305,870.5
2707,0.879950,,0.911800,0.882917,0.308,870.9
2708,0.881600,,0.911800,0.882917,0.309,871.2
2709,0.881317,,0.911800,0.882917,0.307,871.5
2710,0.881050,,0.911800,0.882917,0.304,871.8
2711,0.880100,,0.911800,0.882917,0.374,872.2
2712,0.881850,,0.911800,0.882917,0.308,872.5
2713,0.882283,,0.911800,0.882917,0.307,872.8
2714,0.881483,,0.911800,0.882917,0.309,873.1
2715,0.881317,,0.911800,0.882917,0.306,873.4
2716,0.880767,,0.911800,0.882917,0.306,873.7
2717,0.880583,,0.911800,0.882917,0.308,874.0
2718,0.882450,,0.911800,0.882917,0.376,874.4
2719,0.882067,,0.911800,0.882917,0.309,874.7
2720,0.881733,,0.911800,0.882917,0.309,875.0
2721,0.879133,,0.911800,0.882917,0.307,875.3
2722,0.881183,,0.911800,0.882917,0.311,875.6
2723,0.878567,,0.911800,0.882917,0.302,875.9
2724,0.880983,,0.911800,0.882917,0.309,876.2
2725,0.883033,,0.911800,0.883033,0.374,876.6
2726,0.880550,,0.911800,0.883033,0.305,876.9
2727,0.881800,,0.911800,0.883033,0.306,877.2
2728,0.881617,,0.911800,0.883033,0.310,877.5
2729,0.880800,,0.911800,0.883033,0.307,877.8
2730,0.881900,,0.911800,0.883033,0.308,878.1
2731,0.880683,,0.911800,0.883033,0.307,878.4
2732,0.881117,,0.911800,0.883033,0.377,878.8
2733,0.881233,,0.911800,0.883033,0.308,879.1
2734,0.882550,,0.911800,0.883033,0.308,879.4
2735,0.882067,,0.911800,0.883033,0.311,879.7
2736,0.881067,,0.911800,0.883033,0.309,880.0
2737,0.881550,,0.911800,0.883033,0.310,880.4
2738,0.881550,,0.911800,0.883033,0.306,880.7
2739,0.882600,,0.911800,0.883033,0.377,881.0
2740,0.880633,,0.911800,0.883033,0.305,881.3
2741,0.880933,,0.911800,0.883033,0.307,881.7
2742,0.880283,,0.911800,0.883033,0.309,882.0
2743,0.881567,,0.911800,0.883033,0.307,882.3
2744,0.881083,,0.911800,0.883033,0.309,882.6
2745,0.881917,,0.911800,0.883033,0.310,882.9
2746,0.881983,,0.911800,0.883033,0.362,883.2
2747,0.880583,,0.911800,0.883033,0.310,883.6
2748,0.879400,,0.911800,0.883033,0.311,883.9
2749,0.881033,,0.911800,0.883033,0.311,884.2
2750,0.879800,0.9108999967575073,0.911800,0.883033,0.419,884.6
2751,0.880950,,0.911800,0.883033,0.210,884.8
2752,0.881383,,0.911800,0.883033,0.309,885.1
2753,0.882783,,0.911800,0.883033,0.376,885.5
2754,0.882933,,0.911800,0.883033,0.307,885.8
2755,0.880150,,0.911800,0.883033,0.306,886.1
2756,0.882033,,0.911800,0.883033,0.309,886.4
2757,0.881000,,0.911800,0.883033,0.306,886.7
2758,0.881400,,0.911800,0.883033,0.307,887.0
2759,0.883133,,0.911800,0.883133,0.309,887.3
2760,0.881583,,0.911800,0.883133,0.376,887.7
2761,0.881150,,0.911800,0.883133,0.309,888.0
2762,0.880433,,0.911800,0.883133,0.307,888.3
2763,0.882017,,0.911800,0.883133,0.305,888.6
2764,0.883100,,0.911800,0.883133,0.310,888.9
2765,0.881233,,0.911800,0.883133,0.307,889.3
2766,0.881067,,0.911800,0.883133,0.307,889.6
2767,0.881550,,0.911800,0.883133,0.403,890.0
2768,0.880617,,0.911800,0.883133,0.304,890.3
2769,0.883150,,0.911800,0.883150,0.307,890.6
2770,0.881067,,0.911800,0.883150,0.308,890.9
2771,0.882500,,0.911800,0.883150,0.311,891.2
2772,0.881250,,0.911800,0.883150,0.306,891.5
2773,0.881750,,0.911800,0.883150,0.309,891.8
2774,0.881900,,0.911800,0.883150,0.375,892.2
2775,0.881467,,0.911800,0.883150,0.309,892.5
2776,0.882200,,0.911800,0.883150,0.304,892.8
2777,0.882283,,0.911800,0.883150,0.309,893.1
2778,0.882700,,0.911800,0.883150,0.308,893.4
2779,0.882567,,0.911800,0.883150,0.308,893.7
2780,0.881750,,0.911800,0.883150,0.309,894.0
2781,0.880650,,0.911800,0.883150,0.376,894.4
2782,0.881050,,0.911800,0.883150,0.304,894.7
2783,0.881133,,0.911800,0.883150,0.310,895.0
2784,0.880717,,0.911800,0.883150,0.309,895.3
2785,0.882517,,0.911800,0.883150,0.310,895.6
2786,0.881533,,0.911800,0.883150,0.309,895.9
2787,0.881450,,0.911800,0.883150,0.308,896.3
2788,0.879833,,0.911800,0.883150,0.373,896.6
2789,0.881733,,0.911800,0.883150,0.308,896.9
2790,0.881333,,0.911800,0.883150,0.307,897.2
2791,0.881367,,0.911800,0.883150,0.309,897.6
2792,0.880333,,0.911800,0.883150,0.310,897.9
2793,0.882433,,0.911800,0.883150,0.308,898.2
2794,0.880967,,0.911800,0.883150,0.305,898.5
2795,0.883000,,0.911800,0.883150,0.379,898.9
2796,0.881033,,0.911800,0.883150,0.307,899.2
2797,0.882250,,0.911800,0.883150,0.305,899.5
2798,0.883617,,0.911800,0.883617,0.309,899.8
2799,0.882350,,0.911800,0.883617,0.305,900.1
2800,0.880017,0.909500002861023,0.911800,0.883617,0.421,900.5
2801,0.880967,,0.911800,0.883617,0.209,900.7
2802,0.881517,,0.911800,0.883617,0.374,901.1
2803,0.881867,,0.911800,0.883617,0.310,901.4
2804,0.881350,,0.911800,0.883617,0.306,901.7
2805,0.882667,,0.911800,0.883617,0.310,902.0
2806,0.883750,,0.911800,0.883750,0.308,902.3
2807,0.881283,,0.911800,0.883750,0.307,902.6
2808,0.881633,,0.911800,0.883750,0.306,902.9
2809,0.882150,,0.911800,0.883750,0.372,903.3
2810,0.880767,,0.911800,0.883750,0.307,903.6
2811,0.880833,,0.911800,0.883750,0.309,903.9
2812,0.881183,,0.911800,0.883750,0.308,904.2
2813,0.881617,,0.911800,0.883750,0.308,904.5
2814,0.881800,,0.911800,0.883750,0.309,904.8
2815,0.881117,,0.911800,0.883750,0.309,905.2
2816,0.882067,,0.911800,0.883750,0.374,905.5
2817,0.882800,,0.911800,0.883750,0.308,905.8
2818,0.881583,,0.911800,0.883750,0.310,906.1
2819,0.882717,,0.911800,0.883750,0.305,906.5
2820,0.882617,,0.911800,0.883750,0.308,906.8
2821,0.881533,,0.911800,0.883750,0.307,907.1
2822,0.883233,,0.911800,0.883750,0.306,907.4
2823,0.882850,,0.911800,0.883750,0.377,907.8
2824,0.882317,,0.911800,0.883750,0.308,908.1
2825,0.881817,,0.911800,0.883750,0.309,908.4
2826,0.881100,,0.911800,0.883750,0.309,908.7
2827,0.881883,,0.911800,0.883750,0.314,909.0
2828,0.881800,,0.911800,0.883750,0.309,909.3
2829,0.882717,,0.911800,0.883750,0.308,909.6
2830,0.882833,,0.911800,0.883750,0.374,910.0
2831,0.881633,,0.911800,0.883750,0.307,910.3
2832,0.881700,,0.911800,0.883750,0.308,910.6
2833,0.882117,,0.911800,0.883750,0.307,910.9
2834,0.882683,,0.911800,0.883750,0.308,911.2
2835,0.880550,,0.911800,0.883750,0.307,911.5
2836,0.882283,,0.911800,0.883750,0.310,911.8
2837,0.882033,,0.911800,0.883750,0.377,912.2
2838,0.882300,,0.911800,0.883750,0.316,912.5
2839,0.881700,,0.911800,0.883750,0.310,912.8
2840,0.881450,,0.911800,0.883750,0.308,913.1
2841,0.881500,,0.911800,0.883750,0.314,913.5
2842,0.881333,,0.911800,0.883750,0.315,913.8
2843,0.880350,,0.911800,0.883750,0.311,914.1
2844,0.882150,,0.911800,0.883750,0.374,914.5
2845,0.881967,,0.911800,0.883750,0.309,914.8
2846,0.881200,,0.911800,0.883750,0.306,915.1
2847,0.881433,,0.911800,0.883750,0.314,915.4
2848,0.881283,,0.911800,0.883750,0.311,915.7
2849,0.882467,,0.911800,0.883750,0.305,916.0
2850,0.880950,0.9110999703407288,0.911800,0.883750,0.421,916.4
2851,0.881500,,0.911800,0.883750,0.280,916.7
2852,0.882983,,0.911800,0.883750,0.305,917.0
2853,0.881933,,0.911800,0.883750,0.308,917.3
2854,0.880100,,0.911800,0.883750,0.313,917.6
2855,0.881350,,0.911800,0.883750,0.309,917.9
2856,0.882000,,0.911800,0.883750,0.307,918.2
2857,0.881617,,0.911800,0.883750,0.310,918.6
2858,0.882133,,0.911800,0.883750,0.378,918.9
2859,0.883467,,0.911800,0.883750,0.309,919.2
2860,0.882433,,0.911800,0.883750,0.309,919.5
2861,0.882683,,0.911800,0.883750,0.362,919.9
2862,0.882667,,0.911800,0.883750,0.306,920.2
2863,0.880650,,0.911800,0.883750,0.311,920.5
2864,0.879483,,0.911800,0.883750,0.311,920.8
2865,0.878883,,0.911800,0.883750,0.377,921.2
2866,0.879633,,0.911800,0.883750,0.305,921.5
2867,0.881300,,0.911800,0.883750,0.309,921.8
2868,0.881283,,0.911800,0.883750,0.311,922.1
2869,0.881550,,0.911800,0.883750,0.308,922.4
2870,0.880917,,0.911800,0.883750,0.308,922.8
2871,0.881050,,0.911800,0.883750,0.309,923.1
2872,0.880083,,0.911800,0.883750,0.373,923.4
2873,0.882567,,0.911800,0.883750,0.308,923.7
2874,0.882167,,0.911800,0.883750,0.310,924.1
2875,0.881400,,0.911800,0.883750,0.309,924.4
2876,0.881950,,0.911800,0.883750,0.307,924.7
2877,0.879667,,0.911800,0.883750,0.306,925.0
2878,0.880833,,0.911800,0.883750,0.307,925.3
2879,0.881350,,0.911800,0.883750,0.375,925.7
2880,0.881117,,0.911800,0.883750,0.308,926.0
2881,0.882333,,0.911800,0.883750,0.307,926.3
2882,0.881450,,0.911800,0.883750,0.307,926.6
2883,0.880967,,0.911800,0.883750,0.307,926.9
2884,0.880733,,0.911800,0.883750,0.310,927.2
2885,0.880517,,0.911800,0.883750,0.307,927.5
2886,0.881767,,0.911800,0.883750,0.377,927.9
2887,0.879833,,0.911800,0.883750,0.305,928.2
2888,0.881183,,0.911800,0.883750,0.308,928.5
2889,0.881950,,0.911800,0.883750,0.310,928.8
2890,0.881783,,0.911800,0.883750,0.308,929.1
2891,0.881367,,0.911800,0.883750,0.310,929.4
2892,0.881617,,0.911800,0.883750,0.307,929.7
2893,0.880600,,0.911800,0.883750,0.378,930.1
2894,0.881067,,0.911800,0.883750,0.310,930.4
2895,0.879833,,0.911800,0.883750,0.308,930.7
2896,0.882267,,0.911800,0.883750,0.306,931.0
2897,0.880417,,0.911800,0.883750,0.308,931.3
2898,0.881783,,0.911800,0.883750,0.310,931.7
2899,0.881683,,0.911800,0.883750,0.309,932.0
2900,0.880617,0.9099999666213989,0.911800,0.883750,0.488,932.4
2901,0.881417,,0.911800,0.883750,0.211,932.7
2902,0.882150,,0.911800,0.883750,0.308,933.0
2903,0.881700,,0.911800,0.883750,0.314,933.3
2904,0.881417,,0.911800,0.883750,0.309,933.6
2905,0.882117,,0.911800,0.883750,0.310,933.9
2906,0.881333,,0.911800,0.883750,0.307,934.2
2907,0.880900,,0.911800,0.883750,0.374,934.6
2908,0.881867,,0.911800,0.883750,0.305,934.9
2909,0.881867,,0.911800,0.883750,0.306,935.2
2910,0.879983,,0.911800,0.883750,0.306,935.5
2911,0.880817,,0.911800,0.883750,0.304,935.8
2912,0.881000,,0.911800,0.883750,0.308,936.1
2913,0.881400,,0.911800,0.883750,0.307,936.4
2914,0.881717,,0.911800,0.883750,0.375,936.8
2915,0.880217,,0.911800,0.883750,0.307,937.1
2916,0.880933,,0.911800,0.883750,0.306,937.4
2917,0.881900,,0.911800,0.883750,0.308,937.7
2918,0.881350,,0.911800,0.883750,0.308,938.0
2919,0.882050,,0.911800,0.883750,0.306,938.3
2920,0.880567,,0.911800,0.883750,0.310,938.6
2921,0.880950,,0.911800,0.883750,0.376,939.0
2922,0.881600,,0.911800,0.883750,0.309,939.3
2923,0.881433,,0.911800,0.883750,0.313,939.6
2924,0.879800,,0.911800,0.883750,0.310,939.9
2925,0.881000,,0.911800,0.883750,0.306,940.3
2926,0.881000,,0.911800,0.883750,0.306,940.6
2927,0.882117,,0.911800,0.883750,0.310,940.9
2928,0.880050,,0.911800,0.883750,0.377,941.2
2929,0.880917,,0.911800,0.883750,0.305,941.6
2930,0.881200,,0.911800,0.883750,0.310,941.9
2931,0.880417,,0.911800,0.883750,0.311,942.2
2932,0.880900,,0.911800,0.883750,0.309,942.5
2933,0.881150,,0.911800,0.883750,0.309,942.8
2934,0.884533,,0.911800,0.884533,0.306,943.1
2935,0.881100,,0.911800,0.884533,0.378,943.5
2936,0.881650,,0.911800,0.884533,0.310,943.8
2937,0.881917,,0.911800,0.884533,0.310,944.1
2938,0.881683,,0.911800,0.884533,0.304,944.4
2939,0.883133,,0.911800,0.884533,0.308,944.7
2940,0.881633,,0.911800,0.884533,0.308,945.0
2941,0.883433,,0.911800,0.884533,0.309,945.3
2942,0.881983,,0.911800,0.884533,0.374,945.7
2943,0.880933,,0.911800,0.884533,0.311,946.0
2944,0.880983,,0.911800,0.884533,0.310,946.3
2945,0.881300,,0.911800,0.884533,0.303,946.6
2946,0.881883,,0.911800,0.884533,0.309,946.9
2947,0.880717,,0.911800,0.884533,0.307,947.2
2948,0.880500,,0.911800,0.884533,0.312,947.6
2949,0.881267,,0.911800,0.884533,0.376,947.9
2950,0.881467,0.9114999771118164,0.911800,0.884533,0.422,948.3
2951,0.878567,,0.911800,0.884533,0.217,948.6
2952,0.882583,,0.911800,0.884533,0.313,948.9
2953,0.881567,,0.911800,0.884533,0.307,949.2
2954,0.882683,,0.911800,0.884533,0.335,949.5
2955,0.881850,,0.911800,0.884533,0.311,949.8
2956,0.880700,,0.911800,0.884533,0.374,950.2
2957,0.882033,,0.911800,0.884533,0.311,950.5
2958,0.881883,,0.911800,0.884533,0.308,950.8
2959,0.881550,,0.911800,0.884533,0.307,951.1
2960,0.880883,,0.911800,0.884533,0.307,951.4
2961,0.881250,,0.911800,0.884533,0.312,951.7
2962,0.880200,,0.911800,0.884533,0.309,952.1
2963,0.879867,,0.911800,0.884533,0.375,952.4
2964,0.880550,,0.911800,0.884533,0.306,952.7
2965,0.880733,,0.911800,0.884533,0.306,953.0
2966,0.881733,,0.911800,0.884533,0.307,953.4
2967,0.881350,,0.911800,0.884533,0.311,953.7
2968,0.881050,,0.911800,0.884533,0.308,954.0
2969,0.881283,,0.911800,0.884533,0.306,954.3
2970,0.880400,,0.911800,0.884533,0.377,954.7
2971,0.882717,,0.911800,0.884533,0.310,955.0
2972,0.881050,,0.911800,0.884533,0.308,955.3
2973,0.882517,,0.911800,0.884533,0.306,955.6
2974,0.881950,,0.911800,0.884533,0.307,955.9
2975,0.881583,,0.911800,0.884533,0.312,956.2
2976,0.880950,,0.911800,0.884533,0.306,956.5
2977,0.880600,,0.911800,0.884533,0.377,956.9
2978,0.881333,,0.911800,0.884533,0.309,957.2
2979,0.882083,,0.911800,0.884533,0.307,957.5
2980,0.881483,,0.911800,0.884533,0.308,957.8
2981,0.883200,,0.911800,0.884533,0.305,958.1
2982,0.880800,,0.911800,0.884533,0.310,958.4
2983,0.882700,,0.911800,0.884533,0.311,958.7
2984,0.882517,,0.911800,0.884533,0.378,959.1
2985,0.882017,,0.911800,0.884533,0.308,959.4
2986,0.880650,,0.911800,0.884533,0.311,959.7
2987,0.882833,,0.911800,0.884533,0.304,960.0
2988,0.883100,,0.911800,0.884533,0.310,960.3
2989,0.883000,,0.911800,0.884533,0.305,960.6
2990,0.882067,,0.911800,0.884533,0.309,961.0
2991,0.882600,,0.911800,0.884533,0.375,961.3
2992,0.879867,,0.911800,0.884533,0.309,961.6
2993,0.881950,,0.911800,0.884533,0.309,961.9
2994,0.883283,,0.911800,0.884533,0.309,962.3
2995,0.881067,,0.911800,0.884533,0.309,962.6
2996,0.883067,,0.911800,0.884533,0.309,962.9
2997,0.882000,,0.911800,0.884533,0.308,963.2
2998,0.881833,,0.911800,0.884533,0.376,963.6
2999,0.883917,,0.911800,0.884533,0.313,963.9
