epoch,train_acc,val_acc,best_val,best_train,epoch_time,cum_time
0,0.084533,0.09799999743700027,0.098000,0.084533,6.377,6.4
1,0.083850,,0.098000,0.084533,0.481,6.9
2,0.084617,,0.098000,0.084617,0.559,7.4
3,0.085850,,0.098000,0.085850,0.574,8.0
4,0.082667,,0.098000,0.085850,0.612,8.6
5,0.082917,,0.098000,0.085850,0.553,9.2
6,0.082533,,0.098000,0.085850,0.545,9.7
7,0.084200,,0.098000,0.085850,0.548,10.2
8,0.085200,,0.098000,0.085850,0.612,10.9
9,0.083133,,0.098000,0.085850,0.596,11.5
10,0.083950,,0.098000,0.085850,0.614,12.1
11,0.084083,,0.098000,0.085850,0.551,12.6
12,0.083850,,0.098000,0.085850,0.619,13.2
13,0.084800,,0.098000,0.085850,0.546,13.8
14,0.085717,,0.098000,0.085850,0.539,14.3
15,0.083500,,0.098000,0.085850,0.545,14.9
16,0.086250,,0.098000,0.086250,0.612,15.5
17,0.085367,,0.098000,0.086250,0.545,16.0
18,0.087033,,0.098000,0.087033,0.546,16.6
19,0.086333,,0.098000,0.087033,0.542,17.1
20,0.087650,,0.098000,0.087650,0.607,17.7
21,0.086967,,0.098000,0.087650,0.544,18.3
22,0.089417,,0.098000,0.089417,0.538,18.8
23,0.089967,,0.098000,0.089967,0.547,19.4
24,0.092783,,0.098000,0.092783,0.602,20.0
25,0.091933,,0.098000,0.092783,0.539,20.5
26,0.095183,,0.098000,0.095183,0.539,21.0
27,0.096250,,0.098000,0.096250,0.541,21.6
28,0.099383,,0.098000,0.099383,0.609,22.2
29,0.100050,,0.098000,0.100050,0.553,22.7
30,0.100967,,0.098000,0.100967,0.549,23.3
31,0.103317,,0.098000,0.103317,0.543,23.8
32,0.103833,,0.098000,0.103833,0.625,24.5
33,0.106183,,0.098000,0.106183,0.542,25.0
34,0.107167,,0.098000,0.107167,0.544,25.5
35,0.110767,,0.098000,0.110767,0.547,26.1
36,0.107500,,0.098000,0.110767,0.604,26.7
37,0.110667,,0.098000,0.110767,0.542,27.2
38,0.111667,,0.098000,0.111667,0.555,27.8
39,0.110733,,0.098000,0.111667,0.557,28.3
40,0.111733,,0.098000,0.111733,0.618,29.0
41,0.113650,,0.098000,0.113650,0.535,29.5
42,0.111500,,0.098000,0.113650,0.541,30.0
43,0.114367,,0.098000,0.114367,0.546,30.6
44,0.114400,,0.098000,0.114400,0.611,31.2
45,0.113733,,0.098000,0.114400,0.545,31.7
46,0.115783,,0.098000,0.115783,0.550,32.3
47,0.115717,,0.098000,0.115783,0.544,32.8
48,0.114700,,0.098000,0.115783,0.644,33.5
49,0.116867,,0.098000,0.116867,0.560,34.0
50,0.117967,0.10399999469518661,0.104000,0.117967,0.774,34.8
51,0.118033,,0.104000,0.118033,0.364,35.2
52,0.117867,,0.104000,0.118033,0.622,35.8
53,0.118900,,0.104000,0.118900,0.568,36.4
54,0.118767,,0.104000,0.118900,0.561,36.9
55,0.118817,,0.104000,0.118900,0.557,37.5
56,0.119350,,0.104000,0.119350,0.691,38.2
57,0.119350,,0.104000,0.119350,0.558,38.7
58,0.121867,,0.104000,0.121867,0.561,39.3
59,0.120933,,0.104000,0.121867,0.570,39.9
60,0.121983,,0.104000,0.121983,0.629,40.5
61,0.122850,,0.104000,0.122850,0.560,41.0
62,0.121483,,0.104000,0.122850,0.567,41.6
63,0.125350,,0.104000,0.125350,0.563,42.2
64,0.122783,,0.104000,0.125350,0.636,42.8
65,0.124217,,0.104000,0.125350,0.547,43.4
66,0.123133,,0.104000,0.125350,0.558,43.9
67,0.127833,,0.104000,0.127833,0.542,44.5
68,0.125017,,0.104000,0.127833,0.603,45.1
69,0.125967,,0.104000,0.127833,0.541,45.6
70,0.126167,,0.104000,0.127833,0.542,46.2
71,0.127867,,0.104000,0.127867,0.543,46.7
72,0.128633,,0.104000,0.128633,0.605,47.3
73,0.127317,,0.104000,0.128633,0.541,47.8
74,0.126950,,0.104000,0.128633,0.539,48.4
75,0.127917,,0.104000,0.128633,0.539,48.9
76,0.129217,,0.104000,0.129217,0.601,49.5
77,0.129233,,0.104000,0.129233,0.541,50.1
78,0.131650,,0.104000,0.131650,0.542,50.6
79,0.129150,,0.104000,0.131650,0.552,51.2
80,0.131883,,0.104000,0.131883,0.606,51.8
81,0.131033,,0.104000,0.131883,0.537,52.3
82,0.131200,,0.104000,0.131883,0.539,52.8
83,0.132100,,0.104000,0.132100,0.545,53.4
84,0.131500,,0.104000,0.132100,0.614,54.0
85,0.134700,,0.104000,0.134700,0.547,54.5
86,0.133917,,0.104000,0.134700,0.544,55.1
87,0.133467,,0.104000,0.134700,0.548,55.6
88,0.134567,,0.104000,0.134700,0.617,56.3
89,0.134350,,0.104000,0.134700,0.545,56.8
90,0.136250,,0.104000,0.136250,0.550,57.3
91,0.135883,,0.104000,0.136250,0.551,57.9
92,0.136067,,0.104000,0.136250,0.614,58.5
93,0.137867,,0.104000,0.137867,0.554,59.1
94,0.138600,,0.104000,0.138600,0.543,59.6
95,0.140233,,0.104000,0.140233,0.547,60.2
96,0.139367,,0.104000,0.140233,0.624,60.8
97,0.142483,,0.104000,0.142483,0.543,61.3
98,0.142600,,0.104000,0.142600,0.544,61.9
99,0.145133,,0.104000,0.145133,0.541,62.4
100,0.144850,0.12969999015331268,0.129700,0.145133,0.811,63.2
101,0.144000,,0.129700,0.145133,0.354,63.6
102,0.146333,,0.129700,0.146333,0.544,64.1
103,0.147583,,0.129700,0.147583,0.543,64.7
104,0.147133,,0.129700,0.147583,0.610,65.3
105,0.148250,,0.129700,0.148250,0.544,65.8
106,0.149500,,0.129700,0.149500,0.547,66.4
107,0.149467,,0.129700,0.149500,0.548,66.9
108,0.152150,,0.129700,0.152150,0.613,67.5
109,0.153683,,0.129700,0.153683,0.600,68.1
110,0.155033,,0.129700,0.155033,0.543,68.7
111,0.155417,,0.129700,0.155417,0.553,69.2
112,0.155933,,0.129700,0.155933,0.618,69.8
113,0.160633,,0.129700,0.160633,0.544,70.4
114,0.159533,,0.129700,0.160633,0.544,70.9
115,0.161817,,0.129700,0.161817,0.550,71.5
116,0.161800,,0.129700,0.161817,0.609,72.1
117,0.162617,,0.129700,0.162617,0.549,72.6
118,0.167017,,0.129700,0.167017,0.567,73.2
119,0.168917,,0.129700,0.168917,0.547,73.7
120,0.169167,,0.129700,0.169167,0.611,74.4
121,0.169550,,0.129700,0.169550,0.548,74.9
122,0.172150,,0.129700,0.172150,0.541,75.4
123,0.172833,,0.129700,0.172833,0.547,76.0
124,0.174950,,0.129700,0.174950,0.609,76.6
125,0.177583,,0.129700,0.177583,0.544,77.1
126,0.178783,,0.129700,0.178783,0.543,77.7
127,0.180267,,0.129700,0.180267,0.544,78.2
128,0.182583,,0.129700,0.182583,0.629,78.9
129,0.184050,,0.129700,0.184050,0.575,79.4
130,0.188117,,0.129700,0.188117,0.563,80.0
131,0.185300,,0.129700,0.188117,0.562,80.6
132,0.191000,,0.129700,0.191000,0.621,81.2
133,0.190400,,0.129700,0.191000,0.553,81.7
134,0.194717,,0.129700,0.194717,0.552,82.3
135,0.195800,,0.129700,0.195800,0.553,82.8
136,0.198267,,0.129700,0.198267,0.615,83.5
137,0.197800,,0.129700,0.198267,0.549,84.0
138,0.201867,,0.129700,0.201867,0.546,84.6
139,0.202550,,0.129700,0.202550,0.548,85.1
140,0.204250,,0.129700,0.204250,0.615,85.7
141,0.207083,,0.129700,0.207083,0.549,86.3
142,0.206350,,0.129700,0.207083,0.547,86.8
143,0.209133,,0.129700,0.209133,0.550,87.4
144,0.210917,,0.129700,0.210917,0.618,88.0
145,0.210983,,0.129700,0.210983,0.545,88.5
146,0.215267,,0.129700,0.215267,0.548,89.1
147,0.218417,,0.129700,0.218417,0.552,89.6
148,0.218333,,0.129700,0.218417,0.624,90.2
149,0.219100,,0.129700,0.219100,0.548,90.8
150,0.223000,0.2516999840736389,0.251700,0.223000,0.757,91.6
151,0.223533,,0.251700,0.223533,0.360,91.9
152,0.223183,,0.251700,0.223533,0.631,92.5
153,0.227567,,0.251700,0.227567,0.555,93.1
154,0.229133,,0.251700,0.229133,0.553,93.6
155,0.230783,,0.251700,0.230783,0.544,94.2
156,0.231017,,0.251700,0.231017,0.614,94.8
157,0.233000,,0.251700,0.233000,0.540,95.3
158,0.233117,,0.251700,0.233117,0.540,95.9
159,0.235650,,0.251700,0.235650,0.541,96.4
160,0.236933,,0.251700,0.236933,0.607,97.0
161,0.235917,,0.251700,0.236933,0.544,97.6
162,0.238767,,0.251700,0.238767,0.585,98.2
163,0.240400,,0.251700,0.240400,0.540,98.7
164,0.242550,,0.251700,0.242550,0.603,99.3
165,0.245083,,0.251700,0.245083,0.539,99.8
166,0.244233,,0.251700,0.245083,0.540,100.4
167,0.245567,,0.251700,0.245567,0.545,100.9
168,0.246783,,0.251700,0.246783,0.612,101.5
169,0.250500,,0.251700,0.250500,0.548,102.1
170,0.252100,,0.251700,0.252100,0.542,102.6
171,0.251333,,0.251700,0.252100,0.545,103.2
172,0.256450,,0.251700,0.256450,0.615,103.8
173,0.256833,,0.251700,0.256833,0.541,104.3
174,0.259600,,0.251700,0.259600,0.548,104.9
175,0.261717,,0.251700,0.261717,0.553,105.4
176,0.260283,,0.251700,0.261717,0.608,106.0
177,0.264950,,0.251700,0.264950,0.540,106.6
178,0.267050,,0.251700,0.267050,0.539,107.1
179,0.270150,,0.251700,0.270150,0.536,107.7
180,0.273267,,0.251700,0.273267,0.603,108.3
181,0.269933,,0.251700,0.273267,0.542,108.8
182,0.274983,,0.251700,0.274983,0.536,109.3
183,0.275383,,0.251700,0.275383,0.539,109.9
184,0.276633,,0.251700,0.276633,0.605,110.5
185,0.276967,,0.251700,0.276967,0.537,111.0
186,0.281433,,0.251700,0.281433,0.535,111.6
187,0.280717,,0.251700,0.281433,0.539,112.1
188,0.285433,,0.251700,0.285433,0.606,112.7
189,0.284733,,0.251700,0.285433,0.540,113.2
190,0.290000,,0.251700,0.290000,0.535,113.8
191,0.289183,,0.251700,0.290000,0.540,114.3
192,0.292933,,0.251700,0.292933,0.606,114.9
193,0.294217,,0.251700,0.294217,0.538,115.5
194,0.295800,,0.251700,0.295800,0.540,116.0
195,0.296200,,0.251700,0.296200,0.536,116.5
196,0.297200,,0.251700,0.297200,0.602,117.1
197,0.299883,,0.251700,0.299883,0.539,117.7
198,0.301967,,0.251700,0.301967,0.537,118.2
199,0.303650,,0.251700,0.303650,0.537,118.8
200,0.306933,0.334199994802475,0.334200,0.306933,0.809,119.6
201,0.308067,,0.334200,0.308067,0.349,119.9
202,0.308283,,0.334200,0.308283,0.536,120.4
203,0.311317,,0.334200,0.311317,0.543,121.0
204,0.314800,,0.334200,0.314800,0.607,121.6
205,0.314467,,0.334200,0.314800,0.542,122.1
206,0.318150,,0.334200,0.318150,0.542,122.7
207,0.319450,,0.334200,0.319450,0.540,123.2
208,0.323633,,0.334200,0.323633,0.603,123.8
209,0.323050,,0.334200,0.323633,0.586,124.4
210,0.326400,,0.334200,0.326400,0.571,125.0
211,0.327550,,0.334200,0.327550,0.555,125.5
212,0.331683,,0.334200,0.331683,0.631,126.2
213,0.332683,,0.334200,0.332683,0.549,126.7
214,0.335183,,0.334200,0.335183,0.543,127.3
215,0.337050,,0.334200,0.337050,0.543,127.8
216,0.340483,,0.334200,0.340483,0.604,128.4
217,0.342283,,0.334200,0.342283,0.543,128.9
218,0.344583,,0.334200,0.344583,0.538,129.5
219,0.346867,,0.334200,0.346867,0.545,130.0
220,0.348167,,0.334200,0.348167,0.600,130.6
221,0.353183,,0.334200,0.353183,0.545,131.2
222,0.355750,,0.334200,0.355750,0.544,131.7
223,0.355733,,0.334200,0.355750,0.540,132.3
224,0.360483,,0.334200,0.360483,0.611,132.9
225,0.363483,,0.334200,0.363483,0.541,133.4
226,0.363067,,0.334200,0.363483,0.540,134.0
227,0.369400,,0.334200,0.369400,0.541,134.5
228,0.369333,,0.334200,0.369400,0.610,135.1
229,0.372333,,0.334200,0.372333,0.546,135.6
230,0.374233,,0.334200,0.374233,0.542,136.2
231,0.377883,,0.334200,0.377883,0.546,136.7
232,0.380500,,0.334200,0.380500,0.616,137.4
233,0.385467,,0.334200,0.385467,0.547,137.9
234,0.388983,,0.334200,0.388983,0.545,138.4
235,0.386817,,0.334200,0.388983,0.545,139.0
236,0.394167,,0.334200,0.394167,0.609,139.6
237,0.396383,,0.334200,0.396383,0.542,140.1
238,0.400200,,0.334200,0.400200,0.540,140.7
239,0.405917,,0.334200,0.405917,0.543,141.2
240,0.406200,,0.334200,0.406200,0.618,141.8
241,0.410800,,0.334200,0.410800,0.542,142.4
242,0.412900,,0.334200,0.412900,0.545,142.9
243,0.415667,,0.334200,0.415667,0.544,143.5
244,0.419567,,0.334200,0.419567,0.611,144.1
245,0.421600,,0.334200,0.421600,0.548,144.6
246,0.423817,,0.334200,0.423817,0.547,145.2
247,0.430700,,0.334200,0.430700,0.551,145.7
248,0.432217,,0.334200,0.432217,0.622,146.4
249,0.432083,,0.334200,0.432217,0.547,146.9
250,0.435683,0.539900004863739,0.539900,0.435683,0.748,147.6
251,0.437050,,0.539900,0.437050,0.351,148.0
252,0.439433,,0.539900,0.439433,0.612,148.6
253,0.441633,,0.539900,0.441633,0.546,149.2
254,0.447117,,0.539900,0.447117,0.543,149.7
255,0.448833,,0.539900,0.448833,0.547,150.2
256,0.450317,,0.539900,0.450317,0.615,150.9
257,0.453267,,0.539900,0.453267,0.546,151.4
258,0.454567,,0.539900,0.454567,0.545,152.0
259,0.458083,,0.539900,0.458083,0.542,152.5
260,0.461983,,0.539900,0.461983,0.613,153.1
261,0.464967,,0.539900,0.464967,0.547,153.7
262,0.464983,,0.539900,0.464983,0.544,154.2
263,0.470350,,0.539900,0.470350,0.545,154.7
264,0.474317,,0.539900,0.474317,0.619,155.4
265,0.474167,,0.539900,0.474317,0.545,155.9
266,0.478450,,0.539900,0.478450,0.547,156.5
267,0.480383,,0.539900,0.480383,0.545,157.0
268,0.483983,,0.539900,0.483983,0.617,157.6
269,0.484633,,0.539900,0.484633,0.598,158.2
270,0.487467,,0.539900,0.487467,0.549,158.8
271,0.493000,,0.539900,0.493000,0.543,159.3
272,0.494450,,0.539900,0.494450,0.610,159.9
273,0.497500,,0.539900,0.497500,0.546,160.5
274,0.497067,,0.539900,0.497500,0.546,161.0
275,0.503833,,0.539900,0.503833,0.550,161.6
276,0.504567,,0.539900,0.504567,0.611,162.2
277,0.505833,,0.539900,0.505833,0.544,162.7
278,0.509950,,0.539900,0.509950,0.547,163.3
279,0.515933,,0.539900,0.515933,0.547,163.8
280,0.517300,,0.539900,0.517300,0.617,164.4
281,0.520417,,0.539900,0.520417,0.552,165.0
282,0.523150,,0.539900,0.523150,0.553,165.5
283,0.524600,,0.539900,0.524600,0.552,166.1
284,0.527717,,0.539900,0.527717,0.614,166.7
285,0.526633,,0.539900,0.527717,0.574,167.3
286,0.532833,,0.539900,0.532833,0.560,167.8
287,0.534600,,0.539900,0.534600,0.548,168.4
288,0.535900,,0.539900,0.535900,0.629,169.0
289,0.544000,,0.539900,0.544000,0.547,169.6
290,0.542417,,0.539900,0.544000,0.546,170.1
291,0.551783,,0.539900,0.551783,0.545,170.6
292,0.554367,,0.539900,0.554367,0.647,171.3
293,0.555450,,0.539900,0.555450,0.561,171.9
294,0.558933,,0.539900,0.558933,0.548,172.4
295,0.566317,,0.539900,0.566317,0.551,173.0
296,0.561650,,0.539900,0.566317,0.629,173.6
297,0.566733,,0.539900,0.566733,0.553,174.1
298,0.567017,,0.539900,0.567017,0.543,174.7
299,0.571667,,0.539900,0.571667,0.560,175.2
300,0.572233,0.7537999749183655,0.753800,0.572233,0.825,176.1
301,0.578867,,0.753800,0.578867,0.362,176.4
302,0.580117,,0.753800,0.580117,0.546,177.0
303,0.582467,,0.753800,0.582467,0.563,177.5
304,0.580083,,0.753800,0.582467,0.632,178.2
305,0.586117,,0.753800,0.586117,0.551,178.7
306,0.590583,,0.753800,0.590583,0.565,179.3
307,0.593617,,0.753800,0.593617,0.546,179.8
308,0.596050,,0.753800,0.596050,0.615,180.4
309,0.598517,,0.753800,0.598517,0.547,181.0
310,0.599450,,0.753800,0.599450,0.556,181.5
311,0.598217,,0.753800,0.599450,0.597,182.1
312,0.606683,,0.753800,0.606683,0.635,182.8
313,0.609583,,0.753800,0.609583,0.560,183.3
314,0.609667,,0.753800,0.609667,0.552,183.9
315,0.611933,,0.753800,0.611933,0.554,184.4
316,0.612750,,0.753800,0.612750,0.619,185.1
317,0.613617,,0.753800,0.613617,0.553,185.6
318,0.616433,,0.753800,0.616433,0.551,186.2
319,0.618950,,0.753800,0.618950,0.550,186.7
320,0.618783,,0.753800,0.618950,0.614,187.3
321,0.624700,,0.753800,0.624700,0.612,187.9
322,0.624883,,0.753800,0.624883,0.552,188.5
323,0.629150,,0.753800,0.629150,0.549,189.0
324,0.625167,,0.753800,0.629150,0.621,189.7
325,0.626433,,0.753800,0.629150,0.551,190.2
326,0.629683,,0.753800,0.629683,0.549,190.8
327,0.634250,,0.753800,0.634250,0.547,191.3
328,0.634633,,0.753800,0.634633,0.619,191.9
329,0.636600,,0.753800,0.636600,0.547,192.5
330,0.635717,,0.753800,0.636600,0.556,193.0
331,0.640083,,0.753800,0.640083,0.549,193.6
332,0.644067,,0.753800,0.644067,0.612,194.2
333,0.640650,,0.753800,0.644067,0.553,194.7
334,0.646000,,0.753800,0.646000,0.546,195.3
335,0.646533,,0.753800,0.646533,0.546,195.8
336,0.648233,,0.753800,0.648233,0.617,196.5
337,0.646850,,0.753800,0.648233,0.546,197.0
338,0.648383,,0.753800,0.648383,0.548,197.6
339,0.646767,,0.753800,0.648383,0.547,198.1
340,0.654000,,0.753800,0.654000,0.616,198.7
341,0.654067,,0.753800,0.654067,0.543,199.3
342,0.655250,,0.753800,0.655250,0.545,199.8
343,0.654850,,0.753800,0.655250,0.546,200.4
344,0.657950,,0.753800,0.657950,0.619,201.0
345,0.657467,,0.753800,0.657950,0.548,201.5
346,0.661900,,0.753800,0.661900,0.545,202.1
347,0.662250,,0.753800,0.662250,0.545,202.6
348,0.662883,,0.753800,0.662883,0.612,203.2
349,0.664483,,0.753800,0.664483,0.546,203.8
350,0.666017,0.7949999570846558,0.795000,0.666017,0.748,204.5
351,0.665883,,0.795000,0.666017,0.353,204.9
352,0.668717,,0.795000,0.668717,0.616,205.5
353,0.670267,,0.795000,0.670267,0.545,206.0
354,0.668600,,0.795000,0.670267,0.543,206.6
355,0.671133,,0.795000,0.671133,0.544,207.1
356,0.671367,,0.795000,0.671367,0.611,207.7
357,0.674850,,0.795000,0.674850,0.548,208.3
358,0.675483,,0.795000,0.675483,0.542,208.8
359,0.673133,,0.795000,0.675483,0.546,209.4
360,0.675050,,0.795000,0.675483,0.619,210.0
361,0.676950,,0.795000,0.676950,0.544,210.5
362,0.680717,,0.795000,0.680717,0.546,211.1
363,0.685350,,0.795000,0.685350,0.545,211.6
364,0.677633,,0.795000,0.685350,0.615,212.2
365,0.682333,,0.795000,0.685350,0.549,212.8
366,0.682933,,0.795000,0.685350,0.541,213.3
367,0.684483,,0.795000,0.685350,0.543,213.9
368,0.684533,,0.795000,0.685350,0.612,214.5
369,0.685500,,0.795000,0.685500,0.546,215.0
370,0.688300,,0.795000,0.688300,0.546,215.6
371,0.687983,,0.795000,0.688300,0.547,216.1
372,0.690817,,0.795000,0.690817,0.617,216.7
373,0.689700,,0.795000,0.690817,0.549,217.3
374,0.690650,,0.795000,0.690817,0.547,217.8
375,0.694167,,0.795000,0.694167,0.547,218.4
376,0.694233,,0.795000,0.694233,0.697,219.1
377,0.694400,,0.795000,0.694400,0.548,219.6
378,0.695233,,0.795000,0.695233,0.547,220.2
379,0.694567,,0.795000,0.695233,0.550,220.7
380,0.697867,,0.795000,0.697867,0.613,221.3
381,0.697350,,0.795000,0.697867,0.546,221.9
382,0.698733,,0.795000,0.698733,0.545,222.4
383,0.699667,,0.795000,0.699667,0.548,223.0
384,0.699383,,0.795000,0.699667,0.613,223.6
385,0.700317,,0.795000,0.700317,0.547,224.1
386,0.701733,,0.795000,0.701733,0.548,224.7
387,0.701217,,0.795000,0.701733,0.547,225.2
388,0.700733,,0.795000,0.701733,0.614,225.8
389,0.702600,,0.795000,0.702600,0.549,226.4
390,0.704100,,0.795000,0.704100,0.549,226.9
391,0.703800,,0.795000,0.704100,0.545,227.5
392,0.705583,,0.795000,0.705583,0.622,228.1
393,0.706683,,0.795000,0.706683,0.553,228.7
394,0.706500,,0.795000,0.706683,0.549,229.2
395,0.708417,,0.795000,0.708417,0.547,229.7
396,0.708017,,0.795000,0.708417,0.615,230.4
397,0.709083,,0.795000,0.709083,0.550,230.9
398,0.709700,,0.795000,0.709700,0.549,231.5
399,0.707933,,0.795000,0.709700,0.543,232.0
400,0.713233,0.8206999897956848,0.820700,0.713233,0.822,232.8
401,0.714517,,0.820700,0.714517,0.358,233.2
402,0.710883,,0.820700,0.714517,0.549,233.7
403,0.712083,,0.820700,0.714517,0.551,234.3
404,0.714733,,0.820700,0.714733,0.618,234.9
405,0.711167,,0.820700,0.714733,0.545,235.4
406,0.714483,,0.820700,0.714733,0.549,236.0
407,0.714167,,0.820700,0.714733,0.549,236.5
408,0.713917,,0.820700,0.714733,0.616,237.2
409,0.716233,,0.820700,0.716233,0.546,237.7
410,0.718917,,0.820700,0.718917,0.550,238.3
411,0.716983,,0.820700,0.718917,0.542,238.8
412,0.715750,,0.820700,0.718917,0.618,239.4
413,0.717517,,0.820700,0.718917,0.549,240.0
414,0.720350,,0.820700,0.720350,0.543,240.5
415,0.721333,,0.820700,0.721333,0.548,241.1
416,0.720517,,0.820700,0.721333,0.616,241.7
417,0.721267,,0.820700,0.721333,0.546,242.2
418,0.722033,,0.820700,0.722033,0.543,242.8
419,0.723167,,0.820700,0.723167,0.541,243.3
420,0.724200,,0.820700,0.724200,0.613,243.9
421,0.722283,,0.820700,0.724200,0.547,244.5
422,0.722133,,0.820700,0.724200,0.545,245.0
423,0.724900,,0.820700,0.724900,0.545,245.6
424,0.726500,,0.820700,0.726500,0.618,246.2
425,0.723733,,0.820700,0.726500,0.549,246.7
426,0.727450,,0.820700,0.727450,0.545,247.3
427,0.727133,,0.820700,0.727450,0.545,247.8
428,0.727333,,0.820700,0.727450,0.622,248.4
429,0.728917,,0.820700,0.728917,0.546,249.0
430,0.729183,,0.820700,0.729183,0.548,249.5
431,0.729533,,0.820700,0.729533,0.547,250.1
432,0.729950,,0.820700,0.729950,0.612,250.7
433,0.731567,,0.820700,0.731567,0.545,251.2
434,0.731350,,0.820700,0.731567,0.548,251.8
435,0.731900,,0.820700,0.731900,0.549,252.3
436,0.733450,,0.820700,0.733450,0.613,252.9
437,0.733250,,0.820700,0.733450,0.543,253.5
438,0.736233,,0.820700,0.736233,0.550,254.0
439,0.733250,,0.820700,0.736233,0.548,254.6
440,0.733050,,0.820700,0.736233,0.613,255.2
441,0.735033,,0.820700,0.736233,0.543,255.7
442,0.734817,,0.820700,0.736233,0.541,256.3
443,0.735300,,0.820700,0.736233,0.542,256.8
444,0.737333,,0.820700,0.737333,0.610,257.4
445,0.737567,,0.820700,0.737567,0.548,258.0
446,0.735483,,0.820700,0.737567,0.544,258.5
447,0.736433,,0.820700,0.737567,0.546,259.1
448,0.738367,,0.820700,0.738367,0.614,259.7
449,0.737017,,0.820700,0.738367,0.543,260.2
450,0.736567,0.8410999774932861,0.841100,0.738367,0.748,261.0
451,0.740300,,0.841100,0.740300,0.355,261.3
452,0.740367,,0.841100,0.740367,0.614,261.9
453,0.741383,,0.841100,0.741383,0.543,262.5
454,0.740617,,0.841100,0.741383,0.543,263.0
455,0.740650,,0.841100,0.741383,0.541,263.6
456,0.741500,,0.841100,0.741500,0.610,264.2
457,0.743333,,0.841100,0.743333,0.544,264.7
458,0.743500,,0.841100,0.743500,0.543,265.3
459,0.741767,,0.841100,0.743500,0.540,265.8
460,0.744950,,0.841100,0.744950,0.613,266.4
461,0.743700,,0.841100,0.744950,0.543,267.0
462,0.747100,,0.841100,0.747100,0.544,267.5
463,0.745750,,0.841100,0.747100,0.545,268.1
464,0.744617,,0.841100,0.747100,0.611,268.7
465,0.747950,,0.841100,0.747950,0.544,269.2
466,0.745550,,0.841100,0.747950,0.543,269.8
467,0.746517,,0.841100,0.747950,0.542,270.3
468,0.747467,,0.841100,0.747950,0.615,270.9
469,0.748167,,0.841100,0.748167,0.544,271.5
470,0.745917,,0.841100,0.748167,0.540,272.0
471,0.745983,,0.841100,0.748167,0.539,272.5
472,0.748167,,0.841100,0.748167,0.606,273.1
473,0.748983,,0.841100,0.748983,0.539,273.7
474,0.750117,,0.841100,0.750117,0.539,274.2
475,0.749917,,0.841100,0.750117,0.544,274.8
476,0.750367,,0.841100,0.750367,0.606,275.4
477,0.750467,,0.841100,0.750467,0.539,275.9
478,0.751967,,0.841100,0.751967,0.537,276.4
479,0.752217,,0.841100,0.752217,0.540,277.0
480,0.751467,,0.841100,0.752217,0.609,277.6
481,0.752233,,0.841100,0.752233,0.541,278.1
482,0.751417,,0.841100,0.752233,0.591,278.7
483,0.751050,,0.841100,0.752233,0.539,279.3
484,0.750700,,0.841100,0.752233,0.602,279.9
485,0.752867,,0.841100,0.752867,0.539,280.4
486,0.751883,,0.841100,0.752867,0.537,280.9
487,0.754133,,0.841100,0.754133,0.537,281.5
488,0.755817,,0.841100,0.755817,0.603,282.1
489,0.753683,,0.841100,0.755817,0.539,282.6
490,0.752267,,0.841100,0.755817,0.569,283.2
491,0.753200,,0.841100,0.755817,0.546,283.7
492,0.755750,,0.841100,0.755817,0.617,284.3
493,0.757550,,0.841100,0.757550,0.538,284.9
494,0.754600,,0.841100,0.757550,0.541,285.4
495,0.758300,,0.841100,0.758300,0.539,286.0
496,0.756100,,0.841100,0.758300,0.602,286.6
497,0.756350,,0.841100,0.758300,0.547,287.1
498,0.757667,,0.841100,0.758300,0.621,287.7
499,0.759317,,0.841100,0.759317,0.549,288.3
500,0.758983,0.849399983882904,0.849400,0.759317,0.883,289.2
501,0.758117,,0.849400,0.759317,0.399,289.6
502,0.759250,,0.849400,0.759317,0.550,290.1
503,0.759467,,0.849400,0.759467,0.631,290.7
504,0.760167,,0.849400,0.760167,0.641,291.4
505,0.758700,,0.849400,0.760167,0.560,292.0
506,0.759417,,0.849400,0.760167,0.541,292.5
507,0.760767,,0.849400,0.760767,0.538,293.0
508,0.760800,,0.849400,0.760800,0.605,293.6
509,0.761683,,0.849400,0.761683,0.538,294.2
510,0.762400,,0.849400,0.762400,0.540,294.7
511,0.762650,,0.849400,0.762650,0.538,295.3
512,0.761500,,0.849400,0.762650,0.608,295.9
513,0.763200,,0.849400,0.763200,0.539,296.4
514,0.765867,,0.849400,0.765867,0.539,296.9
515,0.763500,,0.849400,0.765867,0.536,297.5
516,0.763750,,0.849400,0.765867,0.608,298.1
517,0.765000,,0.849400,0.765867,0.539,298.6
518,0.764883,,0.849400,0.765867,0.537,299.2
519,0.766250,,0.849400,0.766250,0.541,299.7
520,0.768367,,0.849400,0.768367,0.604,300.3
521,0.766517,,0.849400,0.768367,0.541,300.8
522,0.765983,,0.849400,0.768367,0.534,301.4
523,0.765733,,0.849400,0.768367,0.540,301.9
524,0.767600,,0.849400,0.768367,0.604,302.5
525,0.766517,,0.849400,0.768367,0.538,303.1
526,0.767950,,0.849400,0.768367,0.541,303.6
527,0.768683,,0.849400,0.768683,0.538,304.1
528,0.770900,,0.849400,0.770900,0.608,304.7
529,0.770400,,0.849400,0.770900,0.539,305.3
530,0.770533,,0.849400,0.770900,0.539,305.8
531,0.771267,,0.849400,0.771267,0.538,306.4
532,0.771267,,0.849400,0.771267,0.617,307.0
533,0.771050,,0.849400,0.771267,0.558,307.5
534,0.771333,,0.849400,0.771333,0.550,308.1
535,0.772867,,0.849400,0.772867,0.583,308.7
536,0.773233,,0.849400,0.773233,0.608,309.3
537,0.771633,,0.849400,0.773233,0.539,309.8
538,0.774583,,0.849400,0.774583,0.540,310.4
539,0.773600,,0.849400,0.774583,0.537,310.9
540,0.773833,,0.849400,0.774583,0.610,311.5
541,0.773800,,0.849400,0.774583,0.540,312.0
542,0.773217,,0.849400,0.774583,0.541,312.6
543,0.774717,,0.849400,0.774717,0.540,313.1
544,0.777183,,0.849400,0.777183,0.610,313.7
545,0.775617,,0.849400,0.777183,0.540,314.3
546,0.773483,,0.849400,0.777183,0.541,314.8
547,0.774767,,0.849400,0.777183,0.541,315.4
548,0.775267,,0.849400,0.777183,0.613,316.0
549,0.775300,,0.849400,0.777183,0.539,316.5
550,0.777633,0.8660999536514282,0.866100,0.777633,0.746,317.3
551,0.776467,,0.866100,0.777633,0.346,317.6
552,0.777567,,0.866100,0.777633,0.609,318.2
553,0.779567,,0.866100,0.779567,0.541,318.8
554,0.780017,,0.866100,0.780017,0.539,319.3
555,0.776733,,0.866100,0.780017,0.540,319.8
556,0.778367,,0.866100,0.780017,0.611,320.4
557,0.777483,,0.866100,0.780017,0.543,321.0
558,0.777867,,0.866100,0.780017,0.541,321.5
559,0.778650,,0.866100,0.780017,0.545,322.1
560,0.778267,,0.866100,0.780017,0.607,322.7
561,0.780967,,0.866100,0.780967,0.543,323.2
562,0.778550,,0.866100,0.780967,0.541,323.8
563,0.780483,,0.866100,0.780967,0.542,324.3
564,0.777650,,0.866100,0.780967,0.608,324.9
565,0.779000,,0.866100,0.780967,0.540,325.5
566,0.779167,,0.866100,0.780967,0.541,326.0
567,0.780483,,0.866100,0.780967,0.538,326.5
568,0.782383,,0.866100,0.782383,0.609,327.1
569,0.781583,,0.866100,0.782383,0.539,327.7
570,0.781267,,0.866100,0.782383,0.538,328.2
571,0.782350,,0.866100,0.782383,0.544,328.8
572,0.781467,,0.866100,0.782383,0.610,329.4
573,0.781133,,0.866100,0.782383,0.543,329.9
574,0.785467,,0.866100,0.785467,0.545,330.5
575,0.782450,,0.866100,0.785467,0.543,331.0
576,0.784650,,0.866100,0.785467,0.610,331.6
577,0.783983,,0.866100,0.785467,0.540,332.2
578,0.783450,,0.866100,0.785467,0.540,332.7
579,0.784083,,0.866100,0.785467,0.543,333.2
580,0.784950,,0.866100,0.785467,0.613,333.8
581,0.782900,,0.866100,0.785467,0.540,334.4
582,0.785683,,0.866100,0.785683,0.541,334.9
583,0.785933,,0.866100,0.785933,0.541,335.5
584,0.784567,,0.866100,0.785933,0.612,336.1
585,0.786300,,0.866100,0.786300,0.543,336.6
586,0.787267,,0.866100,0.787267,0.541,337.2
587,0.786983,,0.866100,0.787267,0.635,337.8
588,0.788917,,0.866100,0.788917,0.676,338.5
589,0.787283,,0.866100,0.788917,0.543,339.0
590,0.788700,,0.866100,0.788917,0.550,339.6
591,0.787200,,0.866100,0.788917,0.542,340.1
592,0.788317,,0.866100,0.788917,0.611,340.7
593,0.789250,,0.866100,0.789250,0.542,341.3
594,0.787417,,0.866100,0.789250,0.539,341.8
595,0.788800,,0.866100,0.789250,0.539,342.3
596,0.789217,,0.866100,0.789250,0.613,343.0
597,0.788933,,0.866100,0.789250,0.548,343.5
598,0.790850,,0.866100,0.790850,0.548,344.1
599,0.789183,,0.866100,0.790850,0.543,344.6
600,0.789833,0.8685999512672424,0.868600,0.790850,0.813,345.4
601,0.790883,,0.868600,0.790883,0.349,345.8
602,0.790767,,0.868600,0.790883,0.540,346.3
603,0.789567,,0.868600,0.790883,0.540,346.8
604,0.791833,,0.868600,0.791833,0.604,347.4
605,0.792517,,0.868600,0.792517,0.541,348.0
606,0.791433,,0.868600,0.792517,0.538,348.5
607,0.792600,,0.868600,0.792600,0.541,349.1
608,0.790367,,0.868600,0.792600,0.611,349.7
609,0.789667,,0.868600,0.792600,0.541,350.2
610,0.792983,,0.868600,0.792983,0.542,350.8
611,0.791217,,0.868600,0.792983,0.539,351.3
612,0.791733,,0.868600,0.792983,0.612,351.9
613,0.792733,,0.868600,0.792983,0.541,352.4
614,0.793917,,0.868600,0.793917,0.538,353.0
615,0.792067,,0.868600,0.793917,0.618,353.6
616,0.792083,,0.868600,0.793917,0.638,354.2
617,0.794500,,0.868600,0.794500,0.558,354.8
618,0.794383,,0.868600,0.794500,0.550,355.4
619,0.793783,,0.868600,0.794500,0.545,355.9
620,0.792317,,0.868600,0.794500,0.619,356.5
621,0.793200,,0.868600,0.794500,0.542,357.1
622,0.795300,,0.868600,0.795300,0.542,357.6
623,0.795517,,0.868600,0.795517,0.538,358.1
624,0.793633,,0.868600,0.795517,0.610,358.7
625,0.795050,,0.868600,0.795517,0.537,359.3
626,0.794417,,0.868600,0.795517,0.541,359.8
627,0.796150,,0.868600,0.796150,0.542,360.4
628,0.796183,,0.868600,0.796183,0.609,361.0
629,0.796800,,0.868600,0.796800,0.540,361.5
630,0.794900,,0.868600,0.796800,0.538,362.1
631,0.795633,,0.868600,0.796800,0.538,362.6
632,0.793817,,0.868600,0.796800,0.609,363.2
633,0.796550,,0.868600,0.796800,0.541,363.7
634,0.794250,,0.868600,0.796800,0.534,364.3
635,0.796417,,0.868600,0.796800,0.541,364.8
636,0.794883,,0.868600,0.796800,0.610,365.4
637,0.797100,,0.868600,0.797100,0.541,366.0
638,0.796233,,0.868600,0.797100,0.542,366.5
639,0.795567,,0.868600,0.797100,0.546,367.1
640,0.796533,,0.868600,0.797100,0.607,367.7
641,0.797533,,0.868600,0.797533,0.578,368.2
642,0.796700,,0.868600,0.797533,0.540,368.8
643,0.796350,,0.868600,0.797533,0.541,369.3
644,0.797233,,0.868600,0.797533,0.617,369.9
645,0.797300,,0.868600,0.797533,0.595,370.5
646,0.798800,,0.868600,0.798800,0.549,371.1
647,0.797233,,0.868600,0.798800,0.549,371.6
648,0.798000,,0.868600,0.798800,0.613,372.2
649,0.799100,,0.868600,0.799100,0.537,372.8
650,0.798267,0.8743000030517578,0.874300,0.799100,0.747,373.5
651,0.798967,,0.874300,0.799100,0.349,373.9
652,0.798750,,0.874300,0.799100,0.608,374.5
653,0.800800,,0.874300,0.800800,0.540,375.0
654,0.801117,,0.874300,0.801117,0.540,375.6
655,0.800950,,0.874300,0.801117,0.539,376.1
656,0.800767,,0.874300,0.801117,0.611,376.7
657,0.798383,,0.874300,0.801117,0.542,377.3
658,0.799533,,0.874300,0.801117,0.537,377.8
659,0.800267,,0.874300,0.801117,0.541,378.3
660,0.800067,,0.874300,0.801117,0.603,378.9
661,0.800183,,0.874300,0.801117,0.539,379.5
662,0.800800,,0.874300,0.801117,0.537,380.0
663,0.800033,,0.874300,0.801117,0.540,380.6
664,0.801950,,0.874300,0.801950,0.607,381.2
665,0.800233,,0.874300,0.801950,0.541,381.7
666,0.800517,,0.874300,0.801950,0.541,382.2
667,0.799583,,0.874300,0.801950,0.538,382.8
668,0.800983,,0.874300,0.801950,0.610,383.4
669,0.799800,,0.874300,0.801950,0.539,383.9
670,0.799333,,0.874300,0.801950,0.584,384.5
671,0.801683,,0.874300,0.801950,0.588,385.1
672,0.801267,,0.874300,0.801950,0.609,385.7
673,0.802817,,0.874300,0.802817,0.552,386.3
674,0.799067,,0.874300,0.802817,0.546,386.8
675,0.801567,,0.874300,0.802817,0.546,387.4
676,0.799967,,0.874300,0.802817,0.606,388.0
677,0.802550,,0.874300,0.802817,0.541,388.5
678,0.800433,,0.874300,0.802817,0.537,389.0
679,0.800667,,0.874300,0.802817,0.540,389.6
680,0.801267,,0.874300,0.802817,0.603,390.2
681,0.802767,,0.874300,0.802817,0.538,390.7
682,0.801600,,0.874300,0.802817,0.537,391.3
683,0.802317,,0.874300,0.802817,0.538,391.8
684,0.803350,,0.874300,0.803350,0.609,392.4
685,0.802550,,0.874300,0.803350,0.541,392.9
686,0.802867,,0.874300,0.803350,0.538,393.5
687,0.801450,,0.874300,0.803350,0.541,394.0
688,0.803767,,0.874300,0.803767,0.604,394.6
689,0.802083,,0.874300,0.803767,0.542,395.2
690,0.804350,,0.874300,0.804350,0.540,395.7
691,0.802067,,0.874300,0.804350,0.535,396.2
692,0.803167,,0.874300,0.804350,0.605,396.9
693,0.804450,,0.874300,0.804450,0.541,397.4
694,0.804683,,0.874300,0.804683,0.540,397.9
695,0.805383,,0.874300,0.805383,0.578,398.5
696,0.803217,,0.874300,0.805383,0.604,399.1
697,0.805000,,0.874300,0.805383,0.539,399.7
698,0.804617,,0.874300,0.805383,0.540,400.2
699,0.805617,,0.874300,0.805617,0.535,400.7
700,0.805917,0.8748999834060669,0.874900,0.805917,0.812,401.5
701,0.807117,,0.874900,0.807117,0.350,401.9
702,0.806400,,0.874900,0.807117,0.540,402.4
703,0.805500,,0.874900,0.807117,0.540,403.0
704,0.806183,,0.874900,0.807117,0.615,403.6
705,0.809450,,0.874900,0.809450,0.543,404.1
706,0.806967,,0.874900,0.809450,0.540,404.7
707,0.806667,,0.874900,0.809450,0.540,405.2
708,0.806567,,0.874900,0.809450,0.609,405.8
709,0.806950,,0.874900,0.809450,0.548,406.4
710,0.805800,,0.874900,0.809450,0.537,406.9
711,0.807450,,0.874900,0.809450,0.540,407.4
712,0.809083,,0.874900,0.809450,0.603,408.0
713,0.806433,,0.874900,0.809450,0.538,408.6
714,0.808433,,0.874900,0.809450,0.542,409.1
715,0.809467,,0.874900,0.809467,0.538,409.7
716,0.809917,,0.874900,0.809917,0.602,410.3
717,0.807617,,0.874900,0.809917,0.537,410.8
718,0.811067,,0.874900,0.811067,0.536,411.3
719,0.808617,,0.874900,0.811067,0.543,411.9
720,0.808767,,0.874900,0.811067,0.606,412.5
721,0.807250,,0.874900,0.811067,0.539,413.0
722,0.810900,,0.874900,0.811067,0.537,413.6
723,0.809100,,0.874900,0.811067,0.542,414.1
724,0.811050,,0.874900,0.811067,0.606,414.7
725,0.809400,,0.874900,0.811067,0.542,415.3
726,0.809300,,0.874900,0.811067,0.541,415.8
727,0.809050,,0.874900,0.811067,0.541,416.3
728,0.810633,,0.874900,0.811067,0.608,416.9
729,0.809450,,0.874900,0.811067,0.541,417.5
730,0.811200,,0.874900,0.811200,0.539,418.0
731,0.810650,,0.874900,0.811200,0.539,418.6
732,0.812117,,0.874900,0.812117,0.608,419.2
733,0.811117,,0.874900,0.812117,0.540,419.7
734,0.810033,,0.874900,0.812117,0.539,420.3
735,0.810117,,0.874900,0.812117,0.540,420.8
736,0.811600,,0.874900,0.812117,0.606,421.4
737,0.811250,,0.874900,0.812117,0.539,421.9
738,0.809167,,0.874900,0.812117,0.540,422.5
739,0.811233,,0.874900,0.812117,0.538,423.0
740,0.811033,,0.874900,0.812117,0.608,423.6
741,0.812400,,0.874900,0.812400,0.539,424.2
742,0.811133,,0.874900,0.812400,0.540,424.7
743,0.811783,,0.874900,0.812400,0.536,425.2
744,0.810517,,0.874900,0.812400,0.605,425.8
745,0.811450,,0.874900,0.812400,0.538,426.4
746,0.809650,,0.874900,0.812400,0.539,426.9
747,0.810583,,0.874900,0.812400,0.539,427.5
748,0.809917,,0.874900,0.812400,0.649,428.1
749,0.814050,,0.874900,0.814050,0.534,428.6
750,0.812500,0.880299985408783,0.880300,0.814050,0.752,429.4
751,0.813183,,0.880300,0.814050,0.347,429.7
752,0.811200,,0.880300,0.814050,0.606,430.3
753,0.812850,,0.880300,0.814050,0.539,430.9
754,0.811683,,0.880300,0.814050,0.537,431.4
755,0.811183,,0.880300,0.814050,0.536,432.0
756,0.813350,,0.880300,0.814050,0.604,432.6
757,0.813867,,0.880300,0.814050,0.537,433.1
758,0.813033,,0.880300,0.814050,0.543,433.6
759,0.814733,,0.880300,0.814733,0.538,434.2
760,0.811467,,0.880300,0.814733,0.602,434.8
761,0.813217,,0.880300,0.814733,0.536,435.3
762,0.812850,,0.880300,0.814733,0.536,435.9
763,0.814183,,0.880300,0.814733,0.539,436.4
764,0.813167,,0.880300,0.814733,0.605,437.0
765,0.815650,,0.880300,0.815650,0.543,437.5
766,0.815467,,0.880300,0.815650,0.540,438.1
767,0.815350,,0.880300,0.815650,0.540,438.6
768,0.814767,,0.880300,0.815650,0.605,439.2
769,0.815817,,0.880300,0.815817,0.541,439.8
770,0.815050,,0.880300,0.815817,0.543,440.3
771,0.816033,,0.880300,0.816033,0.538,440.9
772,0.818450,,0.880300,0.818450,0.606,441.5
773,0.815467,,0.880300,0.818450,0.541,442.0
774,0.814400,,0.880300,0.818450,0.538,442.5
775,0.815433,,0.880300,0.818450,0.539,443.1
776,0.815733,,0.880300,0.818450,0.602,443.7
777,0.818083,,0.880300,0.818450,0.537,444.2
778,0.814000,,0.880300,0.818450,0.538,444.8
779,0.816183,,0.880300,0.818450,0.539,445.3
780,0.816533,,0.880300,0.818450,0.608,445.9
781,0.814950,,0.880300,0.818450,0.540,446.4
782,0.816500,,0.880300,0.818450,0.541,447.0
783,0.817967,,0.880300,0.818450,0.543,447.5
784,0.818267,,0.880300,0.818450,0.606,448.1
785,0.815517,,0.880300,0.818450,0.541,448.7
786,0.820467,,0.880300,0.820467,0.540,449.2
787,0.817800,,0.880300,0.820467,0.540,449.7
788,0.819333,,0.880300,0.820467,0.604,450.4
789,0.817217,,0.880300,0.820467,0.541,450.9
790,0.818467,,0.880300,0.820467,0.540,451.4
791,0.817200,,0.880300,0.820467,0.538,452.0
792,0.816083,,0.880300,0.820467,0.606,452.6
793,0.816300,,0.880300,0.820467,0.538,453.1
794,0.817683,,0.880300,0.820467,0.539,453.7
795,0.819867,,0.880300,0.820467,0.538,454.2
796,0.818433,,0.880300,0.820467,0.603,454.8
797,0.818583,,0.880300,0.820467,0.540,455.3
798,0.818633,,0.880300,0.820467,0.536,455.9
799,0.818700,,0.880300,0.820467,0.537,456.4
800,0.818900,0.8855999708175659,0.885600,0.820467,0.811,457.2
801,0.816767,,0.885600,0.820467,0.350,457.6
802,0.817733,,0.885600,0.820467,0.541,458.1
803,0.817800,,0.885600,0.820467,0.538,458.6
804,0.819033,,0.885600,0.820467,0.689,459.3
805,0.818833,,0.885600,0.820467,0.537,459.9
806,0.817500,,0.885600,0.820467,0.543,460.4
807,0.818950,,0.885600,0.820467,0.541,461.0
808,0.822033,,0.885600,0.822033,0.607,461.6
809,0.820317,,0.885600,0.822033,0.539,462.1
810,0.821850,,0.885600,0.822033,0.540,462.6
811,0.816800,,0.885600,0.822033,0.538,463.2
812,0.821083,,0.885600,0.822033,0.606,463.8
813,0.821433,,0.885600,0.822033,0.538,464.3
814,0.820100,,0.885600,0.822033,0.531,464.9
815,0.819600,,0.885600,0.822033,0.541,465.4
816,0.820583,,0.885600,0.822033,0.604,466.0
817,0.820700,,0.885600,0.822033,0.544,466.5
818,0.820533,,0.885600,0.822033,0.540,467.1
819,0.820550,,0.885600,0.822033,0.538,467.6
820,0.820450,,0.885600,0.822033,0.614,468.2
821,0.819717,,0.885600,0.822033,0.540,468.8
822,0.820050,,0.885600,0.822033,0.541,469.3
823,0.820967,,0.885600,0.822033,0.543,469.9
824,0.822767,,0.885600,0.822767,0.606,470.5
825,0.820633,,0.885600,0.822767,0.544,471.0
826,0.821383,,0.885600,0.822767,0.542,471.6
827,0.819100,,0.885600,0.822767,0.545,472.1
828,0.821417,,0.885600,0.822767,0.608,472.7
829,0.821633,,0.885600,0.822767,0.538,473.2
830,0.820800,,0.885600,0.822767,0.540,473.8
831,0.823750,,0.885600,0.823750,0.539,474.3
832,0.822633,,0.885600,0.823750,0.605,474.9
833,0.822050,,0.885600,0.823750,0.540,475.5
834,0.821800,,0.885600,0.823750,0.537,476.0
835,0.822050,,0.885600,0.823750,0.536,476.5
836,0.822233,,0.885600,0.823750,0.606,477.1
837,0.821267,,0.885600,0.823750,0.538,477.7
838,0.822467,,0.885600,0.823750,0.538,478.2
839,0.822983,,0.885600,0.823750,0.540,478.8
840,0.822467,,0.885600,0.823750,0.606,479.4
841,0.820550,,0.885600,0.823750,0.539,479.9
842,0.822050,,0.885600,0.823750,0.539,480.4
843,0.823250,,0.885600,0.823750,0.540,481.0
844,0.822300,,0.885600,0.823750,0.607,481.6
845,0.824233,,0.885600,0.824233,0.542,482.1
846,0.824517,,0.885600,0.824517,0.541,482.7
847,0.823517,,0.885600,0.824517,0.539,483.2
848,0.821400,,0.885600,0.824517,0.609,483.8
849,0.821483,,0.885600,0.824517,0.541,484.4
850,0.823183,0.885699987411499,0.885700,0.824517,0.746,485.1
851,0.822850,,0.885700,0.824517,0.350,485.5
852,0.825500,,0.885700,0.825500,0.605,486.1
853,0.824200,,0.885700,0.825500,0.542,486.6
854,0.823383,,0.885700,0.825500,0.542,487.1
855,0.825167,,0.885700,0.825500,0.544,487.7
856,0.823450,,0.885700,0.825500,0.606,488.3
857,0.825067,,0.885700,0.825500,0.565,488.9
858,0.824867,,0.885700,0.825500,0.538,489.4
859,0.825483,,0.885700,0.825500,0.538,489.9
860,0.824317,,0.885700,0.825500,0.604,490.5
861,0.826600,,0.885700,0.826600,0.537,491.1
862,0.826633,,0.885700,0.826633,0.539,491.6
863,0.824450,,0.885700,0.826633,0.539,492.2
864,0.824800,,0.885700,0.826633,0.605,492.8
865,0.826333,,0.885700,0.826633,0.538,493.3
866,0.825267,,0.885700,0.826633,0.537,493.8
867,0.822833,,0.885700,0.826633,0.541,494.4
868,0.824733,,0.885700,0.826633,0.604,495.0
869,0.827117,,0.885700,0.827117,0.538,495.5
870,0.826167,,0.885700,0.827117,0.539,496.1
871,0.829167,,0.885700,0.829167,0.538,496.6
872,0.828183,,0.885700,0.829167,0.607,497.2
873,0.827883,,0.885700,0.829167,0.540,497.7
874,0.828100,,0.885700,0.829167,0.539,498.3
875,0.825500,,0.885700,0.829167,0.536,498.8
876,0.825783,,0.885700,0.829167,0.608,499.4
877,0.828500,,0.885700,0.829167,0.539,500.0
878,0.826833,,0.885700,0.829167,0.543,500.5
879,0.825983,,0.885700,0.829167,0.539,501.0
880,0.827050,,0.885700,0.829167,0.608,501.7
881,0.827567,,0.885700,0.829167,0.541,502.2
882,0.827517,,0.885700,0.829167,0.539,502.7
883,0.825367,,0.885700,0.829167,0.539,503.3
884,0.827500,,0.885700,0.829167,0.608,503.9
885,0.826667,,0.885700,0.829167,0.540,504.4
886,0.827767,,0.885700,0.829167,0.540,505.0
887,0.827950,,0.885700,0.829167,0.540,505.5
888,0.827050,,0.885700,0.829167,0.607,506.1
889,0.828617,,0.885700,0.829167,0.540,506.7
890,0.826483,,0.885700,0.829167,0.541,507.2
891,0.829317,,0.885700,0.829317,0.540,507.7
892,0.828733,,0.885700,0.829317,0.606,508.3
893,0.828167,,0.885700,0.829317,0.542,508.9
894,0.826633,,0.885700,0.829317,0.540,509.4
895,0.830900,,0.885700,0.830900,0.538,510.0
896,0.828250,,0.885700,0.830900,0.610,510.6
897,0.829617,,0.885700,0.830900,0.541,511.1
898,0.830350,,0.885700,0.830900,0.540,511.6
899,0.829150,,0.885700,0.830900,0.540,512.2
900,0.828883,0.8844999670982361,0.885700,0.830900,0.813,513.0
901,0.828433,,0.885700,0.830900,0.348,513.3
902,0.829100,,0.885700,0.830900,0.539,513.9
903,0.828850,,0.885700,0.830900,0.540,514.4
904,0.826817,,0.885700,0.830900,0.606,515.0
905,0.828933,,0.885700,0.830900,0.540,515.6
906,0.829650,,0.885700,0.830900,0.538,516.1
907,0.829983,,0.885700,0.830900,0.544,516.7
908,0.828933,,0.885700,0.830900,0.604,517.3
909,0.829433,,0.885700,0.830900,0.541,517.8
910,0.829717,,0.885700,0.830900,0.541,518.3
911,0.831117,,0.885700,0.831117,0.583,518.9
912,0.831100,,0.885700,0.831117,0.608,519.5
913,0.829467,,0.885700,0.831117,0.540,520.1
914,0.831100,,0.885700,0.831117,0.540,520.6
915,0.829767,,0.885700,0.831117,0.540,521.2
916,0.831200,,0.885700,0.831200,0.606,521.8
917,0.829050,,0.885700,0.831200,0.539,522.3
918,0.829883,,0.885700,0.831200,0.539,522.8
919,0.833167,,0.885700,0.833167,0.538,523.4
920,0.830017,,0.885700,0.833167,0.606,524.0
921,0.829383,,0.885700,0.833167,0.538,524.5
922,0.833967,,0.885700,0.833967,0.540,525.1
923,0.831000,,0.885700,0.833967,0.538,525.6
924,0.834733,,0.885700,0.834733,0.606,526.2
925,0.830517,,0.885700,0.834733,0.537,526.7
926,0.830917,,0.885700,0.834733,0.537,527.3
927,0.831183,,0.885700,0.834733,0.540,527.8
928,0.830350,,0.885700,0.834733,0.605,528.4
929,0.831533,,0.885700,0.834733,0.539,529.0
930,0.832083,,0.885700,0.834733,0.541,529.5
931,0.832467,,0.885700,0.834733,0.537,530.0
932,0.831683,,0.885700,0.834733,0.607,530.6
933,0.831583,,0.885700,0.834733,0.541,531.2
934,0.831933,,0.885700,0.834733,0.540,531.7
935,0.832450,,0.885700,0.834733,0.539,532.3
936,0.831300,,0.885700,0.834733,0.603,532.9
937,0.833667,,0.885700,0.834733,0.537,533.4
938,0.831900,,0.885700,0.834733,0.540,533.9
939,0.830683,,0.885700,0.834733,0.538,534.5
940,0.833167,,0.885700,0.834733,0.602,535.1
941,0.835433,,0.885700,0.835433,0.539,535.6
942,0.833517,,0.885700,0.835433,0.540,536.2
943,0.832783,,0.885700,0.835433,0.541,536.7
944,0.833233,,0.885700,0.835433,0.607,537.3
945,0.832117,,0.885700,0.835433,0.539,537.9
946,0.832233,,0.885700,0.835433,0.538,538.4
947,0.833900,,0.885700,0.835433,0.537,538.9
948,0.832650,,0.885700,0.835433,0.607,539.5
949,0.833133,,0.885700,0.835433,0.539,540.1
950,0.833050,0.8863999843597412,0.886400,0.835433,0.744,540.8
951,0.832200,,0.886400,0.835433,0.347,541.2
952,0.832183,,0.886400,0.835433,0.605,541.8
953,0.831967,,0.886400,0.835433,0.538,542.3
954,0.831783,,0.886400,0.835433,0.539,542.8
955,0.832667,,0.886400,0.835433,0.543,543.4
956,0.833033,,0.886400,0.835433,0.609,544.0
957,0.831567,,0.886400,0.835433,0.541,544.5
958,0.833983,,0.886400,0.835433,0.539,545.1
959,0.832100,,0.886400,0.835433,0.539,545.6
960,0.832567,,0.886400,0.835433,0.604,546.2
961,0.835317,,0.886400,0.835433,0.539,546.8
962,0.833917,,0.886400,0.835433,0.543,547.3
963,0.833167,,0.886400,0.835433,0.540,547.8
964,0.832917,,0.886400,0.835433,0.606,548.5
965,0.834217,,0.886400,0.835433,0.616,549.1
966,0.832850,,0.886400,0.835433,0.533,549.6
967,0.834567,,0.886400,0.835433,0.540,550.1
968,0.833783,,0.886400,0.835433,0.606,550.7
969,0.833800,,0.886400,0.835433,0.538,551.3
970,0.834283,,0.886400,0.835433,0.541,551.8
971,0.833850,,0.886400,0.835433,0.543,552.4
972,0.836367,,0.886400,0.836367,0.607,553.0
973,0.832467,,0.886400,0.836367,0.538,553.5
974,0.836017,,0.886400,0.836367,0.539,554.1
975,0.834883,,0.886400,0.836367,0.962,555.0
976,0.836583,,0.886400,0.836583,0.611,555.6
977,0.836850,,0.886400,0.836850,0.539,556.2
978,0.835283,,0.886400,0.836850,0.538,556.7
979,0.837250,,0.886400,0.837250,0.557,557.3
980,0.836067,,0.886400,0.837250,0.618,557.9
981,0.836050,,0.886400,0.837250,0.540,558.4
982,0.836200,,0.886400,0.837250,0.545,559.0
983,0.836700,,0.886400,0.837250,0.542,559.5
984,0.835567,,0.886400,0.837250,0.613,560.1
985,0.836400,,0.886400,0.837250,0.548,560.7
986,0.836233,,0.886400,0.837250,0.538,561.2
987,0.836283,,0.886400,0.837250,0.539,561.7
988,0.835983,,0.886400,0.837250,0.612,562.4
989,0.836550,,0.886400,0.837250,0.541,562.9
990,0.836767,,0.886400,0.837250,0.538,563.4
991,0.838900,,0.886400,0.838900,0.539,564.0
992,0.838217,,0.886400,0.838900,0.604,564.6
993,0.836000,,0.886400,0.838900,0.537,565.1
994,0.834117,,0.886400,0.838900,0.539,565.7
995,0.836417,,0.886400,0.838900,0.537,566.2
996,0.836633,,0.886400,0.838900,0.611,566.8
997,0.837117,,0.886400,0.838900,0.538,567.3
998,0.838283,,0.886400,0.838900,0.539,567.9
999,0.837350,,0.886400,0.838900,0.543,568.4
1000,0.838250,0.8892999887466431,0.889300,0.838900,0.816,569.2
1001,0.838200,,0.889300,0.838900,0.348,569.6
1002,0.835417,,0.889300,0.838900,0.539,570.1
1003,0.834867,,0.889300,0.838900,0.539,570.7
1004,0.835500,,0.889300,0.838900,0.605,571.3
1005,0.838900,,0.889300,0.838900,0.538,571.8
1006,0.837033,,0.889300,0.838900,0.542,572.3
1007,0.838117,,0.889300,0.838900,0.540,572.9
1008,0.836400,,0.889300,0.838900,0.612,573.5
1009,0.836417,,0.889300,0.838900,0.540,574.0
1010,0.839067,,0.889300,0.839067,0.541,574.6
1011,0.837017,,0.889300,0.839067,0.539,575.1
1012,0.838933,,0.889300,0.839067,0.608,575.7
1013,0.836583,,0.889300,0.839067,0.539,576.3
1014,0.837767,,0.889300,0.839067,0.540,576.8
1015,0.838333,,0.889300,0.839067,0.539,577.3
1016,0.838200,,0.889300,0.839067,0.608,578.0
1017,0.836800,,0.889300,0.839067,0.541,578.5
1018,0.838383,,0.889300,0.839067,0.544,579.0
1019,0.837717,,0.889300,0.839067,0.541,579.6
1020,0.838433,,0.889300,0.839067,0.604,580.2
1021,0.839400,,0.889300,0.839400,0.538,580.7
1022,0.837617,,0.889300,0.839400,0.539,581.3
1023,0.838283,,0.889300,0.839400,0.537,581.8
1024,0.838517,,0.889300,0.839400,0.603,582.4
1025,0.838100,,0.889300,0.839400,0.540,582.9
1026,0.839417,,0.889300,0.839417,0.538,583.5
1027,0.837250,,0.889300,0.839417,0.538,584.0
1028,0.838667,,0.889300,0.839417,0.608,584.6
1029,0.836383,,0.889300,0.839417,0.538,585.2
1030,0.839167,,0.889300,0.839417,0.538,585.7
1031,0.837933,,0.889300,0.839417,0.540,586.2
1032,0.839300,,0.889300,0.839417,0.606,586.8
1033,0.838617,,0.889300,0.839417,0.541,587.4
1034,0.840233,,0.889300,0.840233,0.541,587.9
1035,0.840100,,0.889300,0.840233,0.540,588.5
1036,0.841317,,0.889300,0.841317,0.607,589.1
1037,0.840733,,0.889300,0.841317,0.539,589.6
1038,0.838533,,0.889300,0.841317,0.535,590.1
1039,0.838417,,0.889300,0.841317,0.538,590.7
1040,0.838567,,0.889300,0.841317,0.604,591.3
1041,0.840983,,0.889300,0.841317,0.538,591.8
1042,0.838517,,0.889300,0.841317,0.537,592.4
1043,0.838450,,0.889300,0.841317,0.539,592.9
1044,0.839850,,0.889300,0.841317,0.609,593.5
1045,0.839200,,0.889300,0.841317,0.543,594.1
1046,0.838950,,0.889300,0.841317,0.540,594.6
1047,0.839717,,0.889300,0.841317,0.543,595.1
1048,0.838450,,0.889300,0.841317,0.607,595.7
1049,0.838717,,0.889300,0.841317,0.541,596.3
1050,0.839083,0.8932999968528748,0.893300,0.841317,0.749,597.0
1051,0.841050,,0.893300,0.841317,0.350,597.4
1052,0.840367,,0.893300,0.841317,0.604,598.0
1053,0.840150,,0.893300,0.841317,0.539,598.5
1054,0.839883,,0.893300,0.841317,0.540,599.1
1055,0.840950,,0.893300,0.841317,0.542,599.6
1056,0.838883,,0.893300,0.841317,0.607,600.2
1057,0.840183,,0.893300,0.841317,0.538,600.8
1058,0.842017,,0.893300,0.842017,0.541,601.3
1059,0.840133,,0.893300,0.842017,0.539,601.8
1060,0.841467,,0.893300,0.842017,0.608,602.4
1061,0.840050,,0.893300,0.842017,0.538,603.0
1062,0.841033,,0.893300,0.842017,0.535,603.5
1063,0.842683,,0.893300,0.842683,0.541,604.1
1064,0.842700,,0.893300,0.842700,0.608,604.7
1065,0.841583,,0.893300,0.842700,0.541,605.2
1066,0.841617,,0.893300,0.842700,0.544,605.8
1067,0.841300,,0.893300,0.842700,0.545,606.3
1068,0.841667,,0.893300,0.842700,0.611,606.9
1069,0.839767,,0.893300,0.842700,0.540,607.4
1070,0.839700,,0.893300,0.842700,0.539,608.0
1071,0.842250,,0.893300,0.842700,0.578,608.6
1072,0.842600,,0.893300,0.842700,0.600,609.2
1073,0.842733,,0.893300,0.842733,0.541,609.7
1074,0.842367,,0.893300,0.842733,0.539,610.2
1075,0.842167,,0.893300,0.842733,0.541,610.8
1076,0.840950,,0.893300,0.842733,0.605,611.4
1077,0.842717,,0.893300,0.842733,0.546,611.9
1078,0.843333,,0.893300,0.843333,0.541,612.5
1079,0.843933,,0.893300,0.843933,0.538,613.0
1080,0.843117,,0.893300,0.843933,0.605,613.6
1081,0.841883,,0.893300,0.843933,0.540,614.2
1082,0.842367,,0.893300,0.843933,0.539,614.7
1083,0.842050,,0.893300,0.843933,0.541,615.2
1084,0.839917,,0.893300,0.843933,0.608,615.9
1085,0.844633,,0.893300,0.844633,0.539,616.4
1086,0.843767,,0.893300,0.844633,0.539,616.9
1087,0.843583,,0.893300,0.844633,0.543,617.5
1088,0.843017,,0.893300,0.844633,0.607,618.1
1089,0.844650,,0.893300,0.844650,0.540,618.6
1090,0.843750,,0.893300,0.844650,0.539,619.2
1091,0.841600,,0.893300,0.844650,0.540,619.7
1092,0.842700,,0.893300,0.844650,0.605,620.3
1093,0.844183,,0.893300,0.844650,0.541,620.8
1094,0.844500,,0.893300,0.844650,0.542,621.4
1095,0.844733,,0.893300,0.844733,0.542,621.9
1096,0.843633,,0.893300,0.844733,0.608,622.5
1097,0.843933,,0.893300,0.844733,0.544,623.1
1098,0.845267,,0.893300,0.845267,0.538,623.6
1099,0.843933,,0.893300,0.845267,0.539,624.2
1100,0.843767,0.8912999629974365,0.893300,0.845267,0.817,625.0
1101,0.843833,,0.893300,0.845267,0.346,625.3
1102,0.842633,,0.893300,0.845267,0.542,625.9
1103,0.844783,,0.893300,0.845267,0.544,626.4
1104,0.842150,,0.893300,0.845267,0.608,627.0
1105,0.844583,,0.893300,0.845267,0.540,627.6
1106,0.843133,,0.893300,0.845267,0.539,628.1
1107,0.844850,,0.893300,0.845267,0.539,628.6
1108,0.845900,,0.893300,0.845900,0.606,629.2
1109,0.845217,,0.893300,0.845900,0.541,629.8
1110,0.843983,,0.893300,0.845900,0.538,630.3
1111,0.845250,,0.893300,0.845900,0.540,630.9
1112,0.844717,,0.893300,0.845900,0.604,631.5
1113,0.845283,,0.893300,0.845900,0.540,632.0
1114,0.844817,,0.893300,0.845900,0.546,632.5
1115,0.845700,,0.893300,0.845900,0.542,633.1
1116,0.844750,,0.893300,0.845900,0.605,633.7
1117,0.846083,,0.893300,0.846083,0.539,634.2
1118,0.846550,,0.893300,0.846550,0.538,634.8
1119,0.846917,,0.893300,0.846917,0.539,635.3
1120,0.845200,,0.893300,0.846917,0.607,635.9
1121,0.844600,,0.893300,0.846917,0.538,636.5
1122,0.845500,,0.893300,0.846917,0.537,637.0
1123,0.844467,,0.893300,0.846917,0.540,637.5
1124,0.844950,,0.893300,0.846917,0.603,638.1
1125,0.845983,,0.893300,0.846917,0.567,638.7
1126,0.844950,,0.893300,0.846917,0.541,639.2
1127,0.846467,,0.893300,0.846917,0.552,639.8
1128,0.846850,,0.893300,0.846917,0.608,640.4
1129,0.843383,,0.893300,0.846917,0.540,640.9
1130,0.845800,,0.893300,0.846917,0.541,641.5
1131,0.849217,,0.893300,0.849217,0.539,642.0
1132,0.844783,,0.893300,0.849217,0.609,642.6
1133,0.845133,,0.893300,0.849217,0.539,643.2
1134,0.845783,,0.893300,0.849217,0.543,643.7
1135,0.846900,,0.893300,0.849217,0.541,644.3
1136,0.847917,,0.893300,0.849217,0.603,644.9
1137,0.847050,,0.893300,0.849217,0.541,645.4
1138,0.846900,,0.893300,0.849217,0.538,645.9
1139,0.847567,,0.893300,0.849217,0.541,646.5
1140,0.847033,,0.893300,0.849217,0.606,647.1
1141,0.847767,,0.893300,0.849217,0.542,647.6
1142,0.845867,,0.893300,0.849217,0.538,648.2
1143,0.847683,,0.893300,0.849217,0.542,648.7
1144,0.846283,,0.893300,0.849217,0.604,649.3
1145,0.848517,,0.893300,0.849217,0.539,649.8
1146,0.846883,,0.893300,0.849217,0.539,650.4
1147,0.848233,,0.893300,0.849217,0.539,650.9
1148,0.846517,,0.893300,0.849217,0.605,651.5
1149,0.847300,,0.893300,0.849217,0.539,652.1
1150,0.848450,0.8944999575614929,0.894500,0.849217,0.745,652.8
1151,0.847650,,0.894500,0.849217,0.346,653.2
1152,0.848117,,0.894500,0.849217,0.605,653.8
1153,0.846967,,0.894500,0.849217,0.539,654.3
1154,0.847983,,0.894500,0.849217,0.539,654.8
1155,0.847150,,0.894500,0.849217,0.537,655.4
1156,0.847283,,0.894500,0.849217,0.605,656.0
1157,0.846950,,0.894500,0.849217,0.536,656.5
1158,0.849450,,0.894500,0.849450,0.538,657.1
1159,0.844983,,0.894500,0.849450,0.539,657.6
1160,0.846217,,0.894500,0.849450,0.609,658.2
1161,0.846383,,0.894500,0.849450,0.539,658.7
1162,0.848167,,0.894500,0.849450,0.538,659.3
1163,0.846450,,0.894500,0.849450,0.539,659.8
1164,0.847617,,0.894500,0.849450,0.608,660.4
1165,0.848083,,0.894500,0.849450,0.541,661.0
1166,0.847467,,0.894500,0.849450,0.541,661.5
1167,0.848067,,0.894500,0.849450,0.537,662.0
1168,0.848400,,0.894500,0.849450,0.603,662.7
1169,0.849033,,0.894500,0.849450,0.538,663.2
1170,0.848983,,0.894500,0.849450,0.538,663.7
1171,0.847100,,0.894500,0.849450,0.538,664.3
1172,0.848583,,0.894500,0.849450,0.605,664.9
1173,0.847950,,0.894500,0.849450,0.539,665.4
1174,0.848400,,0.894500,0.849450,0.543,666.0
1175,0.849183,,0.894500,0.849450,0.539,666.5
1176,0.848233,,0.894500,0.849450,0.605,667.1
1177,0.848817,,0.894500,0.849450,0.538,667.6
1178,0.849850,,0.894500,0.849850,0.542,668.2
1179,0.846317,,0.894500,0.849850,0.540,668.7
1180,0.847400,,0.894500,0.849850,0.639,669.4
1181,0.847200,,0.894500,0.849850,0.535,669.9
1182,0.847850,,0.894500,0.849850,0.553,670.4
1183,0.848867,,0.894500,0.849850,0.541,671.0
1184,0.847500,,0.894500,0.849850,0.606,671.6
1185,0.849033,,0.894500,0.849850,0.540,672.1
1186,0.848000,,0.894500,0.849850,0.539,672.7
1187,0.847717,,0.894500,0.849850,0.539,673.2
1188,0.848933,,0.894500,0.849850,0.607,673.8
1189,0.848000,,0.894500,0.849850,0.540,674.4
1190,0.849800,,0.894500,0.849850,0.540,674.9
1191,0.847683,,0.894500,0.849850,0.538,675.4
1192,0.850083,,0.894500,0.850083,0.604,676.0
1193,0.848317,,0.894500,0.850083,0.541,676.6
1194,0.848617,,0.894500,0.850083,0.539,677.1
1195,0.848250,,0.894500,0.850083,0.540,677.7
1196,0.849467,,0.894500,0.850083,0.604,678.3
1197,0.848450,,0.894500,0.850083,0.541,678.8
1198,0.849533,,0.894500,0.850083,0.539,679.3
1199,0.847217,,0.894500,0.850083,0.538,679.9
1200,0.849183,0.8955999612808228,0.895600,0.850083,0.811,680.7
1201,0.849167,,0.895600,0.850083,0.351,681.0
1202,0.849267,,0.895600,0.850083,0.540,681.6
1203,0.848600,,0.895600,0.850083,0.540,682.1
1204,0.848400,,0.895600,0.850083,0.606,682.7
1205,0.849067,,0.895600,0.850083,0.537,683.3
1206,0.847983,,0.895600,0.850083,0.538,683.8
1207,0.849383,,0.895600,0.850083,0.536,684.3
1208,0.848100,,0.895600,0.850083,0.604,684.9
1209,0.850150,,0.895600,0.850150,0.537,685.5
1210,0.850383,,0.895600,0.850383,0.538,686.0
1211,0.849233,,0.895600,0.850383,0.540,686.6
1212,0.849267,,0.895600,0.850383,0.605,687.2
1213,0.850233,,0.895600,0.850383,0.538,687.7
1214,0.849100,,0.895600,0.850383,0.539,688.2
1215,0.850517,,0.895600,0.850517,0.538,688.8
1216,0.848733,,0.895600,0.850517,0.608,689.4
1217,0.849267,,0.895600,0.850517,0.540,689.9
1218,0.850400,,0.895600,0.850517,0.541,690.5
1219,0.850000,,0.895600,0.850517,0.542,691.0
1220,0.849100,,0.895600,0.850517,0.609,691.6
1221,0.848267,,0.895600,0.850517,0.542,692.2
1222,0.849033,,0.895600,0.850517,0.540,692.7
1223,0.851050,,0.895600,0.851050,0.539,693.2
1224,0.851067,,0.895600,0.851067,0.605,693.8
1225,0.849033,,0.895600,0.851067,0.541,694.4
1226,0.849600,,0.895600,0.851067,0.540,694.9
1227,0.851550,,0.895600,0.851550,0.539,695.5
1228,0.850650,,0.895600,0.851550,0.607,696.1
1229,0.850167,,0.895600,0.851550,0.540,696.6
1230,0.848883,,0.895600,0.851550,0.540,697.2
1231,0.849567,,0.895600,0.851550,0.543,697.7
1232,0.850367,,0.895600,0.851550,0.609,698.3
1233,0.849600,,0.895600,0.851550,0.541,698.8
1234,0.849950,,0.895600,0.851550,0.539,699.4
1235,0.850300,,0.895600,0.851550,0.542,699.9
1236,0.850517,,0.895600,0.851550,0.669,700.6
1237,0.850450,,0.895600,0.851550,0.543,701.1
1238,0.849433,,0.895600,0.851550,0.539,701.7
1239,0.849417,,0.895600,0.851550,0.538,702.2
1240,0.851133,,0.895600,0.851550,0.597,702.8
1241,0.851050,,0.895600,0.851550,0.540,703.4
1242,0.852233,,0.895600,0.852233,0.543,703.9
1243,0.851100,,0.895600,0.852233,0.538,704.4
1244,0.851050,,0.895600,0.852233,0.606,705.0
1245,0.850833,,0.895600,0.852233,0.543,705.6
1246,0.850600,,0.895600,0.852233,0.543,706.1
1247,0.850450,,0.895600,0.852233,0.548,706.7
1248,0.852467,,0.895600,0.852467,0.613,707.3
1249,0.850300,,0.895600,0.852467,0.540,707.8
1250,0.850950,0.8946999907493591,0.895600,0.852467,0.749,708.6
1251,0.851583,,0.895600,0.852467,0.351,708.9
1252,0.851333,,0.895600,0.852467,0.609,709.5
1253,0.850733,,0.895600,0.852467,0.537,710.1
1254,0.850600,,0.895600,0.852467,0.539,710.6
1255,0.851283,,0.895600,0.852467,0.540,711.2
1256,0.851017,,0.895600,0.852467,0.607,711.8
1257,0.850883,,0.895600,0.852467,0.539,712.3
1258,0.849750,,0.895600,0.852467,0.539,712.8
1259,0.850933,,0.895600,0.852467,0.545,713.4
1260,0.850217,,0.895600,0.852467,0.605,714.0
1261,0.850617,,0.895600,0.852467,0.541,714.5
1262,0.852167,,0.895600,0.852467,0.547,715.1
1263,0.851000,,0.895600,0.852467,0.542,715.6
1264,0.851000,,0.895600,0.852467,0.610,716.2
1265,0.851833,,0.895600,0.852467,0.536,716.8
1266,0.849800,,0.895600,0.852467,0.538,717.3
1267,0.851283,,0.895600,0.852467,0.539,717.8
1268,0.851600,,0.895600,0.852467,0.607,718.4
1269,0.852767,,0.895600,0.852767,0.541,719.0
1270,0.850800,,0.895600,0.852767,0.540,719.5
1271,0.853800,,0.895600,0.853800,0.540,720.1
1272,0.850067,,0.895600,0.853800,0.604,720.7
1273,0.852800,,0.895600,0.853800,0.543,721.2
1274,0.851817,,0.895600,0.853800,0.541,721.8
1275,0.851467,,0.895600,0.853800,0.539,722.3
1276,0.851100,,0.895600,0.853800,0.606,722.9
1277,0.851400,,0.895600,0.853800,0.540,723.4
1278,0.852267,,0.895600,0.853800,0.542,724.0
1279,0.852100,,0.895600,0.853800,0.539,724.5
1280,0.851883,,0.895600,0.853800,0.606,725.1
1281,0.852533,,0.895600,0.853800,0.539,725.7
1282,0.852683,,0.895600,0.853800,0.537,726.2
1283,0.851267,,0.895600,0.853800,0.539,726.7
1284,0.852333,,0.895600,0.853800,0.605,727.3
1285,0.851717,,0.895600,0.853800,0.543,727.9
1286,0.850950,,0.895600,0.853800,0.540,728.4
1287,0.851750,,0.895600,0.853800,0.538,729.0
1288,0.849033,,0.895600,0.853800,0.608,729.6
1289,0.851283,,0.895600,0.853800,0.540,730.1
1290,0.851417,,0.895600,0.853800,0.539,730.7
1291,0.851300,,0.895600,0.853800,0.540,731.2
1292,0.852850,,0.895600,0.853800,0.606,731.8
1293,0.852433,,0.895600,0.853800,0.539,732.3
1294,0.852600,,0.895600,0.853800,0.537,732.9
1295,0.850700,,0.895600,0.853800,0.538,733.4
1296,0.851067,,0.895600,0.853800,0.605,734.0
1297,0.852417,,0.895600,0.853800,0.538,734.6
1298,0.853083,,0.895600,0.853800,0.539,735.1
1299,0.852383,,0.895600,0.853800,0.537,735.6
1300,0.851617,0.8973000049591064,0.897300,0.853800,0.809,736.4
1301,0.852367,,0.897300,0.853800,0.348,736.8
1302,0.853750,,0.897300,0.853800,0.539,737.3
1303,0.850967,,0.897300,0.853800,0.537,737.9
1304,0.852783,,0.897300,0.853800,0.604,738.5
1305,0.852883,,0.897300,0.853800,0.539,739.0
1306,0.852450,,0.897300,0.853800,0.542,739.6
1307,0.852650,,0.897300,0.853800,0.538,740.1
1308,0.851950,,0.897300,0.853800,0.604,740.7
1309,0.853683,,0.897300,0.853800,0.538,741.2
1310,0.853150,,0.897300,0.853800,0.539,741.8
1311,0.852933,,0.897300,0.853800,0.542,742.3
1312,0.853750,,0.897300,0.853800,0.611,742.9
1313,0.851550,,0.897300,0.853800,0.544,743.5
1314,0.853783,,0.897300,0.853800,0.541,744.0
1315,0.853467,,0.897300,0.853800,0.539,744.5
1316,0.853800,,0.897300,0.853800,0.609,745.2
1317,0.853150,,0.897300,0.853800,0.539,745.7
1318,0.852383,,0.897300,0.853800,0.538,746.2
1319,0.852700,,0.897300,0.853800,0.539,746.8
1320,0.852283,,0.897300,0.853800,0.604,747.4
1321,0.852083,,0.897300,0.853800,0.537,747.9
1322,0.853150,,0.897300,0.853800,0.537,748.5
1323,0.854333,,0.897300,0.854333,0.540,749.0
1324,0.852450,,0.897300,0.854333,0.603,749.6
1325,0.853300,,0.897300,0.854333,0.539,750.1
1326,0.854467,,0.897300,0.854467,0.540,750.7
1327,0.853150,,0.897300,0.854467,0.540,751.2
1328,0.855917,,0.897300,0.855917,0.607,751.8
1329,0.856200,,0.897300,0.856200,0.540,752.4
1330,0.853600,,0.897300,0.856200,0.539,752.9
1331,0.853800,,0.897300,0.856200,0.541,753.4
1332,0.852467,,0.897300,0.856200,0.609,754.1
1333,0.854600,,0.897300,0.856200,0.539,754.6
1334,0.853450,,0.897300,0.856200,0.540,755.1
1335,0.854433,,0.897300,0.856200,0.539,755.7
1336,0.855167,,0.897300,0.856200,0.606,756.3
1337,0.853683,,0.897300,0.856200,0.540,756.8
1338,0.854750,,0.897300,0.856200,0.544,757.4
1339,0.853833,,0.897300,0.856200,0.543,757.9
1340,0.855667,,0.897300,0.856200,0.606,758.5
1341,0.854517,,0.897300,0.856200,0.543,759.1
1342,0.854133,,0.897300,0.856200,0.542,759.6
1343,0.854067,,0.897300,0.856200,0.575,760.2
1344,0.853417,,0.897300,0.856200,0.607,760.8
1345,0.854117,,0.897300,0.856200,0.538,761.3
1346,0.854967,,0.897300,0.856200,0.537,761.9
1347,0.855083,,0.897300,0.856200,0.540,762.4
1348,0.853933,,0.897300,0.856200,0.606,763.0
1349,0.856367,,0.897300,0.856367,0.543,763.5
1350,0.853583,0.8956999778747559,0.897300,0.856367,0.745,764.3
1351,0.855083,,0.897300,0.856367,0.347,764.6
1352,0.853383,,0.897300,0.856367,0.604,765.2
1353,0.855417,,0.897300,0.856367,0.542,765.8
1354,0.856000,,0.897300,0.856367,0.539,766.3
1355,0.853200,,0.897300,0.856367,0.538,766.9
1356,0.855717,,0.897300,0.856367,0.608,767.5
1357,0.856367,,0.897300,0.856367,0.542,768.0
1358,0.854317,,0.897300,0.856367,0.539,768.5
1359,0.854267,,0.897300,0.856367,0.538,769.1
1360,0.855283,,0.897300,0.856367,0.605,769.7
1361,0.855350,,0.897300,0.856367,0.541,770.2
1362,0.854700,,0.897300,0.856367,0.537,770.8
1363,0.857017,,0.897300,0.857017,0.540,771.3
1364,0.855883,,0.897300,0.857017,0.608,771.9
1365,0.855567,,0.897300,0.857017,0.539,772.5
1366,0.854967,,0.897300,0.857017,0.534,773.0
1367,0.855517,,0.897300,0.857017,0.536,773.5
1368,0.854917,,0.897300,0.857017,0.606,774.1
1369,0.856233,,0.897300,0.857017,0.540,774.7
1370,0.855033,,0.897300,0.857017,0.538,775.2
1371,0.854217,,0.897300,0.857017,0.539,775.7
1372,0.855200,,0.897300,0.857017,0.609,776.4
1373,0.855200,,0.897300,0.857017,0.538,776.9
1374,0.855650,,0.897300,0.857017,0.539,777.4
1375,0.856067,,0.897300,0.857017,0.539,778.0
1376,0.855150,,0.897300,0.857017,0.604,778.6
1377,0.856617,,0.897300,0.857017,0.538,779.1
1378,0.855650,,0.897300,0.857017,0.543,779.7
1379,0.855083,,0.897300,0.857017,0.537,780.2
1380,0.853567,,0.897300,0.857017,0.606,780.8
1381,0.853683,,0.897300,0.857017,0.540,781.3
1382,0.855233,,0.897300,0.857017,0.538,781.9
1383,0.854900,,0.897300,0.857017,0.537,782.4
1384,0.855600,,0.897300,0.857017,0.603,783.0
1385,0.855983,,0.897300,0.857017,0.538,783.6
1386,0.855167,,0.897300,0.857017,0.540,784.1
1387,0.855650,,0.897300,0.857017,0.539,784.6
1388,0.855783,,0.897300,0.857017,0.607,785.2
1389,0.856067,,0.897300,0.857017,0.541,785.8
1390,0.855267,,0.897300,0.857017,0.537,786.3
1391,0.855417,,0.897300,0.857017,0.542,786.9
1392,0.855400,,0.897300,0.857017,0.604,787.5
1393,0.856750,,0.897300,0.857017,0.538,788.0
1394,0.856433,,0.897300,0.857017,0.539,788.5
1395,0.856083,,0.897300,0.857017,0.538,789.1
1396,0.854800,,0.897300,0.857017,0.605,789.7
1397,0.856850,,0.897300,0.857017,0.582,790.3
1398,0.859117,,0.897300,0.859117,0.538,790.8
1399,0.858100,,0.897300,0.859117,0.536,791.3
1400,0.856083,0.8999999761581421,0.900000,0.859117,0.810,792.2
1401,0.857383,,0.900000,0.859117,0.347,792.5
1402,0.856183,,0.900000,0.859117,0.538,793.0
1403,0.854500,,0.900000,0.859117,0.541,793.6
1404,0.855100,,0.900000,0.859117,0.608,794.2
1405,0.857483,,0.900000,0.859117,0.543,794.7
1406,0.857733,,0.900000,0.859117,0.538,795.3
1407,0.858150,,0.900000,0.859117,0.540,795.8
1408,0.858500,,0.900000,0.859117,0.603,796.4
1409,0.857567,,0.900000,0.859117,0.540,797.0
1410,0.856900,,0.900000,0.859117,0.542,797.5
1411,0.857217,,0.900000,0.859117,0.540,798.0
1412,0.858383,,0.900000,0.859117,0.605,798.6
1413,0.858867,,0.900000,0.859117,0.541,799.2
1414,0.858350,,0.900000,0.859117,0.540,799.7
1415,0.858600,,0.900000,0.859117,0.538,800.3
1416,0.856917,,0.900000,0.859117,0.606,800.9
1417,0.858650,,0.900000,0.859117,0.540,801.4
1418,0.856683,,0.900000,0.859117,0.542,801.9
1419,0.856950,,0.900000,0.859117,0.541,802.5
1420,0.858150,,0.900000,0.859117,0.607,803.1
1421,0.859517,,0.900000,0.859517,0.536,803.6
1422,0.858767,,0.900000,0.859517,0.537,804.2
1423,0.858483,,0.900000,0.859517,0.538,804.7
1424,0.856300,,0.900000,0.859517,0.605,805.3
1425,0.859250,,0.900000,0.859517,0.540,805.9
1426,0.857800,,0.900000,0.859517,0.540,806.4
1427,0.857350,,0.900000,0.859517,0.540,806.9
1428,0.856667,,0.900000,0.859517,0.604,807.5
1429,0.859300,,0.900000,0.859517,0.542,808.1
1430,0.859083,,0.900000,0.859517,0.539,808.6
1431,0.858600,,0.900000,0.859517,0.538,809.2
1432,0.858050,,0.900000,0.859517,0.606,809.8
1433,0.858917,,0.900000,0.859517,0.537,810.3
1434,0.860683,,0.900000,0.860683,0.540,810.8
1435,0.858767,,0.900000,0.860683,0.539,811.4
1436,0.858433,,0.900000,0.860683,0.606,812.0
1437,0.858817,,0.900000,0.860683,0.536,812.5
1438,0.859983,,0.900000,0.860683,0.540,813.1
1439,0.859867,,0.900000,0.860683,0.537,813.6
1440,0.859700,,0.900000,0.860683,0.607,814.2
1441,0.858317,,0.900000,0.860683,0.540,814.7
1442,0.859717,,0.900000,0.860683,0.540,815.3
1443,0.858950,,0.900000,0.860683,0.540,815.8
1444,0.858833,,0.900000,0.860683,0.605,816.4
1445,0.857083,,0.900000,0.860683,0.542,817.0
1446,0.859433,,0.900000,0.860683,0.542,817.5
1447,0.860100,,0.900000,0.860683,0.539,818.1
1448,0.858017,,0.900000,0.860683,0.609,818.7
1449,0.859883,,0.900000,0.860683,0.543,819.2
1450,0.859950,0.9010999798774719,0.901100,0.860683,0.759,820.0
1451,0.860333,,0.901100,0.860683,0.370,820.3
1452,0.859167,,0.901100,0.860683,0.607,820.9
1453,0.859383,,0.901100,0.860683,0.541,821.5
1454,0.858367,,0.901100,0.860683,0.541,822.0
1455,0.859600,,0.901100,0.860683,0.539,822.6
1456,0.857683,,0.901100,0.860683,0.604,823.2
1457,0.860600,,0.901100,0.860683,0.540,823.7
1458,0.859283,,0.901100,0.860683,0.537,824.2
1459,0.860650,,0.901100,0.860683,0.537,824.8
1460,0.860017,,0.901100,0.860683,0.610,825.4
1461,0.858483,,0.901100,0.860683,0.542,825.9
1462,0.857733,,0.901100,0.860683,0.539,826.5
1463,0.858383,,0.901100,0.860683,0.543,827.0
1464,0.860817,,0.901100,0.860817,0.607,827.6
1465,0.860650,,0.901100,0.860817,0.542,828.2
1466,0.859350,,0.901100,0.860817,0.542,828.7
1467,0.857617,,0.901100,0.860817,0.540,829.2
1468,0.861050,,0.901100,0.861050,0.606,829.8
1469,0.860383,,0.901100,0.861050,0.542,830.4
1470,0.859450,,0.901100,0.861050,0.539,830.9
1471,0.859417,,0.901100,0.861050,0.540,831.5
1472,0.858467,,0.901100,0.861050,0.604,832.1
1473,0.859400,,0.901100,0.861050,0.536,832.6
1474,0.859700,,0.901100,0.861050,0.539,833.1
1475,0.860500,,0.901100,0.861050,0.538,833.7
1476,0.860917,,0.901100,0.861050,0.605,834.3
1477,0.860117,,0.901100,0.861050,0.541,834.8
1478,0.859667,,0.901100,0.861050,0.538,835.4
1479,0.860850,,0.901100,0.861050,0.539,835.9
1480,0.860200,,0.901100,0.861050,0.603,836.5
1481,0.859133,,0.901100,0.861050,0.543,837.1
1482,0.859900,,0.901100,0.861050,0.544,837.6
1483,0.859133,,0.901100,0.861050,0.541,838.1
1484,0.862050,,0.901100,0.862050,0.599,838.7
1485,0.860367,,0.901100,0.862050,0.542,839.3
1486,0.861217,,0.901100,0.862050,0.537,839.8
1487,0.860033,,0.901100,0.862050,0.539,840.4
1488,0.859667,,0.901100,0.862050,0.605,841.0
1489,0.859950,,0.901100,0.862050,0.541,841.5
1490,0.861533,,0.901100,0.862050,0.540,842.0
1491,0.861450,,0.901100,0.862050,0.538,842.6
1492,0.860950,,0.901100,0.862050,0.607,843.2
1493,0.860733,,0.901100,0.862050,0.542,843.7
1494,0.860567,,0.901100,0.862050,0.539,844.3
1495,0.860883,,0.901100,0.862050,0.538,844.8
1496,0.861200,,0.901100,0.862050,0.606,845.4
1497,0.859817,,0.901100,0.862050,0.543,846.0
1498,0.861267,,0.901100,0.862050,0.544,846.5
1499,0.861817,,0.901100,0.862050,0.539,847.0
1500,0.860800,0.9007999897003174,0.901100,0.862050,0.812,847.9
1501,0.862417,,0.901100,0.862417,0.350,848.2
1502,0.861117,,0.901100,0.862417,0.539,848.7
1503,0.861517,,0.901100,0.862417,0.539,849.3
1504,0.862617,,0.901100,0.862617,0.616,849.9
1505,0.861200,,0.901100,0.862617,0.539,850.4
1506,0.858850,,0.901100,0.862617,0.592,851.0
1507,0.861900,,0.901100,0.862617,0.541,851.6
1508,0.861483,,0.901100,0.862617,0.607,852.2
1509,0.858900,,0.901100,0.862617,0.542,852.7
1510,0.860017,,0.901100,0.862617,0.538,853.3
1511,0.862100,,0.901100,0.862617,0.540,853.8
1512,0.860417,,0.901100,0.862617,0.605,854.4
1513,0.861800,,0.901100,0.862617,0.539,854.9
1514,0.860717,,0.901100,0.862617,0.541,855.5
1515,0.859667,,0.901100,0.862617,0.541,856.0
1516,0.860567,,0.901100,0.862617,0.603,856.6
1517,0.861750,,0.901100,0.862617,0.538,857.2
1518,0.860533,,0.901100,0.862617,0.536,857.7
1519,0.862167,,0.901100,0.862617,0.540,858.2
1520,0.860733,,0.901100,0.862617,0.606,858.8
1521,0.862333,,0.901100,0.862617,0.540,859.4
1522,0.861317,,0.901100,0.862617,0.538,859.9
1523,0.862567,,0.901100,0.862617,0.540,860.5
1524,0.862000,,0.901100,0.862617,0.609,861.1
1525,0.863317,,0.901100,0.863317,0.536,861.6
1526,0.861067,,0.901100,0.863317,0.539,862.1
1527,0.862250,,0.901100,0.863317,0.540,862.7
1528,0.862467,,0.901100,0.863317,0.604,863.3
1529,0.862983,,0.901100,0.863317,0.536,863.8
1530,0.862650,,0.901100,0.863317,0.541,864.4
1531,0.861883,,0.901100,0.863317,0.539,864.9
1532,0.860850,,0.901100,0.863317,0.606,865.5
1533,0.862233,,0.901100,0.863317,0.538,866.1
1534,0.861233,,0.901100,0.863317,0.541,866.6
1535,0.864433,,0.901100,0.864433,0.542,867.1
1536,0.863200,,0.901100,0.864433,0.609,867.7
1537,0.864233,,0.901100,0.864433,0.541,868.3
1538,0.861300,,0.901100,0.864433,0.538,868.8
1539,0.863600,,0.901100,0.864433,0.542,869.4
1540,0.860367,,0.901100,0.864433,0.604,870.0
1541,0.861567,,0.901100,0.864433,0.540,870.5
1542,0.862983,,0.901100,0.864433,0.542,871.1
1543,0.862017,,0.901100,0.864433,0.539,871.6
1544,0.861750,,0.901100,0.864433,0.606,872.2
1545,0.862583,,0.901100,0.864433,0.541,872.7
1546,0.862483,,0.901100,0.864433,0.539,873.3
1547,0.864467,,0.901100,0.864467,0.542,873.8
1548,0.860650,,0.901100,0.864467,0.606,874.4
1549,0.863133,,0.901100,0.864467,0.538,875.0
1550,0.863467,0.8999999761581421,0.901100,0.864467,0.748,875.7
1551,0.865733,,0.901100,0.865733,0.351,876.1
1552,0.863867,,0.901100,0.865733,0.607,876.7
1553,0.863817,,0.901100,0.865733,0.541,877.2
1554,0.862267,,0.901100,0.865733,0.537,877.7
1555,0.863633,,0.901100,0.865733,0.541,878.3
1556,0.862850,,0.901100,0.865733,0.611,878.9
1557,0.862683,,0.901100,0.865733,0.549,879.4
1558,0.864550,,0.901100,0.865733,0.547,880.0
1559,0.863950,,0.901100,0.865733,0.543,880.5
1560,0.863183,,0.901100,0.865733,0.664,881.2
1561,0.865183,,0.901100,0.865733,0.557,881.8
1562,0.861317,,0.901100,0.865733,0.551,882.3
1563,0.863700,,0.901100,0.865733,0.554,882.9
1564,0.862950,,0.901100,0.865733,0.614,883.5
1565,0.863600,,0.901100,0.865733,0.542,884.0
1566,0.863617,,0.901100,0.865733,0.542,884.6
1567,0.862800,,0.901100,0.865733,0.541,885.1
1568,0.862183,,0.901100,0.865733,0.616,885.7
1569,0.862250,,0.901100,0.865733,0.557,886.3
1570,0.863983,,0.901100,0.865733,0.560,886.8
1571,0.862633,,0.901100,0.865733,0.569,887.4
1572,0.861933,,0.901100,0.865733,0.623,888.0
1573,0.863900,,0.901100,0.865733,0.576,888.6
1574,0.863967,,0.901100,0.865733,0.563,889.2
1575,0.864117,,0.901100,0.865733,0.612,889.8
1576,0.864167,,0.901100,0.865733,0.614,890.4
1577,0.864550,,0.901100,0.865733,0.541,890.9
1578,0.863367,,0.901100,0.865733,0.539,891.5
1579,0.863050,,0.901100,0.865733,0.542,892.0
1580,0.862933,,0.901100,0.865733,0.605,892.6
1581,0.862600,,0.901100,0.865733,0.540,893.2
1582,0.866000,,0.901100,0.866000,0.537,893.7
1583,0.863800,,0.901100,0.866000,0.536,894.2
1584,0.861567,,0.901100,0.866000,0.605,894.8
1585,0.865033,,0.901100,0.866000,0.538,895.4
1586,0.863467,,0.901100,0.866000,0.545,895.9
1587,0.863567,,0.901100,0.866000,0.539,896.5
1588,0.865467,,0.901100,0.866000,0.606,897.1
1589,0.864350,,0.901100,0.866000,0.542,897.6
1590,0.865983,,0.901100,0.866000,0.538,898.1
1591,0.864783,,0.901100,0.866000,0.542,898.7
1592,0.864800,,0.901100,0.866000,0.608,899.3
1593,0.865533,,0.901100,0.866000,0.540,899.8
1594,0.865967,,0.901100,0.866000,0.538,900.4
1595,0.864133,,0.901100,0.866000,0.539,900.9
1596,0.864300,,0.901100,0.866000,0.605,901.5
1597,0.865533,,0.901100,0.866000,0.539,902.1
1598,0.864433,,0.901100,0.866000,0.540,902.6
1599,0.864533,,0.901100,0.866000,0.547,903.1
1600,0.866833,0.9027000069618225,0.902700,0.866833,0.817,904.0
1601,0.864200,,0.902700,0.866833,0.350,904.3
1602,0.864983,,0.902700,0.866833,0.539,904.8
1603,0.865800,,0.902700,0.866833,0.538,905.4
1604,0.866133,,0.902700,0.866833,0.605,906.0
1605,0.864283,,0.902700,0.866833,0.539,906.5
1606,0.867017,,0.902700,0.867017,0.539,907.1
1607,0.866367,,0.902700,0.867017,0.538,907.6
1608,0.866067,,0.902700,0.867017,0.603,908.2
1609,0.867267,,0.902700,0.867267,0.540,908.7
1610,0.865500,,0.902700,0.867267,0.541,909.3
1611,0.865217,,0.902700,0.867267,0.539,909.8
1612,0.866083,,0.902700,0.867267,0.605,910.4
1613,0.863883,,0.902700,0.867267,0.541,911.0
1614,0.866167,,0.902700,0.867267,0.539,911.5
1615,0.865033,,0.902700,0.867267,0.556,912.1
1616,0.866067,,0.902700,0.867267,0.607,912.7
1617,0.865533,,0.902700,0.867267,0.540,913.2
1618,0.864867,,0.902700,0.867267,0.538,913.8
1619,0.865567,,0.902700,0.867267,0.539,914.3
1620,0.864700,,0.902700,0.867267,0.605,914.9
1621,0.865500,,0.902700,0.867267,0.539,915.4
1622,0.866467,,0.902700,0.867267,0.541,916.0
1623,0.865400,,0.902700,0.867267,0.541,916.5
1624,0.865450,,0.902700,0.867267,0.609,917.1
1625,0.867767,,0.902700,0.867767,0.540,917.7
1626,0.865017,,0.902700,0.867767,0.542,918.2
1627,0.864550,,0.902700,0.867767,0.539,918.7
1628,0.864567,,0.902700,0.867767,0.606,919.4
1629,0.866283,,0.902700,0.867767,0.541,919.9
1630,0.865433,,0.902700,0.867767,0.538,920.4
1631,0.865450,,0.902700,0.867767,0.541,921.0
1632,0.865617,,0.902700,0.867767,0.605,921.6
1633,0.866417,,0.902700,0.867767,0.540,922.1
1634,0.863617,,0.902700,0.867767,0.542,922.7
1635,0.866433,,0.902700,0.867767,0.540,923.2
1636,0.866250,,0.902700,0.867767,0.610,923.8
1637,0.865000,,0.902700,0.867767,0.538,924.4
1638,0.865200,,0.902700,0.867767,0.543,924.9
1639,0.865633,,0.902700,0.867767,0.541,925.4
1640,0.864350,,0.902700,0.867767,0.604,926.0
1641,0.863433,,0.902700,0.867767,0.540,926.6
1642,0.865800,,0.902700,0.867767,0.540,927.1
1643,0.865667,,0.902700,0.867767,0.542,927.7
1644,0.865083,,0.902700,0.867767,0.606,928.3
1645,0.864817,,0.902700,0.867767,0.542,928.8
1646,0.866950,,0.902700,0.867767,0.538,929.3
1647,0.868867,,0.902700,0.868867,0.540,929.9
1648,0.864683,,0.902700,0.868867,0.608,930.5
1649,0.867383,,0.902700,0.868867,0.545,931.0
1650,0.865267,0.9023999571800232,0.902700,0.868867,0.750,931.8
1651,0.866950,,0.902700,0.868867,0.348,932.1
1652,0.865400,,0.902700,0.868867,0.609,932.7
1653,0.866250,,0.902700,0.868867,0.541,933.3
1654,0.867650,,0.902700,0.868867,0.540,933.8
1655,0.864433,,0.902700,0.868867,0.541,934.4
1656,0.864517,,0.902700,0.868867,0.610,935.0
1657,0.866650,,0.902700,0.868867,0.540,935.5
1658,0.864800,,0.902700,0.868867,0.543,936.1
1659,0.866117,,0.902700,0.868867,0.539,936.6
1660,0.866433,,0.902700,0.868867,0.605,937.2
1661,0.866050,,0.902700,0.868867,0.541,937.7
1662,0.866033,,0.902700,0.868867,0.541,938.3
1663,0.866450,,0.902700,0.868867,0.540,938.8
1664,0.866400,,0.902700,0.868867,0.611,939.4
1665,0.866933,,0.902700,0.868867,0.540,940.0
1666,0.865850,,0.902700,0.868867,0.539,940.5
1667,0.865933,,0.902700,0.868867,0.542,941.1
1668,0.866483,,0.902700,0.868867,0.630,941.7
1669,0.865300,,0.902700,0.868867,0.542,942.2
1670,0.867400,,0.902700,0.868867,0.576,942.8
1671,0.868117,,0.902700,0.868867,0.541,943.3
1672,0.866583,,0.902700,0.868867,0.604,944.0
1673,0.866867,,0.902700,0.868867,0.539,944.5
1674,0.867383,,0.902700,0.868867,0.541,945.0
1675,0.866417,,0.902700,0.868867,0.541,945.6
1676,0.867200,,0.902700,0.868867,0.606,946.2
1677,0.866633,,0.902700,0.868867,0.540,946.7
1678,0.867917,,0.902700,0.868867,0.538,947.3
1679,0.867100,,0.902700,0.868867,0.537,947.8
1680,0.866417,,0.902700,0.868867,0.606,948.4
1681,0.866350,,0.902700,0.868867,0.540,948.9
1682,0.868367,,0.902700,0.868867,0.540,949.5
1683,0.867167,,0.902700,0.868867,0.538,950.0
1684,0.865283,,0.902700,0.868867,0.607,950.6
1685,0.868367,,0.902700,0.868867,0.542,951.2
1686,0.867533,,0.902700,0.868867,0.539,951.7
1687,0.867467,,0.902700,0.868867,0.538,952.2
1688,0.865617,,0.902700,0.868867,0.609,952.9
1689,0.867667,,0.902700,0.868867,0.541,953.4
1690,0.868650,,0.902700,0.868867,0.540,953.9
1691,0.867883,,0.902700,0.868867,0.541,954.5
1692,0.867217,,0.902700,0.868867,0.606,955.1
1693,0.867917,,0.902700,0.868867,0.542,955.6
1694,0.867750,,0.902700,0.868867,0.541,956.2
1695,0.867667,,0.902700,0.868867,0.538,956.7
1696,0.867550,,0.902700,0.868867,0.605,957.3
1697,0.866450,,0.902700,0.868867,0.542,957.8
1698,0.869317,,0.902700,0.869317,0.543,958.4
1699,0.866867,,0.902700,0.869317,0.539,958.9
1700,0.866333,0.9034000039100647,0.903400,0.869317,0.808,959.7
1701,0.866717,,0.903400,0.869317,0.346,960.1
1702,0.867233,,0.903400,0.869317,0.538,960.6
1703,0.866867,,0.903400,0.869317,0.541,961.2
1704,0.866150,,0.903400,0.869317,0.606,961.8
1705,0.865600,,0.903400,0.869317,0.536,962.3
1706,0.869450,,0.903400,0.869450,0.539,962.8
1707,0.866233,,0.903400,0.869450,0.539,963.4
1708,0.867450,,0.903400,0.869450,0.605,964.0
1709,0.865050,,0.903400,0.869450,0.542,964.5
1710,0.865267,,0.903400,0.869450,0.539,965.1
1711,0.867100,,0.903400,0.869450,0.540,965.6
1712,0.864483,,0.903400,0.869450,0.605,966.2
1713,0.867817,,0.903400,0.869450,0.539,966.8
1714,0.867933,,0.903400,0.869450,0.540,967.3
1715,0.868567,,0.903400,0.869450,0.541,967.8
1716,0.867983,,0.903400,0.869450,0.604,968.4
1717,0.866617,,0.903400,0.869450,0.542,969.0
1718,0.867500,,0.903400,0.869450,0.540,969.5
1719,0.866100,,0.903400,0.869450,0.542,970.1
1720,0.866067,,0.903400,0.869450,0.605,970.7
1721,0.866600,,0.903400,0.869450,0.539,971.2
1722,0.866933,,0.903400,0.869450,0.539,971.7
1723,0.867417,,0.903400,0.869450,0.536,972.3
1724,0.866450,,0.903400,0.869450,0.662,972.9
1725,0.866133,,0.903400,0.869450,0.542,973.5
1726,0.866967,,0.903400,0.869450,0.540,974.0
1727,0.866350,,0.903400,0.869450,0.540,974.6
1728,0.865900,,0.903400,0.869450,0.605,975.2
1729,0.869600,,0.903400,0.869600,0.544,975.7
1730,0.867717,,0.903400,0.869600,0.542,976.3
1731,0.867067,,0.903400,0.869600,0.539,976.8
1732,0.867650,,0.903400,0.869600,0.597,977.4
1733,0.868300,,0.903400,0.869600,0.537,977.9
1734,0.869067,,0.903400,0.869600,0.538,978.5
1735,0.867900,,0.903400,0.869600,0.540,979.0
1736,0.866933,,0.903400,0.869600,0.609,979.6
1737,0.867217,,0.903400,0.869600,0.538,980.2
1738,0.867367,,0.903400,0.869600,0.542,980.7
1739,0.869317,,0.903400,0.869600,0.544,981.2
1740,0.868067,,0.903400,0.869600,0.607,981.8
1741,0.867800,,0.903400,0.869600,0.536,982.4
1742,0.867867,,0.903400,0.869600,0.542,982.9
1743,0.867883,,0.903400,0.869600,0.538,983.5
1744,0.868700,,0.903400,0.869600,0.607,984.1
1745,0.867917,,0.903400,0.869600,0.539,984.6
1746,0.868433,,0.903400,0.869600,0.542,985.2
1747,0.868333,,0.903400,0.869600,0.539,985.7
1748,0.867117,,0.903400,0.869600,0.604,986.3
1749,0.870950,,0.903400,0.870950,0.532,986.8
1750,0.869117,0.9059000015258789,0.905900,0.870950,0.746,987.6
1751,0.867250,,0.905900,0.870950,0.349,987.9
1752,0.866933,,0.905900,0.870950,0.603,988.5
1753,0.868383,,0.905900,0.870950,0.540,989.1
1754,0.866950,,0.905900,0.870950,0.541,989.6
1755,0.867967,,0.905900,0.870950,0.541,990.1
1756,0.869517,,0.905900,0.870950,0.606,990.8
1757,0.868767,,0.905900,0.870950,0.541,991.3
1758,0.869433,,0.905900,0.870950,0.540,991.8
1759,0.868967,,0.905900,0.870950,0.544,992.4
1760,0.869683,,0.905900,0.870950,0.608,993.0
1761,0.868683,,0.905900,0.870950,0.541,993.5
1762,0.869833,,0.905900,0.870950,0.543,994.1
1763,0.871033,,0.905900,0.871033,0.541,994.6
1764,0.868550,,0.905900,0.871033,0.606,995.2
1765,0.871033,,0.905900,0.871033,0.545,995.8
1766,0.868867,,0.905900,0.871033,0.541,996.3
1767,0.869150,,0.905900,0.871033,0.540,996.8
1768,0.870667,,0.905900,0.871033,0.607,997.4
1769,0.867967,,0.905900,0.871033,0.541,998.0
1770,0.867683,,0.905900,0.871033,0.543,998.5
1771,0.868033,,0.905900,0.871033,0.535,999.1
1772,0.870567,,0.905900,0.871033,0.612,999.7
1773,0.869067,,0.905900,0.871033,0.542,1000.2
1774,0.871017,,0.905900,0.871033,0.542,1000.8
1775,0.870150,,0.905900,0.871033,0.539,1001.3
1776,0.868217,,0.905900,0.871033,0.612,1001.9
1777,0.868850,,0.905900,0.871033,0.585,1002.5
1778,0.869500,,0.905900,0.871033,0.541,1003.0
1779,0.870700,,0.905900,0.871033,0.540,1003.6
1780,0.867150,,0.905900,0.871033,0.609,1004.2
1781,0.868950,,0.905900,0.871033,0.538,1004.7
1782,0.866817,,0.905900,0.871033,0.541,1005.3
1783,0.869650,,0.905900,0.871033,0.541,1005.8
1784,0.870333,,0.905900,0.871033,0.602,1006.4
1785,0.870650,,0.905900,0.871033,0.539,1007.0
1786,0.869067,,0.905900,0.871033,0.539,1007.5
1787,0.869283,,0.905900,0.871033,0.538,1008.0
1788,0.867133,,0.905900,0.871033,0.601,1008.6
1789,0.868417,,0.905900,0.871033,0.537,1009.2
1790,0.866783,,0.905900,0.871033,0.542,1009.7
1791,0.868900,,0.905900,0.871033,0.542,1010.3
1792,0.870333,,0.905900,0.871033,0.605,1010.9
1793,0.870200,,0.905900,0.871033,0.540,1011.4
1794,0.869133,,0.905900,0.871033,0.538,1011.9
1795,0.871383,,0.905900,0.871383,0.537,1012.5
1796,0.870717,,0.905900,0.871383,0.603,1013.1
1797,0.869400,,0.905900,0.871383,0.539,1013.6
1798,0.871000,,0.905900,0.871383,0.538,1014.2
1799,0.869367,,0.905900,0.871383,0.539,1014.7
1800,0.869650,0.9041000008583069,0.905900,0.871383,0.809,1015.5
1801,0.869317,,0.905900,0.871383,0.348,1015.8
1802,0.870817,,0.905900,0.871383,0.538,1016.4
1803,0.870500,,0.905900,0.871383,0.538,1016.9
1804,0.872300,,0.905900,0.872300,0.606,1017.5
1805,0.868833,,0.905900,0.872300,0.538,1018.1
1806,0.867617,,0.905900,0.872300,0.540,1018.6
1807,0.870883,,0.905900,0.872300,0.540,1019.1
1808,0.870033,,0.905900,0.872300,0.604,1019.8
1809,0.869100,,0.905900,0.872300,0.538,1020.3
1810,0.869350,,0.905900,0.872300,0.540,1020.8
1811,0.870000,,0.905900,0.872300,0.539,1021.4
1812,0.870167,,0.905900,0.872300,0.607,1022.0
1813,0.869750,,0.905900,0.872300,0.539,1022.5
1814,0.870033,,0.905900,0.872300,0.539,1023.1
1815,0.870250,,0.905900,0.872300,0.539,1023.6
1816,0.869150,,0.905900,0.872300,0.606,1024.2
1817,0.869900,,0.905900,0.872300,0.538,1024.7
1818,0.872133,,0.905900,0.872300,0.537,1025.3
1819,0.869950,,0.905900,0.872300,0.538,1025.8
1820,0.870667,,0.905900,0.872300,0.605,1026.4
1821,0.870083,,0.905900,0.872300,0.538,1027.0
1822,0.870633,,0.905900,0.872300,0.538,1027.5
1823,0.870367,,0.905900,0.872300,0.540,1028.0
1824,0.871050,,0.905900,0.872300,0.606,1028.6
1825,0.870883,,0.905900,0.872300,0.542,1029.2
1826,0.868583,,0.905900,0.872300,0.543,1029.7
1827,0.870167,,0.905900,0.872300,0.539,1030.3
1828,0.870250,,0.905900,0.872300,0.607,1030.9
1829,0.870767,,0.905900,0.872300,0.540,1031.4
1830,0.867700,,0.905900,0.872300,0.547,1032.0
1831,0.866050,,0.905900,0.872300,0.578,1032.5
1832,0.868400,,0.905900,0.872300,0.605,1033.1
1833,0.871267,,0.905900,0.872300,0.539,1033.7
1834,0.869867,,0.905900,0.872300,0.540,1034.2
1835,0.870450,,0.905900,0.872300,0.537,1034.8
1836,0.870283,,0.905900,0.872300,0.606,1035.4
1837,0.871117,,0.905900,0.872300,0.539,1035.9
1838,0.868917,,0.905900,0.872300,0.540,1036.4
1839,0.870450,,0.905900,0.872300,0.541,1037.0
1840,0.871033,,0.905900,0.872300,0.609,1037.6
1841,0.871167,,0.905900,0.872300,0.540,1038.1
1842,0.871217,,0.905900,0.872300,0.540,1038.7
1843,0.871533,,0.905900,0.872300,0.542,1039.2
1844,0.870150,,0.905900,0.872300,0.610,1039.8
1845,0.869233,,0.905900,0.872300,0.542,1040.4
1846,0.871733,,0.905900,0.872300,0.543,1040.9
1847,0.869867,,0.905900,0.872300,0.543,1041.5
1848,0.871183,,0.905900,0.872300,0.608,1042.1
1849,0.873350,,0.905900,0.873350,0.540,1042.6
1850,0.870967,0.9059999585151672,0.906000,0.873350,0.747,1043.3
1851,0.870950,,0.906000,0.873350,0.350,1043.7
1852,0.872617,,0.906000,0.873350,0.609,1044.3
1853,0.870900,,0.906000,0.873350,0.541,1044.8
1854,0.870683,,0.906000,0.873350,0.542,1045.4
1855,0.872317,,0.906000,0.873350,0.537,1045.9
1856,0.870617,,0.906000,0.873350,0.609,1046.5
1857,0.871317,,0.906000,0.873350,0.541,1047.1
1858,0.873517,,0.906000,0.873517,0.542,1047.6
1859,0.870217,,0.906000,0.873517,0.540,1048.2
1860,0.872067,,0.906000,0.873517,0.603,1048.8
1861,0.870600,,0.906000,0.873517,0.539,1049.3
1862,0.870750,,0.906000,0.873517,0.540,1049.8
1863,0.871117,,0.906000,0.873517,0.543,1050.4
1864,0.871417,,0.906000,0.873517,0.604,1051.0
1865,0.872050,,0.906000,0.873517,0.544,1051.5
1866,0.870983,,0.906000,0.873517,0.530,1052.1
1867,0.870500,,0.906000,0.873517,0.544,1052.6
1868,0.870183,,0.906000,0.873517,0.611,1053.2
1869,0.871850,,0.906000,0.873517,0.542,1053.8
1870,0.872250,,0.906000,0.873517,0.544,1054.3
1871,0.872300,,0.906000,0.873517,0.540,1054.8
1872,0.873167,,0.906000,0.873517,0.606,1055.4
1873,0.871450,,0.906000,0.873517,0.541,1056.0
1874,0.871900,,0.906000,0.873517,0.544,1056.5
1875,0.872600,,0.906000,0.873517,0.541,1057.1
1876,0.870400,,0.906000,0.873517,0.612,1057.7
1877,0.872150,,0.906000,0.873517,0.542,1058.2
1878,0.870750,,0.906000,0.873517,0.540,1058.8
1879,0.871300,,0.906000,0.873517,0.542,1059.3
1880,0.871250,,0.906000,0.873517,0.606,1059.9
1881,0.872083,,0.906000,0.873517,0.541,1060.5
1882,0.871150,,0.906000,0.873517,0.540,1061.0
1883,0.872100,,0.906000,0.873517,0.544,1061.5
1884,0.871083,,0.906000,0.873517,0.608,1062.1
1885,0.871650,,0.906000,0.873517,0.540,1062.7
1886,0.871500,,0.906000,0.873517,0.538,1063.2
1887,0.872733,,0.906000,0.873517,0.544,1063.8
1888,0.872217,,0.906000,0.873517,0.608,1064.4
1889,0.874317,,0.906000,0.874317,0.539,1064.9
1890,0.870733,,0.906000,0.874317,0.548,1065.5
1891,0.873300,,0.906000,0.874317,0.542,1066.0
1892,0.872100,,0.906000,0.874317,0.614,1066.6
1893,0.871400,,0.906000,0.874317,0.541,1067.2
1894,0.872733,,0.906000,0.874317,0.542,1067.7
1895,0.870267,,0.906000,0.874317,0.537,1068.2
1896,0.871933,,0.906000,0.874317,0.606,1068.8
1897,0.871283,,0.906000,0.874317,0.545,1069.4
1898,0.871750,,0.906000,0.874317,0.538,1069.9
1899,0.871967,,0.906000,0.874317,0.541,1070.5
1900,0.873983,0.9062999486923218,0.906300,0.874317,0.813,1071.3
1901,0.872200,,0.906300,0.874317,0.348,1071.6
1902,0.872900,,0.906300,0.874317,0.542,1072.2
1903,0.872817,,0.906300,0.874317,0.540,1072.7
1904,0.873150,,0.906300,0.874317,0.605,1073.3
1905,0.872967,,0.906300,0.874317,0.540,1073.9
1906,0.871983,,0.906300,0.874317,0.539,1074.4
1907,0.871633,,0.906300,0.874317,0.540,1074.9
1908,0.873367,,0.906300,0.874317,0.609,1075.5
1909,0.872517,,0.906300,0.874317,0.538,1076.1
1910,0.872150,,0.906300,0.874317,0.539,1076.6
1911,0.872600,,0.906300,0.874317,0.537,1077.2
1912,0.873550,,0.906300,0.874317,0.605,1077.8
1913,0.871550,,0.906300,0.874317,0.536,1078.3
1914,0.873283,,0.906300,0.874317,0.538,1078.8
1915,0.871617,,0.906300,0.874317,0.538,1079.4
1916,0.874250,,0.906300,0.874317,0.605,1080.0
1917,0.875467,,0.906300,0.875467,0.537,1080.5
1918,0.872817,,0.906300,0.875467,0.539,1081.1
1919,0.871817,,0.906300,0.875467,0.540,1081.6
1920,0.873100,,0.906300,0.875467,0.606,1082.2
1921,0.872717,,0.906300,0.875467,0.537,1082.7
1922,0.872750,,0.906300,0.875467,0.538,1083.3
1923,0.873117,,0.906300,0.875467,0.536,1083.8
1924,0.871833,,0.906300,0.875467,0.609,1084.4
1925,0.872667,,0.906300,0.875467,0.542,1085.0
1926,0.872817,,0.906300,0.875467,0.538,1085.5
1927,0.873500,,0.906300,0.875467,0.539,1086.0
1928,0.874750,,0.906300,0.875467,0.604,1086.6
1929,0.873267,,0.906300,0.875467,0.542,1087.2
1930,0.872583,,0.906300,0.875467,0.539,1087.7
1931,0.873383,,0.906300,0.875467,0.542,1088.3
1932,0.874350,,0.906300,0.875467,0.608,1088.9
1933,0.873333,,0.906300,0.875467,0.537,1089.4
1934,0.873333,,0.906300,0.875467,0.539,1090.0
1935,0.874017,,0.906300,0.875467,0.539,1090.5
1936,0.874217,,0.906300,0.875467,0.605,1091.1
1937,0.873150,,0.906300,0.875467,0.539,1091.6
1938,0.871617,,0.906300,0.875467,0.577,1092.2
1939,0.872367,,0.906300,0.875467,0.538,1092.8
1940,0.873600,,0.906300,0.875467,0.607,1093.4
1941,0.874300,,0.906300,0.875467,0.538,1093.9
1942,0.873583,,0.906300,0.875467,0.542,1094.4
1943,0.874017,,0.906300,0.875467,0.541,1095.0
1944,0.872800,,0.906300,0.875467,0.605,1095.6
1945,0.874333,,0.906300,0.875467,0.537,1096.1
1946,0.874550,,0.906300,0.875467,0.541,1096.7
1947,0.874200,,0.906300,0.875467,0.544,1097.2
1948,0.873050,,0.906300,0.875467,0.611,1097.8
1949,0.873033,,0.906300,0.875467,0.539,1098.4
1950,0.873350,0.9085999727249146,0.908600,0.875467,0.747,1099.1
1951,0.873900,,0.908600,0.875467,0.349,1099.5
1952,0.874333,,0.908600,0.875467,0.608,1100.1
1953,0.873283,,0.908600,0.875467,0.539,1100.6
1954,0.873217,,0.908600,0.875467,0.540,1101.1
1955,0.874033,,0.908600,0.875467,0.539,1101.7
1956,0.873400,,0.908600,0.875467,0.604,1102.3
1957,0.875050,,0.908600,0.875467,0.542,1102.8
1958,0.874917,,0.908600,0.875467,0.539,1103.4
1959,0.873867,,0.908600,0.875467,0.537,1103.9
1960,0.874150,,0.908600,0.875467,0.606,1104.5
1961,0.876067,,0.908600,0.876067,0.540,1105.1
1962,0.875317,,0.908600,0.876067,0.539,1105.6
1963,0.874433,,0.908600,0.876067,0.542,1106.1
1964,0.876567,,0.908600,0.876567,0.606,1106.7
1965,0.874800,,0.908600,0.876567,0.542,1107.3
1966,0.875833,,0.908600,0.876567,0.537,1107.8
1967,0.876617,,0.908600,0.876617,0.539,1108.4
1968,0.874300,,0.908600,0.876617,0.607,1109.0
1969,0.875867,,0.908600,0.876617,0.538,1109.5
1970,0.874983,,0.908600,0.876617,0.537,1110.0
1971,0.873583,,0.908600,0.876617,0.540,1110.6
1972,0.874500,,0.908600,0.876617,0.604,1111.2
1973,0.876217,,0.908600,0.876617,0.538,1111.7
1974,0.876317,,0.908600,0.876617,0.539,1112.3
1975,0.874300,,0.908600,0.876617,0.539,1112.8
1976,0.875017,,0.908600,0.876617,0.605,1113.4
1977,0.875033,,0.908600,0.876617,0.540,1113.9
1978,0.875767,,0.908600,0.876617,0.541,1114.5
1979,0.876583,,0.908600,0.876617,0.540,1115.0
1980,0.875350,,0.908600,0.876617,0.608,1115.6
1981,0.876083,,0.908600,0.876617,0.540,1116.2
1982,0.874917,,0.908600,0.876617,0.539,1116.7
1983,0.877000,,0.908600,0.877000,0.541,1117.3
1984,0.877050,,0.908600,0.877050,0.609,1117.9
1985,0.876767,,0.908600,0.877050,0.541,1118.4
1986,0.876817,,0.908600,0.877050,0.538,1118.9
1987,0.875883,,0.908600,0.877050,0.539,1119.5
1988,0.876650,,0.908600,0.877050,0.606,1120.1
1989,0.876883,,0.908600,0.877050,0.541,1120.6
1990,0.875383,,0.908600,0.877050,0.540,1121.2
1991,0.876467,,0.908600,0.877050,0.539,1121.7
1992,0.876417,,0.908600,0.877050,0.603,1122.3
1993,0.876850,,0.908600,0.877050,0.544,1122.9
1994,0.877083,,0.908600,0.877083,0.590,1123.4
1995,0.875950,,0.908600,0.877083,0.541,1124.0
1996,0.877700,,0.908600,0.877700,0.605,1124.6
1997,0.876417,,0.908600,0.877700,0.539,1125.1
1998,0.877067,,0.908600,0.877700,0.542,1125.7
1999,0.877683,,0.908600,0.877700,0.543,1126.2
2000,0.876700,0.9102999567985535,0.910300,0.877700,0.811,1127.0
2001,0.877517,,0.910300,0.877700,0.349,1127.4
2002,0.874833,,0.910300,0.877700,0.537,1127.9
2003,0.876317,,0.910300,0.877700,0.539,1128.4
2004,0.877017,,0.910300,0.877700,0.606,1129.1
2005,0.878067,,0.910300,0.878067,0.540,1129.6
2006,0.877050,,0.910300,0.878067,0.536,1130.1
2007,0.878583,,0.910300,0.878583,0.540,1130.7
2008,0.877483,,0.910300,0.878583,0.607,1131.3
2009,0.876900,,0.910300,0.878583,0.538,1131.8
2010,0.877100,,0.910300,0.878583,0.542,1132.4
2011,0.877467,,0.910300,0.878583,0.540,1132.9
2012,0.877433,,0.910300,0.878583,0.609,1133.5
2013,0.877317,,0.910300,0.878583,0.538,1134.0
2014,0.875733,,0.910300,0.878583,0.540,1134.6
2015,0.878300,,0.910300,0.878583,0.538,1135.1
2016,0.876133,,0.910300,0.878583,0.605,1135.7
2017,0.877450,,0.910300,0.878583,0.540,1136.3
2018,0.876967,,0.910300,0.878583,0.537,1136.8
2019,0.877617,,0.910300,0.878583,0.541,1137.3
2020,0.876083,,0.910300,0.878583,0.605,1138.0
2021,0.878717,,0.910300,0.878717,0.542,1138.5
2022,0.876917,,0.910300,0.878717,0.545,1139.0
2023,0.877517,,0.910300,0.878717,0.539,1139.6
2024,0.876183,,0.910300,0.878717,0.607,1140.2
2025,0.877617,,0.910300,0.878717,0.539,1140.7
2026,0.877767,,0.910300,0.878717,0.538,1141.3
2027,0.877033,,0.910300,0.878717,0.539,1141.8
2028,0.876683,,0.910300,0.878717,0.608,1142.4
2029,0.877883,,0.910300,0.878717,0.537,1142.9
2030,0.877517,,0.910300,0.878717,0.537,1143.5
2031,0.877767,,0.910300,0.878717,0.536,1144.0
2032,0.878000,,0.910300,0.878717,0.606,1144.6
2033,0.876417,,0.910300,0.878717,0.537,1145.2
2034,0.876283,,0.910300,0.878717,0.540,1145.7
2035,0.876633,,0.910300,0.878717,0.539,1146.2
2036,0.875683,,0.910300,0.878717,0.603,1146.8
2037,0.876950,,0.910300,0.878717,0.538,1147.4
2038,0.876683,,0.910300,0.878717,0.538,1147.9
2039,0.876317,,0.910300,0.878717,0.538,1148.5
2040,0.877100,,0.910300,0.878717,0.606,1149.1
2041,0.878517,,0.910300,0.878717,0.540,1149.6
2042,0.875517,,0.910300,0.878717,0.541,1150.1
2043,0.877067,,0.910300,0.878717,0.539,1150.7
2044,0.877717,,0.910300,0.878717,0.607,1151.3
2045,0.876800,,0.910300,0.878717,0.539,1151.8
2046,0.878900,,0.910300,0.878900,0.541,1152.4
2047,0.876483,,0.910300,0.878900,0.545,1152.9
2048,0.875417,,0.910300,0.878900,0.604,1153.5
2049,0.878433,,0.910300,0.878900,0.551,1154.1
2050,0.877683,0.9093999862670898,0.910300,0.878900,0.743,1154.8
2051,0.874783,,0.910300,0.878900,0.346,1155.2
2052,0.875717,,0.910300,0.878900,0.607,1155.8
2053,0.877800,,0.910300,0.878900,0.542,1156.3
2054,0.877250,,0.910300,0.878900,0.541,1156.8
2055,0.877400,,0.910300,0.878900,0.545,1157.4
2056,0.877683,,0.910300,0.878900,0.607,1158.0
2057,0.879150,,0.910300,0.879150,0.542,1158.5
2058,0.878500,,0.910300,0.879150,0.537,1159.1
2059,0.878550,,0.910300,0.879150,0.541,1159.6
2060,0.878750,,0.910300,0.879150,0.608,1160.2
2061,0.877767,,0.910300,0.879150,0.539,1160.8
2062,0.877950,,0.910300,0.879150,0.541,1161.3
2063,0.876950,,0.910300,0.879150,0.537,1161.8
2064,0.877300,,0.910300,0.879150,0.607,1162.5
2065,0.877550,,0.910300,0.879150,0.539,1163.0
2066,0.877000,,0.910300,0.879150,0.539,1163.5
2067,0.878483,,0.910300,0.879150,0.538,1164.1
2068,0.878450,,0.910300,0.879150,0.603,1164.7
2069,0.877217,,0.910300,0.879150,0.539,1165.2
2070,0.876567,,0.910300,0.879150,0.539,1165.7
2071,0.877683,,0.910300,0.879150,0.538,1166.3
2072,0.876767,,0.910300,0.879150,0.605,1166.9
2073,0.876483,,0.910300,0.879150,0.538,1167.4
2074,0.877800,,0.910300,0.879150,0.536,1168.0
2075,0.879467,,0.910300,0.879467,0.541,1168.5
2076,0.878617,,0.910300,0.879467,0.604,1169.1
2077,0.878250,,0.910300,0.879467,0.538,1169.6
2078,0.877617,,0.910300,0.879467,0.539,1170.2
2079,0.879117,,0.910300,0.879467,0.540,1170.7
2080,0.877950,,0.910300,0.879467,0.605,1171.3
2081,0.876150,,0.910300,0.879467,0.539,1171.9
2082,0.877117,,0.910300,0.879467,0.538,1172.4
2083,0.878133,,0.910300,0.879467,0.539,1172.9
2084,0.876950,,0.910300,0.879467,0.605,1173.6
2085,0.877650,,0.910300,0.879467,0.539,1174.1
2086,0.877600,,0.910300,0.879467,0.538,1174.6
2087,0.879167,,0.910300,0.879467,0.540,1175.2
2088,0.877967,,0.910300,0.879467,0.611,1175.8
2089,0.877633,,0.910300,0.879467,0.539,1176.3
2090,0.877817,,0.910300,0.879467,0.540,1176.9
2091,0.877000,,0.910300,0.879467,0.543,1177.4
2092,0.877183,,0.910300,0.879467,0.608,1178.0
2093,0.879217,,0.910300,0.879467,0.539,1178.5
2094,0.878250,,0.910300,0.879467,0.538,1179.1
2095,0.878000,,0.910300,0.879467,0.542,1179.6
2096,0.878217,,0.910300,0.879467,0.605,1180.2
2097,0.878833,,0.910300,0.879467,0.537,1180.8
2098,0.877983,,0.910300,0.879467,0.537,1181.3
2099,0.878733,,0.910300,0.879467,0.539,1181.8
2100,0.877283,0.9095999598503113,0.910300,0.879467,0.816,1182.7
2101,0.879183,,0.910300,0.879467,0.350,1183.0
2102,0.877400,,0.910300,0.879467,0.543,1183.6
2103,0.878117,,0.910300,0.879467,0.583,1184.1
2104,0.876983,,0.910300,0.879467,0.606,1184.7
2105,0.876333,,0.910300,0.879467,0.539,1185.3
2106,0.877133,,0.910300,0.879467,0.540,1185.8
2107,0.876750,,0.910300,0.879467,0.539,1186.4
2108,0.878033,,0.910300,0.879467,0.606,1187.0
2109,0.877700,,0.910300,0.879467,0.540,1187.5
2110,0.877867,,0.910300,0.879467,0.541,1188.0
2111,0.877633,,0.910300,0.879467,0.540,1188.6
2112,0.877800,,0.910300,0.879467,0.606,1189.2
2113,0.878367,,0.910300,0.879467,0.538,1189.7
2114,0.878517,,0.910300,0.879467,0.541,1190.3
2115,0.879717,,0.910300,0.879717,0.539,1190.8
2116,0.878650,,0.910300,0.879717,0.606,1191.4
2117,0.877817,,0.910300,0.879717,0.539,1192.0
2118,0.877233,,0.910300,0.879717,0.540,1192.5
2119,0.877900,,0.910300,0.879717,0.538,1193.0
2120,0.877550,,0.910300,0.879717,0.603,1193.6
2121,0.879700,,0.910300,0.879717,0.540,1194.2
2122,0.878650,,0.910300,0.879717,0.543,1194.7
2123,0.878250,,0.910300,0.879717,0.541,1195.3
2124,0.876417,,0.910300,0.879717,0.607,1195.9
2125,0.877350,,0.910300,0.879717,0.543,1196.4
2126,0.876867,,0.910300,0.879717,0.539,1197.0
2127,0.879733,,0.910300,0.879733,0.543,1197.5
2128,0.879033,,0.910300,0.879733,0.608,1198.1
2129,0.878317,,0.910300,0.879733,0.540,1198.6
2130,0.878450,,0.910300,0.879733,0.540,1199.2
2131,0.877950,,0.910300,0.879733,0.539,1199.7
2132,0.877983,,0.910300,0.879733,0.609,1200.3
2133,0.878417,,0.910300,0.879733,0.541,1200.9
2134,0.878400,,0.910300,0.879733,0.542,1201.4
2135,0.878250,,0.910300,0.879733,0.541,1202.0
2136,0.879833,,0.910300,0.879833,0.608,1202.6
2137,0.879117,,0.910300,0.879833,0.540,1203.1
2138,0.877517,,0.910300,0.879833,0.540,1203.6
2139,0.878283,,0.910300,0.879833,0.538,1204.2
2140,0.877267,,0.910300,0.879833,0.604,1204.8
2141,0.878467,,0.910300,0.879833,0.538,1205.3
2142,0.877367,,0.910300,0.879833,0.539,1205.9
2143,0.879967,,0.910300,0.879967,0.542,1206.4
2144,0.879600,,0.910300,0.879967,0.607,1207.0
2145,0.879433,,0.910300,0.879967,0.543,1207.6
2146,0.877717,,0.910300,0.879967,0.537,1208.1
2147,0.878900,,0.910300,0.879967,0.542,1208.6
2148,0.879250,,0.910300,0.879967,0.607,1209.2
2149,0.878083,,0.910300,0.879967,0.543,1209.8
2150,0.878133,0.9101999998092651,0.910300,0.879967,0.746,1210.5
2151,0.878833,,0.910300,0.879967,0.350,1210.9
2152,0.878333,,0.910300,0.879967,0.605,1211.5
2153,0.878783,,0.910300,0.879967,0.537,1212.0
2154,0.880300,,0.910300,0.880300,0.543,1212.6
2155,0.879917,,0.910300,0.880300,0.541,1213.1
2156,0.877783,,0.910300,0.880300,0.611,1213.7
2157,0.878033,,0.910300,0.880300,0.541,1214.3
2158,0.880733,,0.910300,0.880733,0.539,1214.8
2159,0.877950,,0.910300,0.880733,0.541,1215.3
2160,0.878317,,0.910300,0.880733,0.607,1215.9
2161,0.879150,,0.910300,0.880733,0.541,1216.5
2162,0.879117,,0.910300,0.880733,0.541,1217.0
2163,0.879467,,0.910300,0.880733,0.543,1217.6
2164,0.879200,,0.910300,0.880733,0.606,1218.2
2165,0.879733,,0.910300,0.880733,0.541,1218.7
2166,0.878483,,0.910300,0.880733,0.539,1219.3
2167,0.878850,,0.910300,0.880733,0.538,1219.8
2168,0.879817,,0.910300,0.880733,0.603,1220.4
2169,0.880017,,0.910300,0.880733,0.546,1220.9
2170,0.878867,,0.910300,0.880733,0.538,1221.5
2171,0.879317,,0.910300,0.880733,0.538,1222.0
2172,0.878567,,0.910300,0.880733,0.606,1222.6
2173,0.879033,,0.910300,0.880733,0.542,1223.2
2174,0.878933,,0.910300,0.880733,0.540,1223.7
2175,0.881817,,0.910300,0.881817,0.537,1224.2
2176,0.877733,,0.910300,0.881817,0.606,1224.9
2177,0.879000,,0.910300,0.881817,0.538,1225.4
2178,0.878333,,0.910300,0.881817,0.538,1225.9
2179,0.879750,,0.910300,0.881817,0.540,1226.5
2180,0.881617,,0.910300,0.881817,0.606,1227.1
2181,0.878783,,0.910300,0.881817,0.540,1227.6
2182,0.879567,,0.910300,0.881817,0.539,1228.2
2183,0.879983,,0.910300,0.881817,0.541,1228.7
2184,0.878750,,0.910300,0.881817,0.604,1229.3
2185,0.879017,,0.910300,0.881817,0.543,1229.8
2186,0.881133,,0.910300,0.881817,0.540,1230.4
2187,0.880033,,0.910300,0.881817,0.539,1230.9
2188,0.879933,,0.910300,0.881817,0.612,1231.5
2189,0.879817,,0.910300,0.881817,0.542,1232.1
2190,0.879700,,0.910300,0.881817,0.542,1232.6
2191,0.877900,,0.910300,0.881817,0.540,1233.2
2192,0.880083,,0.910300,0.881817,0.608,1233.8
2193,0.881533,,0.910300,0.881817,0.543,1234.3
2194,0.878350,,0.910300,0.881817,0.540,1234.8
2195,0.880367,,0.910300,0.881817,0.536,1235.4
2196,0.881517,,0.910300,0.881817,0.611,1236.0
2197,0.881367,,0.910300,0.881817,0.541,1236.5
2198,0.880400,,0.910300,0.881817,0.542,1237.1
2199,0.881000,,0.910300,0.881817,0.538,1237.6
2200,0.879983,0.9111999869346619,0.911200,0.881817,0.813,1238.4
2201,0.881367,,0.911200,0.881817,0.348,1238.8
2202,0.881183,,0.911200,0.881817,0.539,1239.3
2203,0.880617,,0.911200,0.881817,0.541,1239.9
2204,0.881233,,0.911200,0.881817,0.607,1240.5
2205,0.881967,,0.911200,0.881967,0.540,1241.0
2206,0.880000,,0.911200,0.881967,0.540,1241.5
2207,0.880000,,0.911200,0.881967,0.542,1242.1
2208,0.880283,,0.911200,0.881967,0.607,1242.7
2209,0.880250,,0.911200,0.881967,0.542,1243.2
2210,0.880067,,0.911200,0.881967,0.575,1243.8
2211,0.880800,,0.911200,0.881967,0.540,1244.3
2212,0.883000,,0.911200,0.883000,0.609,1245.0
2213,0.879683,,0.911200,0.883000,0.539,1245.5
2214,0.881200,,0.911200,0.883000,0.536,1246.0
2215,0.881400,,0.911200,0.883000,0.541,1246.6
2216,0.879300,,0.911200,0.883000,0.608,1247.2
2217,0.880467,,0.911200,0.883000,0.538,1247.7
2218,0.880583,,0.911200,0.883000,0.537,1248.3
2219,0.881067,,0.911200,0.883000,0.540,1248.8
2220,0.881700,,0.911200,0.883000,0.605,1249.4
2221,0.878467,,0.911200,0.883000,0.541,1249.9
2222,0.880150,,0.911200,0.883000,0.539,1250.5
2223,0.878683,,0.911200,0.883000,0.541,1251.0
2224,0.878483,,0.911200,0.883000,0.604,1251.6
2225,0.882233,,0.911200,0.883000,0.539,1252.2
2226,0.880683,,0.911200,0.883000,0.538,1252.7
2227,0.881483,,0.911200,0.883000,0.538,1253.2
2228,0.880900,,0.911200,0.883000,0.607,1253.8
2229,0.879967,,0.911200,0.883000,0.539,1254.4
2230,0.881983,,0.911200,0.883000,0.539,1254.9
2231,0.879733,,0.911200,0.883000,0.538,1255.5
2232,0.881050,,0.911200,0.883000,0.605,1256.1
2233,0.879867,,0.911200,0.883000,0.539,1256.6
2234,0.880300,,0.911200,0.883000,0.541,1257.1
2235,0.879883,,0.911200,0.883000,0.539,1257.7
2236,0.879900,,0.911200,0.883000,0.603,1258.3
2237,0.880333,,0.911200,0.883000,0.540,1258.8
2238,0.879433,,0.911200,0.883000,0.541,1259.4
2239,0.880400,,0.911200,0.883000,0.540,1259.9
2240,0.879933,,0.911200,0.883000,0.605,1260.5
2241,0.880817,,0.911200,0.883000,0.536,1261.0
2242,0.881100,,0.911200,0.883000,0.539,1261.6
2243,0.879917,,0.911200,0.883000,0.537,1262.1
2244,0.880517,,0.911200,0.883000,0.606,1262.7
2245,0.881883,,0.911200,0.883000,0.541,1263.3
2246,0.882017,,0.911200,0.883000,0.540,1263.8
2247,0.881233,,0.911200,0.883000,0.545,1264.4
2248,0.880567,,0.911200,0.883000,0.608,1265.0
2249,0.881383,,0.911200,0.883000,0.540,1265.5
2250,0.879833,0.9108999967575073,0.911200,0.883000,0.746,1266.3
2251,0.880583,,0.911200,0.883000,0.347,1266.6
2252,0.881433,,0.911200,0.883000,0.608,1267.2
2253,0.880983,,0.911200,0.883000,0.542,1267.7
2254,0.879550,,0.911200,0.883000,0.541,1268.3
2255,0.880333,,0.911200,0.883000,0.541,1268.8
2256,0.880617,,0.911200,0.883000,0.608,1269.4
2257,0.881083,,0.911200,0.883000,0.542,1270.0
2258,0.879650,,0.911200,0.883000,0.540,1270.5
2259,0.880150,,0.911200,0.883000,0.543,1271.1
2260,0.880467,,0.911200,0.883000,0.607,1271.7
2261,0.881450,,0.911200,0.883000,0.544,1272.2
2262,0.881233,,0.911200,0.883000,0.542,1272.8
2263,0.878367,,0.911200,0.883000,0.539,1273.3
2264,0.879550,,0.911200,0.883000,0.612,1273.9
2265,0.880283,,0.911200,0.883000,0.543,1274.4
2266,0.881067,,0.911200,0.883000,0.583,1275.0
2267,0.880317,,0.911200,0.883000,0.540,1275.6
2268,0.880950,,0.911200,0.883000,0.608,1276.2
2269,0.879517,,0.911200,0.883000,0.543,1276.7
2270,0.880983,,0.911200,0.883000,0.540,1277.3
2271,0.882300,,0.911200,0.883000,0.539,1277.8
2272,0.880483,,0.911200,0.883000,0.602,1278.4
2273,0.879533,,0.911200,0.883000,0.538,1278.9
2274,0.881550,,0.911200,0.883000,0.538,1279.5
2275,0.880883,,0.911200,0.883000,0.545,1280.0
2276,0.879233,,0.911200,0.883000,0.610,1280.6
2277,0.879417,,0.911200,0.883000,0.538,1281.2
2278,0.881017,,0.911200,0.883000,0.542,1281.7
2279,0.879333,,0.911200,0.883000,0.543,1282.3
2280,0.880650,,0.911200,0.883000,0.608,1282.9
2281,0.880300,,0.911200,0.883000,0.542,1283.4
2282,0.882067,,0.911200,0.883000,0.541,1283.9
2283,0.878950,,0.911200,0.883000,0.538,1284.5
2284,0.879417,,0.911200,0.883000,0.610,1285.1
2285,0.880500,,0.911200,0.883000,0.541,1285.6
2286,0.880183,,0.911200,0.883000,0.540,1286.2
2287,0.879417,,0.911200,0.883000,0.541,1286.7
2288,0.881667,,0.911200,0.883000,0.608,1287.3
2289,0.879783,,0.911200,0.883000,0.539,1287.9
2290,0.881800,,0.911200,0.883000,0.537,1288.4
2291,0.880950,,0.911200,0.883000,0.541,1288.9
2292,0.880533,,0.911200,0.883000,0.604,1289.5
2293,0.878983,,0.911200,0.883000,0.538,1290.1
2294,0.878767,,0.911200,0.883000,0.539,1290.6
2295,0.878650,,0.911200,0.883000,0.539,1291.2
2296,0.880650,,0.911200,0.883000,0.606,1291.8
2297,0.879533,,0.911200,0.883000,0.541,1292.3
2298,0.879600,,0.911200,0.883000,0.542,1292.9
2299,0.881983,,0.911200,0.883000,0.541,1293.4
2300,0.880867,0.9090999960899353,0.911200,0.883000,0.813,1294.2
2301,0.882250,,0.911200,0.883000,0.346,1294.6
2302,0.880600,,0.911200,0.883000,0.542,1295.1
2303,0.879483,,0.911200,0.883000,0.539,1295.6
2304,0.878300,,0.911200,0.883000,0.609,1296.2
2305,0.880533,,0.911200,0.883000,0.540,1296.8
2306,0.882300,,0.911200,0.883000,0.538,1297.3
2307,0.880100,,0.911200,0.883000,0.539,1297.9
2308,0.879083,,0.911200,0.883000,0.603,1298.5
2309,0.878633,,0.911200,0.883000,0.539,1299.0
2310,0.880033,,0.911200,0.883000,0.536,1299.5
2311,0.879700,,0.911200,0.883000,0.541,1300.1
2312,0.880650,,0.911200,0.883000,0.608,1300.7
2313,0.880550,,0.911200,0.883000,0.544,1301.2
2314,0.879500,,0.911200,0.883000,0.539,1301.8
2315,0.880150,,0.911200,0.883000,0.541,1302.3
2316,0.880450,,0.911200,0.883000,0.605,1302.9
2317,0.880350,,0.911200,0.883000,0.540,1303.5
2318,0.879550,,0.911200,0.883000,0.543,1304.0
2319,0.881550,,0.911200,0.883000,0.557,1304.6
2320,0.882183,,0.911200,0.883000,0.605,1305.2
2321,0.879517,,0.911200,0.883000,0.538,1305.7
2322,0.881117,,0.911200,0.883000,0.540,1306.2
2323,0.882100,,0.911200,0.883000,0.539,1306.8
2324,0.879933,,0.911200,0.883000,0.609,1307.4
2325,0.881333,,0.911200,0.883000,0.540,1307.9
2326,0.881467,,0.911200,0.883000,0.539,1308.5
2327,0.881733,,0.911200,0.883000,0.540,1309.0
2328,0.881167,,0.911200,0.883000,0.604,1309.6
2329,0.879833,,0.911200,0.883000,0.542,1310.2
2330,0.881800,,0.911200,0.883000,0.540,1310.7
2331,0.880667,,0.911200,0.883000,0.539,1311.2
2332,0.880450,,0.911200,0.883000,0.605,1311.8
2333,0.880733,,0.911200,0.883000,0.539,1312.4
2334,0.881550,,0.911200,0.883000,0.538,1312.9
2335,0.880867,,0.911200,0.883000,0.541,1313.5
2336,0.880100,,0.911200,0.883000,0.604,1314.1
2337,0.880550,,0.911200,0.883000,0.540,1314.6
2338,0.880167,,0.911200,0.883000,0.540,1315.1
2339,0.881883,,0.911200,0.883000,0.537,1315.7
2340,0.879233,,0.911200,0.883000,0.607,1316.3
2341,0.879550,,0.911200,0.883000,0.540,1316.8
2342,0.882050,,0.911200,0.883000,0.539,1317.4
2343,0.880700,,0.911200,0.883000,0.539,1317.9
2344,0.879100,,0.911200,0.883000,0.606,1318.5
2345,0.881550,,0.911200,0.883000,0.539,1319.0
2346,0.881433,,0.911200,0.883000,0.539,1319.6
2347,0.880450,,0.911200,0.883000,0.540,1320.1
2348,0.880400,,0.911200,0.883000,0.605,1320.7
2349,0.881383,,0.911200,0.883000,0.541,1321.3
2350,0.880667,0.9114999771118164,0.911500,0.883000,0.747,1322.0
2351,0.880333,,0.911500,0.883000,0.348,1322.4
2352,0.881050,,0.911500,0.883000,0.606,1323.0
2353,0.881150,,0.911500,0.883000,0.539,1323.5
2354,0.880500,,0.911500,0.883000,0.541,1324.1
2355,0.880233,,0.911500,0.883000,0.538,1324.6
2356,0.882500,,0.911500,0.883000,0.606,1325.2
2357,0.881117,,0.911500,0.883000,0.539,1325.7
2358,0.883350,,0.911500,0.883350,0.541,1326.3
2359,0.881883,,0.911500,0.883350,0.543,1326.8
2360,0.882433,,0.911500,0.883350,0.610,1327.4
2361,0.882500,,0.911500,0.883350,0.539,1328.0
2362,0.881233,,0.911500,0.883350,0.539,1328.5
2363,0.882550,,0.911500,0.883350,0.539,1329.0
2364,0.880883,,0.911500,0.883350,0.605,1329.7
2365,0.881400,,0.911500,0.883350,0.541,1330.2
2366,0.883700,,0.911500,0.883700,0.542,1330.7
2367,0.882150,,0.911500,0.883700,0.539,1331.3
2368,0.879850,,0.911500,0.883700,0.605,1331.9
2369,0.881417,,0.911500,0.883700,0.539,1332.4
2370,0.881700,,0.911500,0.883700,0.539,1333.0
2371,0.882267,,0.911500,0.883700,0.540,1333.5
2372,0.881283,,0.911500,0.883700,0.607,1334.1
2373,0.881100,,0.911500,0.883700,0.548,1334.7
2374,0.881317,,0.911500,0.883700,0.545,1335.2
2375,0.881000,,0.911500,0.883700,0.598,1335.8
2376,0.882967,,0.911500,0.883700,0.615,1336.4
2377,0.881633,,0.911500,0.883700,0.542,1336.9
2378,0.881933,,0.911500,0.883700,0.540,1337.5
2379,0.882583,,0.911500,0.883700,0.541,1338.0
2380,0.882233,,0.911500,0.883700,0.604,1338.6
2381,0.883750,,0.911500,0.883750,0.541,1339.2
2382,0.880883,,0.911500,0.883750,0.540,1339.7
2383,0.881350,,0.911500,0.883750,0.536,1340.3
2384,0.882017,,0.911500,0.883750,0.605,1340.9
2385,0.881967,,0.911500,0.883750,0.540,1341.4
2386,0.880350,,0.911500,0.883750,0.539,1341.9
2387,0.880367,,0.911500,0.883750,0.541,1342.5
2388,0.882633,,0.911500,0.883750,0.608,1343.1
2389,0.881733,,0.911500,0.883750,0.543,1343.6
2390,0.883233,,0.911500,0.883750,0.539,1344.2
2391,0.882200,,0.911500,0.883750,0.540,1344.7
2392,0.882517,,0.911500,0.883750,0.606,1345.3
2393,0.881917,,0.911500,0.883750,0.537,1345.8
2394,0.880817,,0.911500,0.883750,0.542,1346.4
2395,0.881833,,0.911500,0.883750,0.543,1346.9
2396,0.882467,,0.911500,0.883750,0.605,1347.5
2397,0.881450,,0.911500,0.883750,0.538,1348.1
2398,0.881050,,0.911500,0.883750,0.539,1348.6
2399,0.881817,,0.911500,0.883750,0.538,1349.2
2400,0.882117,0.9114999771118164,0.911500,0.883750,0.812,1350.0
2401,0.879100,,0.911500,0.883750,0.347,1350.3
2402,0.881617,,0.911500,0.883750,0.539,1350.9
2403,0.881617,,0.911500,0.883750,0.541,1351.4
2404,0.881817,,0.911500,0.883750,0.606,1352.0
2405,0.880950,,0.911500,0.883750,0.540,1352.5
2406,0.878483,,0.911500,0.883750,0.541,1353.1
2407,0.882633,,0.911500,0.883750,0.538,1353.6
2408,0.882350,,0.911500,0.883750,0.605,1354.2
2409,0.880300,,0.911500,0.883750,0.541,1354.8
2410,0.882367,,0.911500,0.883750,0.542,1355.3
2411,0.880533,,0.911500,0.883750,0.537,1355.8
2412,0.882033,,0.911500,0.883750,0.605,1356.4
2413,0.881100,,0.911500,0.883750,0.542,1357.0
2414,0.881167,,0.911500,0.883750,0.539,1357.5
2415,0.882500,,0.911500,0.883750,0.540,1358.1
2416,0.881483,,0.911500,0.883750,0.605,1358.7
2417,0.881717,,0.911500,0.883750,0.539,1359.2
2418,0.881550,,0.911500,0.883750,0.538,1359.8
2419,0.880017,,0.911500,0.883750,0.540,1360.3
2420,0.880900,,0.911500,0.883750,0.608,1360.9
2421,0.879500,,0.911500,0.883750,0.541,1361.4
2422,0.882000,,0.911500,0.883750,0.539,1362.0
2423,0.881850,,0.911500,0.883750,0.538,1362.5
2424,0.879867,,0.911500,0.883750,0.607,1363.1
2425,0.880683,,0.911500,0.883750,0.542,1363.7
2426,0.881650,,0.911500,0.883750,0.542,1364.2
2427,0.881350,,0.911500,0.883750,0.541,1364.7
2428,0.883000,,0.911500,0.883750,0.652,1365.4
2429,0.881250,,0.911500,0.883750,0.538,1365.9
2430,0.882800,,0.911500,0.883750,0.548,1366.5
2431,0.881633,,0.911500,0.883750,0.538,1367.0
2432,0.882650,,0.911500,0.883750,0.609,1367.6
2433,0.882167,,0.911500,0.883750,0.542,1368.2
2434,0.879767,,0.911500,0.883750,0.541,1368.7
2435,0.881833,,0.911500,0.883750,0.538,1369.3
2436,0.881617,,0.911500,0.883750,0.609,1369.9
2437,0.883483,,0.911500,0.883750,0.540,1370.4
2438,0.881500,,0.911500,0.883750,0.540,1370.9
2439,0.881033,,0.911500,0.883750,0.539,1371.5
2440,0.883100,,0.911500,0.883750,0.608,1372.1
2441,0.881700,,0.911500,0.883750,0.541,1372.6
2442,0.882183,,0.911500,0.883750,0.541,1373.2
2443,0.882883,,0.911500,0.883750,0.539,1373.7
2444,0.882250,,0.911500,0.883750,0.608,1374.3
2445,0.881550,,0.911500,0.883750,0.539,1374.9
2446,0.881967,,0.911500,0.883750,0.539,1375.4
2447,0.881400,,0.911500,0.883750,0.542,1375.9
2448,0.882883,,0.911500,0.883750,0.606,1376.5
2449,0.882550,,0.911500,0.883750,0.541,1377.1
2450,0.882000,0.9125999808311462,0.912600,0.883750,0.747,1377.8
2451,0.881167,,0.912600,0.883750,0.351,1378.2
2452,0.880767,,0.912600,0.883750,0.610,1378.8
2453,0.881300,,0.912600,0.883750,0.542,1379.3
2454,0.880933,,0.912600,0.883750,0.538,1379.9
2455,0.881567,,0.912600,0.883750,0.538,1380.4
2456,0.882567,,0.912600,0.883750,0.607,1381.0
2457,0.881700,,0.912600,0.883750,0.542,1381.6
2458,0.881883,,0.912600,0.883750,0.539,1382.1
2459,0.882900,,0.912600,0.883750,0.540,1382.6
2460,0.881600,,0.912600,0.883750,0.607,1383.2
2461,0.881700,,0.912600,0.883750,0.543,1383.8
2462,0.881983,,0.912600,0.883750,0.539,1384.3
2463,0.881683,,0.912600,0.883750,0.543,1384.9
2464,0.881250,,0.912600,0.883750,0.607,1385.5
2465,0.881950,,0.912600,0.883750,0.542,1386.0
2466,0.882617,,0.912600,0.883750,0.539,1386.6
2467,0.883783,,0.912600,0.883783,0.538,1387.1
2468,0.883067,,0.912600,0.883783,0.604,1387.7
2469,0.882767,,0.912600,0.883783,0.539,1388.2
2470,0.882733,,0.912600,0.883783,0.541,1388.8
2471,0.882317,,0.912600,0.883783,0.540,1389.3
2472,0.881383,,0.912600,0.883783,0.608,1389.9
2473,0.883050,,0.912600,0.883783,0.542,1390.5
2474,0.883283,,0.912600,0.883783,0.538,1391.0
2475,0.882867,,0.912600,0.883783,0.538,1391.5
2476,0.882400,,0.912600,0.883783,0.604,1392.2
2477,0.880950,,0.912600,0.883783,0.539,1392.7
2478,0.882567,,0.912600,0.883783,0.538,1393.2
2479,0.882050,,0.912600,0.883783,0.542,1393.8
2480,0.884933,,0.912600,0.884933,0.604,1394.4
2481,0.882383,,0.912600,0.884933,0.541,1394.9
2482,0.881450,,0.912600,0.884933,0.540,1395.5
2483,0.882200,,0.912600,0.884933,0.540,1396.0
2484,0.881733,,0.912600,0.884933,0.679,1396.7
2485,0.881150,,0.912600,0.884933,0.542,1397.2
2486,0.883350,,0.912600,0.884933,0.541,1397.8
2487,0.883367,,0.912600,0.884933,0.539,1398.3
2488,0.882083,,0.912600,0.884933,0.604,1398.9
2489,0.882650,,0.912600,0.884933,0.539,1399.4
2490,0.884650,,0.912600,0.884933,0.538,1400.0
2491,0.882983,,0.912600,0.884933,0.538,1400.5
2492,0.883133,,0.912600,0.884933,0.606,1401.1
2493,0.881833,,0.912600,0.884933,0.537,1401.7
2494,0.882883,,0.912600,0.884933,0.540,1402.2
2495,0.885417,,0.912600,0.885417,0.539,1402.7
2496,0.882450,,0.912600,0.885417,0.605,1403.3
2497,0.883567,,0.912600,0.885417,0.540,1403.9
2498,0.882617,,0.912600,0.885417,0.542,1404.4
2499,0.882900,,0.912600,0.885417,0.540,1405.0
2500,0.882883,0.9116999506950378,0.912600,0.885417,0.802,1405.8
2501,0.883583,,0.912600,0.885417,0.351,1406.1
2502,0.883383,,0.912600,0.885417,0.539,1406.7
2503,0.883250,,0.912600,0.885417,0.539,1407.2
2504,0.882600,,0.912600,0.885417,0.604,1407.8
2505,0.882017,,0.912600,0.885417,0.540,1408.3
2506,0.885267,,0.912600,0.885417,0.536,1408.9
2507,0.883367,,0.912600,0.885417,0.539,1409.4
2508,0.883000,,0.912600,0.885417,0.604,1410.0
2509,0.883550,,0.912600,0.885417,0.541,1410.6
2510,0.885150,,0.912600,0.885417,0.537,1411.1
2511,0.882683,,0.912600,0.885417,0.538,1411.6
2512,0.882983,,0.912600,0.885417,0.607,1412.2
2513,0.884033,,0.912600,0.885417,0.540,1412.8
2514,0.883917,,0.912600,0.885417,0.539,1413.3
2515,0.883867,,0.912600,0.885417,0.539,1413.9
2516,0.884267,,0.912600,0.885417,0.606,1414.5
2517,0.881667,,0.912600,0.885417,0.540,1415.0
2518,0.882367,,0.912600,0.885417,0.537,1415.5
2519,0.883433,,0.912600,0.885417,0.539,1416.1
2520,0.881317,,0.912600,0.885417,0.606,1416.7
2521,0.884950,,0.912600,0.885417,0.538,1417.2
2522,0.885350,,0.912600,0.885417,0.539,1417.8
2523,0.883017,,0.912600,0.885417,0.539,1418.3
2524,0.882533,,0.912600,0.885417,0.607,1418.9
2525,0.883817,,0.912600,0.885417,0.544,1419.5
2526,0.885567,,0.912600,0.885567,0.543,1420.0
2527,0.883417,,0.912600,0.885567,0.543,1420.5
2528,0.883717,,0.912600,0.885567,0.609,1421.2
2529,0.884000,,0.912600,0.885567,0.540,1421.7
2530,0.883167,,0.912600,0.885567,0.543,1422.2
2531,0.882267,,0.912600,0.885567,0.538,1422.8
2532,0.883033,,0.912600,0.885567,0.609,1423.4
2533,0.881950,,0.912600,0.885567,0.542,1423.9
2534,0.884900,,0.912600,0.885567,0.548,1424.5
2535,0.883517,,0.912600,0.885567,0.543,1425.0
2536,0.884500,,0.912600,0.885567,0.612,1425.6
2537,0.883583,,0.912600,0.885567,0.558,1426.2
2538,0.884083,,0.912600,0.885567,0.540,1426.7
2539,0.883967,,0.912600,0.885567,0.540,1427.3
2540,0.884150,,0.912600,0.885567,0.607,1427.9
2541,0.885400,,0.912600,0.885567,0.543,1428.4
2542,0.883517,,0.912600,0.885567,0.543,1429.0
2543,0.883567,,0.912600,0.885567,0.541,1429.5
2544,0.884783,,0.912600,0.885567,0.607,1430.1
2545,0.883483,,0.912600,0.885567,0.542,1430.7
2546,0.883117,,0.912600,0.885567,0.541,1431.2
2547,0.884650,,0.912600,0.885567,0.540,1431.7
2548,0.885250,,0.912600,0.885567,0.606,1432.3
2549,0.885817,,0.912600,0.885817,0.540,1432.9
2550,0.882883,0.9131999611854553,0.913200,0.885817,0.746,1433.6
2551,0.884000,,0.913200,0.885817,0.351,1434.0
2552,0.884133,,0.913200,0.885817,0.607,1434.6
2553,0.884783,,0.913200,0.885817,0.540,1435.1
2554,0.884283,,0.913200,0.885817,0.541,1435.7
2555,0.884983,,0.913200,0.885817,0.538,1436.2
2556,0.883967,,0.913200,0.885817,0.606,1436.8
2557,0.884783,,0.913200,0.885817,0.539,1437.3
2558,0.885817,,0.913200,0.885817,0.539,1437.9
2559,0.885167,,0.913200,0.885817,0.542,1438.4
2560,0.884500,,0.913200,0.885817,0.605,1439.0
2561,0.884600,,0.913200,0.885817,0.541,1439.6
2562,0.885250,,0.913200,0.885817,0.540,1440.1
2563,0.883817,,0.913200,0.885817,0.539,1440.7
2564,0.886017,,0.913200,0.886017,0.606,1441.3
2565,0.884950,,0.913200,0.886017,0.539,1441.8
2566,0.886183,,0.913200,0.886183,0.538,1442.3
2567,0.885917,,0.913200,0.886183,0.541,1442.9
2568,0.884250,,0.913200,0.886183,0.605,1443.5
2569,0.885483,,0.913200,0.886183,0.540,1444.0
2570,0.883033,,0.913200,0.886183,0.541,1444.6
2571,0.885833,,0.913200,0.886183,0.539,1445.1
2572,0.883900,,0.913200,0.886183,0.609,1445.7
2573,0.885017,,0.913200,0.886183,0.542,1446.3
2574,0.885600,,0.913200,0.886183,0.540,1446.8
2575,0.885817,,0.913200,0.886183,0.539,1447.3
2576,0.885367,,0.913200,0.886183,0.609,1447.9
2577,0.885483,,0.913200,0.886183,0.542,1448.5
2578,0.885567,,0.913200,0.886183,0.539,1449.0
2579,0.884383,,0.913200,0.886183,0.539,1449.6
2580,0.886583,,0.913200,0.886583,0.605,1450.2
2581,0.886133,,0.913200,0.886583,0.538,1450.7
2582,0.886683,,0.913200,0.886683,0.539,1451.2
2583,0.884917,,0.913200,0.886683,0.538,1451.8
2584,0.884267,,0.913200,0.886683,0.612,1452.4
2585,0.885867,,0.913200,0.886683,0.542,1452.9
2586,0.884467,,0.913200,0.886683,0.539,1453.5
2587,0.884267,,0.913200,0.886683,0.544,1454.0
2588,0.885267,,0.913200,0.886683,0.606,1454.6
2589,0.886100,,0.913200,0.886683,0.544,1455.2
2590,0.886417,,0.913200,0.886683,0.549,1455.7
2591,0.883433,,0.913200,0.886683,0.576,1456.3
2592,0.885733,,0.913200,0.886683,0.607,1456.9
2593,0.885717,,0.913200,0.886683,0.540,1457.4
2594,0.886033,,0.913200,0.886683,0.541,1458.0
2595,0.886367,,0.913200,0.886683,0.539,1458.5
2596,0.886200,,0.913200,0.886683,0.608,1459.1
2597,0.884933,,0.913200,0.886683,0.538,1459.7
2598,0.884883,,0.913200,0.886683,0.538,1460.2
2599,0.885867,,0.913200,0.886683,0.542,1460.7
2600,0.885833,0.911300003528595,0.913200,0.886683,0.811,1461.6
2601,0.885617,,0.913200,0.886683,0.350,1461.9
2602,0.887017,,0.913200,0.887017,0.536,1462.4
2603,0.885500,,0.913200,0.887017,0.537,1463.0
2604,0.884100,,0.913200,0.887017,0.606,1463.6
2605,0.884250,,0.913200,0.887017,0.541,1464.1
2606,0.884167,,0.913200,0.887017,0.539,1464.7
2607,0.885417,,0.913200,0.887017,0.538,1465.2
2608,0.884867,,0.913200,0.887017,0.606,1465.8
2609,0.885283,,0.913200,0.887017,0.539,1466.3
2610,0.886483,,0.913200,0.887017,0.545,1466.9
2611,0.884633,,0.913200,0.887017,0.541,1467.4
2612,0.886167,,0.913200,0.887017,0.605,1468.0
2613,0.884183,,0.913200,0.887017,0.538,1468.6
2614,0.885050,,0.913200,0.887017,0.537,1469.1
2615,0.884733,,0.913200,0.887017,0.538,1469.7
2616,0.884717,,0.913200,0.887017,0.605,1470.3
2617,0.884983,,0.913200,0.887017,0.539,1470.8
2618,0.883017,,0.913200,0.887017,0.540,1471.3
2619,0.886733,,0.913200,0.887017,0.538,1471.9
2620,0.886817,,0.913200,0.887017,0.604,1472.5
2621,0.883783,,0.913200,0.887017,0.539,1473.0
2622,0.885633,,0.913200,0.887017,0.538,1473.6
2623,0.883933,,0.913200,0.887017,0.542,1474.1
2624,0.885583,,0.913200,0.887017,0.606,1474.7
2625,0.886183,,0.913200,0.887017,0.543,1475.2
2626,0.884617,,0.913200,0.887017,0.541,1475.8
2627,0.885317,,0.913200,0.887017,0.539,1476.3
2628,0.884567,,0.913200,0.887017,0.610,1476.9
2629,0.885367,,0.913200,0.887017,0.540,1477.5
2630,0.884433,,0.913200,0.887017,0.544,1478.0
2631,0.884683,,0.913200,0.887017,0.539,1478.6
2632,0.886383,,0.913200,0.887017,0.608,1479.2
2633,0.883367,,0.913200,0.887017,0.542,1479.7
2634,0.884083,,0.913200,0.887017,0.540,1480.2
2635,0.885117,,0.913200,0.887017,0.539,1480.8
2636,0.884033,,0.913200,0.887017,0.605,1481.4
2637,0.885283,,0.913200,0.887017,0.543,1481.9
2638,0.886133,,0.913200,0.887017,0.546,1482.5
2639,0.885133,,0.913200,0.887017,0.542,1483.0
2640,0.884233,,0.913200,0.887017,0.616,1483.6
2641,0.885067,,0.913200,0.887017,0.547,1484.2
2642,0.883983,,0.913200,0.887017,0.547,1484.7
2643,0.885533,,0.913200,0.887017,0.540,1485.3
2644,0.886317,,0.913200,0.887017,0.610,1485.9
2645,0.885850,,0.913200,0.887017,0.546,1486.4
2646,0.884050,,0.913200,0.887017,0.547,1487.0
2647,0.884933,,0.913200,0.887017,0.542,1487.5
2648,0.885850,,0.913200,0.887017,0.613,1488.1
2649,0.884883,,0.913200,0.887017,0.549,1488.7
2650,0.885067,0.9138000011444092,0.913800,0.887017,0.762,1489.4
2651,0.884783,,0.913800,0.887017,0.351,1489.8
2652,0.885733,,0.913800,0.887017,0.605,1490.4
2653,0.885150,,0.913800,0.887017,0.543,1490.9
2654,0.886250,,0.913800,0.887017,0.543,1491.5
2655,0.886300,,0.913800,0.887017,0.540,1492.0
2656,0.884950,,0.913800,0.887017,0.605,1492.6
2657,0.884650,,0.913800,0.887017,0.541,1493.2
2658,0.885350,,0.913800,0.887017,0.537,1493.7
2659,0.884417,,0.913800,0.887017,0.543,1494.2
2660,0.885650,,0.913800,0.887017,0.605,1494.9
2661,0.884967,,0.913800,0.887017,0.541,1495.4
2662,0.885317,,0.913800,0.887017,0.541,1495.9
2663,0.885300,,0.913800,0.887017,0.537,1496.5
2664,0.885217,,0.913800,0.887017,0.608,1497.1
2665,0.884217,,0.913800,0.887017,0.544,1497.6
2666,0.884650,,0.913800,0.887017,0.540,1498.2
2667,0.886350,,0.913800,0.887017,0.538,1498.7
2668,0.885350,,0.913800,0.887017,0.608,1499.3
2669,0.886267,,0.913800,0.887017,0.541,1499.9
2670,0.886583,,0.913800,0.887017,0.539,1500.4
2671,0.884417,,0.913800,0.887017,0.536,1500.9
2672,0.884217,,0.913800,0.887017,0.611,1501.5
2673,0.885517,,0.913800,0.887017,0.541,1502.1
2674,0.885150,,0.913800,0.887017,0.538,1502.6
2675,0.886317,,0.913800,0.887017,0.542,1503.2
2676,0.884733,,0.913800,0.887017,0.603,1503.8
2677,0.885367,,0.913800,0.887017,0.543,1504.3
2678,0.886600,,0.913800,0.887017,0.542,1504.8
2679,0.886817,,0.913800,0.887017,0.538,1505.4
2680,0.884850,,0.913800,0.887017,0.603,1506.0
2681,0.883683,,0.913800,0.887017,0.539,1506.5
2682,0.884000,,0.913800,0.887017,0.540,1507.1
2683,0.884467,,0.913800,0.887017,0.541,1507.6
2684,0.884667,,0.913800,0.887017,0.604,1508.2
2685,0.885717,,0.913800,0.887017,0.543,1508.8
2686,0.886083,,0.913800,0.887017,0.539,1509.3
2687,0.885233,,0.913800,0.887017,0.541,1509.8
2688,0.886317,,0.913800,0.887017,0.607,1510.4
2689,0.884833,,0.913800,0.887017,0.541,1511.0
2690,0.884500,,0.913800,0.887017,0.534,1511.5
2691,0.885633,,0.913800,0.887017,0.538,1512.1
2692,0.887233,,0.913800,0.887233,0.604,1512.7
2693,0.885283,,0.913800,0.887233,0.541,1513.2
2694,0.884967,,0.913800,0.887233,0.540,1513.7
2695,0.885417,,0.913800,0.887233,0.541,1514.3
2696,0.885783,,0.913800,0.887233,0.606,1514.9
2697,0.884183,,0.913800,0.887233,0.544,1515.4
2698,0.887433,,0.913800,0.887433,0.539,1516.0
2699,0.885700,,0.913800,0.887433,0.541,1516.5
2700,0.884950,0.9132999777793884,0.913800,0.887433,0.861,1517.4
2701,0.886350,,0.913800,0.887433,0.348,1517.7
2702,0.884283,,0.913800,0.887433,0.542,1518.3
2703,0.884483,,0.913800,0.887433,0.538,1518.8
2704,0.884833,,0.913800,0.887433,0.607,1519.4
2705,0.886200,,0.913800,0.887433,0.543,1520.0
2706,0.886017,,0.913800,0.887433,0.540,1520.5
2707,0.887517,,0.913800,0.887517,0.535,1521.0
2708,0.885800,,0.913800,0.887517,0.605,1521.6
2709,0.883783,,0.913800,0.887517,0.541,1522.2
2710,0.884700,,0.913800,0.887517,0.540,1522.7
2711,0.884800,,0.913800,0.887517,0.537,1523.3
2712,0.884883,,0.913800,0.887517,0.606,1523.9
2713,0.885667,,0.913800,0.887517,0.541,1524.4
2714,0.886650,,0.913800,0.887517,0.539,1524.9
2715,0.884017,,0.913800,0.887517,0.541,1525.5
2716,0.884383,,0.913800,0.887517,0.605,1526.1
2717,0.886917,,0.913800,0.887517,0.538,1526.6
2718,0.885900,,0.913800,0.887517,0.539,1527.2
2719,0.885800,,0.913800,0.887517,0.537,1527.7
2720,0.884617,,0.913800,0.887517,0.603,1528.3
2721,0.885350,,0.913800,0.887517,0.539,1528.8
2722,0.886067,,0.913800,0.887517,0.538,1529.4
2723,0.885600,,0.913800,0.887517,0.543,1529.9
2724,0.885000,,0.913800,0.887517,0.606,1530.5
2725,0.886550,,0.913800,0.887517,0.541,1531.1
2726,0.884733,,0.913800,0.887517,0.538,1531.6
2727,0.883767,,0.913800,0.887517,0.541,1532.1
2728,0.886767,,0.913800,0.887517,0.608,1532.8
2729,0.887567,,0.913800,0.887567,0.541,1533.3
2730,0.883417,,0.913800,0.887567,0.543,1533.8
2731,0.885583,,0.913800,0.887567,0.542,1534.4
2732,0.885233,,0.913800,0.887567,0.606,1535.0
2733,0.884733,,0.913800,0.887567,0.541,1535.5
2734,0.883800,,0.913800,0.887567,0.538,1536.1
2735,0.886067,,0.913800,0.887567,0.538,1536.6
2736,0.886350,,0.913800,0.887567,0.608,1537.2
2737,0.885617,,0.913800,0.887567,0.543,1537.8
2738,0.885683,,0.913800,0.887567,0.542,1538.3
2739,0.886250,,0.913800,0.887567,0.545,1538.8
2740,0.884067,,0.913800,0.887567,0.607,1539.4
2741,0.887483,,0.913800,0.887567,0.540,1540.0
2742,0.885600,,0.913800,0.887567,0.540,1540.5
2743,0.885550,,0.913800,0.887567,0.541,1541.1
2744,0.885500,,0.913800,0.887567,0.610,1541.7
2745,0.886367,,0.913800,0.887567,0.540,1542.2
2746,0.886283,,0.913800,0.887567,0.540,1542.8
2747,0.886183,,0.913800,0.887567,0.541,1543.3
2748,0.885300,,0.913800,0.887567,0.609,1543.9
2749,0.885850,,0.913800,0.887567,0.542,1544.5
2750,0.885317,0.9101999998092651,0.913800,0.887567,0.747,1545.2
2751,0.885200,,0.913800,0.887567,0.352,1545.6
2752,0.886233,,0.913800,0.887567,0.607,1546.2
2753,0.885383,,0.913800,0.887567,0.543,1546.7
2754,0.886133,,0.913800,0.887567,0.561,1547.3
2755,0.885683,,0.913800,0.887567,0.543,1547.8
2756,0.885617,,0.913800,0.887567,0.603,1548.4
2757,0.884483,,0.913800,0.887567,0.544,1549.0
2758,0.884800,,0.913800,0.887567,0.542,1549.5
2759,0.884467,,0.913800,0.887567,0.542,1550.0
2760,0.886717,,0.913800,0.887567,0.605,1550.6
2761,0.886617,,0.913800,0.887567,0.543,1551.2
2762,0.886533,,0.913800,0.887567,0.537,1551.7
2763,0.884717,,0.913800,0.887567,0.539,1552.3
2764,0.887450,,0.913800,0.887567,0.607,1552.9
2765,0.886167,,0.913800,0.887567,0.539,1553.4
2766,0.885517,,0.913800,0.887567,0.539,1553.9
2767,0.886033,,0.913800,0.887567,0.538,1554.5
2768,0.884167,,0.913800,0.887567,0.611,1555.1
2769,0.885900,,0.913800,0.887567,0.541,1555.6
2770,0.884867,,0.913800,0.887567,0.540,1556.2
2771,0.886067,,0.913800,0.887567,0.540,1556.7
2772,0.886150,,0.913800,0.887567,0.607,1557.3
2773,0.886533,,0.913800,0.887567,0.542,1557.9
2774,0.885633,,0.913800,0.887567,0.541,1558.4
2775,0.885867,,0.913800,0.887567,0.542,1558.9
2776,0.887467,,0.913800,0.887567,0.605,1559.6
2777,0.884900,,0.913800,0.887567,0.542,1560.1
2778,0.886200,,0.913800,0.887567,0.537,1560.6
2779,0.887800,,0.913800,0.887800,0.540,1561.2
2780,0.886050,,0.913800,0.887800,0.609,1561.8
2781,0.885217,,0.913800,0.887800,0.537,1562.3
2782,0.887467,,0.913800,0.887800,0.539,1562.9
2783,0.884150,,0.913800,0.887800,0.540,1563.4
2784,0.885050,,0.913800,0.887800,0.609,1564.0
2785,0.886500,,0.913800,0.887800,0.539,1564.5
2786,0.886150,,0.913800,0.887800,0.537,1565.1
2787,0.885100,,0.913800,0.887800,0.542,1565.6
2788,0.884500,,0.913800,0.887800,0.603,1566.2
2789,0.886150,,0.913800,0.887800,0.540,1566.8
2790,0.886667,,0.913800,0.887800,0.539,1567.3
2791,0.885083,,0.913800,0.887800,0.539,1567.8
2792,0.884600,,0.913800,0.887800,0.604,1568.4
2793,0.884917,,0.913800,0.887800,0.540,1569.0
2794,0.884033,,0.913800,0.887800,0.539,1569.5
2795,0.885883,,0.913800,0.887800,0.537,1570.1
2796,0.886633,,0.913800,0.887800,0.606,1570.7
2797,0.884050,,0.913800,0.887800,0.542,1571.2
2798,0.883933,,0.913800,0.887800,0.539,1571.8
2799,0.886550,,0.913800,0.887800,0.536,1572.3
2800,0.885950,0.9120000004768372,0.913800,0.887800,0.812,1573.1
2801,0.885250,,0.913800,0.887800,0.350,1573.5
2802,0.885617,,0.913800,0.887800,0.547,1574.0
2803,0.887317,,0.913800,0.887800,0.537,1574.5
2804,0.886250,,0.913800,0.887800,0.604,1575.1
2805,0.886100,,0.913800,0.887800,0.539,1575.7
2806,0.885383,,0.913800,0.887800,0.540,1576.2
2807,0.886200,,0.913800,0.887800,0.559,1576.8
2808,0.886267,,0.913800,0.887800,0.601,1577.4
2809,0.886333,,0.913800,0.887800,0.539,1577.9
2810,0.885733,,0.913800,0.887800,0.539,1578.5
2811,0.887600,,0.913800,0.887800,0.536,1579.0
2812,0.887583,,0.913800,0.887800,0.605,1579.6
2813,0.887067,,0.913800,0.887800,0.540,1580.1
2814,0.884567,,0.913800,0.887800,0.541,1580.7
2815,0.886567,,0.913800,0.887800,0.538,1581.2
2816,0.886250,,0.913800,0.887800,0.606,1581.8
2817,0.886733,,0.913800,0.887800,0.542,1582.4
2818,0.886500,,0.913800,0.887800,0.540,1582.9
2819,0.885400,,0.913800,0.887800,0.539,1583.4
2820,0.886267,,0.913800,0.887800,0.606,1584.0
2821,0.886333,,0.913800,0.887800,0.542,1584.6
2822,0.885383,,0.913800,0.887800,0.541,1585.1
2823,0.885033,,0.913800,0.887800,0.541,1585.7
2824,0.886483,,0.913800,0.887800,0.606,1586.3
2825,0.885367,,0.913800,0.887800,0.541,1586.8
2826,0.885183,,0.913800,0.887800,0.541,1587.4
2827,0.887200,,0.913800,0.887800,0.540,1587.9
2828,0.887117,,0.913800,0.887800,0.607,1588.5
2829,0.886417,,0.913800,0.887800,0.539,1589.0
2830,0.887233,,0.913800,0.887800,0.539,1589.6
2831,0.884167,,0.913800,0.887800,0.539,1590.1
2832,0.885600,,0.913800,0.887800,0.605,1590.7
2833,0.886633,,0.913800,0.887800,0.540,1591.3
2834,0.886267,,0.913800,0.887800,0.540,1591.8
2835,0.886633,,0.913800,0.887800,0.540,1592.4
2836,0.887950,,0.913800,0.887950,0.607,1593.0
2837,0.887550,,0.913800,0.887950,0.538,1593.5
2838,0.886650,,0.913800,0.887950,0.544,1594.0
2839,0.885833,,0.913800,0.887950,0.541,1594.6
2840,0.885900,,0.913800,0.887950,0.608,1595.2
2841,0.887100,,0.913800,0.887950,0.539,1595.7
2842,0.888717,,0.913800,0.888717,0.538,1596.3
2843,0.886900,,0.913800,0.888717,0.537,1596.8
2844,0.886000,,0.913800,0.888717,0.604,1597.4
2845,0.888283,,0.913800,0.888717,0.540,1597.9
2846,0.887500,,0.913800,0.888717,0.540,1598.5
2847,0.888067,,0.913800,0.888717,0.538,1599.0
2848,0.887583,,0.913800,0.888717,0.607,1599.6
2849,0.886233,,0.913800,0.888717,0.544,1600.2
2850,0.886150,0.91239994764328,0.913800,0.888717,0.748,1600.9
2851,0.885050,,0.913800,0.888717,0.350,1601.3
2852,0.886733,,0.913800,0.888717,0.607,1601.9
2853,0.886267,,0.913800,0.888717,0.546,1602.4
2854,0.885933,,0.913800,0.888717,0.541,1603.0
2855,0.887000,,0.913800,0.888717,0.541,1603.5
2856,0.886700,,0.913800,0.888717,0.605,1604.1
2857,0.887217,,0.913800,0.888717,0.539,1604.7
2858,0.886067,,0.913800,0.888717,0.541,1605.2
2859,0.886150,,0.913800,0.888717,0.540,1605.7
2860,0.885667,,0.913800,0.888717,0.603,1606.3
2861,0.888067,,0.913800,0.888717,0.543,1606.9
2862,0.886683,,0.913800,0.888717,0.540,1607.4
2863,0.887300,,0.913800,0.888717,0.596,1608.0
2864,0.887700,,0.913800,0.888717,0.607,1608.6
2865,0.886800,,0.913800,0.888717,0.542,1609.2
2866,0.886217,,0.913800,0.888717,0.543,1609.7
2867,0.886967,,0.913800,0.888717,0.543,1610.3
2868,0.888233,,0.913800,0.888717,0.609,1610.9
2869,0.887700,,0.913800,0.888717,0.542,1611.4
2870,0.886450,,0.913800,0.888717,0.538,1611.9
2871,0.888183,,0.913800,0.888717,0.541,1612.5
2872,0.886550,,0.913800,0.888717,0.607,1613.1
2873,0.886983,,0.913800,0.888717,0.544,1613.6
2874,0.888533,,0.913800,0.888717,0.539,1614.2
2875,0.886883,,0.913800,0.888717,0.537,1614.7
2876,0.887417,,0.913800,0.888717,0.605,1615.3
2877,0.887850,,0.913800,0.888717,0.541,1615.9
2878,0.887817,,0.913800,0.888717,0.542,1616.4
2879,0.887850,,0.913800,0.888717,0.545,1616.9
2880,0.888450,,0.913800,0.888717,0.606,1617.5
2881,0.888167,,0.913800,0.888717,0.541,1618.1
2882,0.888617,,0.913800,0.888717,0.540,1618.6
2883,0.887867,,0.913800,0.888717,0.539,1619.2
2884,0.889133,,0.913800,0.889133,0.604,1619.8
2885,0.886750,,0.913800,0.889133,0.540,1620.3
2886,0.888600,,0.913800,0.889133,0.539,1620.9
2887,0.886783,,0.913800,0.889133,0.539,1621.4
2888,0.889150,,0.913800,0.889150,0.605,1622.0
2889,0.888450,,0.913800,0.889150,0.540,1622.5
2890,0.889067,,0.913800,0.889150,0.537,1623.1
2891,0.887350,,0.913800,0.889150,0.539,1623.6
2892,0.888650,,0.913800,0.889150,0.605,1624.2
2893,0.888350,,0.913800,0.889150,0.542,1624.8
2894,0.890017,,0.913800,0.890017,0.540,1625.3
2895,0.888183,,0.913800,0.890017,0.540,1625.8
2896,0.886933,,0.913800,0.890017,0.607,1626.4
2897,0.887167,,0.913800,0.890017,0.544,1627.0
2898,0.889117,,0.913800,0.890017,0.542,1627.5
2899,0.886950,,0.913800,0.890017,0.539,1628.1
2900,0.888067,0.9150999784469604,0.915100,0.890017,0.823,1628.9
2901,0.889183,,0.915100,0.890017,0.345,1629.2
2902,0.887467,,0.915100,0.890017,0.537,1629.8
2903,0.889033,,0.915100,0.890017,0.539,1630.3
2904,0.887333,,0.915100,0.890017,0.608,1630.9
2905,0.886950,,0.915100,0.890017,0.541,1631.5
2906,0.887700,,0.915100,0.890017,0.539,1632.0
2907,0.888467,,0.915100,0.890017,0.544,1632.5
2908,0.889983,,0.915100,0.890017,0.609,1633.2
2909,0.888300,,0.915100,0.890017,0.542,1633.7
2910,0.887717,,0.915100,0.890017,0.540,1634.2
2911,0.887983,,0.915100,0.890017,0.540,1634.8
2912,0.888900,,0.915100,0.890017,0.605,1635.4
2913,0.888533,,0.915100,0.890017,0.539,1635.9
2914,0.887150,,0.915100,0.890017,0.539,1636.5
2915,0.888333,,0.915100,0.890017,0.541,1637.0
2916,0.888067,,0.915100,0.890017,0.647,1637.6
2917,0.888483,,0.915100,0.890017,0.538,1638.2
2918,0.888150,,0.915100,0.890017,0.540,1638.7
2919,0.889183,,0.915100,0.890017,0.541,1639.3
2920,0.888367,,0.915100,0.890017,0.603,1639.9
2921,0.888500,,0.915100,0.890017,0.538,1640.4
2922,0.889950,,0.915100,0.890017,0.537,1640.9
2923,0.888300,,0.915100,0.890017,0.538,1641.5
2924,0.887117,,0.915100,0.890017,0.601,1642.1
2925,0.888800,,0.915100,0.890017,0.538,1642.6
2926,0.887683,,0.915100,0.890017,0.536,1643.2
2927,0.889033,,0.915100,0.890017,0.539,1643.7
2928,0.887767,,0.915100,0.890017,0.607,1644.3
2929,0.888050,,0.915100,0.890017,0.539,1644.8
2930,0.887950,,0.915100,0.890017,0.541,1645.4
2931,0.889200,,0.915100,0.890017,0.538,1645.9
2932,0.887917,,0.915100,0.890017,0.606,1646.5
2933,0.887900,,0.915100,0.890017,0.541,1647.1
2934,0.889833,,0.915100,0.890017,0.540,1647.6
2935,0.890433,,0.915100,0.890433,0.540,1648.2
2936,0.890367,,0.915100,0.890433,0.610,1648.8
2937,0.887583,,0.915100,0.890433,0.541,1649.3
2938,0.889433,,0.915100,0.890433,0.542,1649.8
2939,0.889167,,0.915100,0.890433,0.541,1650.4
2940,0.888933,,0.915100,0.890433,0.606,1651.0
2941,0.888833,,0.915100,0.890433,0.533,1651.5
2942,0.888583,,0.915100,0.890433,0.539,1652.1
2943,0.888500,,0.915100,0.890433,0.540,1652.6
2944,0.888367,,0.915100,0.890433,0.605,1653.2
2945,0.891400,,0.915100,0.891400,0.541,1653.7
2946,0.889433,,0.915100,0.891400,0.538,1654.3
2947,0.888083,,0.915100,0.891400,0.539,1654.8
2948,0.888133,,0.915100,0.891400,0.603,1655.4
2949,0.889817,,0.915100,0.891400,0.539,1656.0
2950,0.888633,0.9151999950408936,0.915200,0.891400,0.748,1656.7
2951,0.890583,,0.915200,0.891400,0.348,1657.1
2952,0.886633,,0.915200,0.891400,0.607,1657.7
2953,0.888083,,0.915200,0.891400,0.542,1658.2
2954,0.890000,,0.915200,0.891400,0.539,1658.8
2955,0.887367,,0.915200,0.891400,0.539,1659.3
2956,0.888717,,0.915200,0.891400,0.604,1659.9
2957,0.888267,,0.915200,0.891400,0.541,1660.4
2958,0.889000,,0.915200,0.891400,0.538,1661.0
2959,0.888933,,0.915200,0.891400,0.538,1661.5
2960,0.889417,,0.915200,0.891400,0.603,1662.1
2961,0.889333,,0.915200,0.891400,0.538,1662.7
2962,0.888983,,0.915200,0.891400,0.539,1663.2
2963,0.888200,,0.915200,0.891400,0.540,1663.7
2964,0.889633,,0.915200,0.891400,0.606,1664.3
2965,0.888517,,0.915200,0.891400,0.545,1664.9
2966,0.889117,,0.915200,0.891400,0.540,1665.4
2967,0.890633,,0.915200,0.891400,0.541,1666.0
2968,0.889350,,0.915200,0.891400,0.608,1666.6
2969,0.890500,,0.915200,0.891400,0.538,1667.1
2970,0.887967,,0.915200,0.891400,0.592,1667.7
2971,0.887933,,0.915200,0.891400,0.543,1668.2
2972,0.890550,,0.915200,0.891400,0.606,1668.8
2973,0.889567,,0.915200,0.891400,0.539,1669.4
2974,0.889650,,0.915200,0.891400,0.539,1669.9
2975,0.890333,,0.915200,0.891400,0.543,1670.5
2976,0.889633,,0.915200,0.891400,0.606,1671.1
2977,0.890867,,0.915200,0.891400,0.539,1671.6
2978,0.889500,,0.915200,0.891400,0.538,1672.2
2979,0.888633,,0.915200,0.891400,0.546,1672.7
2980,0.888717,,0.915200,0.891400,0.608,1673.3
2981,0.888133,,0.915200,0.891400,0.541,1673.8
2982,0.887833,,0.915200,0.891400,0.541,1674.4
2983,0.890000,,0.915200,0.891400,0.539,1674.9
2984,0.889500,,0.915200,0.891400,0.612,1675.5
2985,0.889850,,0.915200,0.891400,0.542,1676.1
2986,0.888417,,0.915200,0.891400,0.541,1676.6
2987,0.887833,,0.915200,0.891400,0.541,1677.2
2988,0.889350,,0.915200,0.891400,0.605,1677.8
2989,0.890667,,0.915200,0.891400,0.540,1678.3
2990,0.889517,,0.915200,0.891400,0.542,1678.9
2991,0.890233,,0.915200,0.891400,0.541,1679.4
2992,0.888783,,0.915200,0.891400,0.608,1680.0
2993,0.889133,,0.915200,0.891400,0.543,1680.5
2994,0.889567,,0.915200,0.891400,0.542,1681.1
2995,0.889300,,0.915200,0.891400,0.537,1681.6
2996,0.889333,,0.915200,0.891400,0.607,1682.2
2997,0.890483,,0.915200,0.891400,0.543,1682.8
2998,0.888467,,0.915200,0.891400,0.545,1683.3
2999,0.889667,,0.915200,0.891400,0.539,1683.9
