epoch,train_acc,val_acc,best_val,best_train,epoch_time,cum_time
0,0.085583,0.09799999743700027,0.098000,0.085583,6.556,6.6
1,0.084417,,0.098000,0.085583,0.714,7.3
2,0.084483,,0.098000,0.085583,1.098,8.4
3,0.086100,,0.098000,0.086100,1.037,9.4
4,0.084083,,0.098000,0.086100,1.099,10.5
5,0.084050,,0.098000,0.086100,1.030,11.5
6,0.082867,,0.098000,0.086100,1.102,12.6
7,0.084000,,0.098000,0.086100,1.042,13.7
8,0.083533,,0.098000,0.086100,1.101,14.8
9,0.085700,,0.098000,0.086100,1.032,15.8
10,0.082600,,0.098000,0.086100,1.103,16.9
11,0.086617,,0.098000,0.086617,1.042,18.0
12,0.084650,,0.098000,0.086617,1.106,19.1
13,0.086017,,0.098000,0.086617,1.035,20.1
14,0.086967,,0.098000,0.086967,1.109,21.2
15,0.085767,,0.098000,0.086967,1.038,22.2
16,0.085917,,0.098000,0.086967,1.096,23.3
17,0.087283,,0.098000,0.087283,1.045,24.4
18,0.087967,,0.098000,0.087967,1.106,25.5
19,0.088117,,0.098000,0.088117,1.033,26.5
20,0.090150,,0.098000,0.090150,1.150,27.7
21,0.092867,,0.098000,0.092867,1.038,28.7
22,0.091767,,0.098000,0.092867,1.105,29.8
23,0.089717,,0.098000,0.092867,1.032,30.8
24,0.093733,,0.098000,0.093733,1.106,32.0
25,0.092733,,0.098000,0.093733,1.037,33.0
26,0.095833,,0.098000,0.095833,1.097,34.1
27,0.096650,,0.098000,0.096650,1.039,35.1
28,0.098967,,0.098000,0.098967,1.109,36.2
29,0.100000,,0.098000,0.100000,1.038,37.3
30,0.099217,,0.098000,0.100000,1.102,38.4
31,0.102150,,0.098000,0.102150,1.035,39.4
32,0.103633,,0.098000,0.103633,1.106,40.5
33,0.105267,,0.098000,0.105267,1.040,41.6
34,0.108450,,0.098000,0.108450,1.104,42.7
35,0.107133,,0.098000,0.108450,1.036,43.7
36,0.106900,,0.098000,0.108450,1.107,44.8
37,0.109483,,0.098000,0.109483,1.036,45.8
38,0.109417,,0.098000,0.109483,1.100,46.9
39,0.107433,,0.098000,0.109483,1.038,48.0
40,0.111100,,0.098000,0.111100,1.103,49.1
41,0.112483,,0.098000,0.112483,1.050,50.1
42,0.109917,,0.098000,0.112483,1.098,51.2
43,0.112850,,0.098000,0.112850,1.038,52.3
44,0.113783,,0.098000,0.113783,1.094,53.4
45,0.114583,,0.098000,0.114583,1.039,54.4
46,0.114667,,0.098000,0.114667,1.113,55.5
47,0.114383,,0.098000,0.114667,1.035,56.6
48,0.116350,,0.098000,0.116350,1.169,57.7
49,0.115267,,0.098000,0.116350,1.039,58.8
50,0.115583,0.09910000115633011,0.099100,0.116350,1.505,60.3
51,0.115317,,0.099100,0.116350,0.646,60.9
52,0.116767,,0.099100,0.116767,1.110,62.0
53,0.116433,,0.099100,0.116767,1.037,63.1
54,0.116900,,0.099100,0.116900,1.101,64.2
55,0.117583,,0.099100,0.117583,1.038,65.2
56,0.118583,,0.099100,0.118583,1.109,66.3
57,0.116250,,0.099100,0.118583,1.039,67.3
58,0.118317,,0.099100,0.118583,1.103,68.4
59,0.118833,,0.099100,0.118833,1.039,69.5
60,0.119717,,0.099100,0.119717,1.107,70.6
61,0.119333,,0.099100,0.119717,1.039,71.6
62,0.120483,,0.099100,0.120483,1.105,72.7
63,0.120483,,0.099100,0.120483,1.041,73.8
64,0.121117,,0.099100,0.121117,1.110,74.9
65,0.119900,,0.099100,0.121117,1.048,75.9
66,0.121867,,0.099100,0.121867,1.104,77.0
67,0.121533,,0.099100,0.121867,1.037,78.1
68,0.121633,,0.099100,0.121867,1.105,79.2
69,0.122767,,0.099100,0.122767,1.039,80.2
70,0.122983,,0.099100,0.122983,1.108,81.3
71,0.124100,,0.099100,0.124100,1.038,82.4
72,0.123367,,0.099100,0.124100,1.102,83.5
73,0.124350,,0.099100,0.124350,1.038,84.5
74,0.124567,,0.099100,0.124567,1.104,85.6
75,0.123383,,0.099100,0.124567,1.042,86.7
76,0.124433,,0.099100,0.124567,1.162,87.8
77,0.125033,,0.099100,0.125033,1.036,88.8
78,0.125583,,0.099100,0.125583,1.103,90.0
79,0.123783,,0.099100,0.125583,1.040,91.0
80,0.125267,,0.099100,0.125583,1.105,92.1
81,0.124800,,0.099100,0.125583,1.041,93.1
82,0.126450,,0.099100,0.126450,1.101,94.2
83,0.126500,,0.099100,0.126500,1.037,95.3
84,0.125750,,0.099100,0.126500,1.108,96.4
85,0.126550,,0.099100,0.126550,1.036,97.4
86,0.126050,,0.099100,0.126550,1.101,98.5
87,0.126167,,0.099100,0.126550,1.042,99.6
88,0.127567,,0.099100,0.127567,1.092,100.7
89,0.127867,,0.099100,0.127867,1.046,101.7
90,0.128383,,0.099100,0.128383,1.100,102.8
91,0.128500,,0.099100,0.128500,1.040,103.8
92,0.129600,,0.099100,0.129600,1.106,104.9
93,0.128683,,0.099100,0.129600,1.042,106.0
94,0.129967,,0.099100,0.129967,1.110,107.1
95,0.130450,,0.099100,0.130450,1.038,108.1
96,0.129333,,0.099100,0.130450,1.108,109.2
97,0.129767,,0.099100,0.130450,1.037,110.3
98,0.129167,,0.099100,0.130450,1.108,111.4
99,0.130117,,0.099100,0.130450,1.043,112.4
100,0.131067,0.1306999921798706,0.130700,0.131067,1.510,113.9
101,0.132700,,0.130700,0.132700,0.650,114.6
102,0.133517,,0.130700,0.133517,1.103,115.7
103,0.132233,,0.130700,0.133517,1.038,116.7
104,0.134017,,0.130700,0.134017,1.180,117.9
105,0.133333,,0.130700,0.134017,1.042,119.0
106,0.134067,,0.130700,0.134067,1.102,120.1
107,0.135817,,0.130700,0.135817,1.040,121.1
108,0.135833,,0.130700,0.135833,1.110,122.2
109,0.136583,,0.130700,0.136583,1.034,123.2
110,0.135683,,0.130700,0.136583,1.104,124.3
111,0.137517,,0.130700,0.137517,1.035,125.4
112,0.138267,,0.130700,0.138267,1.092,126.5
113,0.138183,,0.130700,0.138267,1.044,127.5
114,0.138217,,0.130700,0.138267,1.098,128.6
115,0.138833,,0.130700,0.138833,1.039,129.7
116,0.139483,,0.130700,0.139483,1.102,130.8
117,0.142433,,0.130700,0.142433,1.038,131.8
118,0.141100,,0.130700,0.142433,1.103,132.9
119,0.141933,,0.130700,0.142433,1.038,133.9
120,0.143067,,0.130700,0.143067,1.102,135.0
121,0.144533,,0.130700,0.144533,1.038,136.1
122,0.145600,,0.130700,0.145600,1.103,137.2
123,0.146983,,0.130700,0.146983,1.045,138.2
124,0.149000,,0.130700,0.149000,1.102,139.3
125,0.147933,,0.130700,0.149000,1.036,140.4
126,0.151000,,0.130700,0.151000,1.106,141.5
127,0.154600,,0.130700,0.154600,1.045,142.5
128,0.154217,,0.130700,0.154600,1.110,143.6
129,0.154683,,0.130700,0.154683,1.040,144.7
130,0.155100,,0.130700,0.155100,1.107,145.8
131,0.154033,,0.130700,0.155100,1.036,146.8
132,0.157983,,0.130700,0.157983,1.172,148.0
133,0.157950,,0.130700,0.157983,1.037,149.0
134,0.161250,,0.130700,0.161250,1.103,150.1
135,0.160783,,0.130700,0.161250,1.038,151.2
136,0.161083,,0.130700,0.161250,1.102,152.3
137,0.163300,,0.130700,0.163300,1.054,153.3
138,0.162367,,0.130700,0.163300,1.104,154.4
139,0.163800,,0.130700,0.163800,1.046,155.5
140,0.168433,,0.130700,0.168433,1.119,156.6
141,0.168117,,0.130700,0.168433,1.040,157.6
142,0.168017,,0.130700,0.168433,1.110,158.7
143,0.170250,,0.130700,0.170250,1.040,159.8
144,0.171100,,0.130700,0.171100,1.108,160.9
145,0.173717,,0.130700,0.173717,1.042,161.9
146,0.172867,,0.130700,0.173717,1.113,163.0
147,0.176733,,0.130700,0.176733,1.043,164.1
148,0.177017,,0.130700,0.177017,1.113,165.2
149,0.180067,,0.130700,0.180067,1.035,166.2
150,0.180000,0.22769999504089355,0.227700,0.180067,1.526,167.8
151,0.180317,,0.227700,0.180317,0.653,168.4
152,0.183467,,0.227700,0.183467,1.102,169.5
153,0.184767,,0.227700,0.184767,1.040,170.5
154,0.183683,,0.227700,0.184767,1.115,171.7
155,0.187050,,0.227700,0.187050,1.037,172.7
156,0.189333,,0.227700,0.189333,1.111,173.8
157,0.187450,,0.227700,0.189333,1.039,174.8
158,0.192900,,0.227700,0.192900,1.107,176.0
159,0.192950,,0.227700,0.192950,1.039,177.0
160,0.194317,,0.227700,0.194317,1.131,178.1
161,0.194883,,0.227700,0.194883,1.042,179.2
162,0.198317,,0.227700,0.198317,1.106,180.3
163,0.196933,,0.227700,0.198317,1.039,181.3
164,0.200433,,0.227700,0.200433,1.116,182.4
165,0.198383,,0.227700,0.200433,1.042,183.5
166,0.200900,,0.227700,0.200900,1.107,184.6
167,0.199550,,0.227700,0.200900,1.042,185.6
168,0.203417,,0.227700,0.203417,1.107,186.7
169,0.202033,,0.227700,0.203417,1.040,187.8
170,0.207017,,0.227700,0.207017,1.108,188.9
171,0.208050,,0.227700,0.208050,1.039,189.9
172,0.208283,,0.227700,0.208283,1.107,191.0
173,0.207933,,0.227700,0.208283,1.039,192.1
174,0.212400,,0.227700,0.212400,1.105,193.2
175,0.212883,,0.227700,0.212883,1.041,194.2
176,0.214717,,0.227700,0.214717,1.104,195.3
177,0.215817,,0.227700,0.215817,1.040,196.3
178,0.219100,,0.227700,0.219100,1.113,197.5
179,0.217567,,0.227700,0.219100,1.036,198.5
180,0.220683,,0.227700,0.220683,1.112,199.6
181,0.221767,,0.227700,0.221767,1.036,200.6
182,0.225017,,0.227700,0.225017,1.106,201.8
183,0.226333,,0.227700,0.226333,1.040,202.8
184,0.229250,,0.227700,0.229250,1.101,203.9
185,0.232100,,0.227700,0.232100,1.048,204.9
186,0.236183,,0.227700,0.236183,1.103,206.0
187,0.235600,,0.227700,0.236183,1.037,207.1
188,0.237850,,0.227700,0.237850,1.102,208.2
189,0.239067,,0.227700,0.239067,1.038,209.2
190,0.238467,,0.227700,0.239067,1.102,210.3
191,0.239633,,0.227700,0.239633,1.040,211.4
192,0.245433,,0.227700,0.245433,1.105,212.5
193,0.247000,,0.227700,0.247000,1.044,213.5
194,0.250383,,0.227700,0.250383,1.109,214.6
195,0.251333,,0.227700,0.251333,1.042,215.7
196,0.252817,,0.227700,0.252817,1.113,216.8
197,0.254600,,0.227700,0.254600,1.039,217.8
198,0.256650,,0.227700,0.256650,1.103,218.9
199,0.258317,,0.227700,0.258317,1.042,220.0
200,0.261700,0.32600000500679016,0.326000,0.261700,1.513,221.5
201,0.261750,,0.326000,0.261750,0.648,222.1
202,0.260533,,0.326000,0.261750,1.105,223.2
203,0.265333,,0.326000,0.265333,1.042,224.3
204,0.267467,,0.326000,0.267467,1.114,225.4
205,0.270217,,0.326000,0.270217,1.039,226.4
206,0.271467,,0.326000,0.271467,1.106,227.5
207,0.273683,,0.326000,0.273683,1.041,228.6
208,0.276033,,0.326000,0.276033,1.112,229.7
209,0.277033,,0.326000,0.277033,1.046,230.7
210,0.278017,,0.326000,0.278017,1.103,231.8
211,0.282383,,0.326000,0.282383,1.041,232.9
212,0.285850,,0.326000,0.285850,1.105,234.0
213,0.284550,,0.326000,0.285850,1.042,235.0
214,0.282500,,0.326000,0.285850,1.118,236.1
215,0.288400,,0.326000,0.288400,1.034,237.2
216,0.291333,,0.326000,0.291333,1.168,238.3
217,0.293517,,0.326000,0.293517,1.035,239.4
218,0.293067,,0.326000,0.293517,1.107,240.5
219,0.296133,,0.326000,0.296133,1.038,241.5
220,0.296633,,0.326000,0.296633,1.109,242.6
221,0.299183,,0.326000,0.299183,1.039,243.7
222,0.303350,,0.326000,0.303350,1.105,244.8
223,0.304483,,0.326000,0.304483,1.053,245.8
224,0.305900,,0.326000,0.305900,1.109,246.9
225,0.308783,,0.326000,0.308783,1.041,248.0
226,0.309583,,0.326000,0.309583,1.108,249.1
227,0.313017,,0.326000,0.313017,1.034,250.1
228,0.310917,,0.326000,0.313017,1.106,251.2
229,0.314833,,0.326000,0.314833,1.040,252.3
230,0.315133,,0.326000,0.315133,1.100,253.4
231,0.316150,,0.326000,0.316150,1.037,254.4
232,0.320917,,0.326000,0.320917,1.101,255.5
233,0.321283,,0.326000,0.321283,1.038,256.5
234,0.319750,,0.326000,0.321283,1.107,257.6
235,0.325683,,0.326000,0.325683,1.041,258.7
236,0.328883,,0.326000,0.328883,1.105,259.8
237,0.327867,,0.326000,0.328883,1.040,260.8
238,0.329933,,0.326000,0.329933,1.118,262.0
239,0.331900,,0.326000,0.331900,1.044,263.0
240,0.331733,,0.326000,0.331900,1.110,264.1
241,0.334667,,0.326000,0.334667,1.039,265.1
242,0.335467,,0.326000,0.335467,1.110,266.3
243,0.334717,,0.326000,0.335467,1.037,267.3
244,0.339617,,0.326000,0.339617,1.174,268.5
245,0.338083,,0.326000,0.339617,1.034,269.5
246,0.343167,,0.326000,0.343167,1.103,270.6
247,0.344183,,0.326000,0.344183,1.041,271.6
248,0.344817,,0.326000,0.344817,1.106,272.8
249,0.347100,,0.326000,0.347100,1.035,273.8
250,0.351033,0.429099977016449,0.429100,0.351033,1.505,275.3
251,0.349317,,0.429100,0.351033,0.648,275.9
252,0.348900,,0.429100,0.351033,1.110,277.0
253,0.353567,,0.429100,0.353567,1.039,278.1
254,0.352917,,0.429100,0.353567,1.102,279.2
255,0.356050,,0.429100,0.356050,1.040,280.2
256,0.359200,,0.429100,0.359200,1.104,281.3
257,0.356783,,0.429100,0.359200,1.040,282.4
258,0.362883,,0.429100,0.362883,1.105,283.5
259,0.361783,,0.429100,0.362883,1.042,284.5
260,0.365050,,0.429100,0.365050,1.098,285.6
261,0.364433,,0.429100,0.365050,1.036,286.7
262,0.365983,,0.429100,0.365983,1.104,287.8
263,0.368717,,0.429100,0.368717,1.037,288.8
264,0.368700,,0.429100,0.368717,1.108,289.9
265,0.372567,,0.429100,0.372567,1.079,291.0
266,0.371333,,0.429100,0.372567,1.103,292.1
267,0.373583,,0.429100,0.373583,1.037,293.1
268,0.377883,,0.429100,0.377883,1.113,294.2
269,0.379350,,0.429100,0.379350,1.041,295.3
270,0.378450,,0.429100,0.379350,1.102,296.4
271,0.378867,,0.429100,0.379350,1.040,297.4
272,0.383033,,0.429100,0.383033,1.161,298.6
273,0.384400,,0.429100,0.384400,1.035,299.6
274,0.385317,,0.429100,0.385317,1.106,300.7
275,0.386967,,0.429100,0.386967,1.039,301.8
276,0.387633,,0.429100,0.387633,1.099,302.9
277,0.390417,,0.429100,0.390417,1.039,303.9
278,0.393717,,0.429100,0.393717,1.103,305.0
279,0.395217,,0.429100,0.395217,1.042,306.0
280,0.395900,,0.429100,0.395900,1.101,307.1
281,0.397817,,0.429100,0.397817,1.036,308.2
282,0.398033,,0.429100,0.398033,1.110,309.3
283,0.402400,,0.429100,0.402400,1.037,310.3
284,0.400533,,0.429100,0.402400,1.106,311.4
285,0.403717,,0.429100,0.403717,1.040,312.5
286,0.407417,,0.429100,0.407417,1.109,313.6
287,0.409683,,0.429100,0.409683,1.040,314.6
288,0.410783,,0.429100,0.410783,1.108,315.7
289,0.415317,,0.429100,0.415317,1.038,316.8
290,0.414967,,0.429100,0.415317,1.115,317.9
291,0.416983,,0.429100,0.416983,1.038,318.9
292,0.420733,,0.429100,0.420733,1.098,320.0
293,0.421517,,0.429100,0.421517,1.036,321.1
294,0.425767,,0.429100,0.425767,1.113,322.2
295,0.430717,,0.429100,0.430717,1.042,323.2
296,0.431767,,0.429100,0.431767,1.104,324.3
297,0.432483,,0.429100,0.432483,1.042,325.4
298,0.437750,,0.429100,0.437750,1.102,326.5
299,0.439017,,0.429100,0.439017,1.042,327.5
300,0.438517,0.5156999826431274,0.515700,0.439017,1.567,329.1
301,0.442567,,0.515700,0.442567,0.647,329.7
302,0.446200,,0.515700,0.446200,1.102,330.8
303,0.450783,,0.515700,0.450783,1.037,331.9
304,0.452667,,0.515700,0.452667,1.112,333.0
305,0.456083,,0.515700,0.456083,1.043,334.0
306,0.457767,,0.515700,0.457767,1.106,335.1
307,0.465650,,0.515700,0.465650,1.042,336.2
308,0.467667,,0.515700,0.467667,1.106,337.3
309,0.469650,,0.515700,0.469650,1.040,338.3
310,0.474100,,0.515700,0.474100,1.092,339.4
311,0.478217,,0.515700,0.478217,1.036,340.4
312,0.482050,,0.515700,0.482050,1.104,341.5
313,0.484467,,0.515700,0.484467,1.029,342.6
314,0.487850,,0.515700,0.487850,1.107,343.7
315,0.488717,,0.515700,0.488717,1.038,344.7
316,0.496400,,0.515700,0.496400,1.106,345.8
317,0.493767,,0.515700,0.496400,1.044,346.9
318,0.500667,,0.515700,0.500667,1.103,348.0
319,0.502617,,0.515700,0.502617,1.042,349.0
320,0.509717,,0.515700,0.509717,1.109,350.1
321,0.507483,,0.515700,0.509717,1.038,351.1
322,0.512900,,0.515700,0.512900,1.105,352.3
323,0.516017,,0.515700,0.516017,1.036,353.3
324,0.521033,,0.515700,0.521033,1.103,354.4
325,0.519700,,0.515700,0.521033,1.037,355.4
326,0.526450,,0.515700,0.526450,1.103,356.5
327,0.529500,,0.515700,0.529500,1.036,357.6
328,0.531550,,0.515700,0.531550,1.195,358.8
329,0.533867,,0.515700,0.533867,1.040,359.8
330,0.536867,,0.515700,0.536867,1.106,360.9
331,0.541767,,0.515700,0.541767,1.036,361.9
332,0.543650,,0.515700,0.543650,1.102,363.0
333,0.546667,,0.515700,0.546667,1.040,364.1
334,0.551150,,0.515700,0.551150,1.106,365.2
335,0.552700,,0.515700,0.552700,1.039,366.2
336,0.556217,,0.515700,0.556217,1.106,367.3
337,0.557533,,0.515700,0.557533,1.038,368.4
338,0.558167,,0.515700,0.558167,1.098,369.5
339,0.561883,,0.515700,0.561883,1.039,370.5
340,0.563583,,0.515700,0.563583,1.105,371.6
341,0.567383,,0.515700,0.567383,1.037,372.7
342,0.568450,,0.515700,0.568450,1.102,373.8
343,0.569483,,0.515700,0.569483,1.037,374.8
344,0.572217,,0.515700,0.572217,1.104,375.9
345,0.574233,,0.515700,0.574233,1.037,376.9
346,0.582317,,0.515700,0.582317,1.106,378.0
347,0.581150,,0.515700,0.582317,1.042,379.1
348,0.583550,,0.515700,0.583550,1.106,380.2
349,0.584117,,0.515700,0.584117,1.040,381.2
350,0.586183,0.7346999645233154,0.734700,0.586183,1.510,382.7
351,0.592150,,0.734700,0.592150,0.648,383.4
352,0.591850,,0.734700,0.592150,1.107,384.5
353,0.593433,,0.734700,0.593433,1.035,385.5
354,0.596883,,0.734700,0.596883,1.107,386.6
355,0.600683,,0.734700,0.600683,1.039,387.7
356,0.599867,,0.734700,0.600683,1.124,388.8
357,0.601233,,0.734700,0.601233,1.037,389.8
358,0.606000,,0.734700,0.606000,1.106,390.9
359,0.606883,,0.734700,0.606883,1.036,392.0
360,0.607783,,0.734700,0.607783,1.106,393.1
361,0.611200,,0.734700,0.611200,1.036,394.1
362,0.612850,,0.734700,0.612850,1.104,395.2
363,0.609600,,0.734700,0.612850,1.038,396.3
364,0.618117,,0.734700,0.618117,1.102,397.4
365,0.615917,,0.734700,0.618117,1.036,398.4
366,0.618333,,0.734700,0.618333,1.103,399.5
367,0.622383,,0.734700,0.622383,1.035,400.5
368,0.624750,,0.734700,0.624750,1.106,401.6
369,0.625550,,0.734700,0.625550,1.034,402.7
370,0.625050,,0.734700,0.625550,1.108,403.8
371,0.631383,,0.734700,0.631383,1.037,404.8
372,0.629850,,0.734700,0.631383,1.103,405.9
373,0.629683,,0.734700,0.631383,1.035,407.0
374,0.630683,,0.734700,0.631383,1.111,408.1
375,0.635617,,0.734700,0.635617,1.037,409.1
376,0.636567,,0.734700,0.636567,1.102,410.2
377,0.634967,,0.734700,0.636567,1.078,411.3
378,0.639200,,0.734700,0.639200,1.107,412.4
379,0.642283,,0.734700,0.642283,1.041,413.4
380,0.643400,,0.734700,0.643400,1.103,414.5
381,0.642733,,0.734700,0.643400,1.036,415.6
382,0.642750,,0.734700,0.643400,1.088,416.7
383,0.645483,,0.734700,0.645483,1.044,417.7
384,0.647817,,0.734700,0.647817,1.112,418.8
385,0.648000,,0.734700,0.648000,1.038,419.9
386,0.649833,,0.734700,0.649833,1.107,421.0
387,0.651400,,0.734700,0.651400,1.037,422.0
388,0.650583,,0.734700,0.651400,1.100,423.1
389,0.651833,,0.734700,0.651833,1.039,424.1
390,0.652300,,0.734700,0.652300,1.101,425.2
391,0.656283,,0.734700,0.656283,1.041,426.3
392,0.655917,,0.734700,0.656283,1.105,427.4
393,0.657750,,0.734700,0.657750,1.040,428.4
394,0.657367,,0.734700,0.657750,1.108,429.5
395,0.661283,,0.734700,0.661283,1.037,430.6
396,0.659483,,0.734700,0.661283,1.111,431.7
397,0.661417,,0.734700,0.661417,1.037,432.7
398,0.660717,,0.734700,0.661417,1.098,433.8
399,0.663600,,0.734700,0.663600,1.039,434.9
400,0.666650,0.7851999998092651,0.785200,0.666650,1.511,436.4
401,0.664233,,0.785200,0.666650,0.649,437.0
402,0.665233,,0.785200,0.666650,1.108,438.1
403,0.668533,,0.785200,0.668533,1.040,439.2
404,0.668683,,0.785200,0.668683,1.110,440.3
405,0.671467,,0.785200,0.671467,1.040,441.3
406,0.669567,,0.785200,0.671467,1.106,442.4
407,0.671150,,0.785200,0.671467,1.042,443.5
408,0.671400,,0.785200,0.671467,1.105,444.6
409,0.673283,,0.785200,0.673283,1.040,445.6
410,0.672583,,0.785200,0.673283,1.108,446.7
411,0.678100,,0.785200,0.678100,1.039,447.8
412,0.675300,,0.785200,0.678100,1.116,448.9
413,0.679300,,0.785200,0.679300,1.044,449.9
414,0.681967,,0.785200,0.681967,1.100,451.0
415,0.682550,,0.785200,0.682550,1.035,452.1
416,0.682550,,0.785200,0.682550,1.105,453.2
417,0.683600,,0.785200,0.683600,1.036,454.2
418,0.685750,,0.785200,0.685750,1.102,455.3
419,0.683300,,0.785200,0.685750,1.039,456.3
420,0.686400,,0.785200,0.686400,1.108,457.4
421,0.685150,,0.785200,0.686400,1.042,458.5
422,0.686367,,0.785200,0.686400,1.104,459.6
423,0.683983,,0.785200,0.686400,1.036,460.6
424,0.687833,,0.785200,0.687833,1.100,461.7
425,0.689600,,0.785200,0.689600,1.036,462.8
426,0.689917,,0.785200,0.689917,1.103,463.9
427,0.691667,,0.785200,0.691667,1.035,464.9
428,0.691050,,0.785200,0.691667,1.106,466.0
429,0.692567,,0.785200,0.692567,1.035,467.0
430,0.694950,,0.785200,0.694950,1.107,468.1
431,0.691817,,0.785200,0.694950,1.037,469.2
432,0.693900,,0.785200,0.694950,1.103,470.3
433,0.695467,,0.785200,0.695467,1.039,471.3
434,0.691867,,0.785200,0.695467,1.105,472.4
435,0.695733,,0.785200,0.695733,1.040,473.5
436,0.695550,,0.785200,0.695733,1.104,474.6
437,0.696383,,0.785200,0.696383,1.041,475.6
438,0.699100,,0.785200,0.699100,1.103,476.7
439,0.698850,,0.785200,0.699100,1.035,477.8
440,0.698067,,0.785200,0.699100,1.149,478.9
441,0.700517,,0.785200,0.700517,1.036,479.9
442,0.700650,,0.785200,0.700650,1.104,481.0
443,0.700517,,0.785200,0.700650,1.038,482.1
444,0.703950,,0.785200,0.703950,1.109,483.2
445,0.702333,,0.785200,0.703950,1.035,484.2
446,0.704183,,0.785200,0.704183,1.108,485.3
447,0.703600,,0.785200,0.704183,1.040,486.4
448,0.704967,,0.785200,0.704967,1.100,487.5
449,0.704350,,0.785200,0.704967,1.036,488.5
450,0.708050,0.8179999589920044,0.818000,0.708050,1.512,490.0
451,0.707567,,0.818000,0.708050,0.645,490.7
452,0.707250,,0.818000,0.708050,1.099,491.8
453,0.708300,,0.818000,0.708300,1.038,492.8
454,0.706150,,0.818000,0.708300,1.103,493.9
455,0.711517,,0.818000,0.711517,1.035,494.9
456,0.709967,,0.818000,0.711517,1.105,496.0
457,0.711350,,0.818000,0.711517,1.042,497.1
458,0.712850,,0.818000,0.712850,1.107,498.2
459,0.710617,,0.818000,0.712850,1.041,499.2
460,0.714867,,0.818000,0.714867,1.097,500.3
461,0.711833,,0.818000,0.714867,1.038,501.4
462,0.714133,,0.818000,0.714867,1.097,502.5
463,0.713567,,0.818000,0.714867,1.037,503.5
464,0.716050,,0.818000,0.716050,1.105,504.6
465,0.715767,,0.818000,0.716050,1.040,505.6
466,0.714417,,0.818000,0.716050,1.104,506.8
467,0.718633,,0.818000,0.718633,1.042,507.8
468,0.719750,,0.818000,0.719750,1.157,509.0
469,0.718117,,0.818000,0.719750,1.030,510.0
470,0.720333,,0.818000,0.720333,1.101,511.1
471,0.718933,,0.818000,0.720333,1.035,512.1
472,0.720500,,0.818000,0.720500,1.109,513.2
473,0.721733,,0.818000,0.721733,1.035,514.3
474,0.721650,,0.818000,0.721733,1.103,515.4
475,0.723267,,0.818000,0.723267,1.037,516.4
476,0.723383,,0.818000,0.723383,1.103,517.5
477,0.725267,,0.818000,0.725267,1.035,518.5
478,0.723467,,0.818000,0.725267,1.104,519.6
479,0.727600,,0.818000,0.727600,1.031,520.7
480,0.726450,,0.818000,0.727600,1.100,521.8
481,0.727917,,0.818000,0.727917,1.032,522.8
482,0.727850,,0.818000,0.727917,1.087,523.9
483,0.728700,,0.818000,0.728700,1.039,524.9
484,0.728217,,0.818000,0.728700,1.105,526.0
485,0.728750,,0.818000,0.728750,1.037,527.1
486,0.731400,,0.818000,0.731400,1.105,528.2
487,0.728167,,0.818000,0.731400,1.036,529.2
488,0.729967,,0.818000,0.731400,1.107,530.3
489,0.729700,,0.818000,0.731400,1.038,531.4
490,0.732900,,0.818000,0.732900,1.103,532.5
491,0.732550,,0.818000,0.732900,1.038,533.5
492,0.733183,,0.818000,0.733183,1.104,534.6
493,0.732017,,0.818000,0.733183,1.036,535.6
494,0.734117,,0.818000,0.734117,1.100,536.7
495,0.733400,,0.818000,0.734117,1.038,537.8
496,0.736700,,0.818000,0.736700,1.110,538.9
497,0.731900,,0.818000,0.736700,1.084,540.0
498,0.732833,,0.818000,0.736700,1.103,541.1
499,0.736983,,0.818000,0.736983,1.040,542.1
500,0.740417,0.8392999768257141,0.839300,0.740417,1.520,543.6
501,0.738467,,0.839300,0.740417,0.648,544.3
502,0.739750,,0.839300,0.740417,1.103,545.4
503,0.737383,,0.839300,0.740417,1.040,546.4
504,0.738817,,0.839300,0.740417,1.101,547.5
505,0.738717,,0.839300,0.740417,1.038,548.6
506,0.737550,,0.839300,0.740417,1.108,549.7
507,0.740833,,0.839300,0.740833,1.042,550.7
508,0.737067,,0.839300,0.740833,1.107,551.8
509,0.738667,,0.839300,0.740833,1.040,552.9
510,0.740567,,0.839300,0.740833,1.103,554.0
511,0.741383,,0.839300,0.741383,1.038,555.0
512,0.742000,,0.839300,0.742000,1.108,556.1
513,0.742417,,0.839300,0.742417,1.040,557.2
514,0.742900,,0.839300,0.742900,1.105,558.3
515,0.743583,,0.839300,0.743583,1.036,559.3
516,0.744500,,0.839300,0.744500,1.103,560.4
517,0.744783,,0.839300,0.744783,1.037,561.4
518,0.745917,,0.839300,0.745917,1.099,562.5
519,0.742483,,0.839300,0.745917,1.039,563.6
520,0.744733,,0.839300,0.745917,1.106,564.7
521,0.743983,,0.839300,0.745917,1.038,565.7
522,0.744200,,0.839300,0.745917,1.109,566.8
523,0.746750,,0.839300,0.746750,1.044,567.9
524,0.747517,,0.839300,0.747517,1.107,569.0
525,0.749167,,0.839300,0.749167,1.089,570.1
526,0.746550,,0.839300,0.749167,1.101,571.2
527,0.748250,,0.839300,0.749167,1.033,572.2
528,0.745717,,0.839300,0.749167,1.099,573.3
529,0.748150,,0.839300,0.749167,1.038,574.3
530,0.749333,,0.839300,0.749333,1.100,575.4
531,0.746467,,0.839300,0.749333,1.033,576.5
532,0.749800,,0.839300,0.749800,1.109,577.6
533,0.749100,,0.839300,0.749800,1.039,578.6
534,0.752450,,0.839300,0.752450,1.102,579.7
535,0.749367,,0.839300,0.752450,1.029,580.7
536,0.750700,,0.839300,0.752450,1.106,581.9
537,0.752283,,0.839300,0.752450,1.038,582.9
538,0.753800,,0.839300,0.753800,1.102,584.0
539,0.751783,,0.839300,0.753800,1.038,585.0
540,0.753483,,0.839300,0.753800,1.107,586.1
541,0.751950,,0.839300,0.753800,1.034,587.2
542,0.751483,,0.839300,0.753800,1.103,588.3
543,0.754983,,0.839300,0.754983,1.036,589.3
544,0.754033,,0.839300,0.754983,1.101,590.4
545,0.755917,,0.839300,0.755917,1.037,591.5
546,0.754017,,0.839300,0.755917,1.112,592.6
547,0.751783,,0.839300,0.755917,1.037,593.6
548,0.755417,,0.839300,0.755917,1.103,594.7
549,0.757083,,0.839300,0.757083,1.039,595.7
550,0.757900,0.8515999913215637,0.851600,0.757900,1.509,597.3
551,0.757267,,0.851600,0.757900,0.648,597.9
552,0.757683,,0.851600,0.757900,1.103,599.0
553,0.755867,,0.851600,0.757900,1.085,600.1
554,0.758767,,0.851600,0.758767,1.102,601.2
555,0.757900,,0.851600,0.758767,1.039,602.2
556,0.760417,,0.851600,0.760417,1.106,603.3
557,0.759800,,0.851600,0.760417,1.040,604.4
558,0.758917,,0.851600,0.760417,1.105,605.5
559,0.761717,,0.851600,0.761717,1.037,606.5
560,0.758883,,0.851600,0.761717,1.105,607.6
561,0.759767,,0.851600,0.761717,1.037,608.7
562,0.757650,,0.851600,0.761717,1.101,609.8
563,0.762250,,0.851600,0.762250,1.038,610.8
564,0.761367,,0.851600,0.762250,1.108,611.9
565,0.761483,,0.851600,0.762250,1.039,612.9
566,0.759450,,0.851600,0.762250,1.099,614.0
567,0.760817,,0.851600,0.762250,1.038,615.1
568,0.763717,,0.851600,0.763717,1.096,616.2
569,0.763683,,0.851600,0.763717,1.039,617.2
570,0.761983,,0.851600,0.763717,1.108,618.3
571,0.762633,,0.851600,0.763717,1.041,619.4
572,0.762583,,0.851600,0.763717,1.103,620.5
573,0.761333,,0.851600,0.763717,1.038,621.5
574,0.764150,,0.851600,0.764150,1.105,622.6
575,0.763733,,0.851600,0.764150,1.044,623.7
576,0.764550,,0.851600,0.764550,1.107,624.8
577,0.765600,,0.851600,0.765600,1.035,625.8
578,0.763983,,0.851600,0.765600,1.104,626.9
579,0.765900,,0.851600,0.765900,1.043,627.9
580,0.767267,,0.851600,0.767267,1.104,629.0
581,0.765200,,0.851600,0.767267,1.082,630.1
582,0.763333,,0.851600,0.767267,1.106,631.2
583,0.768433,,0.851600,0.768433,1.033,632.3
584,0.769400,,0.851600,0.769400,1.108,633.4
585,0.769683,,0.851600,0.769683,1.036,634.4
586,0.768917,,0.851600,0.769683,1.108,635.5
587,0.769267,,0.851600,0.769683,1.035,636.6
588,0.769417,,0.851600,0.769683,1.103,637.7
589,0.768467,,0.851600,0.769683,1.039,638.7
590,0.768967,,0.851600,0.769683,1.102,639.8
591,0.767967,,0.851600,0.769683,1.037,640.8
592,0.770033,,0.851600,0.770033,1.101,641.9
593,0.769183,,0.851600,0.770033,1.039,643.0
594,0.770000,,0.851600,0.770033,1.102,644.1
595,0.770450,,0.851600,0.770450,1.035,645.1
596,0.772083,,0.851600,0.772083,1.102,646.2
597,0.769767,,0.851600,0.772083,1.035,647.2
598,0.771767,,0.851600,0.772083,1.102,648.3
599,0.769483,,0.851600,0.772083,1.038,649.4
600,0.770450,0.85999995470047,0.860000,0.772083,1.521,650.9
601,0.771950,,0.860000,0.772083,0.649,651.6
602,0.771367,,0.860000,0.772083,1.102,652.7
603,0.772100,,0.860000,0.772100,1.044,653.7
604,0.772367,,0.860000,0.772367,1.106,654.8
605,0.773400,,0.860000,0.773400,1.039,655.8
606,0.773100,,0.860000,0.773400,1.105,657.0
607,0.774333,,0.860000,0.774333,1.038,658.0
608,0.772417,,0.860000,0.774333,1.103,659.1
609,0.772583,,0.860000,0.774333,1.089,660.2
610,0.772550,,0.860000,0.774333,1.105,661.3
611,0.773767,,0.860000,0.774333,1.037,662.3
612,0.774883,,0.860000,0.774883,1.107,663.4
613,0.773483,,0.860000,0.774883,1.039,664.5
614,0.776150,,0.860000,0.776150,1.103,665.6
615,0.777217,,0.860000,0.777217,1.035,666.6
616,0.778450,,0.860000,0.778450,1.101,667.7
617,0.779317,,0.860000,0.779317,1.039,668.7
618,0.777300,,0.860000,0.779317,1.107,669.9
619,0.777850,,0.860000,0.779317,1.038,670.9
620,0.773917,,0.860000,0.779317,1.106,672.0
621,0.776283,,0.860000,0.779317,1.039,673.0
622,0.777617,,0.860000,0.779317,1.107,674.1
623,0.777150,,0.860000,0.779317,1.036,675.2
624,0.778483,,0.860000,0.779317,1.101,676.3
625,0.778850,,0.860000,0.779317,1.038,677.3
626,0.778283,,0.860000,0.779317,1.107,678.4
627,0.780017,,0.860000,0.780017,1.043,679.5
628,0.780000,,0.860000,0.780017,1.101,680.6
629,0.779333,,0.860000,0.780017,1.037,681.6
630,0.780333,,0.860000,0.780333,1.104,682.7
631,0.780283,,0.860000,0.780333,1.035,683.7
632,0.779333,,0.860000,0.780333,1.105,684.9
633,0.783617,,0.860000,0.783617,1.041,685.9
634,0.780217,,0.860000,0.783617,1.103,687.0
635,0.782250,,0.860000,0.783617,1.038,688.0
636,0.783000,,0.860000,0.783617,1.094,689.1
637,0.783167,,0.860000,0.783617,1.110,690.2
638,0.781400,,0.860000,0.783617,1.098,691.3
639,0.782633,,0.860000,0.783617,1.034,692.4
640,0.781300,,0.860000,0.783617,1.087,693.5
641,0.784733,,0.860000,0.784733,1.039,694.5
642,0.783050,,0.860000,0.784733,1.108,695.6
643,0.785383,,0.860000,0.785383,1.040,696.6
644,0.784983,,0.860000,0.785383,1.104,697.7
645,0.785050,,0.860000,0.785383,1.036,698.8
646,0.785383,,0.860000,0.785383,1.107,699.9
647,0.782783,,0.860000,0.785383,1.043,700.9
648,0.786433,,0.860000,0.786433,1.106,702.0
649,0.788017,,0.860000,0.788017,1.042,703.1
650,0.784983,0.8619999885559082,0.862000,0.788017,1.506,704.6
651,0.787083,,0.862000,0.788017,0.644,705.2
652,0.784650,,0.862000,0.788017,1.112,706.3
653,0.786533,,0.862000,0.788017,1.042,707.4
654,0.787817,,0.862000,0.788017,1.103,708.5
655,0.787650,,0.862000,0.788017,1.035,709.5
656,0.788783,,0.862000,0.788783,1.104,710.6
657,0.787383,,0.862000,0.788783,1.037,711.7
658,0.788833,,0.862000,0.788833,1.105,712.8
659,0.787967,,0.862000,0.788833,1.043,713.8
660,0.788050,,0.862000,0.788833,1.103,714.9
661,0.788233,,0.862000,0.788833,1.035,716.0
662,0.789050,,0.862000,0.789050,1.114,717.1
663,0.791083,,0.862000,0.791083,1.044,718.1
664,0.789133,,0.862000,0.791083,1.114,719.2
665,0.790217,,0.862000,0.791083,1.043,720.3
666,0.789617,,0.862000,0.791083,1.102,721.4
667,0.790950,,0.862000,0.791083,1.042,722.4
668,0.789117,,0.862000,0.791083,1.101,723.5
669,0.791550,,0.862000,0.791550,1.043,724.6
670,0.789417,,0.862000,0.791550,1.103,725.7
671,0.791683,,0.862000,0.791683,1.041,726.7
672,0.792200,,0.862000,0.792200,1.101,727.8
673,0.791367,,0.862000,0.792200,1.042,728.8
674,0.788567,,0.862000,0.792200,1.106,729.9
675,0.792367,,0.862000,0.792367,1.044,731.0
676,0.793433,,0.862000,0.793433,1.111,732.1
677,0.792950,,0.862000,0.793433,1.040,733.1
678,0.790950,,0.862000,0.793433,1.105,734.2
679,0.791100,,0.862000,0.793433,1.039,735.3
680,0.791067,,0.862000,0.793433,1.104,736.4
681,0.791550,,0.862000,0.793433,1.036,737.4
682,0.792750,,0.862000,0.793433,1.106,738.5
683,0.795133,,0.862000,0.795133,1.038,739.6
684,0.795683,,0.862000,0.795683,1.105,740.7
685,0.791017,,0.862000,0.795683,1.038,741.7
686,0.795067,,0.862000,0.795683,1.111,742.8
687,0.793000,,0.862000,0.795683,1.035,743.9
688,0.793900,,0.862000,0.795683,1.102,745.0
689,0.796100,,0.862000,0.796100,1.040,746.0
690,0.794100,,0.862000,0.796100,1.117,747.1
691,0.792500,,0.862000,0.796100,1.038,748.2
692,0.796400,,0.862000,0.796400,1.105,749.3
693,0.794417,,0.862000,0.796400,1.043,750.3
694,0.795733,,0.862000,0.796400,1.101,751.4
695,0.794133,,0.862000,0.796400,1.040,752.4
696,0.792733,,0.862000,0.796400,1.101,753.5
697,0.795283,,0.862000,0.796400,1.035,754.6
698,0.792717,,0.862000,0.796400,1.103,755.7
699,0.796317,,0.862000,0.796400,1.037,756.7
700,0.797350,0.8686999678611755,0.868700,0.797350,1.511,758.2
701,0.797167,,0.868700,0.797350,0.643,758.9
702,0.794883,,0.868700,0.797350,1.103,760.0
703,0.795600,,0.868700,0.797350,1.035,761.0
704,0.795550,,0.868700,0.797350,1.083,762.1
705,0.795850,,0.868700,0.797350,1.036,763.1
706,0.794067,,0.868700,0.797350,1.108,764.2
707,0.796533,,0.868700,0.797350,1.038,765.3
708,0.796567,,0.868700,0.797350,1.104,766.4
709,0.795017,,0.868700,0.797350,1.038,767.4
710,0.795467,,0.868700,0.797350,1.104,768.5
711,0.798517,,0.868700,0.798517,1.035,769.6
712,0.797583,,0.868700,0.798517,1.105,770.7
713,0.796850,,0.868700,0.798517,1.034,771.7
714,0.795617,,0.868700,0.798517,1.110,772.8
715,0.797367,,0.868700,0.798517,1.037,773.8
716,0.798617,,0.868700,0.798617,1.102,774.9
717,0.799350,,0.868700,0.799350,1.038,776.0
718,0.798433,,0.868700,0.799350,1.104,777.1
719,0.798150,,0.868700,0.799350,1.029,778.1
720,0.799233,,0.868700,0.799350,1.105,779.2
721,0.799067,,0.868700,0.799350,1.038,780.3
722,0.801550,,0.868700,0.801550,1.102,781.4
723,0.798233,,0.868700,0.801550,1.038,782.4
724,0.800233,,0.868700,0.801550,1.103,783.5
725,0.799850,,0.868700,0.801550,1.041,784.5
726,0.800117,,0.868700,0.801550,1.107,785.7
727,0.799767,,0.868700,0.801550,1.044,786.7
728,0.800617,,0.868700,0.801550,1.106,787.8
729,0.799017,,0.868700,0.801550,1.030,788.8
730,0.800633,,0.868700,0.801550,1.106,789.9
731,0.800133,,0.868700,0.801550,1.036,791.0
732,0.799233,,0.868700,0.801550,1.098,792.1
733,0.799783,,0.868700,0.801550,1.036,793.1
734,0.801517,,0.868700,0.801550,1.105,794.2
735,0.798267,,0.868700,0.801550,1.034,795.2
736,0.801517,,0.868700,0.801550,1.106,796.4
737,0.802450,,0.868700,0.802450,1.036,797.4
738,0.802867,,0.868700,0.802867,1.108,798.5
739,0.800733,,0.868700,0.802867,1.036,799.5
740,0.800650,,0.868700,0.802867,1.106,800.6
741,0.801783,,0.868700,0.802867,1.035,801.7
742,0.801483,,0.868700,0.802867,1.106,802.8
743,0.802283,,0.868700,0.802867,1.036,803.8
744,0.802167,,0.868700,0.802867,1.094,804.9
745,0.804467,,0.868700,0.804467,1.042,806.0
746,0.802833,,0.868700,0.804467,1.105,807.1
747,0.801400,,0.868700,0.804467,1.036,808.1
748,0.801783,,0.868700,0.804467,1.107,809.2
749,0.802967,,0.868700,0.804467,1.041,810.2
750,0.803733,0.8734999895095825,0.873500,0.804467,1.516,811.8
751,0.803017,,0.873500,0.804467,0.646,812.4
752,0.804850,,0.873500,0.804850,1.103,813.5
753,0.803633,,0.873500,0.804850,1.035,814.5
754,0.803767,,0.873500,0.804850,1.104,815.6
755,0.803483,,0.873500,0.804850,1.039,816.7
756,0.804533,,0.873500,0.804850,1.105,817.8
757,0.803900,,0.873500,0.804850,1.035,818.8
758,0.804367,,0.873500,0.804850,1.108,819.9
759,0.803850,,0.873500,0.804850,1.033,821.0
760,0.805983,,0.873500,0.805983,1.106,822.1
761,0.806600,,0.873500,0.806600,1.039,823.1
762,0.805933,,0.873500,0.806600,1.099,824.2
763,0.803600,,0.873500,0.806600,1.037,825.2
764,0.805817,,0.873500,0.806600,1.104,826.3
765,0.805833,,0.873500,0.806600,1.038,827.4
766,0.805950,,0.873500,0.806600,1.106,828.5
767,0.805933,,0.873500,0.806600,1.035,829.5
768,0.807817,,0.873500,0.807817,1.105,830.6
769,0.806183,,0.873500,0.807817,1.036,831.7
770,0.808083,,0.873500,0.808083,1.102,832.8
771,0.807850,,0.873500,0.808083,1.040,833.8
772,0.807517,,0.873500,0.808083,1.100,834.9
773,0.807133,,0.873500,0.808083,1.040,836.0
774,0.809633,,0.873500,0.809633,1.103,837.1
775,0.806833,,0.873500,0.809633,1.038,838.1
776,0.807967,,0.873500,0.809633,1.103,839.2
777,0.807767,,0.873500,0.809633,1.039,840.2
778,0.808217,,0.873500,0.809633,1.101,841.3
779,0.809333,,0.873500,0.809633,1.037,842.4
780,0.810050,,0.873500,0.810050,1.099,843.5
781,0.810233,,0.873500,0.810233,1.033,844.5
782,0.811817,,0.873500,0.811817,1.113,845.6
783,0.810083,,0.873500,0.811817,1.035,846.7
784,0.808400,,0.873500,0.811817,1.109,847.8
785,0.811650,,0.873500,0.811817,1.038,848.8
786,0.809083,,0.873500,0.811817,1.108,849.9
787,0.809367,,0.873500,0.811817,1.037,850.9
788,0.809000,,0.873500,0.811817,1.104,852.0
789,0.810300,,0.873500,0.811817,1.034,853.1
790,0.812333,,0.873500,0.812333,1.104,854.2
791,0.810700,,0.873500,0.812333,1.040,855.2
792,0.809433,,0.873500,0.812333,1.104,856.3
793,0.809217,,0.873500,0.812333,1.037,857.4
794,0.813317,,0.873500,0.813317,1.116,858.5
795,0.808867,,0.873500,0.813317,1.038,859.5
796,0.811567,,0.873500,0.813317,1.108,860.6
797,0.810800,,0.873500,0.813317,1.038,861.7
798,0.811183,,0.873500,0.813317,1.126,862.8
799,0.810983,,0.873500,0.813317,1.041,863.8
800,0.811417,0.8759999871253967,0.876000,0.813317,1.523,865.4
801,0.811467,,0.876000,0.813317,0.652,866.0
802,0.811900,,0.876000,0.813317,1.108,867.1
803,0.810450,,0.876000,0.813317,1.038,868.2
804,0.811817,,0.876000,0.813317,1.105,869.3
805,0.813450,,0.876000,0.813450,1.086,870.3
806,0.810617,,0.876000,0.813450,1.104,871.5
807,0.812750,,0.876000,0.813450,1.039,872.5
808,0.812700,,0.876000,0.813450,1.098,873.6
809,0.812433,,0.876000,0.813450,1.041,874.6
810,0.812367,,0.876000,0.813450,1.105,875.7
811,0.812433,,0.876000,0.813450,1.038,876.8
812,0.813950,,0.876000,0.813950,1.094,877.9
813,0.813000,,0.876000,0.813950,1.038,878.9
814,0.814583,,0.876000,0.814583,1.100,880.0
815,0.814883,,0.876000,0.814883,1.033,881.0
816,0.815100,,0.876000,0.815100,1.105,882.1
817,0.812767,,0.876000,0.815100,1.039,883.2
818,0.811467,,0.876000,0.815100,1.106,884.3
819,0.813350,,0.876000,0.815100,1.038,885.3
820,0.812550,,0.876000,0.815100,1.099,886.4
821,0.813300,,0.876000,0.815100,1.035,887.5
822,0.814067,,0.876000,0.815100,1.101,888.6
823,0.813433,,0.876000,0.815100,1.037,889.6
824,0.813933,,0.876000,0.815100,1.104,890.7
825,0.815500,,0.876000,0.815500,1.037,891.7
826,0.813317,,0.876000,0.815500,1.109,892.8
827,0.813667,,0.876000,0.815500,1.033,893.9
828,0.813383,,0.876000,0.815500,1.105,895.0
829,0.815667,,0.876000,0.815667,1.036,896.0
830,0.813583,,0.876000,0.815667,1.109,897.1
831,0.814633,,0.876000,0.815667,1.037,898.2
832,0.816250,,0.876000,0.816250,1.108,899.3
833,0.817200,,0.876000,0.817200,1.082,900.4
834,0.814483,,0.876000,0.817200,1.102,901.5
835,0.815433,,0.876000,0.817200,1.037,902.5
836,0.814717,,0.876000,0.817200,1.101,903.6
837,0.815050,,0.876000,0.817200,1.039,904.6
838,0.814783,,0.876000,0.817200,1.094,905.7
839,0.815100,,0.876000,0.817200,1.034,906.8
840,0.817100,,0.876000,0.817200,1.103,907.9
841,0.814033,,0.876000,0.817200,1.042,908.9
842,0.818983,,0.876000,0.818983,1.103,910.0
843,0.816100,,0.876000,0.818983,1.038,911.0
844,0.814933,,0.876000,0.818983,1.110,912.2
845,0.815050,,0.876000,0.818983,1.037,913.2
846,0.817433,,0.876000,0.818983,1.104,914.3
847,0.815900,,0.876000,0.818983,1.038,915.3
848,0.816383,,0.876000,0.818983,1.100,916.4
849,0.816550,,0.876000,0.818983,1.040,917.5
850,0.817050,0.8804999589920044,0.880500,0.818983,1.506,919.0
851,0.815767,,0.880500,0.818983,0.649,919.6
852,0.816217,,0.880500,0.818983,1.103,920.7
853,0.818033,,0.880500,0.818983,1.038,921.8
854,0.818250,,0.880500,0.818983,1.107,922.9
855,0.818700,,0.880500,0.818983,1.036,923.9
856,0.817117,,0.880500,0.818983,1.103,925.0
857,0.817317,,0.880500,0.818983,1.040,926.1
858,0.816883,,0.880500,0.818983,1.105,927.2
859,0.815533,,0.880500,0.818983,1.038,928.2
860,0.819783,,0.880500,0.819783,1.108,929.3
861,0.815800,,0.880500,0.819783,1.086,930.4
862,0.817517,,0.880500,0.819783,1.105,931.5
863,0.817467,,0.880500,0.819783,1.038,932.5
864,0.818567,,0.880500,0.819783,1.105,933.6
865,0.818333,,0.880500,0.819783,1.041,934.7
866,0.817700,,0.880500,0.819783,1.112,935.8
867,0.818833,,0.880500,0.819783,1.038,936.8
868,0.817883,,0.880500,0.819783,1.102,937.9
869,0.816967,,0.880500,0.819783,1.033,939.0
870,0.821183,,0.880500,0.821183,1.100,940.1
871,0.818467,,0.880500,0.821183,1.032,941.1
872,0.819300,,0.880500,0.821183,1.105,942.2
873,0.819383,,0.880500,0.821183,1.039,943.2
874,0.817917,,0.880500,0.821183,1.107,944.4
875,0.816750,,0.880500,0.821183,1.036,945.4
876,0.818300,,0.880500,0.821183,1.104,946.5
877,0.817217,,0.880500,0.821183,1.033,947.5
878,0.819833,,0.880500,0.821183,1.103,948.6
879,0.818700,,0.880500,0.821183,1.039,949.7
880,0.818000,,0.880500,0.821183,1.105,950.8
881,0.818583,,0.880500,0.821183,1.034,951.8
882,0.818717,,0.880500,0.821183,1.105,952.9
883,0.818617,,0.880500,0.821183,1.038,954.0
884,0.821083,,0.880500,0.821183,1.099,955.1
885,0.821000,,0.880500,0.821183,1.042,956.1
886,0.818867,,0.880500,0.821183,1.103,957.2
887,0.819717,,0.880500,0.821183,1.036,958.2
888,0.819733,,0.880500,0.821183,1.104,959.3
889,0.819567,,0.880500,0.821183,1.089,960.4
890,0.821567,,0.880500,0.821567,1.109,961.5
891,0.821150,,0.880500,0.821567,1.039,962.6
892,0.821550,,0.880500,0.821567,1.116,963.7
893,0.821200,,0.880500,0.821567,1.033,964.7
894,0.820633,,0.880500,0.821567,1.107,965.8
895,0.820117,,0.880500,0.821567,1.035,966.9
896,0.820600,,0.880500,0.821567,1.102,968.0
897,0.820700,,0.880500,0.821567,1.036,969.0
898,0.821050,,0.880500,0.821567,1.105,970.1
899,0.821383,,0.880500,0.821567,1.033,971.1
900,0.823717,0.8844999670982361,0.884500,0.823717,1.516,972.7
901,0.822200,,0.884500,0.823717,0.646,973.3
902,0.823467,,0.884500,0.823717,1.109,974.4
903,0.820183,,0.884500,0.823717,1.038,975.4
904,0.823567,,0.884500,0.823717,1.113,976.6
905,0.820200,,0.884500,0.823717,1.039,977.6
906,0.822283,,0.884500,0.823717,1.103,978.7
907,0.822767,,0.884500,0.823717,1.039,979.7
908,0.822667,,0.884500,0.823717,1.108,980.8
909,0.822550,,0.884500,0.823717,1.034,981.9
910,0.823517,,0.884500,0.823717,1.099,983.0
911,0.822217,,0.884500,0.823717,1.040,984.0
912,0.823000,,0.884500,0.823717,1.106,985.1
913,0.823500,,0.884500,0.823717,1.037,986.2
914,0.824400,,0.884500,0.824400,1.100,987.3
915,0.821850,,0.884500,0.824400,1.039,988.3
916,0.823533,,0.884500,0.824400,1.098,989.4
917,0.822417,,0.884500,0.824400,1.036,990.4
918,0.825633,,0.884500,0.825633,1.164,991.6
919,0.822933,,0.884500,0.825633,1.037,992.6
920,0.822933,,0.884500,0.825633,1.109,993.7
921,0.824483,,0.884500,0.825633,1.046,994.8
922,0.823417,,0.884500,0.825633,1.113,995.9
923,0.824833,,0.884500,0.825633,1.048,997.0
924,0.826567,,0.884500,0.826567,1.114,998.1
925,0.825767,,0.884500,0.826567,1.048,999.1
926,0.825450,,0.884500,0.826567,1.101,1000.2
927,0.825817,,0.884500,0.826567,1.036,1001.3
928,0.824767,,0.884500,0.826567,1.083,1002.3
929,0.824833,,0.884500,0.826567,1.035,1003.4
930,0.826783,,0.884500,0.826783,1.095,1004.5
931,0.824633,,0.884500,0.826783,1.039,1005.5
932,0.827183,,0.884500,0.827183,1.090,1006.6
933,0.825083,,0.884500,0.827183,1.038,1007.6
934,0.824617,,0.884500,0.827183,1.106,1008.7
935,0.827033,,0.884500,0.827183,1.040,1009.8
936,0.825750,,0.884500,0.827183,1.103,1010.9
937,0.827067,,0.884500,0.827183,1.038,1011.9
938,0.825467,,0.884500,0.827183,1.108,1013.0
939,0.826617,,0.884500,0.827183,1.038,1014.1
940,0.827367,,0.884500,0.827367,1.102,1015.2
941,0.827483,,0.884500,0.827483,1.036,1016.2
942,0.826900,,0.884500,0.827483,1.108,1017.3
943,0.824850,,0.884500,0.827483,1.038,1018.4
944,0.825467,,0.884500,0.827483,1.108,1019.5
945,0.826033,,0.884500,0.827483,1.041,1020.5
946,0.824633,,0.884500,0.827483,1.158,1021.7
947,0.826933,,0.884500,0.827483,1.037,1022.7
948,0.825667,,0.884500,0.827483,1.103,1023.8
949,0.827017,,0.884500,0.827483,1.035,1024.8
950,0.827033,0.8854999542236328,0.885500,0.827483,1.516,1026.4
951,0.826117,,0.885500,0.827483,0.651,1027.0
952,0.825733,,0.885500,0.827483,1.111,1028.1
953,0.826950,,0.885500,0.827483,1.036,1029.1
954,0.827167,,0.885500,0.827483,1.100,1030.2
955,0.826717,,0.885500,0.827483,1.027,1031.3
956,0.826250,,0.885500,0.827483,1.104,1032.4
957,0.826767,,0.885500,0.827483,1.038,1033.4
958,0.826117,,0.885500,0.827483,1.105,1034.5
959,0.827383,,0.885500,0.827483,1.035,1035.6
960,0.826883,,0.885500,0.827483,1.105,1036.7
961,0.827933,,0.885500,0.827933,1.035,1037.7
962,0.828017,,0.885500,0.828017,1.106,1038.8
963,0.825617,,0.885500,0.828017,1.043,1039.8
964,0.826267,,0.885500,0.828017,1.107,1041.0
965,0.827900,,0.885500,0.828017,1.039,1042.0
966,0.827083,,0.885500,0.828017,1.106,1043.1
967,0.826700,,0.885500,0.828017,1.039,1044.1
968,0.827983,,0.885500,0.828017,1.089,1045.2
969,0.827317,,0.885500,0.828017,1.042,1046.3
970,0.828483,,0.885500,0.828483,1.109,1047.4
971,0.827133,,0.885500,0.828483,1.041,1048.4
972,0.826067,,0.885500,0.828483,1.105,1049.5
973,0.830300,,0.885500,0.830300,1.038,1050.6
974,0.829900,,0.885500,0.830300,1.182,1051.7
975,0.827333,,0.885500,0.830300,1.041,1052.8
976,0.828917,,0.885500,0.830300,1.104,1053.9
977,0.827083,,0.885500,0.830300,1.035,1054.9
978,0.827967,,0.885500,0.830300,1.106,1056.0
979,0.829433,,0.885500,0.830300,1.036,1057.1
980,0.829767,,0.885500,0.830300,1.105,1058.2
981,0.828050,,0.885500,0.830300,1.033,1059.2
982,0.830233,,0.885500,0.830300,1.099,1060.3
983,0.827750,,0.885500,0.830300,1.036,1061.3
984,0.826967,,0.885500,0.830300,1.113,1062.5
985,0.829217,,0.885500,0.830300,1.036,1063.5
986,0.830033,,0.885500,0.830300,1.104,1064.6
987,0.828367,,0.885500,0.830300,1.039,1065.6
988,0.831417,,0.885500,0.831417,1.102,1066.7
989,0.826817,,0.885500,0.831417,1.037,1067.8
990,0.830117,,0.885500,0.831417,1.100,1068.9
991,0.831017,,0.885500,0.831417,1.038,1069.9
992,0.833083,,0.885500,0.833083,1.108,1071.0
993,0.829883,,0.885500,0.833083,1.041,1072.1
994,0.829733,,0.885500,0.833083,1.105,1073.2
995,0.830133,,0.885500,0.833083,1.043,1074.2
996,0.831200,,0.885500,0.833083,1.109,1075.3
997,0.829350,,0.885500,0.833083,1.033,1076.3
998,0.831483,,0.885500,0.833083,1.095,1077.4
999,0.830533,,0.885500,0.833083,1.037,1078.5
1000,0.831000,0.8870999813079834,0.887100,0.833083,1.516,1080.0
1001,0.829533,,0.887100,0.833083,0.651,1080.6
1002,0.831483,,0.887100,0.833083,1.113,1081.8
1003,0.830600,,0.887100,0.833083,1.035,1082.8
1004,0.830817,,0.887100,0.833083,1.104,1083.9
1005,0.829900,,0.887100,0.833083,1.037,1084.9
1006,0.832783,,0.887100,0.833083,1.106,1086.0
1007,0.830883,,0.887100,0.833083,1.036,1087.1
1008,0.831083,,0.887100,0.833083,1.103,1088.2
1009,0.830250,,0.887100,0.833083,1.041,1089.2
1010,0.831100,,0.887100,0.833083,1.104,1090.3
1011,0.830617,,0.887100,0.833083,1.034,1091.4
1012,0.831050,,0.887100,0.833083,1.091,1092.5
1013,0.832400,,0.887100,0.833083,1.033,1093.5
1014,0.831533,,0.887100,0.833083,1.105,1094.6
1015,0.833533,,0.887100,0.833533,1.038,1095.6
1016,0.833600,,0.887100,0.833600,1.110,1096.7
1017,0.830983,,0.887100,0.833600,1.037,1097.8
1018,0.833467,,0.887100,0.833600,1.104,1098.9
1019,0.832167,,0.887100,0.833600,1.033,1099.9
1020,0.832833,,0.887100,0.833600,1.109,1101.0
1021,0.830600,,0.887100,0.833600,1.035,1102.1
1022,0.832517,,0.887100,0.833600,1.103,1103.2
1023,0.833683,,0.887100,0.833683,1.034,1104.2
1024,0.831917,,0.887100,0.833683,1.105,1105.3
1025,0.832733,,0.887100,0.833683,1.039,1106.3
1026,0.830767,,0.887100,0.833683,1.110,1107.4
1027,0.833283,,0.887100,0.833683,1.042,1108.5
1028,0.834267,,0.887100,0.834267,1.102,1109.6
1029,0.833400,,0.887100,0.834267,1.043,1110.6
1030,0.833317,,0.887100,0.834267,1.106,1111.7
1031,0.835067,,0.887100,0.835067,1.041,1112.8
1032,0.835450,,0.887100,0.835450,1.105,1113.9
1033,0.833550,,0.887100,0.835450,1.040,1114.9
1034,0.833167,,0.887100,0.835450,1.109,1116.0
1035,0.832817,,0.887100,0.835450,1.043,1117.1
1036,0.833200,,0.887100,0.835450,1.101,1118.2
1037,0.832117,,0.887100,0.835450,1.038,1119.2
1038,0.834100,,0.887100,0.835450,1.104,1120.3
1039,0.834183,,0.887100,0.835450,1.040,1121.4
1040,0.833517,,0.887100,0.835450,1.106,1122.5
1041,0.833450,,0.887100,0.835450,1.042,1123.5
1042,0.833850,,0.887100,0.835450,1.104,1124.6
1043,0.833167,,0.887100,0.835450,1.037,1125.7
1044,0.833500,,0.887100,0.835450,1.102,1126.8
1045,0.833717,,0.887100,0.835450,1.041,1127.8
1046,0.832383,,0.887100,0.835450,1.104,1128.9
1047,0.833750,,0.887100,0.835450,1.037,1129.9
1048,0.832783,,0.887100,0.835450,1.097,1131.0
1049,0.833233,,0.887100,0.835450,1.043,1132.1
1050,0.834500,0.8859999775886536,0.887100,0.835450,1.516,1133.6
1051,0.834450,,0.887100,0.835450,0.645,1134.2
1052,0.832750,,0.887100,0.835450,1.104,1135.3
1053,0.832817,,0.887100,0.835450,1.045,1136.4
1054,0.830817,,0.887100,0.835450,1.109,1137.5
1055,0.833033,,0.887100,0.835450,1.045,1138.5
1056,0.833883,,0.887100,0.835450,1.116,1139.7
1057,0.833350,,0.887100,0.835450,1.037,1140.7
1058,0.832917,,0.887100,0.835450,1.100,1141.8
1059,0.833450,,0.887100,0.835450,1.040,1142.8
1060,0.835450,,0.887100,0.835450,1.099,1143.9
1061,0.835200,,0.887100,0.835450,1.036,1145.0
1062,0.832517,,0.887100,0.835450,1.101,1146.1
1063,0.833033,,0.887100,0.835450,1.036,1147.1
1064,0.833733,,0.887100,0.835450,1.111,1148.2
1065,0.834733,,0.887100,0.835450,1.039,1149.3
1066,0.833283,,0.887100,0.835450,1.105,1150.4
1067,0.834433,,0.887100,0.835450,1.040,1151.4
1068,0.834100,,0.887100,0.835450,1.101,1152.5
1069,0.834217,,0.887100,0.835450,1.035,1153.5
1070,0.834500,,0.887100,0.835450,1.100,1154.6
1071,0.835317,,0.887100,0.835450,1.031,1155.7
1072,0.835200,,0.887100,0.835450,1.112,1156.8
1073,0.833550,,0.887100,0.835450,1.033,1157.8
1074,0.833967,,0.887100,0.835450,1.101,1158.9
1075,0.836550,,0.887100,0.836550,1.035,1159.9
1076,0.835150,,0.887100,0.836550,1.115,1161.1
1077,0.834083,,0.887100,0.836550,1.044,1162.1
1078,0.835300,,0.887100,0.836550,1.105,1163.2
1079,0.835233,,0.887100,0.836550,1.040,1164.3
1080,0.835100,,0.887100,0.836550,1.103,1165.4
1081,0.832933,,0.887100,0.836550,1.037,1166.4
1082,0.834967,,0.887100,0.836550,1.105,1167.5
1083,0.834083,,0.887100,0.836550,1.040,1168.5
1084,0.835900,,0.887100,0.836550,1.107,1169.6
1085,0.835683,,0.887100,0.836550,1.039,1170.7
1086,0.833800,,0.887100,0.836550,1.110,1171.8
1087,0.837117,,0.887100,0.837117,1.035,1172.8
1088,0.835417,,0.887100,0.837117,1.107,1173.9
1089,0.832600,,0.887100,0.837117,1.040,1175.0
1090,0.835067,,0.887100,0.837117,1.105,1176.1
1091,0.836400,,0.887100,0.837117,1.038,1177.1
1092,0.835500,,0.887100,0.837117,1.108,1178.2
1093,0.835950,,0.887100,0.837117,1.043,1179.3
1094,0.835800,,0.887100,0.837117,1.109,1180.4
1095,0.837200,,0.887100,0.837200,1.038,1181.4
1096,0.834467,,0.887100,0.837200,1.105,1182.5
1097,0.835967,,0.887100,0.837200,1.036,1183.6
1098,0.834350,,0.887100,0.837200,1.100,1184.7
1099,0.836317,,0.887100,0.837200,1.033,1185.7
1100,0.834450,0.8885999917984009,0.888600,0.837200,1.507,1187.2
1101,0.837250,,0.888600,0.837250,0.650,1187.8
1102,0.836117,,0.888600,0.837250,1.107,1189.0
1103,0.836133,,0.888600,0.837250,1.038,1190.0
1104,0.834017,,0.888600,0.837250,1.106,1191.1
1105,0.836383,,0.888600,0.837250,1.039,1192.1
1106,0.836100,,0.888600,0.837250,1.106,1193.2
1107,0.838700,,0.888600,0.838700,1.041,1194.3
1108,0.836633,,0.888600,0.838700,1.106,1195.4
1109,0.836250,,0.888600,0.838700,1.042,1196.4
1110,0.839150,,0.888600,0.839150,1.099,1197.5
1111,0.838267,,0.888600,0.839150,1.038,1198.6
1112,0.835350,,0.888600,0.839150,1.091,1199.7
1113,0.837517,,0.888600,0.839150,1.036,1200.7
1114,0.835767,,0.888600,0.839150,1.130,1201.8
1115,0.838350,,0.888600,0.839150,1.038,1202.9
1116,0.836767,,0.888600,0.839150,1.103,1204.0
1117,0.837833,,0.888600,0.839150,1.041,1205.0
1118,0.837633,,0.888600,0.839150,1.106,1206.1
1119,0.837650,,0.888600,0.839150,1.041,1207.2
1120,0.836367,,0.888600,0.839150,1.101,1208.3
1121,0.837767,,0.888600,0.839150,1.038,1209.3
1122,0.837000,,0.888600,0.839150,1.102,1210.4
1123,0.838867,,0.888600,0.839150,1.035,1211.4
1124,0.836967,,0.888600,0.839150,1.106,1212.5
1125,0.838150,,0.888600,0.839150,1.036,1213.6
1126,0.838050,,0.888600,0.839150,1.106,1214.7
1127,0.840133,,0.888600,0.840133,1.032,1215.7
1128,0.840083,,0.888600,0.840133,1.106,1216.8
1129,0.841183,,0.888600,0.841183,1.036,1217.9
1130,0.839517,,0.888600,0.841183,1.108,1219.0
1131,0.839733,,0.888600,0.841183,1.036,1220.0
1132,0.840150,,0.888600,0.841183,1.105,1221.1
1133,0.841000,,0.888600,0.841183,1.034,1222.1
1134,0.838583,,0.888600,0.841183,1.108,1223.2
1135,0.838750,,0.888600,0.841183,1.037,1224.3
1136,0.841267,,0.888600,0.841267,1.108,1225.4
1137,0.839450,,0.888600,0.841267,1.038,1226.4
1138,0.840567,,0.888600,0.841267,1.103,1227.5
1139,0.841067,,0.888600,0.841267,1.039,1228.6
1140,0.841617,,0.888600,0.841617,1.105,1229.7
1141,0.840883,,0.888600,0.841617,1.039,1230.7
1142,0.839783,,0.888600,0.841617,1.152,1231.9
1143,0.841400,,0.888600,0.841617,1.036,1232.9
1144,0.837783,,0.888600,0.841617,1.097,1234.0
1145,0.840617,,0.888600,0.841617,1.033,1235.0
1146,0.840817,,0.888600,0.841617,1.093,1236.1
1147,0.838883,,0.888600,0.841617,1.036,1237.2
1148,0.841250,,0.888600,0.841617,1.098,1238.3
1149,0.841450,,0.888600,0.841617,1.039,1239.3
1150,0.839883,0.8908999562263489,0.890900,0.841617,1.508,1240.8
1151,0.839217,,0.890900,0.841617,0.647,1241.5
1152,0.840550,,0.890900,0.841617,1.104,1242.6
1153,0.841300,,0.890900,0.841617,1.033,1243.6
1154,0.841783,,0.890900,0.841783,1.087,1244.7
1155,0.839250,,0.890900,0.841783,1.038,1245.7
1156,0.841100,,0.890900,0.841783,1.107,1246.8
1157,0.841500,,0.890900,0.841783,1.037,1247.9
1158,0.842500,,0.890900,0.842500,1.105,1249.0
1159,0.840717,,0.890900,0.842500,1.031,1250.0
1160,0.842750,,0.890900,0.842750,1.107,1251.1
1161,0.842283,,0.890900,0.842750,1.035,1252.1
1162,0.840800,,0.890900,0.842750,1.108,1253.2
1163,0.839917,,0.890900,0.842750,1.037,1254.3
1164,0.840000,,0.890900,0.842750,1.108,1255.4
1165,0.841783,,0.890900,0.842750,1.035,1256.4
1166,0.841750,,0.890900,0.842750,1.105,1257.5
1167,0.842033,,0.890900,0.842750,1.037,1258.6
1168,0.840583,,0.890900,0.842750,1.100,1259.7
1169,0.841833,,0.890900,0.842750,1.032,1260.7
1170,0.842167,,0.890900,0.842750,1.165,1261.9
1171,0.841750,,0.890900,0.842750,1.037,1262.9
1172,0.843400,,0.890900,0.843400,1.099,1264.0
1173,0.841117,,0.890900,0.843400,1.038,1265.0
1174,0.840950,,0.890900,0.843400,1.090,1266.1
1175,0.842533,,0.890900,0.843400,1.036,1267.2
1176,0.841017,,0.890900,0.843400,1.104,1268.3
1177,0.842050,,0.890900,0.843400,1.034,1269.3
1178,0.842800,,0.890900,0.843400,1.103,1270.4
1179,0.843067,,0.890900,0.843400,1.040,1271.4
1180,0.841117,,0.890900,0.843400,1.106,1272.5
1181,0.844183,,0.890900,0.844183,1.034,1273.6
1182,0.843317,,0.890900,0.844183,1.109,1274.7
1183,0.841183,,0.890900,0.844183,1.038,1275.7
1184,0.842533,,0.890900,0.844183,1.098,1276.8
1185,0.843067,,0.890900,0.844183,1.037,1277.9
1186,0.843767,,0.890900,0.844183,1.101,1279.0
1187,0.843333,,0.890900,0.844183,1.035,1280.0
1188,0.842150,,0.890900,0.844183,1.110,1281.1
1189,0.844350,,0.890900,0.844350,1.038,1282.1
1190,0.843950,,0.890900,0.844350,1.107,1283.3
1191,0.843817,,0.890900,0.844350,1.042,1284.3
1192,0.843817,,0.890900,0.844350,1.107,1285.4
1193,0.841917,,0.890900,0.844350,1.038,1286.4
1194,0.843050,,0.890900,0.844350,1.110,1287.6
1195,0.842367,,0.890900,0.844350,1.039,1288.6
1196,0.841967,,0.890900,0.844350,1.115,1289.7
1197,0.844567,,0.890900,0.844567,1.039,1290.7
1198,0.842600,,0.890900,0.844567,1.155,1291.9
1199,0.842983,,0.890900,0.844567,1.044,1292.9
1200,0.843850,0.8930000066757202,0.893000,0.844567,1.511,1294.5
1201,0.840567,,0.893000,0.844567,0.648,1295.1
1202,0.842250,,0.893000,0.844567,1.102,1296.2
1203,0.843400,,0.893000,0.844567,1.039,1297.2
1204,0.843033,,0.893000,0.844567,1.115,1298.4
1205,0.842583,,0.893000,0.844567,1.038,1299.4
1206,0.842217,,0.893000,0.844567,1.102,1300.5
1207,0.842117,,0.893000,0.844567,1.043,1301.5
1208,0.843117,,0.893000,0.844567,1.099,1302.6
1209,0.843233,,0.893000,0.844567,1.039,1303.7
1210,0.842500,,0.893000,0.844567,1.108,1304.8
1211,0.844017,,0.893000,0.844567,1.042,1305.8
1212,0.843033,,0.893000,0.844567,1.109,1306.9
1213,0.842900,,0.893000,0.844567,1.040,1308.0
1214,0.843417,,0.893000,0.844567,1.110,1309.1
1215,0.842900,,0.893000,0.844567,1.037,1310.1
1216,0.842800,,0.893000,0.844567,1.111,1311.2
1217,0.843933,,0.893000,0.844567,1.042,1312.3
1218,0.845200,,0.893000,0.845200,1.104,1313.4
1219,0.842517,,0.893000,0.845200,1.044,1314.4
1220,0.843650,,0.893000,0.845200,1.104,1315.5
1221,0.842583,,0.893000,0.845200,1.039,1316.6
1222,0.842117,,0.893000,0.845200,1.092,1317.7
1223,0.844350,,0.893000,0.845200,1.038,1318.7
1224,0.841867,,0.893000,0.845200,1.108,1319.8
1225,0.843917,,0.893000,0.845200,1.042,1320.9
1226,0.843250,,0.893000,0.845200,1.106,1322.0
1227,0.844133,,0.893000,0.845200,1.088,1323.0
1228,0.844900,,0.893000,0.845200,1.105,1324.1
1229,0.845850,,0.893000,0.845850,1.037,1325.2
1230,0.844317,,0.893000,0.845850,1.101,1326.3
1231,0.844767,,0.893000,0.845850,1.039,1327.3
1232,0.843750,,0.893000,0.845850,1.101,1328.4
1233,0.845967,,0.893000,0.845967,1.040,1329.5
1234,0.845467,,0.893000,0.845967,1.099,1330.6
1235,0.845117,,0.893000,0.845967,1.040,1331.6
1236,0.845100,,0.893000,0.845967,1.103,1332.7
1237,0.845867,,0.893000,0.845967,1.036,1333.7
1238,0.845083,,0.893000,0.845967,1.109,1334.9
1239,0.845833,,0.893000,0.845967,1.043,1335.9
1240,0.845200,,0.893000,0.845967,1.102,1337.0
1241,0.843067,,0.893000,0.845967,1.035,1338.0
1242,0.846517,,0.893000,0.846517,1.107,1339.1
1243,0.845033,,0.893000,0.846517,1.037,1340.2
1244,0.846833,,0.893000,0.846833,1.108,1341.3
1245,0.844600,,0.893000,0.846833,1.039,1342.3
1246,0.844733,,0.893000,0.846833,1.104,1343.4
1247,0.846100,,0.893000,0.846833,1.040,1344.5
1248,0.844617,,0.893000,0.846833,1.106,1345.6
1249,0.843967,,0.893000,0.846833,1.035,1346.6
1250,0.846250,0.8921999931335449,0.893000,0.846833,1.504,1348.1
1251,0.845867,,0.893000,0.846833,0.651,1348.8
1252,0.845817,,0.893000,0.846833,1.104,1349.9
1253,0.844783,,0.893000,0.846833,1.038,1350.9
1254,0.844433,,0.893000,0.846833,1.110,1352.0
1255,0.845083,,0.893000,0.846833,1.086,1353.1
1256,0.844450,,0.893000,0.846833,1.106,1354.2
1257,0.845783,,0.893000,0.846833,1.038,1355.2
1258,0.845800,,0.893000,0.846833,1.112,1356.4
1259,0.843783,,0.893000,0.846833,1.039,1357.4
1260,0.847150,,0.893000,0.847150,1.106,1358.5
1261,0.846483,,0.893000,0.847150,1.038,1359.5
1262,0.845250,,0.893000,0.847150,1.104,1360.6
1263,0.845683,,0.893000,0.847150,1.037,1361.7
1264,0.845000,,0.893000,0.847150,1.105,1362.8
1265,0.845783,,0.893000,0.847150,1.036,1363.8
1266,0.845133,,0.893000,0.847150,1.101,1364.9
1267,0.845700,,0.893000,0.847150,1.039,1366.0
1268,0.845950,,0.893000,0.847150,1.101,1367.1
1269,0.843983,,0.893000,0.847150,1.035,1368.1
1270,0.845267,,0.893000,0.847150,1.100,1369.2
1271,0.845667,,0.893000,0.847150,1.036,1370.2
1272,0.846050,,0.893000,0.847150,1.104,1371.3
1273,0.844000,,0.893000,0.847150,1.041,1372.4
1274,0.844667,,0.893000,0.847150,1.105,1373.5
1275,0.846583,,0.893000,0.847150,1.036,1374.5
1276,0.846317,,0.893000,0.847150,1.104,1375.6
1277,0.844783,,0.893000,0.847150,1.037,1376.7
1278,0.845867,,0.893000,0.847150,1.107,1377.8
1279,0.845567,,0.893000,0.847150,1.036,1378.8
1280,0.846817,,0.893000,0.847150,1.099,1379.9
1281,0.846967,,0.893000,0.847150,1.031,1380.9
1282,0.845933,,0.893000,0.847150,1.110,1382.0
1283,0.846450,,0.893000,0.847150,1.073,1383.1
1284,0.845417,,0.893000,0.847150,1.103,1384.2
1285,0.846617,,0.893000,0.847150,1.033,1385.3
1286,0.845517,,0.893000,0.847150,1.107,1386.4
1287,0.845900,,0.893000,0.847150,1.038,1387.4
1288,0.846333,,0.893000,0.847150,1.104,1388.5
1289,0.846400,,0.893000,0.847150,1.037,1389.5
1290,0.843967,,0.893000,0.847150,1.101,1390.6
1291,0.844167,,0.893000,0.847150,1.033,1391.7
1292,0.846483,,0.893000,0.847150,1.106,1392.8
1293,0.846533,,0.893000,0.847150,1.034,1393.8
1294,0.845800,,0.893000,0.847150,1.112,1394.9
1295,0.844650,,0.893000,0.847150,1.036,1396.0
1296,0.846217,,0.893000,0.847150,1.099,1397.1
1297,0.845867,,0.893000,0.847150,1.036,1398.1
1298,0.847567,,0.893000,0.847567,1.106,1399.2
1299,0.846817,,0.893000,0.847567,1.042,1400.2
1300,0.848250,0.8937999606132507,0.893800,0.848250,1.510,1401.8
1301,0.847367,,0.893800,0.848250,0.645,1402.4
1302,0.845450,,0.893800,0.848250,1.100,1403.5
1303,0.847433,,0.893800,0.848250,1.035,1404.5
1304,0.847283,,0.893800,0.848250,1.094,1405.6
1305,0.848200,,0.893800,0.848250,1.039,1406.7
1306,0.846767,,0.893800,0.848250,1.109,1407.8
1307,0.848533,,0.893800,0.848533,1.038,1408.8
1308,0.847483,,0.893800,0.848533,1.102,1409.9
1309,0.846450,,0.893800,0.848533,1.036,1411.0
1310,0.846533,,0.893800,0.848533,1.108,1412.1
1311,0.848750,,0.893800,0.848750,1.104,1413.2
1312,0.845533,,0.893800,0.848750,1.102,1414.3
1313,0.847100,,0.893800,0.848750,1.035,1415.3
1314,0.848350,,0.893800,0.848750,1.103,1416.4
1315,0.847600,,0.893800,0.848750,1.033,1417.4
1316,0.847267,,0.893800,0.848750,1.101,1418.5
1317,0.848217,,0.893800,0.848750,1.037,1419.6
1318,0.845083,,0.893800,0.848750,1.099,1420.7
1319,0.849283,,0.893800,0.849283,1.037,1421.7
1320,0.849017,,0.893800,0.849283,1.108,1422.8
1321,0.848533,,0.893800,0.849283,1.035,1423.9
1322,0.847417,,0.893800,0.849283,1.100,1425.0
1323,0.847833,,0.893800,0.849283,1.034,1426.0
1324,0.848667,,0.893800,0.849283,1.110,1427.1
1325,0.848300,,0.893800,0.849283,1.039,1428.1
1326,0.846667,,0.893800,0.849283,1.104,1429.2
1327,0.847150,,0.893800,0.849283,1.034,1430.3
1328,0.848350,,0.893800,0.849283,1.115,1431.4
1329,0.849917,,0.893800,0.849917,1.038,1432.4
1330,0.847483,,0.893800,0.849917,1.107,1433.5
1331,0.848117,,0.893800,0.849917,1.042,1434.6
1332,0.848617,,0.893800,0.849917,1.106,1435.7
1333,0.849000,,0.893800,0.849917,1.036,1436.7
1334,0.848717,,0.893800,0.849917,1.093,1437.8
1335,0.847783,,0.893800,0.849917,1.036,1438.8
1336,0.848167,,0.893800,0.849917,1.102,1440.0
1337,0.848283,,0.893800,0.849917,1.036,1441.0
1338,0.851650,,0.893800,0.851650,1.107,1442.1
1339,0.847733,,0.893800,0.851650,1.064,1443.2
1340,0.849000,,0.893800,0.851650,1.099,1444.3
1341,0.848033,,0.893800,0.851650,1.040,1445.3
1342,0.849967,,0.893800,0.851650,1.109,1446.4
1343,0.847217,,0.893800,0.851650,1.036,1447.4
1344,0.850250,,0.893800,0.851650,1.107,1448.5
1345,0.849650,,0.893800,0.851650,1.034,1449.6
1346,0.848317,,0.893800,0.851650,1.102,1450.7
1347,0.847017,,0.893800,0.851650,1.039,1451.7
1348,0.848500,,0.893800,0.851650,1.101,1452.8
1349,0.848583,,0.893800,0.851650,1.035,1453.9
1350,0.848483,0.8973999619483948,0.897400,0.851650,1.516,1455.4
1351,0.849583,,0.897400,0.851650,0.646,1456.0
1352,0.848983,,0.897400,0.851650,1.103,1457.1
1353,0.847167,,0.897400,0.851650,1.037,1458.2
1354,0.848400,,0.897400,0.851650,1.088,1459.2
1355,0.848850,,0.897400,0.851650,1.037,1460.3
1356,0.848250,,0.897400,0.851650,1.110,1461.4
1357,0.847650,,0.897400,0.851650,1.036,1462.4
1358,0.847817,,0.897400,0.851650,1.098,1463.5
1359,0.847783,,0.897400,0.851650,1.035,1464.6
1360,0.848783,,0.897400,0.851650,1.107,1465.7
1361,0.847733,,0.897400,0.851650,1.033,1466.7
1362,0.848183,,0.897400,0.851650,1.107,1467.8
1363,0.850000,,0.897400,0.851650,1.035,1468.8
1364,0.848217,,0.897400,0.851650,1.102,1470.0
1365,0.850950,,0.897400,0.851650,1.035,1471.0
1366,0.849867,,0.897400,0.851650,1.109,1472.1
1367,0.850700,,0.897400,0.851650,1.036,1473.1
1368,0.849067,,0.897400,0.851650,1.102,1474.2
1369,0.850100,,0.897400,0.851650,1.039,1475.3
1370,0.849167,,0.897400,0.851650,1.106,1476.4
1371,0.848750,,0.897400,0.851650,1.032,1477.4
1372,0.850917,,0.897400,0.851650,1.106,1478.5
1373,0.849033,,0.897400,0.851650,1.031,1479.5
1374,0.850383,,0.897400,0.851650,1.109,1480.7
1375,0.851500,,0.897400,0.851650,1.037,1481.7
1376,0.850267,,0.897400,0.851650,1.112,1482.8
1377,0.849100,,0.897400,0.851650,1.039,1483.8
1378,0.850933,,0.897400,0.851650,1.106,1484.9
1379,0.851100,,0.897400,0.851650,1.037,1486.0
1380,0.849083,,0.897400,0.851650,1.098,1487.1
1381,0.850833,,0.897400,0.851650,1.034,1488.1
1382,0.849500,,0.897400,0.851650,1.103,1489.2
1383,0.850617,,0.897400,0.851650,1.036,1490.3
1384,0.850600,,0.897400,0.851650,1.111,1491.4
1385,0.851067,,0.897400,0.851650,1.040,1492.4
1386,0.851450,,0.897400,0.851650,1.104,1493.5
1387,0.851883,,0.897400,0.851883,1.039,1494.6
1388,0.851383,,0.897400,0.851883,1.098,1495.6
1389,0.851950,,0.897400,0.851950,1.040,1496.7
1390,0.851267,,0.897400,0.851950,1.101,1497.8
1391,0.851500,,0.897400,0.851950,1.039,1498.8
1392,0.851633,,0.897400,0.851950,1.103,1499.9
1393,0.850833,,0.897400,0.851950,1.037,1501.0
1394,0.850567,,0.897400,0.851950,1.100,1502.1
1395,0.850983,,0.897400,0.851950,1.034,1503.1
1396,0.850350,,0.897400,0.851950,1.101,1504.2
1397,0.851050,,0.897400,0.851950,1.034,1505.2
1398,0.850750,,0.897400,0.851950,1.109,1506.3
1399,0.853167,,0.897400,0.853167,1.036,1507.4
1400,0.852267,0.896399974822998,0.897400,0.853167,1.509,1508.9
1401,0.850583,,0.897400,0.853167,0.647,1509.5
1402,0.852217,,0.897400,0.853167,1.098,1510.6
1403,0.852100,,0.897400,0.853167,1.035,1511.7
1404,0.851450,,0.897400,0.853167,1.098,1512.8
1405,0.852200,,0.897400,0.853167,1.035,1513.8
1406,0.851783,,0.897400,0.853167,1.106,1514.9
1407,0.852467,,0.897400,0.853167,1.038,1515.9
1408,0.852133,,0.897400,0.853167,1.105,1517.1
1409,0.850017,,0.897400,0.853167,1.034,1518.1
1410,0.852133,,0.897400,0.853167,1.107,1519.2
1411,0.852767,,0.897400,0.853167,1.035,1520.2
1412,0.852783,,0.897400,0.853167,1.109,1521.3
1413,0.852083,,0.897400,0.853167,1.034,1522.4
1414,0.852233,,0.897400,0.853167,1.106,1523.5
1415,0.851950,,0.897400,0.853167,1.037,1524.5
1416,0.851183,,0.897400,0.853167,1.102,1525.6
1417,0.850900,,0.897400,0.853167,1.039,1526.7
1418,0.851533,,0.897400,0.853167,1.106,1527.8
1419,0.851433,,0.897400,0.853167,1.036,1528.8
1420,0.850900,,0.897400,0.853167,1.104,1529.9
1421,0.851383,,0.897400,0.853167,1.034,1530.9
1422,0.853450,,0.897400,0.853450,1.106,1532.0
1423,0.852033,,0.897400,0.853450,1.035,1533.1
1424,0.851317,,0.897400,0.853450,1.101,1534.2
1425,0.852967,,0.897400,0.853450,1.040,1535.2
1426,0.853633,,0.897400,0.853633,1.108,1536.3
1427,0.851750,,0.897400,0.853633,1.039,1537.4
1428,0.855383,,0.897400,0.855383,1.107,1538.5
1429,0.853500,,0.897400,0.855383,1.037,1539.5
1430,0.853183,,0.897400,0.855383,1.103,1540.6
1431,0.850150,,0.897400,0.855383,1.034,1541.6
1432,0.852167,,0.897400,0.855383,1.105,1542.8
1433,0.853267,,0.897400,0.855383,1.042,1543.8
1434,0.851167,,0.897400,0.855383,1.101,1544.9
1435,0.851533,,0.897400,0.855383,1.040,1545.9
1436,0.852300,,0.897400,0.855383,1.105,1547.0
1437,0.850867,,0.897400,0.855383,1.034,1548.1
1438,0.850883,,0.897400,0.855383,1.111,1549.2
1439,0.852733,,0.897400,0.855383,1.055,1550.2
1440,0.854217,,0.897400,0.855383,1.118,1551.4
1441,0.853550,,0.897400,0.855383,1.036,1552.4
1442,0.853467,,0.897400,0.855383,1.122,1553.5
1443,0.854433,,0.897400,0.855383,1.035,1554.5
1444,0.853183,,0.897400,0.855383,1.113,1555.7
1445,0.851500,,0.897400,0.855383,1.033,1556.7
1446,0.853150,,0.897400,0.855383,1.105,1557.8
1447,0.853600,,0.897400,0.855383,1.035,1558.8
1448,0.855367,,0.897400,0.855383,1.102,1559.9
1449,0.851167,,0.897400,0.855383,1.034,1561.0
1450,0.853167,0.8984999656677246,0.898500,0.855383,1.510,1562.5
1451,0.854000,,0.898500,0.855383,0.650,1563.1
1452,0.853933,,0.898500,0.855383,1.106,1564.2
1453,0.854033,,0.898500,0.855383,1.037,1565.3
1454,0.853650,,0.898500,0.855383,1.120,1566.4
1455,0.853083,,0.898500,0.855383,1.033,1567.4
1456,0.853533,,0.898500,0.855383,1.103,1568.5
1457,0.853767,,0.898500,0.855383,1.032,1569.6
1458,0.853183,,0.898500,0.855383,1.104,1570.7
1459,0.854750,,0.898500,0.855383,1.038,1571.7
1460,0.854033,,0.898500,0.855383,1.109,1572.8
1461,0.854683,,0.898500,0.855383,1.037,1573.9
1462,0.853733,,0.898500,0.855383,1.104,1575.0
1463,0.852933,,0.898500,0.855383,1.037,1576.0
1464,0.854433,,0.898500,0.855383,1.105,1577.1
1465,0.855367,,0.898500,0.855383,1.040,1578.1
1466,0.853700,,0.898500,0.855383,1.102,1579.2
1467,0.852583,,0.898500,0.855383,1.037,1580.3
1468,0.854183,,0.898500,0.855383,1.105,1581.4
1469,0.851867,,0.898500,0.855383,1.038,1582.4
1470,0.854550,,0.898500,0.855383,1.100,1583.5
1471,0.853417,,0.898500,0.855383,1.038,1584.6
1472,0.852817,,0.898500,0.855383,1.101,1585.7
1473,0.854850,,0.898500,0.855383,1.042,1586.7
1474,0.852767,,0.898500,0.855383,1.102,1587.8
1475,0.853267,,0.898500,0.855383,1.036,1588.8
1476,0.852217,,0.898500,0.855383,1.101,1589.9
1477,0.851883,,0.898500,0.855383,1.035,1591.0
1478,0.854017,,0.898500,0.855383,1.106,1592.1
1479,0.856000,,0.898500,0.856000,1.034,1593.1
1480,0.853667,,0.898500,0.856000,1.106,1594.2
1481,0.855717,,0.898500,0.856000,1.034,1595.3
1482,0.853867,,0.898500,0.856000,1.104,1596.4
1483,0.855133,,0.898500,0.856000,1.035,1597.4
1484,0.855117,,0.898500,0.856000,1.106,1598.5
1485,0.854067,,0.898500,0.856000,1.039,1599.5
1486,0.855033,,0.898500,0.856000,1.105,1600.6
1487,0.855300,,0.898500,0.856000,1.039,1601.7
1488,0.855567,,0.898500,0.856000,1.101,1602.8
1489,0.855050,,0.898500,0.856000,1.035,1603.8
1490,0.854650,,0.898500,0.856000,1.107,1604.9
1491,0.855367,,0.898500,0.856000,1.039,1606.0
1492,0.855550,,0.898500,0.856000,1.102,1607.1
1493,0.856133,,0.898500,0.856133,1.034,1608.1
1494,0.855133,,0.898500,0.856133,1.106,1609.2
1495,0.854817,,0.898500,0.856133,1.038,1610.2
1496,0.856767,,0.898500,0.856767,1.101,1611.3
1497,0.856800,,0.898500,0.856800,1.035,1612.4
1498,0.856433,,0.898500,0.856800,1.109,1613.5
1499,0.854483,,0.898500,0.856800,1.034,1614.5
1500,0.856433,0.8987999558448792,0.898800,0.856800,1.515,1616.0
1501,0.855883,,0.898800,0.856800,0.653,1616.7
1502,0.856417,,0.898800,0.856800,1.155,1617.8
1503,0.855400,,0.898800,0.856800,1.039,1618.9
1504,0.855317,,0.898800,0.856800,1.101,1620.0
1505,0.856133,,0.898800,0.856800,1.037,1621.0
1506,0.857050,,0.898800,0.857050,1.104,1622.1
1507,0.854733,,0.898800,0.857050,1.056,1623.2
1508,0.855150,,0.898800,0.857050,1.093,1624.3
1509,0.855550,,0.898800,0.857050,1.040,1625.3
1510,0.856150,,0.898800,0.857050,1.109,1626.4
1511,0.855600,,0.898800,0.857050,1.041,1627.5
1512,0.857667,,0.898800,0.857667,1.103,1628.6
1513,0.854067,,0.898800,0.857667,1.037,1629.6
1514,0.854767,,0.898800,0.857667,1.108,1630.7
1515,0.855183,,0.898800,0.857667,1.035,1631.8
1516,0.855783,,0.898800,0.857667,1.104,1632.9
1517,0.856867,,0.898800,0.857667,1.037,1633.9
1518,0.857633,,0.898800,0.857667,1.105,1635.0
1519,0.857633,,0.898800,0.857667,1.039,1636.0
1520,0.857400,,0.898800,0.857667,1.111,1637.1
1521,0.855633,,0.898800,0.857667,1.040,1638.2
1522,0.857167,,0.898800,0.857667,1.108,1639.3
1523,0.855600,,0.898800,0.857667,1.043,1640.3
1524,0.856983,,0.898800,0.857667,1.108,1641.4
1525,0.856300,,0.898800,0.857667,1.038,1642.5
1526,0.856417,,0.898800,0.857667,1.113,1643.6
1527,0.857233,,0.898800,0.857667,1.043,1644.6
1528,0.855600,,0.898800,0.857667,1.105,1645.7
1529,0.855283,,0.898800,0.857667,1.036,1646.8
1530,0.856400,,0.898800,0.857667,1.104,1647.9
1531,0.856517,,0.898800,0.857667,1.034,1648.9
1532,0.855567,,0.898800,0.857667,1.103,1650.0
1533,0.857333,,0.898800,0.857667,1.042,1651.1
1534,0.857283,,0.898800,0.857667,1.108,1652.2
1535,0.856183,,0.898800,0.857667,1.066,1653.2
1536,0.856717,,0.898800,0.857667,1.129,1654.4
1537,0.854283,,0.898800,0.857667,1.036,1655.4
1538,0.858483,,0.898800,0.858483,1.098,1656.5
1539,0.857033,,0.898800,0.858483,1.034,1657.5
1540,0.858167,,0.898800,0.858483,1.110,1658.6
1541,0.857083,,0.898800,0.858483,1.033,1659.7
1542,0.856750,,0.898800,0.858483,1.108,1660.8
1543,0.857667,,0.898800,0.858483,1.036,1661.8
1544,0.856433,,0.898800,0.858483,1.107,1662.9
1545,0.856800,,0.898800,0.858483,1.038,1664.0
1546,0.856767,,0.898800,0.858483,1.106,1665.1
1547,0.858800,,0.898800,0.858800,1.042,1666.1
1548,0.858767,,0.898800,0.858800,1.112,1667.2
1549,0.857083,,0.898800,0.858800,1.036,1668.3
1550,0.858467,0.8977999687194824,0.898800,0.858800,1.512,1669.8
1551,0.858350,,0.898800,0.858800,0.645,1670.4
1552,0.858783,,0.898800,0.858800,1.102,1671.5
1553,0.857650,,0.898800,0.858800,1.040,1672.6
1554,0.859200,,0.898800,0.859200,1.104,1673.7
1555,0.857417,,0.898800,0.859200,1.037,1674.7
1556,0.858217,,0.898800,0.859200,1.107,1675.8
1557,0.857483,,0.898800,0.859200,1.042,1676.9
1558,0.858450,,0.898800,0.859200,1.104,1678.0
1559,0.856883,,0.898800,0.859200,1.040,1679.0
1560,0.858133,,0.898800,0.859200,1.104,1680.1
1561,0.858033,,0.898800,0.859200,1.036,1681.1
1562,0.857333,,0.898800,0.859200,1.103,1682.2
1563,0.858500,,0.898800,0.859200,1.034,1683.3
1564,0.857717,,0.898800,0.859200,1.156,1684.4
1565,0.859083,,0.898800,0.859200,1.037,1685.5
1566,0.859217,,0.898800,0.859217,1.105,1686.6
1567,0.856900,,0.898800,0.859217,1.042,1687.6
1568,0.857933,,0.898800,0.859217,1.106,1688.7
1569,0.858733,,0.898800,0.859217,1.039,1689.8
1570,0.857917,,0.898800,0.859217,1.103,1690.9
1571,0.857183,,0.898800,0.859217,1.038,1691.9
1572,0.859183,,0.898800,0.859217,1.106,1693.0
1573,0.858183,,0.898800,0.859217,1.037,1694.0
1574,0.857000,,0.898800,0.859217,1.106,1695.1
1575,0.857900,,0.898800,0.859217,1.040,1696.2
1576,0.858183,,0.898800,0.859217,1.106,1697.3
1577,0.859117,,0.898800,0.859217,1.040,1698.3
1578,0.857650,,0.898800,0.859217,1.102,1699.4
1579,0.857600,,0.898800,0.859217,1.038,1700.5
1580,0.857583,,0.898800,0.859217,1.093,1701.6
1581,0.858533,,0.898800,0.859217,1.035,1702.6
1582,0.857383,,0.898800,0.859217,1.098,1703.7
1583,0.857400,,0.898800,0.859217,1.038,1704.7
1584,0.858267,,0.898800,0.859217,1.109,1705.8
1585,0.858150,,0.898800,0.859217,1.038,1706.9
1586,0.856550,,0.898800,0.859217,1.103,1708.0
1587,0.859933,,0.898800,0.859933,1.042,1709.0
1588,0.860450,,0.898800,0.860450,1.103,1710.1
1589,0.859800,,0.898800,0.860450,1.040,1711.2
1590,0.858517,,0.898800,0.860450,1.109,1712.3
1591,0.858033,,0.898800,0.860450,1.044,1713.3
1592,0.859350,,0.898800,0.860450,1.156,1714.5
1593,0.856750,,0.898800,0.860450,1.038,1715.5
1594,0.858850,,0.898800,0.860450,1.103,1716.6
1595,0.857933,,0.898800,0.860450,1.040,1717.7
1596,0.859083,,0.898800,0.860450,1.107,1718.8
1597,0.860717,,0.898800,0.860717,1.042,1719.8
1598,0.857933,,0.898800,0.860717,1.103,1720.9
1599,0.856800,,0.898800,0.860717,1.036,1722.0
1600,0.855283,0.8960999846458435,0.898800,0.860717,1.509,1723.5
1601,0.860133,,0.898800,0.860717,0.647,1724.1
1602,0.858633,,0.898800,0.860717,1.103,1725.2
1603,0.857767,,0.898800,0.860717,1.033,1726.2
1604,0.859567,,0.898800,0.860717,1.109,1727.4
1605,0.859517,,0.898800,0.860717,1.034,1728.4
1606,0.857183,,0.898800,0.860717,1.108,1729.5
1607,0.857767,,0.898800,0.860717,1.036,1730.5
1608,0.858717,,0.898800,0.860717,1.104,1731.6
1609,0.859200,,0.898800,0.860717,1.037,1732.7
1610,0.860400,,0.898800,0.860717,1.107,1733.8
1611,0.858550,,0.898800,0.860717,1.036,1734.8
1612,0.859083,,0.898800,0.860717,1.107,1735.9
1613,0.860517,,0.898800,0.860717,1.040,1737.0
1614,0.858400,,0.898800,0.860717,1.102,1738.1
1615,0.858733,,0.898800,0.860717,1.030,1739.1
1616,0.858300,,0.898800,0.860717,1.105,1740.2
1617,0.859583,,0.898800,0.860717,1.035,1741.2
1618,0.858783,,0.898800,0.860717,1.106,1742.3
1619,0.859167,,0.898800,0.860717,1.038,1743.4
1620,0.861783,,0.898800,0.861783,1.159,1744.5
1621,0.860150,,0.898800,0.861783,1.037,1745.6
1622,0.859900,,0.898800,0.861783,1.100,1746.7
1623,0.859667,,0.898800,0.861783,1.039,1747.7
1624,0.860917,,0.898800,0.861783,1.107,1748.8
1625,0.859283,,0.898800,0.861783,1.038,1749.9
1626,0.860117,,0.898800,0.861783,1.102,1751.0
1627,0.860250,,0.898800,0.861783,1.036,1752.0
1628,0.860517,,0.898800,0.861783,1.106,1753.1
1629,0.860700,,0.898800,0.861783,1.038,1754.1
1630,0.859533,,0.898800,0.861783,1.109,1755.3
1631,0.860633,,0.898800,0.861783,1.037,1756.3
1632,0.858483,,0.898800,0.861783,1.100,1757.4
1633,0.859300,,0.898800,0.861783,1.032,1758.4
1634,0.860567,,0.898800,0.861783,1.116,1759.5
1635,0.859917,,0.898800,0.861783,1.041,1760.6
1636,0.858900,,0.898800,0.861783,1.121,1761.7
1637,0.859283,,0.898800,0.861783,1.032,1762.7
1638,0.858883,,0.898800,0.861783,1.114,1763.8
1639,0.860433,,0.898800,0.861783,1.046,1764.9
1640,0.860717,,0.898800,0.861783,1.107,1766.0
1641,0.858967,,0.898800,0.861783,1.044,1767.0
1642,0.859350,,0.898800,0.861783,1.102,1768.1
1643,0.858933,,0.898800,0.861783,1.034,1769.2
1644,0.860617,,0.898800,0.861783,1.081,1770.3
1645,0.860033,,0.898800,0.861783,1.037,1771.3
1646,0.859467,,0.898800,0.861783,1.116,1772.4
1647,0.859850,,0.898800,0.861783,1.035,1773.4
1648,0.860550,,0.898800,0.861783,1.167,1774.6
1649,0.859983,,0.898800,0.861783,1.039,1775.7
1650,0.861333,0.8999999761581421,0.900000,0.861783,1.511,1777.2
1651,0.861317,,0.900000,0.861783,0.644,1777.8
1652,0.861850,,0.900000,0.861850,1.100,1778.9
1653,0.861100,,0.900000,0.861850,1.027,1779.9
1654,0.860383,,0.900000,0.861850,1.093,1781.0
1655,0.860983,,0.900000,0.861850,1.039,1782.1
1656,0.859917,,0.900000,0.861850,1.109,1783.2
1657,0.859833,,0.900000,0.861850,1.039,1784.2
1658,0.859500,,0.900000,0.861850,1.103,1785.3
1659,0.862117,,0.900000,0.862117,1.037,1786.4
1660,0.860100,,0.900000,0.862117,1.103,1787.5
1661,0.860150,,0.900000,0.862117,1.031,1788.5
1662,0.860017,,0.900000,0.862117,1.104,1789.6
1663,0.860767,,0.900000,0.862117,1.036,1790.6
1664,0.859283,,0.900000,0.862117,1.102,1791.7
1665,0.861317,,0.900000,0.862117,1.044,1792.8
1666,0.860517,,0.900000,0.862117,1.103,1793.9
1667,0.859717,,0.900000,0.862117,1.040,1794.9
1668,0.860483,,0.900000,0.862117,1.104,1796.0
1669,0.860350,,0.900000,0.862117,1.042,1797.1
1670,0.860683,,0.900000,0.862117,1.105,1798.2
1671,0.860300,,0.900000,0.862117,1.034,1799.2
1672,0.860217,,0.900000,0.862117,1.084,1800.3
1673,0.860700,,0.900000,0.862117,1.036,1801.3
1674,0.860300,,0.900000,0.862117,1.111,1802.4
1675,0.860550,,0.900000,0.862117,1.038,1803.5
1676,0.859450,,0.900000,0.862117,1.185,1804.7
1677,0.859733,,0.900000,0.862117,1.039,1805.7
1678,0.861150,,0.900000,0.862117,1.103,1806.8
1679,0.862867,,0.900000,0.862867,1.036,1807.8
1680,0.859750,,0.900000,0.862867,1.098,1808.9
1681,0.859483,,0.900000,0.862867,1.038,1810.0
1682,0.860467,,0.900000,0.862867,1.080,1811.1
1683,0.861717,,0.900000,0.862867,1.034,1812.1
1684,0.860183,,0.900000,0.862867,1.085,1813.2
1685,0.860167,,0.900000,0.862867,1.037,1814.2
1686,0.860150,,0.900000,0.862867,1.102,1815.3
1687,0.861000,,0.900000,0.862867,1.033,1816.3
1688,0.860333,,0.900000,0.862867,1.112,1817.5
1689,0.861483,,0.900000,0.862867,1.035,1818.5
1690,0.861500,,0.900000,0.862867,1.100,1819.6
1691,0.861033,,0.900000,0.862867,1.036,1820.6
1692,0.861983,,0.900000,0.862867,1.113,1821.7
1693,0.861617,,0.900000,0.862867,1.035,1822.8
1694,0.861017,,0.900000,0.862867,1.100,1823.9
1695,0.861867,,0.900000,0.862867,1.041,1824.9
1696,0.860633,,0.900000,0.862867,1.105,1826.0
1697,0.861150,,0.900000,0.862867,1.036,1827.1
1698,0.861733,,0.900000,0.862867,1.103,1828.2
1699,0.861450,,0.900000,0.862867,1.039,1829.2
1700,0.862033,0.9014999866485596,0.901500,0.862867,1.512,1830.7
1701,0.862983,,0.901500,0.862983,0.642,1831.4
1702,0.861633,,0.901500,0.862983,1.102,1832.5
1703,0.863983,,0.901500,0.863983,1.034,1833.5
1704,0.862200,,0.901500,0.863983,1.153,1834.6
1705,0.861633,,0.901500,0.863983,1.034,1835.7
1706,0.863000,,0.901500,0.863983,1.109,1836.8
1707,0.863483,,0.901500,0.863983,1.032,1837.8
1708,0.862250,,0.901500,0.863983,1.097,1838.9
1709,0.863417,,0.901500,0.863983,1.034,1839.9
1710,0.863483,,0.901500,0.863983,1.088,1841.0
1711,0.863183,,0.901500,0.863983,1.037,1842.1
1712,0.861133,,0.901500,0.863983,1.112,1843.2
1713,0.862000,,0.901500,0.863983,1.037,1844.2
1714,0.861783,,0.901500,0.863983,1.108,1845.3
1715,0.862983,,0.901500,0.863983,1.038,1846.4
1716,0.861200,,0.901500,0.863983,1.101,1847.5
1717,0.863700,,0.901500,0.863983,1.034,1848.5
1718,0.862133,,0.901500,0.863983,1.101,1849.6
1719,0.863800,,0.901500,0.863983,1.036,1850.6
1720,0.861833,,0.901500,0.863983,1.105,1851.7
1721,0.862350,,0.901500,0.863983,1.036,1852.8
1722,0.863133,,0.901500,0.863983,1.104,1853.9
1723,0.863050,,0.901500,0.863983,1.037,1854.9
1724,0.862350,,0.901500,0.863983,1.111,1856.0
1725,0.861100,,0.901500,0.863983,1.042,1857.1
1726,0.861617,,0.901500,0.863983,1.109,1858.2
1727,0.863283,,0.901500,0.863983,1.033,1859.2
1728,0.861550,,0.901500,0.863983,1.104,1860.3
1729,0.860250,,0.901500,0.863983,1.035,1861.4
1730,0.862833,,0.901500,0.863983,1.106,1862.5
1731,0.862767,,0.901500,0.863983,1.036,1863.5
1732,0.861467,,0.901500,0.863983,1.111,1864.6
1733,0.861900,,0.901500,0.863983,1.036,1865.6
1734,0.863183,,0.901500,0.863983,1.090,1866.7
1735,0.864133,,0.901500,0.864133,1.035,1867.8
1736,0.864200,,0.901500,0.864200,1.104,1868.9
1737,0.863050,,0.901500,0.864200,1.036,1869.9
1738,0.863067,,0.901500,0.864200,1.102,1871.0
1739,0.864833,,0.901500,0.864833,1.035,1872.0
1740,0.863767,,0.901500,0.864833,1.109,1873.2
1741,0.862500,,0.901500,0.864833,1.039,1874.2
1742,0.862933,,0.901500,0.864833,1.108,1875.3
1743,0.863533,,0.901500,0.864833,1.040,1876.3
1744,0.863700,,0.901500,0.864833,1.099,1877.4
1745,0.864100,,0.901500,0.864833,1.039,1878.5
1746,0.862817,,0.901500,0.864833,1.101,1879.6
1747,0.863733,,0.901500,0.864833,1.036,1880.6
1748,0.863950,,0.901500,0.864833,1.107,1881.7
1749,0.863917,,0.901500,0.864833,1.039,1882.8
1750,0.863550,0.899399995803833,0.901500,0.864833,1.513,1884.3
1751,0.863350,,0.901500,0.864833,0.645,1884.9
1752,0.863033,,0.901500,0.864833,1.104,1886.0
1753,0.863133,,0.901500,0.864833,1.041,1887.1
1754,0.863000,,0.901500,0.864833,1.107,1888.2
1755,0.865200,,0.901500,0.865200,1.034,1889.2
1756,0.865067,,0.901500,0.865200,1.112,1890.3
1757,0.863900,,0.901500,0.865200,1.034,1891.4
1758,0.861917,,0.901500,0.865200,1.107,1892.5
1759,0.863967,,0.901500,0.865200,1.039,1893.5
1760,0.863983,,0.901500,0.865200,1.117,1894.6
1761,0.865867,,0.901500,0.865867,1.040,1895.7
1762,0.863950,,0.901500,0.865867,1.101,1896.8
1763,0.865000,,0.901500,0.865867,1.038,1897.8
1764,0.864133,,0.901500,0.865867,1.104,1898.9
1765,0.863200,,0.901500,0.865867,1.037,1899.9
1766,0.865267,,0.901500,0.865867,1.100,1901.0
1767,0.864217,,0.901500,0.865867,1.036,1902.1
1768,0.863250,,0.901500,0.865867,1.087,1903.2
1769,0.865167,,0.901500,0.865867,1.043,1904.2
1770,0.863650,,0.901500,0.865867,1.099,1905.3
1771,0.863100,,0.901500,0.865867,1.032,1906.3
1772,0.865717,,0.901500,0.865867,1.106,1907.4
1773,0.862750,,0.901500,0.865867,1.032,1908.5
1774,0.862650,,0.901500,0.865867,1.106,1909.6
1775,0.864700,,0.901500,0.865867,1.029,1910.6
1776,0.864050,,0.901500,0.865867,1.109,1911.7
1777,0.864317,,0.901500,0.865867,1.036,1912.7
1778,0.863317,,0.901500,0.865867,1.106,1913.9
1779,0.863467,,0.901500,0.865867,1.037,1914.9
1780,0.865133,,0.901500,0.865867,1.108,1916.0
1781,0.864983,,0.901500,0.865867,1.040,1917.0
1782,0.864017,,0.901500,0.865867,1.101,1918.1
1783,0.864433,,0.901500,0.865867,1.040,1919.2
1784,0.864317,,0.901500,0.865867,1.103,1920.3
1785,0.864117,,0.901500,0.865867,1.040,1921.3
1786,0.865333,,0.901500,0.865867,1.106,1922.4
1787,0.864817,,0.901500,0.865867,1.038,1923.5
1788,0.865317,,0.901500,0.865867,1.105,1924.6
1789,0.864967,,0.901500,0.865867,1.037,1925.6
1790,0.864150,,0.901500,0.865867,1.103,1926.7
1791,0.865883,,0.901500,0.865883,1.033,1927.7
1792,0.864500,,0.901500,0.865883,1.103,1928.8
1793,0.864067,,0.901500,0.865883,1.034,1929.9
1794,0.863683,,0.901500,0.865883,1.108,1931.0
1795,0.864067,,0.901500,0.865883,1.039,1932.0
1796,0.863850,,0.901500,0.865883,1.104,1933.1
1797,0.862133,,0.901500,0.865883,1.041,1934.2
1798,0.864350,,0.901500,0.865883,1.104,1935.3
1799,0.863483,,0.901500,0.865883,1.033,1936.3
1800,0.864450,0.9005999565124512,0.901500,0.865883,1.518,1937.8
1801,0.865733,,0.901500,0.865883,0.642,1938.5
1802,0.865417,,0.901500,0.865883,1.104,1939.6
1803,0.862233,,0.901500,0.865883,1.037,1940.6
1804,0.864383,,0.901500,0.865883,1.111,1941.7
1805,0.866200,,0.901500,0.866200,1.036,1942.8
1806,0.865733,,0.901500,0.866200,1.105,1943.9
1807,0.865383,,0.901500,0.866200,1.041,1944.9
1808,0.864500,,0.901500,0.866200,1.108,1946.0
1809,0.865467,,0.901500,0.866200,1.042,1947.1
1810,0.865283,,0.901500,0.866200,1.104,1948.2
1811,0.863883,,0.901500,0.866200,1.039,1949.2
1812,0.863883,,0.901500,0.866200,1.098,1950.3
1813,0.863083,,0.901500,0.866200,1.036,1951.3
1814,0.865283,,0.901500,0.866200,1.091,1952.4
1815,0.864117,,0.901500,0.866200,1.037,1953.5
1816,0.864183,,0.901500,0.866200,1.110,1954.6
1817,0.865783,,0.901500,0.866200,1.038,1955.6
1818,0.863967,,0.901500,0.866200,1.107,1956.7
1819,0.865750,,0.901500,0.866200,1.043,1957.8
1820,0.864600,,0.901500,0.866200,1.109,1958.9
1821,0.864783,,0.901500,0.866200,1.038,1959.9
1822,0.863300,,0.901500,0.866200,1.112,1961.0
1823,0.863250,,0.901500,0.866200,1.036,1962.1
1824,0.864483,,0.901500,0.866200,1.112,1963.2
1825,0.865683,,0.901500,0.866200,1.041,1964.2
1826,0.865283,,0.901500,0.866200,1.105,1965.3
1827,0.864500,,0.901500,0.866200,1.042,1966.4
1828,0.864400,,0.901500,0.866200,1.107,1967.5
1829,0.865117,,0.901500,0.866200,1.033,1968.5
1830,0.864317,,0.901500,0.866200,1.102,1969.6
1831,0.865000,,0.901500,0.866200,1.035,1970.6
1832,0.865383,,0.901500,0.866200,1.104,1971.7
1833,0.865867,,0.901500,0.866200,1.034,1972.8
1834,0.863433,,0.901500,0.866200,1.105,1973.9
1835,0.864050,,0.901500,0.866200,1.033,1974.9
1836,0.864083,,0.901500,0.866200,1.105,1976.0
1837,0.864283,,0.901500,0.866200,1.037,1977.0
1838,0.863983,,0.901500,0.866200,1.103,1978.2
1839,0.863383,,0.901500,0.866200,1.034,1979.2
1840,0.864050,,0.901500,0.866200,1.103,1980.3
1841,0.865483,,0.901500,0.866200,1.036,1981.3
1842,0.865050,,0.901500,0.866200,1.111,1982.4
1843,0.865200,,0.901500,0.866200,1.037,1983.5
1844,0.865850,,0.901500,0.866200,1.104,1984.6
1845,0.864367,,0.901500,0.866200,1.032,1985.6
1846,0.866350,,0.901500,0.866350,1.100,1986.7
1847,0.865733,,0.901500,0.866350,1.037,1987.7
1848,0.866633,,0.901500,0.866633,1.115,1988.9
1849,0.864267,,0.901500,0.866633,1.035,1989.9
1850,0.865067,0.9019999504089355,0.902000,0.866633,1.510,1991.4
1851,0.863017,,0.902000,0.866633,0.646,1992.1
1852,0.866683,,0.902000,0.866683,1.104,1993.2
1853,0.865117,,0.902000,0.866683,1.039,1994.2
1854,0.864283,,0.902000,0.866683,1.105,1995.3
1855,0.865400,,0.902000,0.866683,1.038,1996.3
1856,0.866317,,0.902000,0.866683,1.106,1997.4
1857,0.865967,,0.902000,0.866683,1.032,1998.5
1858,0.866917,,0.902000,0.866917,1.111,1999.6
1859,0.865100,,0.902000,0.866917,1.037,2000.6
1860,0.865600,,0.902000,0.866917,1.109,2001.7
1861,0.864883,,0.902000,0.866917,1.040,2002.8
1862,0.865933,,0.902000,0.866917,1.102,2003.9
1863,0.862067,,0.902000,0.866917,1.037,2004.9
1864,0.863333,,0.902000,0.866917,1.107,2006.0
1865,0.865867,,0.902000,0.866917,1.037,2007.1
1866,0.864583,,0.902000,0.866917,1.103,2008.2
1867,0.865183,,0.902000,0.866917,1.042,2009.2
1868,0.866083,,0.902000,0.866917,1.108,2010.3
1869,0.863133,,0.902000,0.866917,1.039,2011.3
1870,0.864967,,0.902000,0.866917,1.102,2012.4
1871,0.865150,,0.902000,0.866917,1.035,2013.5
1872,0.864700,,0.902000,0.866917,1.109,2014.6
1873,0.865700,,0.902000,0.866917,1.067,2015.7
1874,0.865467,,0.902000,0.866917,1.100,2016.8
1875,0.865883,,0.902000,0.866917,1.037,2017.8
1876,0.865483,,0.902000,0.866917,1.082,2018.9
1877,0.865850,,0.902000,0.866917,1.037,2019.9
1878,0.864900,,0.902000,0.866917,1.114,2021.0
1879,0.865817,,0.902000,0.866917,1.040,2022.1
1880,0.863883,,0.902000,0.866917,1.104,2023.2
1881,0.864617,,0.902000,0.866917,1.042,2024.2
1882,0.865383,,0.902000,0.866917,1.104,2025.3
1883,0.863833,,0.902000,0.866917,1.034,2026.4
1884,0.864733,,0.902000,0.866917,1.102,2027.5
1885,0.865883,,0.902000,0.866917,1.037,2028.5
1886,0.864633,,0.902000,0.866917,1.103,2029.6
1887,0.865150,,0.902000,0.866917,1.036,2030.6
1888,0.865317,,0.902000,0.866917,1.105,2031.7
1889,0.865733,,0.902000,0.866917,1.035,2032.8
1890,0.865083,,0.902000,0.866917,1.104,2033.9
1891,0.865767,,0.902000,0.866917,1.034,2034.9
1892,0.867600,,0.902000,0.867600,1.111,2036.0
1893,0.867150,,0.902000,0.867600,1.040,2037.1
1894,0.867300,,0.902000,0.867600,1.107,2038.2
1895,0.866817,,0.902000,0.867600,1.037,2039.2
1896,0.866783,,0.902000,0.867600,1.109,2040.3
1897,0.866733,,0.902000,0.867600,1.040,2041.4
1898,0.865083,,0.902000,0.867600,1.103,2042.5
1899,0.866067,,0.902000,0.867600,1.037,2043.5
1900,0.865300,0.9002999663352966,0.902000,0.867600,1.496,2045.0
1901,0.865633,,0.902000,0.867600,0.685,2045.7
1902,0.866050,,0.902000,0.867600,1.107,2046.8
1903,0.866400,,0.902000,0.867600,1.042,2047.8
1904,0.866083,,0.902000,0.867600,1.112,2048.9
1905,0.866833,,0.902000,0.867600,1.042,2050.0
1906,0.868250,,0.902000,0.868250,1.101,2051.1
1907,0.868883,,0.902000,0.868883,1.037,2052.1
1908,0.866867,,0.902000,0.868883,1.104,2053.2
1909,0.868433,,0.902000,0.868883,1.035,2054.3
1910,0.868033,,0.902000,0.868883,1.105,2055.4
1911,0.867133,,0.902000,0.868883,1.041,2056.4
1912,0.866650,,0.902000,0.868883,1.105,2057.5
1913,0.866867,,0.902000,0.868883,1.036,2058.5
1914,0.867617,,0.902000,0.868883,1.106,2059.6
1915,0.867017,,0.902000,0.868883,1.047,2060.7
1916,0.867717,,0.902000,0.868883,1.112,2061.8
1917,0.868167,,0.902000,0.868883,1.036,2062.8
1918,0.867217,,0.902000,0.868883,1.112,2064.0
1919,0.868600,,0.902000,0.868883,1.037,2065.0
1920,0.867400,,0.902000,0.868883,1.104,2066.1
1921,0.867750,,0.902000,0.868883,1.036,2067.1
1922,0.867450,,0.902000,0.868883,1.105,2068.2
1923,0.866917,,0.902000,0.868883,1.033,2069.3
1924,0.868683,,0.902000,0.868883,1.101,2070.4
1925,0.866267,,0.902000,0.868883,1.037,2071.4
1926,0.867333,,0.902000,0.868883,1.107,2072.5
1927,0.866533,,0.902000,0.868883,1.045,2073.6
1928,0.866800,,0.902000,0.868883,1.117,2074.7
1929,0.869317,,0.902000,0.869317,1.093,2075.8
1930,0.868117,,0.902000,0.869317,1.109,2076.9
1931,0.867467,,0.902000,0.869317,1.045,2077.9
1932,0.867033,,0.902000,0.869317,1.109,2079.0
1933,0.866967,,0.902000,0.869317,1.037,2080.1
1934,0.866783,,0.902000,0.869317,1.106,2081.2
1935,0.868500,,0.902000,0.869317,1.049,2082.2
1936,0.868350,,0.902000,0.869317,1.101,2083.3
1937,0.868300,,0.902000,0.869317,1.040,2084.4
1938,0.866400,,0.902000,0.869317,1.105,2085.5
1939,0.866900,,0.902000,0.869317,1.046,2086.5
1940,0.869000,,0.902000,0.869317,1.105,2087.6
1941,0.867850,,0.902000,0.869317,1.046,2088.7
1942,0.867017,,0.902000,0.869317,1.105,2089.8
1943,0.866583,,0.902000,0.869317,1.035,2090.8
1944,0.866933,,0.902000,0.869317,1.100,2091.9
1945,0.865917,,0.902000,0.869317,1.048,2093.0
1946,0.866800,,0.902000,0.869317,1.107,2094.1
1947,0.868017,,0.902000,0.869317,1.043,2095.1
1948,0.865583,,0.902000,0.869317,1.103,2096.2
1949,0.867083,,0.902000,0.869317,1.038,2097.2
1950,0.867000,0.9019999504089355,0.902000,0.869317,1.506,2098.8
1951,0.867233,,0.902000,0.869317,0.647,2099.4
1952,0.867950,,0.902000,0.869317,1.107,2100.5
1953,0.867667,,0.902000,0.869317,1.038,2101.5
1954,0.867067,,0.902000,0.869317,1.107,2102.7
1955,0.868217,,0.902000,0.869317,1.039,2103.7
1956,0.868750,,0.902000,0.869317,1.102,2104.8
1957,0.866333,,0.902000,0.869317,1.072,2105.9
1958,0.868367,,0.902000,0.869317,1.106,2107.0
1959,0.868533,,0.902000,0.869317,1.039,2108.0
1960,0.866767,,0.902000,0.869317,1.103,2109.1
1961,0.867633,,0.902000,0.869317,1.036,2110.1
1962,0.867433,,0.902000,0.869317,1.105,2111.3
1963,0.868133,,0.902000,0.869317,1.030,2112.3
1964,0.868967,,0.902000,0.869317,1.101,2113.4
1965,0.867217,,0.902000,0.869317,1.033,2114.4
1966,0.867117,,0.902000,0.869317,1.102,2115.5
1967,0.869883,,0.902000,0.869883,1.030,2116.5
1968,0.868350,,0.902000,0.869883,1.108,2117.7
1969,0.867250,,0.902000,0.869883,1.027,2118.7
1970,0.868283,,0.902000,0.869883,1.088,2119.8
1971,0.868533,,0.902000,0.869883,1.033,2120.8
1972,0.867383,,0.902000,0.869883,1.111,2121.9
1973,0.868167,,0.902000,0.869883,1.028,2122.9
1974,0.867983,,0.902000,0.869883,1.099,2124.0
1975,0.867983,,0.902000,0.869883,1.031,2125.1
1976,0.868750,,0.902000,0.869883,1.111,2126.2
1977,0.869600,,0.902000,0.869883,1.039,2127.2
1978,0.867917,,0.902000,0.869883,1.099,2128.3
1979,0.867700,,0.902000,0.869883,1.037,2129.4
1980,0.866750,,0.902000,0.869883,1.114,2130.5
1981,0.869233,,0.902000,0.869883,1.037,2131.5
1982,0.868150,,0.902000,0.869883,1.100,2132.6
1983,0.867917,,0.902000,0.869883,1.033,2133.6
1984,0.867350,,0.902000,0.869883,1.105,2134.7
1985,0.867633,,0.902000,0.869883,1.071,2135.8
1986,0.869217,,0.902000,0.869883,1.105,2136.9
1987,0.868317,,0.902000,0.869883,1.036,2138.0
1988,0.868100,,0.902000,0.869883,1.105,2139.1
1989,0.866983,,0.902000,0.869883,1.034,2140.1
1990,0.868583,,0.902000,0.869883,1.105,2141.2
1991,0.867067,,0.902000,0.869883,1.039,2142.2
1992,0.868733,,0.902000,0.869883,1.099,2143.3
1993,0.865400,,0.902000,0.869883,1.034,2144.4
1994,0.868050,,0.902000,0.869883,1.116,2145.5
1995,0.868317,,0.902000,0.869883,1.040,2146.5
1996,0.867317,,0.902000,0.869883,1.103,2147.6
1997,0.867300,,0.902000,0.869883,1.037,2148.7
1998,0.867500,,0.902000,0.869883,1.104,2149.8
1999,0.867800,,0.902000,0.869883,1.038,2150.8
2000,0.866367,0.9032999873161316,0.903300,0.869883,1.510,2152.3
2001,0.867500,,0.903300,0.869883,0.646,2153.0
2002,0.867017,,0.903300,0.869883,1.101,2154.1
2003,0.867733,,0.903300,0.869883,1.036,2155.1
2004,0.868417,,0.903300,0.869883,1.097,2156.2
2005,0.869200,,0.903300,0.869883,1.034,2157.2
2006,0.867700,,0.903300,0.869883,1.103,2158.3
2007,0.869550,,0.903300,0.869883,2.231,2160.6
2008,0.867900,,0.903300,0.869883,1.192,2161.8
2009,0.866967,,0.903300,0.869883,1.152,2162.9
2010,0.868883,,0.903300,0.869883,1.272,2164.2
2011,0.868900,,0.903300,0.869883,1.093,2165.3
2012,0.869433,,0.903300,0.869883,1.243,2166.5
2013,0.866433,,0.903300,0.869883,1.090,2167.6
2014,0.868533,,0.903300,0.869883,1.318,2168.9
2015,0.869000,,0.903300,0.869883,1.249,2170.2
2016,0.867250,,0.903300,0.869883,1.226,2171.4
2017,0.867617,,0.903300,0.869883,1.091,2172.5
2018,0.868800,,0.903300,0.869883,1.192,2173.7
2019,0.869067,,0.903300,0.869883,1.119,2174.8
2020,0.869417,,0.903300,0.869883,1.150,2176.0
2021,0.870533,,0.903300,0.870533,1.174,2177.1
2022,0.868967,,0.903300,0.870533,2.529,2179.7
2023,0.868800,,0.903300,0.870533,1.229,2180.9
2024,0.869217,,0.903300,0.870533,1.288,2182.2
2025,0.868767,,0.903300,0.870533,1.439,2183.6
2026,0.868700,,0.903300,0.870533,1.226,2184.8
2027,0.870650,,0.903300,0.870650,1.204,2186.0
2028,0.868717,,0.903300,0.870650,1.100,2187.1
2029,0.867833,,0.903300,0.870650,1.158,2188.3
2030,0.868033,,0.903300,0.870650,1.088,2189.4
2031,0.869150,,0.903300,0.870650,1.154,2190.5
2032,0.867550,,0.903300,0.870650,1.090,2191.6
2033,0.869583,,0.903300,0.870650,1.146,2192.8
2034,0.870133,,0.903300,0.870650,1.082,2193.9
2035,0.870383,,0.903300,0.870650,1.144,2195.0
2036,0.869250,,0.903300,0.870650,1.150,2196.2
2037,0.868667,,0.903300,0.870650,1.172,2197.3
2038,0.869750,,0.903300,0.870650,1.087,2198.4
2039,0.869633,,0.903300,0.870650,1.146,2199.6
2040,0.870517,,0.903300,0.870650,1.087,2200.7
2041,0.870183,,0.903300,0.870650,1.160,2201.8
2042,0.870150,,0.903300,0.870650,1.076,2202.9
2043,0.868750,,0.903300,0.870650,1.144,2204.0
2044,0.869233,,0.903300,0.870650,1.071,2205.1
2045,0.869883,,0.903300,0.870650,1.157,2206.3
2046,0.868500,,0.903300,0.870650,1.085,2207.3
2047,0.867967,,0.903300,0.870650,1.210,2208.6
2048,0.870483,,0.903300,0.870650,1.128,2209.7
2049,0.869133,,0.903300,0.870650,1.145,2210.8
2050,0.869117,0.9030999541282654,0.903300,0.870650,1.581,2212.4
2051,0.868250,,0.903300,0.870650,0.778,2213.2
2052,0.870450,,0.903300,0.870650,1.132,2214.3
2053,0.869100,,0.903300,0.870650,1.214,2215.5
2054,0.867033,,0.903300,0.870650,1.169,2216.7
2055,0.869367,,0.903300,0.870650,1.219,2217.9
2056,0.870750,,0.903300,0.870750,1.151,2219.1
2057,0.869633,,0.903300,0.870750,1.211,2220.3
2058,0.869900,,0.903300,0.870750,1.145,2221.4
2059,0.869383,,0.903300,0.870750,1.224,2222.6
2060,0.868200,,0.903300,0.870750,1.144,2223.8
2061,0.869617,,0.903300,0.870750,1.213,2225.0
2062,0.868750,,0.903300,0.870750,1.162,2226.2
2063,0.870750,,0.903300,0.870750,1.258,2227.4
2064,0.869450,,0.903300,0.870750,1.184,2228.6
2065,0.869500,,0.903300,0.870750,1.214,2229.8
2066,0.871100,,0.903300,0.871100,1.140,2231.0
2067,0.868333,,0.903300,0.871100,1.218,2232.2
2068,0.870867,,0.903300,0.871100,1.147,2233.3
2069,0.870850,,0.903300,0.871100,1.213,2234.5
2070,0.869883,,0.903300,0.871100,1.147,2235.7
2071,0.870217,,0.903300,0.871100,1.202,2236.9
2072,0.868500,,0.903300,0.871100,1.155,2238.0
2073,0.869883,,0.903300,0.871100,1.209,2239.3
2074,0.870617,,0.903300,0.871100,1.145,2240.4
2075,0.868967,,0.903300,0.871100,1.215,2241.6
2076,0.869067,,0.903300,0.871100,1.153,2242.8
2077,0.868067,,0.903300,0.871100,1.216,2244.0
2078,0.868850,,0.903300,0.871100,1.151,2245.1
2079,0.867733,,0.903300,0.871100,1.216,2246.4
2080,0.868917,,0.903300,0.871100,1.152,2247.5
2081,0.869833,,0.903300,0.871100,1.218,2248.7
2082,0.870800,,0.903300,0.871100,1.153,2249.9
2083,0.868483,,0.903300,0.871100,1.219,2251.1
2084,0.869567,,0.903300,0.871100,1.155,2252.2
2085,0.868450,,0.903300,0.871100,1.226,2253.5
2086,0.871567,,0.903300,0.871567,1.152,2254.6
2087,0.868650,,0.903300,0.871567,1.213,2255.8
2088,0.869283,,0.903300,0.871567,1.209,2257.1
2089,0.870833,,0.903300,0.871567,1.220,2258.3
2090,0.870617,,0.903300,0.871567,1.150,2259.4
2091,0.870650,,0.903300,0.871567,1.218,2260.6
2092,0.869017,,0.903300,0.871567,1.157,2261.8
2093,0.872000,,0.903300,0.872000,1.226,2263.0
2094,0.869717,,0.903300,0.872000,1.147,2264.2
2095,0.871100,,0.903300,0.872000,1.218,2265.4
2096,0.869100,,0.903300,0.872000,1.149,2266.5
2097,0.869333,,0.903300,0.872000,1.225,2267.8
2098,0.871150,,0.903300,0.872000,1.152,2268.9
2099,0.869533,,0.903300,0.872000,1.223,2270.1
2100,0.872567,0.9043999910354614,0.904400,0.872567,1.608,2271.7
2101,0.870833,,0.904400,0.872567,0.765,2272.5
2102,0.871517,,0.904400,0.872567,1.154,2273.7
2103,0.871883,,0.904400,0.872567,1.218,2274.9
2104,0.872500,,0.904400,0.872567,1.160,2276.0
2105,0.870367,,0.904400,0.872567,1.223,2277.3
2106,0.869967,,0.904400,0.872567,1.149,2278.4
2107,0.870617,,0.904400,0.872567,1.236,2279.6
2108,0.871083,,0.904400,0.872567,1.153,2280.8
2109,0.872017,,0.904400,0.872567,1.233,2282.0
2110,0.871200,,0.904400,0.872567,1.152,2283.2
2111,0.871267,,0.904400,0.872567,1.223,2284.4
2112,0.871483,,0.904400,0.872567,1.159,2285.6
2113,0.871383,,0.904400,0.872567,1.261,2286.8
2114,0.870333,,0.904400,0.872567,1.148,2288.0
2115,0.870983,,0.904400,0.872567,1.218,2289.2
2116,0.871617,,0.904400,0.872567,1.148,2290.3
2117,0.869767,,0.904400,0.872567,1.228,2291.6
2118,0.869183,,0.904400,0.872567,1.145,2292.7
2119,0.870633,,0.904400,0.872567,1.226,2293.9
2120,0.871183,,0.904400,0.872567,1.156,2295.1
2121,0.869333,,0.904400,0.872567,1.220,2296.3
2122,0.873250,,0.904400,0.873250,1.147,2297.5
2123,0.871217,,0.904400,0.873250,1.227,2298.7
2124,0.870617,,0.904400,0.873250,1.153,2299.8
2125,0.871017,,0.904400,0.873250,1.231,2301.1
2126,0.871100,,0.904400,0.873250,1.215,2302.3
2127,0.869833,,0.904400,0.873250,1.227,2303.5
2128,0.870833,,0.904400,0.873250,1.167,2304.7
2129,0.869850,,0.904400,0.873250,1.227,2305.9
2130,0.871450,,0.904400,0.873250,1.153,2307.1
2131,0.871500,,0.904400,0.873250,1.221,2308.3
2132,0.871650,,0.904400,0.873250,1.157,2309.4
2133,0.869883,,0.904400,0.873250,1.221,2310.7
2134,0.871850,,0.904400,0.873250,1.155,2311.8
2135,0.869600,,0.904400,0.873250,1.233,2313.1
2136,0.871733,,0.904400,0.873250,1.166,2314.2
2137,0.872383,,0.904400,0.873250,1.230,2315.4
2138,0.871200,,0.904400,0.873250,1.198,2316.6
2139,0.872183,,0.904400,0.873250,1.231,2317.9
2140,0.872567,,0.904400,0.873250,1.158,2319.0
2141,0.872267,,0.904400,0.873250,1.225,2320.3
2142,0.872433,,0.904400,0.873250,1.161,2321.4
2143,0.869733,,0.904400,0.873250,1.223,2322.6
2144,0.869817,,0.904400,0.873250,1.160,2323.8
2145,0.870967,,0.904400,0.873250,1.237,2325.0
2146,0.871067,,0.904400,0.873250,1.173,2326.2
2147,0.871583,,0.904400,0.873250,1.226,2327.4
2148,0.871383,,0.904400,0.873250,1.160,2328.6
2149,0.872767,,0.904400,0.873250,1.240,2329.8
2150,0.871700,0.9059000015258789,0.905900,0.873250,1.620,2331.5
2151,0.873050,,0.905900,0.873250,0.777,2332.2
2152,0.871850,,0.905900,0.873250,1.155,2333.4
2153,0.871267,,0.905900,0.873250,1.237,2334.6
2154,0.872467,,0.905900,0.873250,1.169,2335.8
2155,0.872650,,0.905900,0.873250,1.235,2337.0
2156,0.870967,,0.905900,0.873250,1.164,2338.2
2157,0.870333,,0.905900,0.873250,1.235,2339.4
2158,0.871183,,0.905900,0.873250,1.162,2340.6
2159,0.872167,,0.905900,0.873250,1.236,2341.8
2160,0.870417,,0.905900,0.873250,1.167,2343.0
2161,0.872767,,0.905900,0.873250,1.233,2344.2
2162,0.872933,,0.905900,0.873250,1.192,2345.4
2163,0.873517,,0.905900,0.873517,1.292,2346.7
2164,0.871883,,0.905900,0.873517,1.169,2347.9
2165,0.871600,,0.905900,0.873517,1.233,2349.1
2166,0.871600,,0.905900,0.873517,1.161,2350.3
2167,0.873017,,0.905900,0.873517,1.237,2351.5
2168,0.871017,,0.905900,0.873517,1.156,2352.7
2169,0.872083,,0.905900,0.873517,1.229,2353.9
2170,0.873667,,0.905900,0.873667,1.166,2355.1
2171,0.871917,,0.905900,0.873667,1.238,2356.3
2172,0.873400,,0.905900,0.873667,1.158,2357.5
2173,0.871183,,0.905900,0.873667,1.238,2358.7
2174,0.872550,,0.905900,0.873667,1.157,2359.9
2175,0.872733,,0.905900,0.873667,1.229,2361.1
2176,0.870850,,0.905900,0.873667,1.154,2362.2
2177,0.872550,,0.905900,0.873667,1.239,2363.5
2178,0.872917,,0.905900,0.873667,1.162,2364.6
2179,0.872183,,0.905900,0.873667,1.230,2365.9
2180,0.872200,,0.905900,0.873667,1.155,2367.0
2181,0.871867,,0.905900,0.873667,1.230,2368.3
2182,0.871117,,0.905900,0.873667,1.170,2369.4
2183,0.872567,,0.905900,0.873667,1.234,2370.7
2184,0.873367,,0.905900,0.873667,1.152,2371.8
2185,0.873683,,0.905900,0.873683,1.229,2373.0
2186,0.872667,,0.905900,0.873683,1.164,2374.2
2187,0.873217,,0.905900,0.873683,1.233,2375.4
2188,0.872083,,0.905900,0.873683,1.213,2376.7
2189,0.872733,,0.905900,0.873683,1.235,2377.9
2190,0.872183,,0.905900,0.873683,1.167,2379.1
2191,0.870883,,0.905900,0.873683,1.219,2380.3
2192,0.873617,,0.905900,0.873683,1.167,2381.4
2193,0.872467,,0.905900,0.873683,1.235,2382.7
2194,0.872767,,0.905900,0.873683,1.166,2383.8
2195,0.872850,,0.905900,0.873683,1.234,2385.1
2196,0.871833,,0.905900,0.873683,1.166,2386.2
2197,0.871817,,0.905900,0.873683,1.232,2387.5
2198,0.873400,,0.905900,0.873683,1.161,2388.6
2199,0.873200,,0.905900,0.873683,1.231,2389.9
2200,0.874717,0.9045999646186829,0.905900,0.874717,1.626,2391.5
2201,0.872350,,0.905900,0.874717,0.767,2392.3
2202,0.874650,,0.905900,0.874717,1.154,2393.4
2203,0.873033,,0.905900,0.874717,1.231,2394.6
2204,0.871733,,0.905900,0.874717,1.165,2395.8
2205,0.872100,,0.905900,0.874717,1.245,2397.1
2206,0.873417,,0.905900,0.874717,1.165,2398.2
2207,0.873017,,0.905900,0.874717,1.229,2399.4
2208,0.872933,,0.905900,0.874717,1.156,2400.6
2209,0.873833,,0.905900,0.874717,1.231,2401.8
2210,0.872767,,0.905900,0.874717,1.162,2403.0
2211,0.874517,,0.905900,0.874717,1.237,2404.2
2212,0.873650,,0.905900,0.874717,1.162,2405.4
2213,0.874233,,0.905900,0.874717,1.270,2406.7
2214,0.872750,,0.905900,0.874717,1.164,2407.8
2215,0.874250,,0.905900,0.874717,1.236,2409.1
2216,0.873567,,0.905900,0.874717,1.161,2410.2
2217,0.872033,,0.905900,0.874717,1.237,2411.5
2218,0.872533,,0.905900,0.874717,1.157,2412.6
2219,0.873017,,0.905900,0.874717,1.232,2413.9
2220,0.874817,,0.905900,0.874817,1.157,2415.0
2221,0.872217,,0.905900,0.874817,1.234,2416.2
2222,0.875417,,0.905900,0.875417,1.164,2417.4
2223,0.873817,,0.905900,0.875417,1.223,2418.6
2224,0.872850,,0.905900,0.875417,1.151,2419.8
2225,0.874233,,0.905900,0.875417,1.237,2421.0
2226,0.874417,,0.905900,0.875417,1.168,2422.2
2227,0.874317,,0.905900,0.875417,1.234,2423.4
2228,0.875117,,0.905900,0.875417,1.155,2424.6
2229,0.873050,,0.905900,0.875417,1.235,2425.8
2230,0.872633,,0.905900,0.875417,1.163,2427.0
2231,0.874367,,0.905900,0.875417,1.237,2428.2
2232,0.872200,,0.905900,0.875417,1.160,2429.4
2233,0.873367,,0.905900,0.875417,1.227,2430.6
2234,0.874867,,0.905900,0.875417,1.168,2431.8
2235,0.873600,,0.905900,0.875417,1.229,2433.0
2236,0.874433,,0.905900,0.875417,1.165,2434.2
2237,0.874733,,0.905900,0.875417,1.234,2435.4
2238,0.873150,,0.905900,0.875417,1.173,2436.6
2239,0.875467,,0.905900,0.875467,1.306,2437.9
2240,0.874500,,0.905900,0.875467,1.161,2439.0
2241,0.873917,,0.905900,0.875467,1.231,2440.3
2242,0.874333,,0.905900,0.875467,1.156,2441.4
2243,0.874800,,0.905900,0.875467,1.240,2442.7
2244,0.874817,,0.905900,0.875467,1.164,2443.8
2245,0.873300,,0.905900,0.875467,1.226,2445.1
2246,0.873600,,0.905900,0.875467,1.149,2446.2
2247,0.873350,,0.905900,0.875467,1.243,2447.4
2248,0.874367,,0.905900,0.875467,1.164,2448.6
2249,0.874117,,0.905900,0.875467,1.245,2449.9
2250,0.873250,0.9070999622344971,0.907100,0.875467,1.629,2451.5
2251,0.872867,,0.907100,0.875467,0.776,2452.3
2252,0.874850,,0.907100,0.875467,1.157,2453.4
2253,0.876333,,0.907100,0.876333,1.228,2454.6
2254,0.875817,,0.907100,0.876333,1.161,2455.8
2255,0.873917,,0.907100,0.876333,1.241,2457.0
2256,0.873867,,0.907100,0.876333,1.176,2458.2
2257,0.874100,,0.907100,0.876333,1.230,2459.5
2258,0.875317,,0.907100,0.876333,1.169,2460.6
2259,0.875550,,0.907100,0.876333,1.231,2461.9
2260,0.876450,,0.907100,0.876450,1.166,2463.0
2261,0.875450,,0.907100,0.876450,1.235,2464.3
2262,0.875633,,0.907100,0.876450,1.163,2465.4
2263,0.875133,,0.907100,0.876450,1.227,2466.6
2264,0.873517,,0.907100,0.876450,1.175,2467.8
2265,0.874683,,0.907100,0.876450,1.239,2469.1
2266,0.873550,,0.907100,0.876450,1.164,2470.2
2267,0.874633,,0.907100,0.876450,1.230,2471.4
2268,0.874150,,0.907100,0.876450,1.162,2472.6
2269,0.875850,,0.907100,0.876450,1.238,2473.9
2270,0.874567,,0.907100,0.876450,1.158,2475.0
2271,0.875033,,0.907100,0.876450,1.233,2476.2
2272,0.874217,,0.907100,0.876450,1.160,2477.4
2273,0.874500,,0.907100,0.876450,1.235,2478.6
2274,0.875450,,0.907100,0.876450,1.162,2479.8
2275,0.876167,,0.907100,0.876450,1.232,2481.0
2276,0.875467,,0.907100,0.876450,1.164,2482.2
2277,0.874150,,0.907100,0.876450,1.239,2483.4
2278,0.875183,,0.907100,0.876450,1.162,2484.6
2279,0.876867,,0.907100,0.876867,1.227,2485.8
2280,0.874517,,0.907100,0.876867,1.164,2487.0
2281,0.875233,,0.907100,0.876867,1.227,2488.2
2282,0.875050,,0.907100,0.876867,1.160,2489.4
2283,0.874383,,0.907100,0.876867,1.240,2490.6
2284,0.875383,,0.907100,0.876867,1.171,2491.8
2285,0.875217,,0.907100,0.876867,1.247,2493.0
2286,0.873767,,0.907100,0.876867,1.181,2494.2
2287,0.875500,,0.907100,0.876867,1.231,2495.4
2288,0.874917,,0.907100,0.876867,1.165,2496.6
2289,0.873717,,0.907100,0.876867,1.223,2497.8
2290,0.874267,,0.907100,0.876867,1.167,2499.0
2291,0.874267,,0.907100,0.876867,1.231,2500.2
2292,0.876533,,0.907100,0.876867,1.158,2501.4
2293,0.875317,,0.907100,0.876867,1.230,2502.6
2294,0.874400,,0.907100,0.876867,1.164,2503.8
2295,0.876367,,0.907100,0.876867,1.230,2505.0
2296,0.876983,,0.907100,0.876983,1.151,2506.2
2297,0.876700,,0.907100,0.876983,1.225,2507.4
2298,0.875300,,0.907100,0.876983,1.149,2508.5
2299,0.874867,,0.907100,0.876983,1.229,2509.8
2300,0.874350,0.9061999917030334,0.907100,0.876983,1.623,2511.4
2301,0.875517,,0.907100,0.876983,0.771,2512.2
2302,0.875317,,0.907100,0.876983,1.147,2513.3
2303,0.874633,,0.907100,0.876983,1.232,2514.5
2304,0.876050,,0.907100,0.876983,1.161,2515.7
2305,0.874817,,0.907100,0.876983,1.227,2516.9
2306,0.876883,,0.907100,0.876983,1.166,2518.1
2307,0.875383,,0.907100,0.876983,1.245,2519.3
2308,0.875267,,0.907100,0.876983,1.162,2520.5
2309,0.875117,,0.907100,0.876983,1.231,2521.7
2310,0.874217,,0.907100,0.876983,1.161,2522.9
2311,0.874700,,0.907100,0.876983,1.229,2524.1
2312,0.876633,,0.907100,0.876983,1.164,2525.3
2313,0.876200,,0.907100,0.876983,1.235,2526.5
2314,0.874617,,0.907100,0.876983,1.194,2527.7
2315,0.875300,,0.907100,0.876983,1.226,2528.9
2316,0.876867,,0.907100,0.876983,1.156,2530.1
2317,0.876450,,0.907100,0.876983,1.228,2531.3
2318,0.874700,,0.907100,0.876983,1.153,2532.5
2319,0.875850,,0.907100,0.876983,1.235,2533.7
2320,0.876400,,0.907100,0.876983,1.159,2534.9
2321,0.875517,,0.907100,0.876983,1.221,2536.1
2322,0.876267,,0.907100,0.876983,1.157,2537.2
2323,0.874650,,0.907100,0.876983,1.223,2538.5
2324,0.875717,,0.907100,0.876983,1.151,2539.6
2325,0.877833,,0.907100,0.877833,1.219,2540.8
2326,0.874550,,0.907100,0.877833,1.152,2542.0
2327,0.874500,,0.907100,0.877833,1.225,2543.2
2328,0.875567,,0.907100,0.877833,1.156,2544.4
2329,0.877300,,0.907100,0.877833,1.224,2545.6
2330,0.875800,,0.907100,0.877833,1.151,2546.7
2331,0.875783,,0.907100,0.877833,1.227,2548.0
2332,0.875067,,0.907100,0.877833,1.150,2549.1
2333,0.877083,,0.907100,0.877833,1.228,2550.4
2334,0.876583,,0.907100,0.877833,1.148,2551.5
2335,0.875317,,0.907100,0.877833,1.216,2552.7
2336,0.875667,,0.907100,0.877833,1.146,2553.9
2337,0.876467,,0.907100,0.877833,1.214,2555.1
2338,0.875633,,0.907100,0.877833,1.158,2556.2
2339,0.877567,,0.907100,0.877833,1.221,2557.5
2340,0.876317,,0.907100,0.877833,1.197,2558.7
2341,0.876650,,0.907100,0.877833,1.217,2559.9
2342,0.877250,,0.907100,0.877833,1.153,2561.0
2343,0.876467,,0.907100,0.877833,1.219,2562.2
2344,0.876133,,0.907100,0.877833,1.146,2563.4
2345,0.875867,,0.907100,0.877833,1.212,2564.6
2346,0.876883,,0.907100,0.877833,1.143,2565.7
2347,0.875917,,0.907100,0.877833,1.222,2567.0
2348,0.877083,,0.907100,0.877833,1.151,2568.1
2349,0.875133,,0.907100,0.877833,1.209,2569.3
2350,0.875533,0.906499981880188,0.907100,0.877833,1.600,2570.9
2351,0.875483,,0.907100,0.877833,0.775,2571.7
2352,0.874533,,0.907100,0.877833,1.142,2572.8
2353,0.875867,,0.907100,0.877833,1.209,2574.1
2354,0.876700,,0.907100,0.877833,1.151,2575.2
2355,0.876367,,0.907100,0.877833,1.220,2576.4
2356,0.877033,,0.907100,0.877833,1.138,2577.6
2357,0.876550,,0.907100,0.877833,1.215,2578.8
2358,0.876033,,0.907100,0.877833,1.140,2579.9
2359,0.875700,,0.907100,0.877833,1.223,2581.1
2360,0.875917,,0.907100,0.877833,1.149,2582.3
2361,0.877150,,0.907100,0.877833,1.224,2583.5
2362,0.876217,,0.907100,0.877833,1.156,2584.7
2363,0.875683,,0.907100,0.877833,1.218,2585.9
2364,0.875217,,0.907100,0.877833,1.148,2587.0
2365,0.877150,,0.907100,0.877833,1.261,2588.3
2366,0.876550,,0.907100,0.877833,1.148,2589.4
2367,0.877033,,0.907100,0.877833,1.215,2590.7
2368,0.875367,,0.907100,0.877833,1.151,2591.8
2369,0.877650,,0.907100,0.877833,1.224,2593.0
2370,0.877233,,0.907100,0.877833,1.146,2594.2
2371,0.875633,,0.907100,0.877833,1.217,2595.4
2372,0.876867,,0.907100,0.877833,1.146,2596.5
2373,0.876617,,0.907100,0.877833,1.218,2597.8
2374,0.876967,,0.907100,0.877833,1.159,2598.9
2375,0.876183,,0.907100,0.877833,1.222,2600.1
2376,0.877200,,0.907100,0.877833,1.151,2601.3
2377,0.877767,,0.907100,0.877833,1.223,2602.5
2378,0.877000,,0.907100,0.877833,1.152,2603.7
2379,0.876117,,0.907100,0.877833,1.214,2604.9
2380,0.874850,,0.907100,0.877833,1.146,2606.0
2381,0.876500,,0.907100,0.877833,1.217,2607.2
2382,0.876517,,0.907100,0.877833,1.150,2608.4
2383,0.875867,,0.907100,0.877833,1.223,2609.6
2384,0.875200,,0.907100,0.877833,1.158,2610.8
2385,0.875600,,0.907100,0.877833,1.223,2612.0
2386,0.876050,,0.907100,0.877833,1.147,2613.1
2387,0.876933,,0.907100,0.877833,1.218,2614.4
2388,0.876350,,0.907100,0.877833,1.151,2615.5
2389,0.876817,,0.907100,0.877833,1.221,2616.7
2390,0.876867,,0.907100,0.877833,1.198,2617.9
2391,0.876733,,0.907100,0.877833,1.226,2619.2
2392,0.877233,,0.907100,0.877833,1.147,2620.3
2393,0.875467,,0.907100,0.877833,1.221,2621.5
2394,0.876767,,0.907100,0.877833,1.151,2622.7
2395,0.877033,,0.907100,0.877833,1.216,2623.9
2396,0.875917,,0.907100,0.877833,1.137,2625.0
2397,0.876767,,0.907100,0.877833,1.214,2626.2
2398,0.875867,,0.907100,0.877833,1.150,2627.4
2399,0.878000,,0.907100,0.878000,1.219,2628.6
2400,0.877667,0.9059999585151672,0.907100,0.878000,1.600,2630.2
2401,0.876133,,0.907100,0.878000,0.768,2631.0
2402,0.876150,,0.907100,0.878000,1.141,2632.1
2403,0.878233,,0.907100,0.878233,1.225,2633.3
2404,0.877100,,0.907100,0.878233,1.143,2634.5
2405,0.875850,,0.907100,0.878233,1.214,2635.7
2406,0.875233,,0.907100,0.878233,1.150,2636.9
2407,0.876483,,0.907100,0.878233,1.224,2638.1
2408,0.876333,,0.907100,0.878233,1.142,2639.2
2409,0.876017,,0.907100,0.878233,1.208,2640.4
2410,0.878150,,0.907100,0.878233,1.142,2641.6
2411,0.877050,,0.907100,0.878233,1.229,2642.8
2412,0.876117,,0.907100,0.878233,1.166,2644.0
2413,0.875283,,0.907100,0.878233,1.225,2645.2
2414,0.877983,,0.907100,0.878233,1.148,2646.3
2415,0.877867,,0.907100,0.878233,1.225,2647.6
2416,0.874150,,0.907100,0.878233,1.169,2648.7
2417,0.876283,,0.907100,0.878233,1.237,2650.0
2418,0.876333,,0.907100,0.878233,1.153,2651.1
2419,0.875517,,0.907100,0.878233,1.218,2652.3
2420,0.876017,,0.907100,0.878233,1.149,2653.5
2421,0.877667,,0.907100,0.878233,1.228,2654.7
2422,0.877150,,0.907100,0.878233,1.157,2655.9
2423,0.877850,,0.907100,0.878233,1.231,2657.1
2424,0.875850,,0.907100,0.878233,1.161,2658.3
2425,0.876550,,0.907100,0.878233,1.229,2659.5
2426,0.877217,,0.907100,0.878233,1.172,2660.7
2427,0.875483,,0.907100,0.878233,1.228,2661.9
2428,0.876883,,0.907100,0.878233,1.150,2663.0
2429,0.875250,,0.907100,0.878233,1.228,2664.3
2430,0.877633,,0.907100,0.878233,1.161,2665.4
2431,0.877517,,0.907100,0.878233,1.219,2666.7
2432,0.875883,,0.907100,0.878233,1.148,2667.8
2433,0.876750,,0.907100,0.878233,1.232,2669.0
2434,0.876600,,0.907100,0.878233,1.149,2670.2
2435,0.876033,,0.907100,0.878233,1.223,2671.4
2436,0.877267,,0.907100,0.878233,1.167,2672.6
2437,0.875833,,0.907100,0.878233,1.224,2673.8
2438,0.877833,,0.907100,0.878233,1.161,2675.0
2439,0.877167,,0.907100,0.878233,1.229,2676.2
2440,0.875017,,0.907100,0.878233,1.160,2677.3
2441,0.878033,,0.907100,0.878233,1.242,2678.6
2442,0.877567,,0.907100,0.878233,1.164,2679.8
2443,0.874533,,0.907100,0.878233,1.231,2681.0
2444,0.875733,,0.907100,0.878233,1.151,2682.1
2445,0.875100,,0.907100,0.878233,1.226,2683.4
2446,0.875933,,0.907100,0.878233,1.172,2684.5
2447,0.876567,,0.907100,0.878233,1.230,2685.8
2448,0.876500,,0.907100,0.878233,1.166,2686.9
2449,0.876817,,0.907100,0.878233,1.233,2688.2
2450,0.875600,0.9065999984741211,0.907100,0.878233,1.623,2689.8
2451,0.879483,,0.907100,0.879483,0.769,2690.6
2452,0.876700,,0.907100,0.879483,1.159,2691.7
2453,0.878233,,0.907100,0.879483,1.232,2692.9
2454,0.876367,,0.907100,0.879483,1.161,2694.1
2455,0.876883,,0.907100,0.879483,1.233,2695.3
2456,0.877767,,0.907100,0.879483,1.160,2696.5
2457,0.878483,,0.907100,0.879483,1.237,2697.7
2458,0.877567,,0.907100,0.879483,1.151,2698.9
2459,0.877817,,0.907100,0.879483,1.233,2700.1
2460,0.875983,,0.907100,0.879483,1.163,2701.3
2461,0.876400,,0.907100,0.879483,1.231,2702.5
2462,0.877500,,0.907100,0.879483,1.160,2703.7
2463,0.877500,,0.907100,0.879483,1.229,2704.9
2464,0.878383,,0.907100,0.879483,1.167,2706.1
2465,0.877117,,0.907100,0.879483,1.224,2707.3
2466,0.876617,,0.907100,0.879483,1.173,2708.5
2467,0.876383,,0.907100,0.879483,1.237,2709.7
2468,0.877567,,0.907100,0.879483,1.170,2710.9
2469,0.877533,,0.907100,0.879483,1.234,2712.1
2470,0.876167,,0.907100,0.879483,1.160,2713.3
2471,0.878100,,0.907100,0.879483,1.228,2714.5
2472,0.876733,,0.907100,0.879483,1.169,2715.7
2473,0.877550,,0.907100,0.879483,1.239,2716.9
2474,0.877367,,0.907100,0.879483,1.163,2718.1
2475,0.876283,,0.907100,0.879483,1.233,2719.3
2476,0.875517,,0.907100,0.879483,1.163,2720.5
2477,0.877650,,0.907100,0.879483,1.231,2721.7
2478,0.877600,,0.907100,0.879483,1.162,2722.9
2479,0.877450,,0.907100,0.879483,1.233,2724.1
2480,0.878033,,0.907100,0.879483,1.154,2725.2
2481,0.877050,,0.907100,0.879483,1.230,2726.5
2482,0.876267,,0.907100,0.879483,1.161,2727.6
2483,0.877450,,0.907100,0.879483,1.225,2728.9
2484,0.879133,,0.907100,0.879483,1.167,2730.0
2485,0.876400,,0.907100,0.879483,1.234,2731.3
2486,0.876467,,0.907100,0.879483,1.159,2732.4
2487,0.876133,,0.907100,0.879483,1.231,2733.7
2488,0.877233,,0.907100,0.879483,1.179,2734.8
2489,0.878500,,0.907100,0.879483,1.235,2736.1
2490,0.876317,,0.907100,0.879483,1.165,2737.2
2491,0.875567,,0.907100,0.879483,1.228,2738.5
2492,0.875867,,0.907100,0.879483,1.166,2739.6
2493,0.876017,,0.907100,0.879483,1.234,2740.9
2494,0.878667,,0.907100,0.879483,1.162,2742.0
2495,0.875650,,0.907100,0.879483,1.228,2743.3
2496,0.878500,,0.907100,0.879483,1.165,2744.4
2497,0.876867,,0.907100,0.879483,1.233,2745.6
2498,0.878067,,0.907100,0.879483,1.167,2746.8
2499,0.878917,,0.907100,0.879483,1.227,2748.0
2500,0.877650,0.9080999493598938,0.908100,0.879483,1.611,2749.7
2501,0.877533,,0.908100,0.879483,0.775,2750.4
2502,0.876683,,0.908100,0.879483,1.160,2751.6
2503,0.877300,,0.908100,0.879483,1.234,2752.8
2504,0.877050,,0.908100,0.879483,1.159,2754.0
2505,0.878283,,0.908100,0.879483,1.229,2755.2
2506,0.876933,,0.908100,0.879483,1.154,2756.4
2507,0.876233,,0.908100,0.879483,1.240,2757.6
2508,0.876733,,0.908100,0.879483,1.179,2758.8
2509,0.877900,,0.908100,0.879483,1.240,2760.0
2510,0.876767,,0.908100,0.879483,1.166,2761.2
2511,0.878650,,0.908100,0.879483,1.231,2762.4
2512,0.876200,,0.908100,0.879483,1.162,2763.6
2513,0.877750,,0.908100,0.879483,1.241,2764.8
2514,0.877433,,0.908100,0.879483,1.169,2766.0
2515,0.877733,,0.908100,0.879483,1.247,2767.2
2516,0.877733,,0.908100,0.879483,1.170,2768.4
2517,0.877933,,0.908100,0.879483,1.231,2769.6
2518,0.876733,,0.908100,0.879483,1.162,2770.8
2519,0.879200,,0.908100,0.879483,1.239,2772.0
2520,0.876133,,0.908100,0.879483,1.161,2773.2
2521,0.876517,,0.908100,0.879483,1.233,2774.4
2522,0.876517,,0.908100,0.879483,1.162,2775.6
2523,0.877850,,0.908100,0.879483,1.230,2776.8
2524,0.878817,,0.908100,0.879483,1.160,2778.0
2525,0.878333,,0.908100,0.879483,1.234,2779.2
2526,0.876467,,0.908100,0.879483,1.166,2780.4
2527,0.878350,,0.908100,0.879483,1.233,2781.6
2528,0.877550,,0.908100,0.879483,1.170,2782.8
2529,0.877450,,0.908100,0.879483,1.231,2784.0
2530,0.875650,,0.908100,0.879483,1.164,2785.2
2531,0.877250,,0.908100,0.879483,1.221,2786.4
2532,0.877850,,0.908100,0.879483,1.166,2787.6
2533,0.878783,,0.908100,0.879483,1.224,2788.8
2534,0.878383,,0.908100,0.879483,1.158,2790.0
2535,0.878600,,0.908100,0.879483,1.236,2791.2
2536,0.877883,,0.908100,0.879483,1.166,2792.4
2537,0.877383,,0.908100,0.879483,1.236,2793.6
2538,0.876700,,0.908100,0.879483,1.165,2794.8
2539,0.877683,,0.908100,0.879483,1.225,2796.0
2540,0.879000,,0.908100,0.879483,1.154,2797.1
2541,0.876517,,0.908100,0.879483,1.230,2798.4
2542,0.878217,,0.908100,0.879483,1.160,2799.5
2543,0.879350,,0.908100,0.879483,1.232,2800.8
2544,0.876083,,0.908100,0.879483,1.166,2801.9
2545,0.875950,,0.908100,0.879483,1.238,2803.2
2546,0.877500,,0.908100,0.879483,1.158,2804.3
2547,0.876983,,0.908100,0.879483,1.231,2805.5
2548,0.877650,,0.908100,0.879483,1.162,2806.7
2549,0.876933,,0.908100,0.879483,1.256,2808.0
2550,0.878733,0.9074999690055847,0.908100,0.879483,1.622,2809.6
2551,0.878083,,0.908100,0.879483,0.775,2810.4
2552,0.879500,,0.908100,0.879500,1.151,2811.5
2553,0.878767,,0.908100,0.879500,1.232,2812.7
2554,0.879583,,0.908100,0.879583,1.168,2813.9
2555,0.877450,,0.908100,0.879583,1.237,2815.2
2556,0.877083,,0.908100,0.879583,1.168,2816.3
2557,0.878283,,0.908100,0.879583,1.228,2817.5
2558,0.877767,,0.908100,0.879583,1.167,2818.7
2559,0.877667,,0.908100,0.879583,1.241,2820.0
2560,0.877400,,0.908100,0.879583,1.166,2821.1
2561,0.879283,,0.908100,0.879583,1.231,2822.4
2562,0.881033,,0.908100,0.881033,1.162,2823.5
2563,0.878367,,0.908100,0.881033,1.226,2824.7
2564,0.878317,,0.908100,0.881033,1.160,2825.9
2565,0.879450,,0.908100,0.881033,1.232,2827.1
2566,0.879250,,0.908100,0.881033,1.159,2828.3
2567,0.877550,,0.908100,0.881033,1.270,2829.6
2568,0.880750,,0.908100,0.881033,1.153,2830.7
2569,0.878417,,0.908100,0.881033,1.234,2831.9
2570,0.877617,,0.908100,0.881033,1.151,2833.1
2571,0.879150,,0.908100,0.881033,1.233,2834.3
2572,0.878150,,0.908100,0.881033,1.168,2835.5
2573,0.879517,,0.908100,0.881033,1.239,2836.7
2574,0.878983,,0.908100,0.881033,1.167,2837.9
2575,0.878517,,0.908100,0.881033,1.241,2839.1
2576,0.879533,,0.908100,0.881033,1.160,2840.3
2577,0.879050,,0.908100,0.881033,1.231,2841.5
2578,0.879267,,0.908100,0.881033,1.160,2842.7
2579,0.878650,,0.908100,0.881033,1.249,2843.9
2580,0.877617,,0.908100,0.881033,1.159,2845.1
2581,0.879667,,0.908100,0.881033,1.231,2846.3
2582,0.877950,,0.908100,0.881033,1.162,2847.5
2583,0.878500,,0.908100,0.881033,1.227,2848.7
2584,0.879600,,0.908100,0.881033,1.167,2849.9
2585,0.879517,,0.908100,0.881033,1.233,2851.1
2586,0.879267,,0.908100,0.881033,1.162,2852.3
2587,0.878983,,0.908100,0.881033,1.233,2853.5
2588,0.879750,,0.908100,0.881033,1.164,2854.7
2589,0.880700,,0.908100,0.881033,1.240,2855.9
2590,0.880433,,0.908100,0.881033,1.165,2857.1
2591,0.879633,,0.908100,0.881033,1.239,2858.3
2592,0.878583,,0.908100,0.881033,1.204,2859.5
2593,0.879717,,0.908100,0.881033,1.237,2860.8
2594,0.880600,,0.908100,0.881033,1.156,2861.9
2595,0.879767,,0.908100,0.881033,1.233,2863.2
2596,0.880100,,0.908100,0.881033,1.160,2864.3
2597,0.879833,,0.908100,0.881033,1.241,2865.6
2598,0.879417,,0.908100,0.881033,1.159,2866.7
2599,0.878600,,0.908100,0.881033,1.233,2868.0
2600,0.878567,0.9103999733924866,0.910400,0.881033,1.622,2869.6
2601,0.879900,,0.910400,0.881033,0.785,2870.4
2602,0.880750,,0.910400,0.881033,1.155,2871.5
2603,0.880217,,0.910400,0.881033,1.231,2872.7
2604,0.880067,,0.910400,0.881033,1.157,2873.9
2605,0.878433,,0.910400,0.881033,1.244,2875.1
2606,0.880900,,0.910400,0.881033,1.154,2876.3
2607,0.879433,,0.910400,0.881033,1.225,2877.5
2608,0.879150,,0.910400,0.881033,1.151,2878.7
2609,0.878433,,0.910400,0.881033,1.228,2879.9
2610,0.879133,,0.910400,0.881033,1.165,2881.1
2611,0.879483,,0.910400,0.881033,1.236,2882.3
2612,0.879133,,0.910400,0.881033,1.162,2883.5
2613,0.878900,,0.910400,0.881033,1.225,2884.7
2614,0.879067,,0.910400,0.881033,1.152,2885.8
2615,0.880083,,0.910400,0.881033,1.230,2887.1
2616,0.879633,,0.910400,0.881033,1.158,2888.2
2617,0.878867,,0.910400,0.881033,1.271,2889.5
2618,0.879683,,0.910400,0.881033,1.162,2890.7
2619,0.879833,,0.910400,0.881033,1.228,2891.9
2620,0.879850,,0.910400,0.881033,1.164,2893.1
2621,0.880550,,0.910400,0.881033,1.228,2894.3
2622,0.880450,,0.910400,0.881033,1.151,2895.4
2623,0.880467,,0.910400,0.881033,1.225,2896.7
2624,0.878233,,0.910400,0.881033,1.148,2897.8
2625,0.881033,,0.910400,0.881033,1.213,2899.0
2626,0.879933,,0.910400,0.881033,1.153,2900.2
2627,0.881333,,0.910400,0.881333,1.226,2901.4
2628,0.880883,,0.910400,0.881333,1.155,2902.6
2629,0.881267,,0.910400,0.881333,1.219,2903.8
2630,0.879067,,0.910400,0.881333,1.150,2904.9
2631,0.879917,,0.910400,0.881333,1.226,2906.2
2632,0.880633,,0.910400,0.881333,1.142,2907.3
2633,0.879717,,0.910400,0.881333,1.220,2908.5
2634,0.880100,,0.910400,0.881333,1.146,2909.7
2635,0.879633,,0.910400,0.881333,1.224,2910.9
2636,0.881567,,0.910400,0.881567,1.147,2912.0
2637,0.880300,,0.910400,0.881567,1.215,2913.2
2638,0.881717,,0.910400,0.881717,1.143,2914.4
2639,0.881467,,0.910400,0.881717,1.214,2915.6
2640,0.880017,,0.910400,0.881717,1.142,2916.7
2641,0.878467,,0.910400,0.881717,1.210,2918.0
2642,0.880283,,0.910400,0.881717,1.145,2919.1
2643,0.880017,,0.910400,0.881717,1.218,2920.3
2644,0.881817,,0.910400,0.881817,1.154,2921.5
2645,0.881217,,0.910400,0.881817,1.226,2922.7
2646,0.880250,,0.910400,0.881817,1.144,2923.8
2647,0.879583,,0.910400,0.881817,1.214,2925.1
2648,0.880033,,0.910400,0.881817,1.149,2926.2
2649,0.880717,,0.910400,0.881817,1.218,2927.4
2650,0.879433,0.9108999967575073,0.910900,0.881817,1.599,2929.0
2651,0.878700,,0.910900,0.881817,0.769,2929.8
2652,0.880150,,0.910900,0.881817,1.138,2930.9
2653,0.879167,,0.910900,0.881817,1.219,2932.2
2654,0.881033,,0.910900,0.881817,1.152,2933.3
2655,0.880817,,0.910900,0.881817,1.205,2934.5
2656,0.879500,,0.910900,0.881817,1.146,2935.7
2657,0.880500,,0.910900,0.881817,1.209,2936.9
2658,0.879133,,0.910900,0.881817,1.142,2938.0
2659,0.879450,,0.910900,0.881817,1.218,2939.2
2660,0.880433,,0.910900,0.881817,1.140,2940.4
2661,0.879683,,0.910900,0.881817,1.225,2941.6
2662,0.879383,,0.910900,0.881817,1.154,2942.7
2663,0.879300,,0.910900,0.881817,1.213,2944.0
2664,0.880033,,0.910900,0.881817,1.150,2945.1
2665,0.880967,,0.910900,0.881817,1.218,2946.3
2666,0.879650,,0.910900,0.881817,1.151,2947.5
2667,0.881667,,0.910900,0.881817,1.219,2948.7
2668,0.880167,,0.910900,0.881817,1.140,2949.8
2669,0.880450,,0.910900,0.881817,1.284,2951.1
2670,0.879917,,0.910900,0.881817,1.148,2952.3
2671,0.880250,,0.910900,0.881817,1.217,2953.5
2672,0.878017,,0.910900,0.881817,1.146,2954.6
2673,0.878583,,0.910900,0.881817,1.219,2955.8
2674,0.881750,,0.910900,0.881817,1.147,2957.0
2675,0.880317,,0.910900,0.881817,1.211,2958.2
2676,0.880450,,0.910900,0.881817,1.151,2959.4
2677,0.880617,,0.910900,0.881817,1.224,2960.6
2678,0.880050,,0.910900,0.881817,1.141,2961.7
2679,0.878567,,0.910900,0.881817,1.218,2962.9
2680,0.880400,,0.910900,0.881817,1.148,2964.1
2681,0.880700,,0.910900,0.881817,1.210,2965.3
2682,0.879050,,0.910900,0.881817,1.149,2966.4
2683,0.880617,,0.910900,0.881817,1.213,2967.7
2684,0.879917,,0.910900,0.881817,1.142,2968.8
2685,0.880533,,0.910900,0.881817,1.211,2970.0
2686,0.879267,,0.910900,0.881817,1.139,2971.2
2687,0.879567,,0.910900,0.881817,1.214,2972.4
2688,0.881283,,0.910900,0.881817,1.160,2973.5
2689,0.880500,,0.910900,0.881817,1.219,2974.7
2690,0.880533,,0.910900,0.881817,1.144,2975.9
2691,0.881567,,0.910900,0.881817,1.221,2977.1
2692,0.879917,,0.910900,0.881817,1.152,2978.3
2693,0.881617,,0.910900,0.881817,1.213,2979.5
2694,0.880483,,0.910900,0.881817,1.187,2980.7
2695,0.880583,,0.910900,0.881817,1.219,2981.9
2696,0.880183,,0.910900,0.881817,1.160,2983.0
2697,0.880833,,0.910900,0.881817,1.219,2984.3
2698,0.880250,,0.910900,0.881817,1.151,2985.4
2699,0.880783,,0.910900,0.881817,1.227,2986.6
2700,0.880000,0.9072999954223633,0.910900,0.881817,1.608,2988.2
2701,0.877617,,0.910900,0.881817,0.758,2989.0
2702,0.880500,,0.910900,0.881817,1.146,2990.2
2703,0.881283,,0.910900,0.881817,1.237,2991.4
2704,0.880400,,0.910900,0.881817,1.153,2992.5
2705,0.879867,,0.910900,0.881817,1.215,2993.8
2706,0.880633,,0.910900,0.881817,1.152,2994.9
2707,0.880167,,0.910900,0.881817,1.218,2996.1
2708,0.880467,,0.910900,0.881817,1.148,2997.3
2709,0.880783,,0.910900,0.881817,1.222,2998.5
2710,0.880300,,0.910900,0.881817,1.152,2999.6
2711,0.880083,,0.910900,0.881817,1.224,3000.9
2712,0.881333,,0.910900,0.881817,1.152,3002.0
2713,0.879500,,0.910900,0.881817,1.225,3003.2
2714,0.879783,,0.910900,0.881817,1.160,3004.4
2715,0.880817,,0.910900,0.881817,1.223,3005.6
2716,0.880500,,0.910900,0.881817,1.157,3006.8
2717,0.878650,,0.910900,0.881817,1.218,3008.0
2718,0.880400,,0.910900,0.881817,1.165,3009.2
2719,0.879750,,0.910900,0.881817,1.286,3010.5
2720,0.880867,,0.910900,0.881817,1.151,3011.6
2721,0.878250,,0.910900,0.881817,1.212,3012.8
2722,0.879533,,0.910900,0.881817,1.149,3014.0
2723,0.879633,,0.910900,0.881817,1.229,3015.2
2724,0.881250,,0.910900,0.881817,1.155,3016.4
2725,0.880117,,0.910900,0.881817,1.227,3017.6
2726,0.880900,,0.910900,0.881817,1.156,3018.7
2727,0.879700,,0.910900,0.881817,1.223,3020.0
2728,0.880483,,0.910900,0.881817,1.147,3021.1
2729,0.881183,,0.910900,0.881817,1.229,3022.3
2730,0.881067,,0.910900,0.881817,1.149,3023.5
2731,0.881467,,0.910900,0.881817,1.224,3024.7
2732,0.880250,,0.910900,0.881817,1.143,3025.9
2733,0.878583,,0.910900,0.881817,1.212,3027.1
2734,0.881417,,0.910900,0.881817,1.151,3028.2
2735,0.881883,,0.910900,0.881883,1.230,3029.4
2736,0.880450,,0.910900,0.881883,1.159,3030.6
2737,0.881150,,0.910900,0.881883,1.226,3031.8
2738,0.879900,,0.910900,0.881883,1.151,3033.0
2739,0.880333,,0.910900,0.881883,1.233,3034.2
2740,0.880383,,0.910900,0.881883,1.162,3035.4
2741,0.879867,,0.910900,0.881883,1.221,3036.6
2742,0.883117,,0.910900,0.883117,1.153,3037.7
2743,0.881550,,0.910900,0.883117,1.234,3039.0
2744,0.881950,,0.910900,0.883117,1.155,3040.1
2745,0.880350,,0.910900,0.883117,1.247,3041.4
2746,0.881550,,0.910900,0.883117,1.161,3042.5
2747,0.880667,,0.910900,0.883117,1.216,3043.8
2748,0.880917,,0.910900,0.883117,1.164,3044.9
2749,0.881383,,0.910900,0.883117,1.221,3046.1
2750,0.881617,0.9066999554634094,0.910900,0.883117,1.617,3047.8
2751,0.880500,,0.910900,0.883117,0.767,3048.5
2752,0.879567,,0.910900,0.883117,1.157,3049.7
2753,0.880850,,0.910900,0.883117,1.247,3050.9
2754,0.880483,,0.910900,0.883117,1.153,3052.1
2755,0.879817,,0.910900,0.883117,1.231,3053.3
2756,0.880583,,0.910900,0.883117,1.153,3054.5
2757,0.880567,,0.910900,0.883117,1.236,3055.7
2758,0.883383,,0.910900,0.883383,1.159,3056.9
2759,0.882650,,0.910900,0.883383,1.231,3058.1
2760,0.881667,,0.910900,0.883383,1.161,3059.3
2761,0.880883,,0.910900,0.883383,1.229,3060.5
2762,0.881133,,0.910900,0.883383,1.156,3061.6
2763,0.880300,,0.910900,0.883383,1.246,3062.9
2764,0.880900,,0.910900,0.883383,1.154,3064.0
2765,0.882000,,0.910900,0.883383,1.228,3065.3
2766,0.881050,,0.910900,0.883383,1.163,3066.4
2767,0.881833,,0.910900,0.883383,1.230,3067.7
2768,0.879350,,0.910900,0.883383,1.157,3068.8
2769,0.879900,,0.910900,0.883383,1.228,3070.0
2770,0.879650,,0.910900,0.883383,1.189,3071.2
2771,0.881267,,0.910900,0.883383,1.237,3072.5
2772,0.881350,,0.910900,0.883383,1.160,3073.6
2773,0.881817,,0.910900,0.883383,1.236,3074.9
2774,0.880050,,0.910900,0.883383,1.163,3076.0
2775,0.880117,,0.910900,0.883383,1.239,3077.3
2776,0.879967,,0.910900,0.883383,1.166,3078.4
2777,0.880567,,0.910900,0.883383,1.234,3079.7
2778,0.881333,,0.910900,0.883383,1.159,3080.8
2779,0.879417,,0.910900,0.883383,1.231,3082.1
2780,0.881683,,0.910900,0.883383,1.155,3083.2
2781,0.879900,,0.910900,0.883383,1.228,3084.4
2782,0.881600,,0.910900,0.883383,1.158,3085.6
2783,0.882500,,0.910900,0.883383,1.250,3086.9
2784,0.881450,,0.910900,0.883383,1.156,3088.0
2785,0.881500,,0.910900,0.883383,1.243,3089.3
2786,0.878267,,0.910900,0.883383,1.162,3090.4
2787,0.881333,,0.910900,0.883383,1.237,3091.6
2788,0.881017,,0.910900,0.883383,1.170,3092.8
2789,0.880450,,0.910900,0.883383,1.233,3094.1
2790,0.881183,,0.910900,0.883383,1.165,3095.2
2791,0.879500,,0.910900,0.883383,1.226,3096.4
2792,0.879917,,0.910900,0.883383,1.163,3097.6
2793,0.880783,,0.910900,0.883383,1.233,3098.8
2794,0.882267,,0.910900,0.883383,1.169,3100.0
2795,0.879867,,0.910900,0.883383,1.281,3101.3
2796,0.880983,,0.910900,0.883383,1.169,3102.5
2797,0.882017,,0.910900,0.883383,1.238,3103.7
2798,0.881667,,0.910900,0.883383,1.166,3104.9
2799,0.879850,,0.910900,0.883383,1.235,3106.1
2800,0.879333,0.9089999794960022,0.910900,0.883383,1.630,3107.7
2801,0.878983,,0.910900,0.883383,0.768,3108.5
2802,0.881333,,0.910900,0.883383,1.151,3109.6
2803,0.882067,,0.910900,0.883383,1.236,3110.9
2804,0.881783,,0.910900,0.883383,1.173,3112.1
2805,0.880500,,0.910900,0.883383,1.232,3113.3
2806,0.880783,,0.910900,0.883383,1.159,3114.4
2807,0.880617,,0.910900,0.883383,1.239,3115.7
2808,0.880350,,0.910900,0.883383,1.157,3116.8
2809,0.880817,,0.910900,0.883383,1.241,3118.1
2810,0.879933,,0.910900,0.883383,1.161,3119.2
2811,0.881783,,0.910900,0.883383,1.234,3120.5
2812,0.879483,,0.910900,0.883383,1.169,3121.6
2813,0.881167,,0.910900,0.883383,1.245,3122.9
2814,0.880850,,0.910900,0.883383,1.169,3124.1
2815,0.880167,,0.910900,0.883383,1.231,3125.3
2816,0.880283,,0.910900,0.883383,1.162,3126.5
2817,0.880400,,0.910900,0.883383,1.235,3127.7
2818,0.881600,,0.910900,0.883383,1.159,3128.8
2819,0.880550,,0.910900,0.883383,1.233,3130.1
2820,0.879667,,0.910900,0.883383,1.206,3131.3
2821,0.880983,,0.910900,0.883383,1.231,3132.5
2822,0.880433,,0.910900,0.883383,1.182,3133.7
2823,0.880683,,0.910900,0.883383,1.233,3134.9
2824,0.881333,,0.910900,0.883383,1.161,3136.1
2825,0.880733,,0.910900,0.883383,1.211,3137.3
2826,0.880767,,0.910900,0.883383,1.163,3138.5
2827,0.880433,,0.910900,0.883383,1.228,3139.7
2828,0.878633,,0.910900,0.883383,1.155,3140.9
2829,0.881683,,0.910900,0.883383,1.235,3142.1
2830,0.880200,,0.910900,0.883383,1.150,3143.2
2831,0.881100,,0.910900,0.883383,1.236,3144.5
2832,0.880900,,0.910900,0.883383,1.157,3145.6
2833,0.879867,,0.910900,0.883383,1.230,3146.9
2834,0.879583,,0.910900,0.883383,1.165,3148.0
2835,0.881050,,0.910900,0.883383,1.222,3149.2
2836,0.880050,,0.910900,0.883383,1.164,3150.4
2837,0.879933,,0.910900,0.883383,1.228,3151.6
2838,0.881550,,0.910900,0.883383,1.156,3152.8
2839,0.880800,,0.910900,0.883383,1.232,3154.0
2840,0.880983,,0.910900,0.883383,1.164,3155.2
2841,0.882167,,0.910900,0.883383,1.232,3156.4
2842,0.881450,,0.910900,0.883383,1.164,3157.6
2843,0.880283,,0.910900,0.883383,1.237,3158.8
2844,0.880450,,0.910900,0.883383,1.172,3160.0
2845,0.879300,,0.910900,0.883383,1.268,3161.3
2846,0.879583,,0.910900,0.883383,1.161,3162.4
2847,0.881417,,0.910900,0.883383,1.241,3163.7
2848,0.879600,,0.910900,0.883383,1.168,3164.8
2849,0.880650,,0.910900,0.883383,1.237,3166.1
2850,0.880517,0.9059999585151672,0.910900,0.883383,1.620,3167.7
2851,0.879400,,0.910900,0.883383,0.780,3168.5
2852,0.881167,,0.910900,0.883383,1.175,3169.6
2853,0.880367,,0.910900,0.883383,1.235,3170.9
2854,0.880167,,0.910900,0.883383,1.165,3172.0
2855,0.881450,,0.910900,0.883383,1.234,3173.3
2856,0.878917,,0.910900,0.883383,1.171,3174.5
2857,0.881517,,0.910900,0.883383,1.235,3175.7
2858,0.882133,,0.910900,0.883383,1.164,3176.8
2859,0.881683,,0.910900,0.883383,1.234,3178.1
2860,0.881050,,0.910900,0.883383,1.167,3179.3
2861,0.880750,,0.910900,0.883383,1.231,3180.5
2862,0.880933,,0.910900,0.883383,1.158,3181.6
2863,0.881483,,0.910900,0.883383,1.237,3182.9
2864,0.881883,,0.910900,0.883383,1.170,3184.0
2865,0.881117,,0.910900,0.883383,1.230,3185.3
2866,0.880833,,0.910900,0.883383,1.160,3186.4
2867,0.882350,,0.910900,0.883383,1.227,3187.7
2868,0.882133,,0.910900,0.883383,1.172,3188.8
2869,0.882350,,0.910900,0.883383,1.241,3190.1
2870,0.880533,,0.910900,0.883383,1.159,3191.2
2871,0.881067,,0.910900,0.883383,1.270,3192.5
2872,0.882017,,0.910900,0.883383,1.164,3193.7
2873,0.883783,,0.910900,0.883783,1.233,3194.9
2874,0.882117,,0.910900,0.883783,1.163,3196.1
2875,0.882317,,0.910900,0.883783,1.232,3197.3
2876,0.881183,,0.910900,0.883783,1.165,3198.5
2877,0.880433,,0.910900,0.883783,1.231,3199.7
2878,0.881017,,0.910900,0.883783,1.162,3200.9
2879,0.880433,,0.910900,0.883783,1.228,3202.1
2880,0.880617,,0.910900,0.883783,1.151,3203.2
2881,0.881017,,0.910900,0.883783,1.228,3204.5
2882,0.880383,,0.910900,0.883783,1.159,3205.6
2883,0.882317,,0.910900,0.883783,1.230,3206.9
2884,0.881933,,0.910900,0.883783,1.157,3208.0
2885,0.881733,,0.910900,0.883783,1.220,3209.2
2886,0.879133,,0.910900,0.883783,1.165,3210.4
2887,0.881150,,0.910900,0.883783,1.217,3211.6
2888,0.881633,,0.910900,0.883783,1.159,3212.8
2889,0.881550,,0.910900,0.883783,1.233,3214.0
2890,0.882200,,0.910900,0.883783,1.166,3215.2
2891,0.880567,,0.910900,0.883783,1.238,3216.4
2892,0.880783,,0.910900,0.883783,1.163,3217.6
2893,0.882117,,0.910900,0.883783,1.234,3218.8
2894,0.881083,,0.910900,0.883783,1.165,3220.0
2895,0.879417,,0.910900,0.883783,1.232,3221.2
2896,0.883700,,0.910900,0.883783,1.195,3222.4
2897,0.881467,,0.910900,0.883783,1.223,3223.6
2898,0.880033,,0.910900,0.883783,1.160,3224.8
2899,0.881033,,0.910900,0.883783,1.243,3226.0
2900,0.881350,0.9080999493598938,0.910900,0.883783,1.615,3227.6
2901,0.880200,,0.910900,0.883783,0.775,3228.4
2902,0.881233,,0.910900,0.883783,1.152,3229.6
2903,0.880550,,0.910900,0.883783,1.226,3230.8
2904,0.881517,,0.910900,0.883783,1.160,3232.0
2905,0.880083,,0.910900,0.883783,1.224,3233.2
2906,0.880583,,0.910900,0.883783,1.162,3234.3
2907,0.881333,,0.910900,0.883783,1.223,3235.6
2908,0.881550,,0.910900,0.883783,1.165,3236.7
2909,0.881367,,0.910900,0.883783,1.233,3238.0
2910,0.881367,,0.910900,0.883783,1.167,3239.1
2911,0.880950,,0.910900,0.883783,1.224,3240.4
2912,0.879200,,0.910900,0.883783,1.165,3241.5
2913,0.882083,,0.910900,0.883783,1.225,3242.7
2914,0.880317,,0.910900,0.883783,1.169,3243.9
2915,0.880683,,0.910900,0.883783,1.235,3245.1
2916,0.882333,,0.910900,0.883783,1.159,3246.3
2917,0.882300,,0.910900,0.883783,1.230,3247.5
2918,0.882350,,0.910900,0.883783,1.163,3248.7
2919,0.881333,,0.910900,0.883783,1.233,3249.9
2920,0.881433,,0.910900,0.883783,1.168,3251.1
2921,0.881933,,0.910900,0.883783,1.273,3252.4
2922,0.883283,,0.910900,0.883783,1.151,3253.5
2923,0.882383,,0.910900,0.883783,1.217,3254.7
2924,0.882467,,0.910900,0.883783,1.150,3255.9
2925,0.882750,,0.910900,0.883783,1.225,3257.1
2926,0.882450,,0.910900,0.883783,1.153,3258.3
2927,0.881500,,0.910900,0.883783,1.234,3259.5
2928,0.882600,,0.910900,0.883783,1.146,3260.6
2929,0.882533,,0.910900,0.883783,1.225,3261.9
2930,0.881917,,0.910900,0.883783,1.155,3263.0
2931,0.883483,,0.910900,0.883783,1.224,3264.2
2932,0.880717,,0.910900,0.883783,1.152,3265.4
2933,0.882250,,0.910900,0.883783,1.232,3266.6
2934,0.881950,,0.910900,0.883783,1.154,3267.8
2935,0.881833,,0.910900,0.883783,1.227,3269.0
2936,0.883050,,0.910900,0.883783,1.152,3270.2
2937,0.881450,,0.910900,0.883783,1.218,3271.4
2938,0.881250,,0.910900,0.883783,1.165,3272.5
2939,0.881467,,0.910900,0.883783,1.227,3273.8
2940,0.882200,,0.910900,0.883783,1.152,3274.9
2941,0.881200,,0.910900,0.883783,1.216,3276.1
2942,0.883000,,0.910900,0.883783,1.156,3277.3
2943,0.880417,,0.910900,0.883783,1.224,3278.5
2944,0.883567,,0.910900,0.883783,1.158,3279.7
2945,0.881833,,0.910900,0.883783,1.225,3280.9
2946,0.881650,,0.910900,0.883783,1.190,3282.1
2947,0.882167,,0.910900,0.883783,1.224,3283.3
2948,0.882100,,0.910900,0.883783,1.141,3284.5
2949,0.881367,,0.910900,0.883783,1.221,3285.7
2950,0.883533,0.9095999598503113,0.910900,0.883783,1.604,3287.3
2951,0.882100,,0.910900,0.883783,0.768,3288.1
2952,0.881667,,0.910900,0.883783,1.141,3289.2
2953,0.881650,,0.910900,0.883783,1.220,3290.4
2954,0.882017,,0.910900,0.883783,1.149,3291.6
2955,0.881817,,0.910900,0.883783,1.221,3292.8
2956,0.882217,,0.910900,0.883783,1.162,3293.9
2957,0.882583,,0.910900,0.883783,1.216,3295.2
2958,0.882450,,0.910900,0.883783,1.147,3296.3
2959,0.881267,,0.910900,0.883783,1.216,3297.5
2960,0.881283,,0.910900,0.883783,1.154,3298.7
2961,0.881700,,0.910900,0.883783,1.215,3299.9
2962,0.882817,,0.910900,0.883783,1.137,3301.0
2963,0.882517,,0.910900,0.883783,1.204,3302.2
2964,0.882767,,0.910900,0.883783,1.148,3303.4
2965,0.882083,,0.910900,0.883783,1.214,3304.6
2966,0.881650,,0.910900,0.883783,1.147,3305.7
2967,0.882517,,0.910900,0.883783,1.214,3307.0
2968,0.882883,,0.910900,0.883783,1.147,3308.1
2969,0.881100,,0.910900,0.883783,1.214,3309.3
2970,0.883250,,0.910900,0.883783,1.147,3310.5
2971,0.883317,,0.910900,0.883783,1.206,3311.7
2972,0.882417,,0.910900,0.883783,1.137,3312.8
2973,0.882533,,0.910900,0.883783,1.221,3314.0
2974,0.882817,,0.910900,0.883783,1.156,3315.2
2975,0.882667,,0.910900,0.883783,1.208,3316.4
2976,0.883983,,0.910900,0.883983,1.150,3317.5
2977,0.882867,,0.910900,0.883983,1.219,3318.8
2978,0.883383,,0.910900,0.883983,1.146,3319.9
2979,0.882400,,0.910900,0.883983,1.215,3321.1
2980,0.882433,,0.910900,0.883983,1.149,3322.3
2981,0.882733,,0.910900,0.883983,1.220,3323.5
2982,0.883817,,0.910900,0.883983,1.149,3324.6
2983,0.883783,,0.910900,0.883983,1.214,3325.9
2984,0.884150,,0.910900,0.884150,1.137,3327.0
2985,0.884117,,0.910900,0.884150,1.219,3328.2
2986,0.883933,,0.910900,0.884150,1.151,3329.4
2987,0.883150,,0.910900,0.884150,1.219,3330.6
2988,0.884017,,0.910900,0.884150,1.147,3331.7
2989,0.882100,,0.910900,0.884150,1.217,3332.9
2990,0.881350,,0.910900,0.884150,1.155,3334.1
2991,0.882300,,0.910900,0.884150,1.222,3335.3
2992,0.881783,,0.910900,0.884150,1.151,3336.5
2993,0.883000,,0.910900,0.884150,1.218,3337.7
2994,0.882450,,0.910900,0.884150,1.156,3338.8
2995,0.882883,,0.910900,0.884150,1.220,3340.1
2996,0.882283,,0.910900,0.884150,1.153,3341.2
2997,0.882933,,0.910900,0.884150,1.224,3342.4
2998,0.881867,,0.910900,0.884150,1.171,3343.6
2999,0.883867,,0.910900,0.884150,1.223,3344.8
