epoch,train_acc,val_acc,best_val,best_train,epoch_time,cum_time
0,0.085817,0.09799999743700027,0.098000,0.085817,5.712,5.7
1,0.086417,,0.098000,0.086417,0.207,5.9
2,0.085450,,0.098000,0.086417,0.185,6.1
3,0.085000,,0.098000,0.086417,0.249,6.4
4,0.084550,,0.098000,0.086417,0.186,6.5
5,0.084050,,0.098000,0.086417,0.188,6.7
6,0.083317,,0.098000,0.086417,0.186,6.9
7,0.087250,,0.098000,0.087250,0.184,7.1
8,0.085083,,0.098000,0.087250,0.184,7.3
9,0.084083,,0.098000,0.087250,0.185,7.5
10,0.085267,,0.098000,0.087250,0.188,7.7
11,0.086633,,0.098000,0.087250,0.184,7.8
12,0.085450,,0.098000,0.087250,0.186,8.0
13,0.087883,,0.098000,0.087883,0.205,8.2
14,0.086617,,0.098000,0.087883,0.189,8.4
15,0.087783,,0.098000,0.087883,0.185,8.6
16,0.087517,,0.098000,0.087883,0.176,8.8
17,0.089567,,0.098000,0.089567,0.185,9.0
18,0.090233,,0.098000,0.090233,0.186,9.1
19,0.088917,,0.098000,0.090233,0.183,9.3
20,0.090600,,0.098000,0.090600,0.187,9.5
21,0.089950,,0.098000,0.090600,0.183,9.7
22,0.093250,,0.098000,0.093250,0.184,9.9
23,0.092700,,0.098000,0.093250,0.184,10.1
24,0.094033,,0.098000,0.094033,0.250,10.3
25,0.093383,,0.098000,0.094033,0.187,10.5
26,0.096350,,0.098000,0.096350,0.189,10.7
27,0.096700,,0.098000,0.096700,0.186,10.9
28,0.097267,,0.098000,0.097267,0.185,11.1
29,0.102117,,0.098000,0.102117,0.187,11.3
30,0.104800,,0.098000,0.104800,0.184,11.4
31,0.101383,,0.098000,0.104800,0.188,11.6
32,0.104100,,0.098000,0.104800,0.189,11.8
33,0.103183,,0.098000,0.104800,0.184,12.0
34,0.106183,,0.098000,0.106183,0.187,12.2
35,0.106400,,0.098000,0.106400,0.252,12.4
36,0.105983,,0.098000,0.106400,0.186,12.6
37,0.108933,,0.098000,0.108933,0.186,12.8
38,0.109883,,0.098000,0.109883,0.183,13.0
39,0.109000,,0.098000,0.109883,0.187,13.2
40,0.110350,,0.098000,0.110350,0.189,13.4
41,0.111783,,0.098000,0.111783,0.184,13.6
42,0.113283,,0.098000,0.113283,0.186,13.7
43,0.112067,,0.098000,0.113283,0.185,13.9
44,0.112733,,0.098000,0.113283,0.185,14.1
45,0.111917,,0.098000,0.113283,0.186,14.3
46,0.113633,,0.098000,0.113633,0.245,14.5
47,0.111967,,0.098000,0.113633,0.188,14.7
48,0.113633,,0.098000,0.113633,0.186,14.9
49,0.115250,,0.098000,0.115250,0.186,15.1
50,0.111933,0.09889999777078629,0.098900,0.115250,0.247,15.3
51,0.118083,,0.098900,0.118083,0.139,15.5
52,0.115600,,0.098900,0.118083,0.184,15.7
53,0.116133,,0.098900,0.118083,0.184,15.9
54,0.118017,,0.098900,0.118083,0.187,16.0
55,0.117517,,0.098900,0.118083,0.185,16.2
56,0.115667,,0.098900,0.118083,0.187,16.4
57,0.118517,,0.098900,0.118517,0.262,16.7
58,0.118433,,0.098900,0.118517,0.187,16.9
59,0.120183,,0.098900,0.120183,0.186,17.0
60,0.119933,,0.098900,0.120183,0.189,17.2
61,0.120400,,0.098900,0.120400,0.186,17.4
62,0.120033,,0.098900,0.120400,0.184,17.6
63,0.121767,,0.098900,0.121767,0.186,17.8
64,0.121933,,0.098900,0.121933,0.186,18.0
65,0.120900,,0.098900,0.121933,0.184,18.2
66,0.121750,,0.098900,0.121933,0.184,18.3
67,0.122133,,0.098900,0.122133,0.185,18.5
68,0.122267,,0.098900,0.122267,0.241,18.8
69,0.121200,,0.098900,0.122267,0.184,19.0
70,0.121683,,0.098900,0.122267,0.187,19.1
71,0.124967,,0.098900,0.124967,0.186,19.3
72,0.123050,,0.098900,0.124967,0.187,19.5
73,0.123650,,0.098900,0.124967,0.183,19.7
74,0.122883,,0.098900,0.124967,0.185,19.9
75,0.124683,,0.098900,0.124967,0.187,20.1
76,0.125650,,0.098900,0.125650,0.185,20.3
77,0.125200,,0.098900,0.125650,0.183,20.4
78,0.125117,,0.098900,0.125650,0.188,20.6
79,0.123267,,0.098900,0.125650,0.243,20.9
80,0.123733,,0.098900,0.125650,0.185,21.1
81,0.126150,,0.098900,0.126150,0.186,21.2
82,0.125467,,0.098900,0.126150,0.183,21.4
83,0.125417,,0.098900,0.126150,0.188,21.6
84,0.126067,,0.098900,0.126150,0.185,21.8
85,0.125717,,0.098900,0.126150,0.184,22.0
86,0.126850,,0.098900,0.126850,0.185,22.2
87,0.125967,,0.098900,0.126850,0.185,22.4
88,0.126000,,0.098900,0.126850,0.188,22.5
89,0.128317,,0.098900,0.128317,0.184,22.7
90,0.127733,,0.098900,0.128317,0.253,23.0
91,0.127183,,0.098900,0.128317,0.186,23.2
92,0.126967,,0.098900,0.128317,0.186,23.3
93,0.127367,,0.098900,0.128317,0.185,23.5
94,0.127417,,0.098900,0.128317,0.183,23.7
95,0.128283,,0.098900,0.128317,0.184,23.9
96,0.129050,,0.098900,0.129050,0.186,24.1
97,0.128417,,0.098900,0.129050,0.185,24.3
98,0.128067,,0.098900,0.129050,0.186,24.5
99,0.127617,,0.098900,0.129050,0.184,24.6
100,0.129200,0.10019999742507935,0.100200,0.129200,0.248,24.9
101,0.130183,,0.100200,0.130183,0.184,25.1
102,0.130900,,0.100200,0.130900,0.184,25.3
103,0.131433,,0.100200,0.131433,0.186,25.4
104,0.131550,,0.100200,0.131550,0.187,25.6
105,0.132183,,0.100200,0.132183,0.186,25.8
106,0.131683,,0.100200,0.132183,0.186,26.0
107,0.132950,,0.100200,0.132950,0.185,26.2
108,0.133283,,0.100200,0.133283,0.188,26.4
109,0.134183,,0.100200,0.134183,0.186,26.6
110,0.136083,,0.100200,0.136083,0.185,26.7
111,0.134750,,0.100200,0.136083,0.185,26.9
112,0.134767,,0.100200,0.136083,0.239,27.2
113,0.135800,,0.100200,0.136083,0.186,27.4
114,0.136017,,0.100200,0.136083,0.185,27.5
115,0.136633,,0.100200,0.136633,0.184,27.7
116,0.139750,,0.100200,0.139750,0.185,27.9
117,0.139000,,0.100200,0.139750,0.187,28.1
118,0.139050,,0.100200,0.139750,0.185,28.3
119,0.140033,,0.100200,0.140033,0.186,28.5
120,0.141267,,0.100200,0.141267,0.186,28.7
121,0.142767,,0.100200,0.142767,0.184,28.8
122,0.143633,,0.100200,0.143633,0.185,29.0
123,0.144417,,0.100200,0.144417,0.241,29.3
124,0.144550,,0.100200,0.144550,0.189,29.5
125,0.147500,,0.100200,0.147500,0.187,29.6
126,0.147133,,0.100200,0.147500,0.185,29.8
127,0.149717,,0.100200,0.149717,0.188,30.0
128,0.148950,,0.100200,0.149717,0.184,30.2
129,0.151100,,0.100200,0.151100,0.184,30.4
130,0.151783,,0.100200,0.151783,0.187,30.6
131,0.153383,,0.100200,0.153383,0.184,30.8
132,0.153333,,0.100200,0.153383,0.185,30.9
133,0.156350,,0.100200,0.156350,0.183,31.1
134,0.157350,,0.100200,0.157350,0.242,31.4
135,0.160250,,0.100200,0.160250,0.185,31.6
136,0.161067,,0.100200,0.161067,0.186,31.7
137,0.162667,,0.100200,0.162667,0.185,31.9
138,0.163383,,0.100200,0.163383,0.189,32.1
139,0.163767,,0.100200,0.163767,0.196,32.3
140,0.166517,,0.100200,0.166517,0.192,32.5
141,0.165883,,0.100200,0.166517,0.193,32.7
142,0.168150,,0.100200,0.168150,0.196,32.9
143,0.172467,,0.100200,0.172467,0.196,33.1
144,0.172233,,0.100200,0.172467,0.198,33.3
145,0.172650,,0.100200,0.172650,0.266,33.5
146,0.173300,,0.100200,0.173300,0.196,33.7
147,0.175467,,0.100200,0.175467,0.192,33.9
148,0.178300,,0.100200,0.178300,0.195,34.1
149,0.176333,,0.100200,0.178300,0.195,34.3
150,0.179567,0.17569999396800995,0.175700,0.179567,0.262,34.6
151,0.182817,,0.175700,0.182817,0.146,34.7
152,0.184183,,0.175700,0.184183,0.210,34.9
153,0.185400,,0.175700,0.185400,0.200,35.1
154,0.187150,,0.175700,0.187150,0.200,35.3
155,0.188900,,0.175700,0.188900,0.200,35.5
156,0.190550,,0.175700,0.190550,0.264,35.8
157,0.192083,,0.175700,0.192083,0.202,36.0
158,0.190383,,0.175700,0.192083,0.201,36.2
159,0.194567,,0.175700,0.194567,0.203,36.4
160,0.196600,,0.175700,0.196600,0.201,36.6
161,0.199817,,0.175700,0.199817,0.203,36.8
162,0.200450,,0.175700,0.200450,0.198,37.0
163,0.201750,,0.175700,0.201750,0.198,37.2
164,0.204333,,0.175700,0.204333,0.199,37.4
165,0.205200,,0.175700,0.205200,0.199,37.6
166,0.206183,,0.175700,0.206183,0.202,37.8
167,0.210150,,0.175700,0.210150,0.328,38.1
168,0.210550,,0.175700,0.210550,0.200,38.3
169,0.215933,,0.175700,0.215933,0.204,38.5
170,0.214900,,0.175700,0.215933,0.201,38.7
171,0.217733,,0.175700,0.217733,0.199,38.9
172,0.215117,,0.175700,0.217733,0.201,39.1
173,0.222367,,0.175700,0.222367,0.201,39.3
174,0.219950,,0.175700,0.222367,0.199,39.5
175,0.222750,,0.175700,0.222750,0.197,39.7
176,0.224083,,0.175700,0.224083,0.200,39.9
177,0.227300,,0.175700,0.227300,0.198,40.1
178,0.229633,,0.175700,0.229633,0.204,40.3
179,0.230967,,0.175700,0.230967,0.199,40.5
180,0.234317,,0.175700,0.234317,0.204,40.8
181,0.235367,,0.175700,0.235367,0.201,41.0
182,0.235150,,0.175700,0.235367,0.201,41.2
183,0.237267,,0.175700,0.237267,0.202,41.4
184,0.241400,,0.175700,0.241400,0.201,41.6
185,0.244167,,0.175700,0.244167,0.200,41.8
186,0.245567,,0.175700,0.245567,0.200,42.0
187,0.245783,,0.175700,0.245783,0.223,42.2
188,0.247917,,0.175700,0.247917,0.201,42.4
189,0.253067,,0.175700,0.253067,0.200,42.6
190,0.256000,,0.175700,0.256000,0.199,42.8
191,0.259217,,0.175700,0.259217,0.198,43.0
192,0.259517,,0.175700,0.259517,0.200,43.2
193,0.262850,,0.175700,0.262850,0.198,43.4
194,0.262400,,0.175700,0.262850,0.203,43.6
195,0.268183,,0.175700,0.268183,0.199,43.8
196,0.267667,,0.175700,0.268183,0.200,44.0
197,0.269750,,0.175700,0.269750,0.203,44.2
198,0.274483,,0.175700,0.274483,0.204,44.4
199,0.276600,,0.175700,0.276600,0.201,44.6
200,0.279417,0.3102000057697296,0.310200,0.279417,0.271,44.9
201,0.282050,,0.310200,0.282050,0.149,45.0
202,0.282033,,0.310200,0.282050,0.197,45.2
203,0.285317,,0.310200,0.285317,0.201,45.4
204,0.288800,,0.310200,0.288800,0.198,45.6
205,0.290617,,0.310200,0.290617,0.202,45.8
206,0.295867,,0.310200,0.295867,0.199,46.0
207,0.296200,,0.310200,0.296200,0.250,46.3
208,0.297550,,0.310200,0.297550,0.200,46.5
209,0.300267,,0.310200,0.300267,0.199,46.7
210,0.305850,,0.310200,0.305850,0.202,46.9
211,0.302833,,0.310200,0.305850,0.203,47.1
212,0.308000,,0.310200,0.308000,0.200,47.3
213,0.310617,,0.310200,0.310617,0.199,47.5
214,0.316100,,0.310200,0.316100,0.201,47.7
215,0.314350,,0.310200,0.316100,0.199,47.9
216,0.317500,,0.310200,0.317500,0.202,48.1
217,0.321250,,0.310200,0.321250,0.203,48.3
218,0.322633,,0.310200,0.322633,0.266,48.5
219,0.326567,,0.310200,0.326567,0.204,48.7
220,0.327350,,0.310200,0.327350,0.203,48.9
221,0.329767,,0.310200,0.329767,0.197,49.1
222,0.335517,,0.310200,0.335517,0.200,49.3
223,0.337650,,0.310200,0.337650,0.200,49.5
224,0.338183,,0.310200,0.338183,0.202,49.7
225,0.341967,,0.310200,0.341967,0.200,49.9
226,0.343700,,0.310200,0.343700,0.203,50.1
227,0.348717,,0.310200,0.348717,0.201,50.3
228,0.353167,,0.310200,0.353167,0.213,50.6
229,0.352933,,0.310200,0.353167,0.198,50.8
230,0.356850,,0.310200,0.356850,0.199,50.9
231,0.362733,,0.310200,0.362733,0.200,51.1
232,0.366233,,0.310200,0.366233,0.202,51.4
233,0.370133,,0.310200,0.370133,0.201,51.6
234,0.369983,,0.310200,0.370133,0.203,51.8
235,0.376333,,0.310200,0.376333,0.198,52.0
236,0.379250,,0.310200,0.379250,0.200,52.2
237,0.385167,,0.310200,0.385167,0.199,52.4
238,0.385150,,0.310200,0.385167,0.202,52.6
239,0.390700,,0.310200,0.390700,0.203,52.8
240,0.390017,,0.310200,0.390700,0.199,53.0
241,0.395833,,0.310200,0.395833,0.200,53.2
242,0.398783,,0.310200,0.398783,0.200,53.4
243,0.404783,,0.310200,0.404783,0.199,53.6
244,0.408350,,0.310200,0.408350,0.201,53.8
245,0.415733,,0.310200,0.415733,0.198,54.0
246,0.419617,,0.310200,0.419617,0.197,54.2
247,0.421617,,0.310200,0.421617,0.200,54.4
248,0.425800,,0.310200,0.425800,0.198,54.6
249,0.428967,,0.310200,0.428967,0.201,54.8
250,0.433933,0.6007999777793884,0.600800,0.433933,0.268,55.0
251,0.438083,,0.600800,0.438083,0.148,55.2
252,0.440533,,0.600800,0.440533,0.203,55.4
253,0.446133,,0.600800,0.446133,0.201,55.6
254,0.447600,,0.600800,0.447600,0.201,55.8
255,0.452450,,0.600800,0.452450,0.199,56.0
256,0.453467,,0.600800,0.453467,0.201,56.2
257,0.462700,,0.600800,0.462700,0.199,56.4
258,0.462250,,0.600800,0.462700,0.216,56.6
259,0.471850,,0.600800,0.471850,0.201,56.8
260,0.474850,,0.600800,0.474850,0.201,57.0
261,0.479783,,0.600800,0.479783,0.200,57.2
262,0.479867,,0.600800,0.479867,0.201,57.4
263,0.486933,,0.600800,0.486933,0.200,57.6
264,0.489000,,0.600800,0.489000,0.202,57.8
265,0.492100,,0.600800,0.492100,0.198,58.0
266,0.496150,,0.600800,0.496150,0.198,58.2
267,0.499533,,0.600800,0.499533,0.202,58.4
268,0.507583,,0.600800,0.507583,0.199,58.6
269,0.508033,,0.600800,0.508033,0.199,58.8
270,0.514133,,0.600800,0.514133,0.200,59.0
271,0.515583,,0.600800,0.515583,0.202,59.2
272,0.520367,,0.600800,0.520367,0.198,59.4
273,0.520317,,0.600800,0.520367,0.201,59.6
274,0.524050,,0.600800,0.524050,0.212,59.8
275,0.529483,,0.600800,0.529483,0.194,60.0
276,0.533300,,0.600800,0.533300,0.195,60.2
277,0.534050,,0.600800,0.534050,0.197,60.4
278,0.538917,,0.600800,0.538917,0.197,60.6
279,0.542150,,0.600800,0.542150,0.200,60.8
280,0.540733,,0.600800,0.542150,0.201,61.0
281,0.544750,,0.600800,0.544750,0.200,61.2
282,0.548983,,0.600800,0.548983,0.198,61.4
283,0.549717,,0.600800,0.549717,0.202,61.6
284,0.551183,,0.600800,0.551183,0.200,61.8
285,0.557133,,0.600800,0.557133,0.200,62.0
286,0.558150,,0.600800,0.558150,0.201,62.2
287,0.560467,,0.600800,0.560467,0.201,62.4
288,0.560083,,0.600800,0.560467,0.200,62.6
289,0.565050,,0.600800,0.565050,0.198,62.8
290,0.566267,,0.600800,0.566267,0.190,63.0
291,0.567050,,0.600800,0.567050,0.185,63.2
292,0.571300,,0.600800,0.571300,0.183,63.3
293,0.573617,,0.600800,0.573617,0.184,63.5
294,0.574700,,0.600800,0.574700,0.186,63.7
295,0.576767,,0.600800,0.576767,0.190,63.9
296,0.577367,,0.600800,0.577367,0.184,64.1
297,0.581400,,0.600800,0.581400,0.183,64.3
298,0.581767,,0.600800,0.581767,0.183,64.5
299,0.584950,,0.600800,0.584950,0.252,64.7
300,0.589617,0.7497000098228455,0.749700,0.589617,0.251,65.0
301,0.591583,,0.749700,0.591583,0.143,65.1
302,0.593283,,0.749700,0.593283,0.190,65.3
303,0.596250,,0.749700,0.596250,0.186,65.5
304,0.597483,,0.749700,0.597483,0.188,65.7
305,0.596667,,0.749700,0.597483,0.188,65.9
306,0.598383,,0.749700,0.598383,0.187,66.0
307,0.598600,,0.749700,0.598600,0.190,66.2
308,0.602800,,0.749700,0.602800,0.188,66.4
309,0.604000,,0.749700,0.604000,0.187,66.6
310,0.606133,,0.749700,0.606133,0.250,66.9
311,0.609883,,0.749700,0.609883,0.189,67.0
312,0.609600,,0.749700,0.609883,0.190,67.2
313,0.613183,,0.749700,0.613183,0.187,67.4
314,0.614017,,0.749700,0.614017,0.190,67.6
315,0.614467,,0.749700,0.614467,0.191,67.8
316,0.617383,,0.749700,0.617383,0.189,68.0
317,0.617650,,0.749700,0.617650,0.187,68.2
318,0.620033,,0.749700,0.620033,0.196,68.4
319,0.618550,,0.749700,0.620033,0.189,68.6
320,0.621967,,0.749700,0.621967,0.195,68.8
321,0.624267,,0.749700,0.624267,0.256,69.0
322,0.624067,,0.749700,0.624267,0.185,69.2
323,0.627150,,0.749700,0.627150,0.183,69.4
324,0.629133,,0.749700,0.629133,0.189,69.6
325,0.624250,,0.749700,0.629133,0.187,69.8
326,0.627750,,0.749700,0.629133,0.188,69.9
327,0.629917,,0.749700,0.629917,0.190,70.1
328,0.631717,,0.749700,0.631717,0.187,70.3
329,0.632850,,0.749700,0.632850,0.186,70.5
330,0.633250,,0.749700,0.633250,0.189,70.7
331,0.638867,,0.749700,0.638867,0.186,70.9
332,0.636400,,0.749700,0.638867,0.256,71.1
333,0.640850,,0.749700,0.640850,0.192,71.3
334,0.639267,,0.749700,0.640850,0.190,71.5
335,0.641600,,0.749700,0.641600,0.188,71.7
336,0.643083,,0.749700,0.643083,0.188,71.9
337,0.642183,,0.749700,0.643083,0.189,72.1
338,0.644800,,0.749700,0.644800,0.190,72.3
339,0.646950,,0.749700,0.646950,0.186,72.5
340,0.649000,,0.749700,0.649000,0.188,72.7
341,0.648083,,0.749700,0.649000,0.187,72.8
342,0.652117,,0.749700,0.652117,0.187,73.0
343,0.653500,,0.749700,0.653500,0.252,73.3
344,0.651467,,0.749700,0.653500,0.189,73.5
345,0.653750,,0.749700,0.653750,0.189,73.7
346,0.652267,,0.749700,0.653750,0.189,73.8
347,0.657433,,0.749700,0.657433,0.193,74.0
348,0.656383,,0.749700,0.657433,0.187,74.2
349,0.656867,,0.749700,0.657433,0.188,74.4
350,0.657717,0.8021999597549438,0.802200,0.657717,0.250,74.7
351,0.657617,,0.802200,0.657717,0.140,74.8
352,0.660217,,0.802200,0.660217,0.190,75.0
353,0.663133,,0.802200,0.663133,0.187,75.2
354,0.660950,,0.802200,0.663133,0.252,75.4
355,0.661000,,0.802200,0.663133,0.205,75.6
356,0.665350,,0.802200,0.665350,0.186,75.8
357,0.662333,,0.802200,0.665350,0.189,76.0
358,0.665333,,0.802200,0.665350,0.186,76.2
359,0.664133,,0.802200,0.665350,0.188,76.4
360,0.667667,,0.802200,0.667667,0.189,76.6
361,0.664950,,0.802200,0.667667,0.186,76.8
362,0.668167,,0.802200,0.668167,0.189,77.0
363,0.672817,,0.802200,0.672817,0.189,77.1
364,0.670867,,0.802200,0.672817,0.189,77.3
365,0.672050,,0.802200,0.672817,0.256,77.6
366,0.672350,,0.802200,0.672817,0.191,77.8
367,0.672233,,0.802200,0.672817,0.187,78.0
368,0.673717,,0.802200,0.673717,0.192,78.2
369,0.673417,,0.802200,0.673717,0.188,78.3
370,0.673800,,0.802200,0.673800,0.187,78.5
371,0.675617,,0.802200,0.675617,0.189,78.7
372,0.677933,,0.802200,0.677933,0.189,78.9
373,0.679783,,0.802200,0.679783,0.186,79.1
374,0.678250,,0.802200,0.679783,0.189,79.3
375,0.678150,,0.802200,0.679783,0.186,79.5
376,0.681983,,0.802200,0.681983,0.265,79.7
377,0.680883,,0.802200,0.681983,0.198,79.9
378,0.682867,,0.802200,0.682867,0.184,80.1
379,0.681117,,0.802200,0.682867,0.182,80.3
380,0.687183,,0.802200,0.687183,0.184,80.5
381,0.684433,,0.802200,0.687183,0.186,80.7
382,0.685533,,0.802200,0.687183,0.187,80.9
383,0.685850,,0.802200,0.687183,0.187,81.0
384,0.687217,,0.802200,0.687217,0.186,81.2
385,0.687167,,0.802200,0.687217,0.186,81.4
386,0.690100,,0.802200,0.690100,0.190,81.6
387,0.690467,,0.802200,0.690467,0.252,81.9
388,0.690967,,0.802200,0.690967,0.185,82.0
389,0.691533,,0.802200,0.691533,0.188,82.2
390,0.694700,,0.802200,0.694700,0.186,82.4
391,0.688550,,0.802200,0.694700,0.186,82.6
392,0.692867,,0.802200,0.694700,0.187,82.8
393,0.692067,,0.802200,0.694700,0.187,83.0
394,0.693400,,0.802200,0.694700,0.186,83.2
395,0.691783,,0.802200,0.694700,0.187,83.3
396,0.695817,,0.802200,0.695817,0.186,83.5
397,0.693800,,0.802200,0.695817,0.199,83.7
398,0.696317,,0.802200,0.696317,0.270,84.0
399,0.697300,,0.802200,0.697300,0.202,84.2
400,0.696400,0.8192999958992004,0.819300,0.697300,0.250,84.5
401,0.698800,,0.819300,0.698800,0.142,84.6
402,0.696383,,0.819300,0.698800,0.191,84.8
403,0.703000,,0.819300,0.703000,0.187,85.0
404,0.698883,,0.819300,0.703000,0.183,85.2
405,0.700883,,0.819300,0.703000,0.187,85.3
406,0.701050,,0.819300,0.703000,0.187,85.5
407,0.701033,,0.819300,0.703000,0.188,85.7
408,0.698083,,0.819300,0.703000,0.189,85.9
409,0.702483,,0.819300,0.703000,0.255,86.2
410,0.703700,,0.819300,0.703700,0.187,86.3
411,0.705117,,0.819300,0.705117,0.188,86.5
412,0.705783,,0.819300,0.705783,0.187,86.7
413,0.704500,,0.819300,0.705783,0.185,86.9
414,0.705783,,0.819300,0.705783,0.183,87.1
415,0.708250,,0.819300,0.708250,0.186,87.3
416,0.706883,,0.819300,0.708250,0.189,87.5
417,0.707250,,0.819300,0.708250,0.186,87.7
418,0.710050,,0.819300,0.710050,0.186,87.8
419,0.708400,,0.819300,0.710050,0.194,88.0
420,0.710367,,0.819300,0.710367,0.255,88.3
421,0.712400,,0.819300,0.712400,0.187,88.5
422,0.710500,,0.819300,0.712400,0.185,88.7
423,0.711217,,0.819300,0.712400,0.184,88.8
424,0.712783,,0.819300,0.712783,0.186,89.0
425,0.714467,,0.819300,0.714467,0.189,89.2
426,0.715267,,0.819300,0.715267,0.194,89.4
427,0.713233,,0.819300,0.715267,0.187,89.6
428,0.713817,,0.819300,0.715267,0.183,89.8
429,0.715733,,0.819300,0.715733,0.188,90.0
430,0.715950,,0.819300,0.715950,0.186,90.2
431,0.717983,,0.819300,0.717983,0.260,90.4
432,0.720217,,0.819300,0.720217,0.187,90.6
433,0.720300,,0.819300,0.720300,0.185,90.8
434,0.720417,,0.819300,0.720417,0.185,91.0
435,0.719233,,0.819300,0.720417,0.190,91.2
436,0.720050,,0.819300,0.720417,0.185,91.3
437,0.721967,,0.819300,0.721967,0.187,91.5
438,0.721467,,0.819300,0.721967,0.187,91.7
439,0.723117,,0.819300,0.723117,0.184,91.9
440,0.724167,,0.819300,0.724167,0.187,92.1
441,0.725500,,0.819300,0.725500,0.186,92.3
442,0.727283,,0.819300,0.727283,0.267,92.5
443,0.727133,,0.819300,0.727283,0.186,92.7
444,0.727833,,0.819300,0.727833,0.186,92.9
445,0.728517,,0.819300,0.728517,0.187,93.1
446,0.730267,,0.819300,0.730267,0.185,93.3
447,0.729767,,0.819300,0.730267,0.187,93.5
448,0.731050,,0.819300,0.731050,0.185,93.7
449,0.731067,,0.819300,0.731067,0.185,93.8
450,0.729633,0.8452000021934509,0.845200,0.731067,0.250,94.1
451,0.730683,,0.845200,0.731067,0.139,94.2
452,0.733117,,0.845200,0.733117,0.187,94.4
453,0.734100,,0.845200,0.734100,0.256,94.7
454,0.732667,,0.845200,0.734100,0.188,94.9
455,0.734350,,0.845200,0.734350,0.190,95.1
456,0.734267,,0.845200,0.734350,0.192,95.2
457,0.733733,,0.845200,0.734350,0.187,95.4
458,0.735933,,0.845200,0.735933,0.189,95.6
459,0.737100,,0.845200,0.737100,0.184,95.8
460,0.735700,,0.845200,0.737100,0.184,96.0
461,0.736933,,0.845200,0.737100,0.188,96.2
462,0.737333,,0.845200,0.737333,0.189,96.4
463,0.737583,,0.845200,0.737583,0.186,96.6
464,0.742750,,0.845200,0.742750,0.258,96.8
465,0.740767,,0.845200,0.742750,0.186,97.0
466,0.737667,,0.845200,0.742750,0.186,97.2
467,0.740767,,0.845200,0.742750,0.187,97.4
468,0.742533,,0.845200,0.742750,0.245,97.6
469,0.741433,,0.845200,0.742750,0.186,97.8
470,0.742700,,0.845200,0.742750,0.187,98.0
471,0.740817,,0.845200,0.742750,0.185,98.2
472,0.743100,,0.845200,0.743100,0.188,98.4
473,0.739967,,0.845200,0.743100,0.185,98.6
474,0.743600,,0.845200,0.743600,0.188,98.7
475,0.742183,,0.845200,0.743600,0.250,99.0
476,0.743017,,0.845200,0.743600,0.187,99.2
477,0.744300,,0.845200,0.744300,0.186,99.4
478,0.747033,,0.845200,0.747033,0.186,99.5
479,0.745433,,0.845200,0.747033,0.185,99.7
480,0.745683,,0.845200,0.747033,0.187,99.9
481,0.749917,,0.845200,0.749917,0.188,100.1
482,0.748183,,0.845200,0.749917,0.194,100.3
483,0.748650,,0.845200,0.749917,0.188,100.5
484,0.746833,,0.845200,0.749917,0.189,100.7
485,0.749183,,0.845200,0.749917,0.185,100.9
486,0.751200,,0.845200,0.751200,0.254,101.1
487,0.748750,,0.845200,0.751200,0.188,101.3
488,0.749167,,0.845200,0.751200,0.186,101.5
489,0.750567,,0.845200,0.751200,0.187,101.7
490,0.749933,,0.845200,0.751200,0.187,101.9
491,0.750717,,0.845200,0.751200,0.186,102.1
492,0.753333,,0.845200,0.753333,0.187,102.2
493,0.751383,,0.845200,0.753333,0.185,102.4
494,0.753517,,0.845200,0.753517,0.187,102.6
495,0.750550,,0.845200,0.753517,0.188,102.8
496,0.753817,,0.845200,0.753817,0.186,103.0
497,0.750867,,0.845200,0.753817,0.253,103.2
498,0.752067,,0.845200,0.753817,0.189,103.4
499,0.753583,,0.845200,0.753817,0.186,103.6
500,0.756117,0.8550999760627747,0.855100,0.756117,0.249,103.9
501,0.753617,,0.855100,0.756117,0.138,104.0
502,0.752267,,0.855100,0.756117,0.186,104.2
503,0.756367,,0.855100,0.756367,0.187,104.4
504,0.754950,,0.855100,0.756367,0.184,104.6
505,0.754067,,0.855100,0.756367,0.186,104.7
506,0.755767,,0.855100,0.756367,0.189,104.9
507,0.755983,,0.855100,0.756367,0.188,105.1
508,0.755033,,0.855100,0.756367,0.258,105.4
509,0.756800,,0.855100,0.756800,0.188,105.6
510,0.756167,,0.855100,0.756800,0.187,105.8
511,0.756533,,0.855100,0.756800,0.189,105.9
512,0.757950,,0.855100,0.757950,0.188,106.1
513,0.755950,,0.855100,0.757950,0.187,106.3
514,0.758333,,0.855100,0.758333,0.188,106.5
515,0.760067,,0.855100,0.760067,0.185,106.7
516,0.760950,,0.855100,0.760950,0.188,106.9
517,0.759167,,0.855100,0.760950,0.186,107.1
518,0.759317,,0.855100,0.760950,0.189,107.3
519,0.758183,,0.855100,0.760950,0.256,107.5
520,0.760333,,0.855100,0.760950,0.187,107.7
521,0.757517,,0.855100,0.760950,0.187,107.9
522,0.759617,,0.855100,0.760950,0.189,108.1
523,0.761317,,0.855100,0.761317,0.187,108.3
524,0.762217,,0.855100,0.762217,0.186,108.4
525,0.761917,,0.855100,0.762217,0.187,108.6
526,0.762483,,0.855100,0.762483,0.184,108.8
527,0.760583,,0.855100,0.762483,0.186,109.0
528,0.759833,,0.855100,0.762483,0.186,109.2
529,0.761100,,0.855100,0.762483,0.186,109.4
530,0.760733,,0.855100,0.762483,0.242,109.6
531,0.762300,,0.855100,0.762483,0.185,109.8
532,0.764033,,0.855100,0.764033,0.187,110.0
533,0.763850,,0.855100,0.764033,0.186,110.2
534,0.762467,,0.855100,0.764033,0.187,110.4
535,0.764250,,0.855100,0.764250,0.186,110.5
536,0.761950,,0.855100,0.764250,0.185,110.7
537,0.764533,,0.855100,0.764533,0.187,110.9
538,0.766833,,0.855100,0.766833,0.186,111.1
539,0.764967,,0.855100,0.766833,0.187,111.3
540,0.767083,,0.855100,0.767083,0.188,111.5
541,0.765833,,0.855100,0.767083,0.248,111.7
542,0.764733,,0.855100,0.767083,0.184,111.9
543,0.768383,,0.855100,0.768383,0.188,112.1
544,0.767150,,0.855100,0.768383,0.194,112.3
545,0.768517,,0.855100,0.768517,0.189,112.5
546,0.766533,,0.855100,0.768517,0.188,112.7
547,0.767600,,0.855100,0.768517,0.190,112.9
548,0.765567,,0.855100,0.768517,0.188,113.0
549,0.766950,,0.855100,0.768517,0.190,113.2
550,0.766800,0.8642999529838562,0.864300,0.768517,0.251,113.5
551,0.767950,,0.864300,0.768517,0.142,113.6
552,0.766667,,0.864300,0.768517,0.257,113.9
553,0.766233,,0.864300,0.768517,0.185,114.1
554,0.766133,,0.864300,0.768517,0.189,114.3
555,0.767150,,0.864300,0.768517,0.193,114.5
556,0.767900,,0.864300,0.768517,0.197,114.7
557,0.766333,,0.864300,0.768517,0.196,114.8
558,0.767167,,0.864300,0.768517,0.199,115.0
559,0.768517,,0.864300,0.768517,0.190,115.2
560,0.767717,,0.864300,0.768517,0.190,115.4
561,0.768217,,0.864300,0.768517,0.188,115.6
562,0.770417,,0.864300,0.770417,0.187,115.8
563,0.768950,,0.864300,0.770417,0.255,116.1
564,0.769017,,0.864300,0.770417,0.189,116.2
565,0.770733,,0.864300,0.770733,0.187,116.4
566,0.770483,,0.864300,0.770733,0.186,116.6
567,0.772500,,0.864300,0.772500,0.189,116.8
568,0.769167,,0.864300,0.772500,0.186,117.0
569,0.770283,,0.864300,0.772500,0.187,117.2
570,0.771950,,0.864300,0.772500,0.190,117.4
571,0.770150,,0.864300,0.772500,0.187,117.6
572,0.772367,,0.864300,0.772500,0.185,117.7
573,0.771150,,0.864300,0.772500,0.187,117.9
574,0.771817,,0.864300,0.772500,0.259,118.2
575,0.774167,,0.864300,0.774167,0.185,118.4
576,0.772633,,0.864300,0.774167,0.187,118.6
577,0.775167,,0.864300,0.775167,0.185,118.7
578,0.775117,,0.864300,0.775167,0.185,118.9
579,0.773533,,0.864300,0.775167,0.186,119.1
580,0.774517,,0.864300,0.775167,0.189,119.3
581,0.775433,,0.864300,0.775433,0.189,119.5
582,0.776167,,0.864300,0.776167,0.185,119.7
583,0.776417,,0.864300,0.776417,0.186,119.9
584,0.774383,,0.864300,0.776417,0.188,120.1
585,0.776083,,0.864300,0.776417,0.264,120.3
586,0.775717,,0.864300,0.776417,0.187,120.5
587,0.774117,,0.864300,0.776417,0.187,120.7
588,0.778567,,0.864300,0.778567,0.189,120.9
589,0.775233,,0.864300,0.778567,0.186,121.1
590,0.777733,,0.864300,0.778567,0.187,121.3
591,0.778117,,0.864300,0.778567,0.189,121.4
592,0.777583,,0.864300,0.778567,0.186,121.6
593,0.777917,,0.864300,0.778567,0.187,121.8
594,0.779550,,0.864300,0.779550,0.188,122.0
595,0.776900,,0.864300,0.779550,0.187,122.2
596,0.777883,,0.864300,0.779550,0.251,122.4
597,0.780033,,0.864300,0.780033,0.189,122.6
598,0.778400,,0.864300,0.780033,0.185,122.8
599,0.779533,,0.864300,0.780033,0.185,123.0
600,0.781117,0.8662999868392944,0.866300,0.781117,0.249,123.3
601,0.780917,,0.866300,0.781117,0.139,123.4
602,0.781500,,0.866300,0.781500,0.187,123.6
603,0.780467,,0.866300,0.781500,0.188,123.8
604,0.781917,,0.866300,0.781917,0.186,123.9
605,0.779850,,0.866300,0.781917,0.185,124.1
606,0.779617,,0.866300,0.781917,0.187,124.3
607,0.779983,,0.866300,0.781917,0.258,124.6
608,0.779750,,0.866300,0.781917,0.188,124.8
609,0.780633,,0.866300,0.781917,0.189,125.0
610,0.781267,,0.866300,0.781917,0.187,125.1
611,0.782150,,0.866300,0.782150,0.189,125.3
612,0.780550,,0.866300,0.782150,0.185,125.5
613,0.784267,,0.866300,0.784267,0.188,125.7
614,0.781233,,0.866300,0.784267,0.187,125.9
615,0.784567,,0.866300,0.784567,0.188,126.1
616,0.782900,,0.866300,0.784567,0.187,126.3
617,0.783550,,0.866300,0.784567,0.188,126.5
618,0.783600,,0.866300,0.784567,0.255,126.7
619,0.783883,,0.866300,0.784567,0.187,126.9
620,0.784217,,0.866300,0.784567,0.186,127.1
621,0.783550,,0.866300,0.784567,0.188,127.3
622,0.783300,,0.866300,0.784567,0.188,127.5
623,0.784200,,0.866300,0.784567,0.186,127.6
624,0.780717,,0.866300,0.784567,0.186,127.8
625,0.784033,,0.866300,0.784567,0.188,128.0
626,0.785750,,0.866300,0.785750,0.232,128.2
627,0.784233,,0.866300,0.785750,0.181,128.4
628,0.783433,,0.866300,0.785750,0.185,128.6
629,0.785567,,0.866300,0.785750,0.253,128.9
630,0.783150,,0.866300,0.785750,0.185,129.1
631,0.786100,,0.866300,0.786100,0.186,129.2
632,0.784717,,0.866300,0.786100,0.185,129.4
633,0.785950,,0.866300,0.786100,0.185,129.6
634,0.785483,,0.866300,0.786100,0.189,129.8
635,0.785167,,0.866300,0.786100,0.187,130.0
636,0.783383,,0.866300,0.786100,0.185,130.2
637,0.786300,,0.866300,0.786300,0.188,130.4
638,0.785083,,0.866300,0.786300,0.186,130.5
639,0.786367,,0.866300,0.786367,0.185,130.7
640,0.784850,,0.866300,0.786367,0.237,131.0
641,0.787917,,0.866300,0.787917,0.188,131.2
642,0.785917,,0.866300,0.787917,0.187,131.3
643,0.786250,,0.866300,0.787917,0.184,131.5
644,0.788100,,0.866300,0.788100,0.187,131.7
645,0.786500,,0.866300,0.788100,0.186,131.9
646,0.788267,,0.866300,0.788267,0.187,132.1
647,0.789550,,0.866300,0.789550,0.188,132.3
648,0.788433,,0.866300,0.789550,0.188,132.5
649,0.789367,,0.866300,0.789550,0.187,132.6
650,0.788633,0.8694999814033508,0.869500,0.789550,0.254,132.9
651,0.790150,,0.869500,0.790150,0.211,133.1
652,0.785717,,0.869500,0.790150,0.191,133.3
653,0.790217,,0.869500,0.790217,0.187,133.5
654,0.788700,,0.869500,0.790217,0.186,133.7
655,0.789483,,0.869500,0.790217,0.188,133.9
656,0.790400,,0.869500,0.790400,0.185,134.0
657,0.789433,,0.869500,0.790400,0.187,134.2
658,0.790917,,0.869500,0.790917,0.186,134.4
659,0.790133,,0.869500,0.790917,0.188,134.6
660,0.791017,,0.869500,0.791017,0.187,134.8
661,0.791533,,0.869500,0.791533,0.185,135.0
662,0.789617,,0.869500,0.791533,0.256,135.2
663,0.791067,,0.869500,0.791533,0.187,135.4
664,0.791483,,0.869500,0.791533,0.187,135.6
665,0.787267,,0.869500,0.791533,0.188,135.8
666,0.793217,,0.869500,0.793217,0.189,136.0
667,0.790333,,0.869500,0.793217,0.189,136.2
668,0.791633,,0.869500,0.793217,0.186,136.4
669,0.792750,,0.869500,0.793217,0.186,136.5
670,0.794383,,0.869500,0.794383,0.186,136.7
671,0.793250,,0.869500,0.794383,0.187,136.9
672,0.793117,,0.869500,0.794383,0.188,137.1
673,0.793400,,0.869500,0.794383,0.255,137.4
674,0.792133,,0.869500,0.794383,0.188,137.6
675,0.794383,,0.869500,0.794383,0.188,137.7
676,0.794233,,0.869500,0.794383,0.187,137.9
677,0.792617,,0.869500,0.794383,0.187,138.1
678,0.793067,,0.869500,0.794383,0.189,138.3
679,0.792233,,0.869500,0.794383,0.190,138.5
680,0.795483,,0.869500,0.795483,0.186,138.7
681,0.792750,,0.869500,0.795483,0.187,138.9
682,0.793833,,0.869500,0.795483,0.188,139.1
683,0.794017,,0.869500,0.795483,0.184,139.2
684,0.794350,,0.869500,0.795483,0.251,139.5
685,0.796117,,0.869500,0.796117,0.190,139.7
686,0.793233,,0.869500,0.796117,0.187,139.9
687,0.793217,,0.869500,0.796117,0.188,140.1
688,0.794183,,0.869500,0.796117,0.191,140.2
689,0.796850,,0.869500,0.796850,0.188,140.4
690,0.796000,,0.869500,0.796850,0.186,140.6
691,0.795817,,0.869500,0.796850,0.187,140.8
692,0.794500,,0.869500,0.796850,0.191,141.0
693,0.796317,,0.869500,0.796850,0.188,141.2
694,0.796217,,0.869500,0.796850,0.185,141.4
695,0.794733,,0.869500,0.796850,0.254,141.6
696,0.799517,,0.869500,0.799517,0.187,141.8
697,0.795950,,0.869500,0.799517,0.186,142.0
698,0.799183,,0.869500,0.799517,0.186,142.2
699,0.796150,,0.869500,0.799517,0.186,142.4
700,0.798617,0.8788999915122986,0.878900,0.799517,0.248,142.6
701,0.798350,,0.878900,0.799517,0.137,142.8
702,0.796383,,0.878900,0.799517,0.187,142.9
703,0.795867,,0.878900,0.799517,0.188,143.1
704,0.798267,,0.878900,0.799517,0.186,143.3
705,0.798350,,0.878900,0.799517,0.183,143.5
706,0.796750,,0.878900,0.799517,0.250,143.7
707,0.798000,,0.878900,0.799517,0.187,143.9
708,0.798317,,0.878900,0.799517,0.186,144.1
709,0.801867,,0.878900,0.801867,0.187,144.3
710,0.797850,,0.878900,0.801867,0.187,144.5
711,0.799517,,0.878900,0.801867,0.185,144.7
712,0.797467,,0.878900,0.801867,0.187,144.9
713,0.798067,,0.878900,0.801867,0.188,145.1
714,0.799550,,0.878900,0.801867,0.185,145.2
715,0.798800,,0.878900,0.801867,0.188,145.4
716,0.802017,,0.878900,0.802017,0.188,145.6
717,0.801333,,0.878900,0.802017,0.254,145.9
718,0.800433,,0.878900,0.802017,0.188,146.1
719,0.802667,,0.878900,0.802667,0.186,146.2
720,0.801200,,0.878900,0.802667,0.185,146.4
721,0.801250,,0.878900,0.802667,0.188,146.6
722,0.800183,,0.878900,0.802667,0.184,146.8
723,0.802383,,0.878900,0.802667,0.187,147.0
724,0.800517,,0.878900,0.802667,0.189,147.2
725,0.803233,,0.878900,0.803233,0.188,147.4
726,0.803217,,0.878900,0.803233,0.188,147.5
727,0.804050,,0.878900,0.804050,0.188,147.7
728,0.802450,,0.878900,0.804050,0.253,148.0
729,0.803100,,0.878900,0.804050,0.191,148.2
730,0.802117,,0.878900,0.804050,0.185,148.4
731,0.802717,,0.878900,0.804050,0.185,148.6
732,0.804900,,0.878900,0.804900,0.187,148.7
733,0.804800,,0.878900,0.804900,0.187,148.9
734,0.804317,,0.878900,0.804900,0.187,149.1
735,0.803233,,0.878900,0.804900,0.189,149.3
736,0.803800,,0.878900,0.804900,0.187,149.5
737,0.805833,,0.878900,0.805833,0.183,149.7
738,0.803033,,0.878900,0.805833,0.188,149.9
739,0.803117,,0.878900,0.805833,0.259,150.1
740,0.806833,,0.878900,0.806833,0.188,150.3
741,0.804850,,0.878900,0.806833,0.190,150.5
742,0.806550,,0.878900,0.806833,0.186,150.7
743,0.804483,,0.878900,0.806833,0.188,150.9
744,0.809667,,0.878900,0.809667,0.190,151.1
745,0.805567,,0.878900,0.809667,0.187,151.2
746,0.807583,,0.878900,0.809667,0.190,151.4
747,0.805033,,0.878900,0.809667,0.188,151.6
748,0.807167,,0.878900,0.809667,0.186,151.8
749,0.806067,,0.878900,0.809667,0.188,152.0
750,0.804683,0.884399950504303,0.884400,0.809667,0.316,152.3
751,0.807283,,0.884400,0.809667,0.142,152.5
752,0.807133,,0.884400,0.809667,0.189,152.6
753,0.808900,,0.884400,0.809667,0.186,152.8
754,0.808050,,0.884400,0.809667,0.186,153.0
755,0.809283,,0.884400,0.809667,0.191,153.2
756,0.809717,,0.884400,0.809717,0.186,153.4
757,0.807567,,0.884400,0.809717,0.186,153.6
758,0.809583,,0.884400,0.809717,0.187,153.8
759,0.808317,,0.884400,0.809717,0.186,154.0
760,0.809200,,0.884400,0.809717,0.186,154.1
761,0.811000,,0.884400,0.811000,0.254,154.4
762,0.808300,,0.884400,0.811000,0.185,154.6
763,0.810967,,0.884400,0.811000,0.187,154.8
764,0.811033,,0.884400,0.811033,0.187,155.0
765,0.806533,,0.884400,0.811033,0.188,155.1
766,0.810567,,0.884400,0.811033,0.186,155.3
767,0.810533,,0.884400,0.811033,0.187,155.5
768,0.810233,,0.884400,0.811033,0.185,155.7
769,0.809383,,0.884400,0.811033,0.188,155.9
770,0.807433,,0.884400,0.811033,0.188,156.1
771,0.810050,,0.884400,0.811033,0.176,156.3
772,0.808800,,0.884400,0.811033,0.242,156.5
773,0.809917,,0.884400,0.811033,0.185,156.7
774,0.811200,,0.884400,0.811200,0.188,156.9
775,0.811583,,0.884400,0.811583,0.190,157.1
776,0.810833,,0.884400,0.811583,0.189,157.2
777,0.809667,,0.884400,0.811583,0.188,157.4
778,0.809133,,0.884400,0.811583,0.186,157.6
779,0.808350,,0.884400,0.811583,0.186,157.8
780,0.810717,,0.884400,0.811583,0.244,158.0
781,0.813600,,0.884400,0.813600,0.186,158.2
782,0.809317,,0.884400,0.813600,0.189,158.4
783,0.810583,,0.884400,0.813600,0.252,158.7
784,0.810867,,0.884400,0.813600,0.186,158.9
785,0.812250,,0.884400,0.813600,0.186,159.0
786,0.811367,,0.884400,0.813600,0.188,159.2
787,0.811800,,0.884400,0.813600,0.187,159.4
788,0.812400,,0.884400,0.813600,0.185,159.6
789,0.811967,,0.884400,0.813600,0.184,159.8
790,0.810267,,0.884400,0.813600,0.184,160.0
791,0.810950,,0.884400,0.813600,0.189,160.2
792,0.812400,,0.884400,0.813600,0.184,160.3
793,0.812617,,0.884400,0.813600,0.188,160.5
794,0.811417,,0.884400,0.813600,0.238,160.8
795,0.811367,,0.884400,0.813600,0.189,161.0
796,0.812733,,0.884400,0.813600,0.187,161.2
797,0.812467,,0.884400,0.813600,0.186,161.3
798,0.813733,,0.884400,0.813733,0.188,161.5
799,0.811350,,0.884400,0.813733,0.185,161.7
800,0.812617,0.8866999745368958,0.886700,0.813733,0.248,162.0
801,0.813483,,0.886700,0.813733,0.137,162.1
802,0.813900,,0.886700,0.813900,0.187,162.3
803,0.813617,,0.886700,0.813900,0.184,162.5
804,0.812533,,0.886700,0.813900,0.187,162.7
805,0.813700,,0.886700,0.813900,0.251,162.9
806,0.812600,,0.886700,0.813900,0.191,163.1
807,0.815600,,0.886700,0.815600,0.188,163.3
808,0.813283,,0.886700,0.815600,0.187,163.5
809,0.814250,,0.886700,0.815600,0.188,163.7
810,0.813833,,0.886700,0.815600,0.185,163.8
811,0.815650,,0.886700,0.815650,0.186,164.0
812,0.814300,,0.886700,0.815650,0.187,164.2
813,0.814417,,0.886700,0.815650,0.186,164.4
814,0.813883,,0.886700,0.815650,0.188,164.6
815,0.813067,,0.886700,0.815650,0.185,164.8
816,0.813200,,0.886700,0.815650,0.258,165.0
817,0.815183,,0.886700,0.815650,0.191,165.2
818,0.814700,,0.886700,0.815650,0.188,165.4
819,0.815300,,0.886700,0.815650,0.187,165.6
820,0.817167,,0.886700,0.817167,0.189,165.8
821,0.814500,,0.886700,0.817167,0.191,166.0
822,0.817017,,0.886700,0.817167,0.186,166.2
823,0.817483,,0.886700,0.817483,0.186,166.4
824,0.816183,,0.886700,0.817483,0.188,166.5
825,0.817633,,0.886700,0.817633,0.186,166.7
826,0.817300,,0.886700,0.817633,0.188,166.9
827,0.817950,,0.886700,0.817950,0.254,167.2
828,0.815767,,0.886700,0.817950,0.188,167.4
829,0.818250,,0.886700,0.818250,0.185,167.5
830,0.816433,,0.886700,0.818250,0.187,167.7
831,0.817517,,0.886700,0.818250,0.185,167.9
832,0.819367,,0.886700,0.819367,0.185,168.1
833,0.819567,,0.886700,0.819567,0.189,168.3
834,0.817300,,0.886700,0.819567,0.185,168.5
835,0.818667,,0.886700,0.819567,0.184,168.7
836,0.819450,,0.886700,0.819567,0.189,168.8
837,0.820883,,0.886700,0.820883,0.187,169.0
838,0.816717,,0.886700,0.820883,0.253,169.3
839,0.816817,,0.886700,0.820883,0.188,169.5
840,0.820783,,0.886700,0.820883,0.186,169.7
841,0.819900,,0.886700,0.820883,0.187,169.8
842,0.820117,,0.886700,0.820883,0.192,170.0
843,0.817817,,0.886700,0.820883,0.189,170.2
844,0.818833,,0.886700,0.820883,0.186,170.4
845,0.820867,,0.886700,0.820883,0.191,170.6
846,0.819217,,0.886700,0.820883,0.184,170.8
847,0.819017,,0.886700,0.820883,0.187,171.0
848,0.819050,,0.886700,0.820883,0.186,171.2
849,0.818200,,0.886700,0.820883,0.253,171.4
850,0.820283,0.88919997215271,0.889200,0.820883,0.247,171.7
851,0.818533,,0.889200,0.820883,0.140,171.8
852,0.819900,,0.889200,0.820883,0.187,172.0
853,0.819367,,0.889200,0.820883,0.187,172.2
854,0.820500,,0.889200,0.820883,0.187,172.4
855,0.819517,,0.889200,0.820883,0.189,172.6
856,0.819583,,0.889200,0.820883,0.189,172.7
857,0.820600,,0.889200,0.820883,0.186,172.9
858,0.818900,,0.889200,0.820883,0.187,173.1
859,0.821050,,0.889200,0.821050,0.189,173.3
860,0.821317,,0.889200,0.821317,0.254,173.6
861,0.820800,,0.889200,0.821317,0.186,173.7
862,0.820683,,0.889200,0.821317,0.186,173.9
863,0.819850,,0.889200,0.821317,0.186,174.1
864,0.819600,,0.889200,0.821317,0.188,174.3
865,0.821133,,0.889200,0.821317,0.188,174.5
866,0.820333,,0.889200,0.821317,0.185,174.7
867,0.820550,,0.889200,0.821317,0.186,174.9
868,0.820883,,0.889200,0.821317,0.185,175.0
869,0.822300,,0.889200,0.822300,0.185,175.2
870,0.819950,,0.889200,0.822300,0.187,175.4
871,0.820850,,0.889200,0.822300,0.243,175.7
872,0.822467,,0.889200,0.822467,0.188,175.9
873,0.820650,,0.889200,0.822467,0.186,176.0
874,0.823850,,0.889200,0.823850,0.190,176.2
875,0.822600,,0.889200,0.823850,0.193,176.4
876,0.821617,,0.889200,0.823850,0.188,176.6
877,0.821350,,0.889200,0.823850,0.187,176.8
878,0.822767,,0.889200,0.823850,0.188,177.0
879,0.822833,,0.889200,0.823850,0.188,177.2
880,0.822950,,0.889200,0.823850,0.187,177.4
881,0.822950,,0.889200,0.823850,0.185,177.5
882,0.824133,,0.889200,0.824133,0.256,177.8
883,0.824383,,0.889200,0.824383,0.187,178.0
884,0.825300,,0.889200,0.825300,0.185,178.2
885,0.822650,,0.889200,0.825300,0.186,178.4
886,0.824950,,0.889200,0.825300,0.186,178.5
887,0.825600,,0.889200,0.825600,0.187,178.7
888,0.823350,,0.889200,0.825600,0.187,178.9
889,0.825967,,0.889200,0.825967,0.187,179.1
890,0.823150,,0.889200,0.825967,0.185,179.3
891,0.824583,,0.889200,0.825967,0.189,179.5
892,0.823300,,0.889200,0.825967,0.187,179.7
893,0.822533,,0.889200,0.825967,0.253,179.9
894,0.825317,,0.889200,0.825967,0.186,180.1
895,0.825883,,0.889200,0.825967,0.186,180.3
896,0.824000,,0.889200,0.825967,0.187,180.5
897,0.825533,,0.889200,0.825967,0.187,180.7
898,0.823633,,0.889200,0.825967,0.188,180.9
899,0.823550,,0.889200,0.825967,0.187,181.0
900,0.824983,0.8892999887466431,0.889300,0.825967,0.249,181.3
901,0.823650,,0.889300,0.825967,0.138,181.4
902,0.827467,,0.889300,0.827467,0.188,181.6
903,0.826100,,0.889300,0.827467,0.186,181.8
904,0.825450,,0.889300,0.827467,0.252,182.1
905,0.826283,,0.889300,0.827467,0.186,182.2
906,0.827183,,0.889300,0.827467,0.184,182.4
907,0.826100,,0.889300,0.827467,0.187,182.6
908,0.826283,,0.889300,0.827467,0.186,182.8
909,0.824650,,0.889300,0.827467,0.185,183.0
910,0.825650,,0.889300,0.827467,0.188,183.2
911,0.826917,,0.889300,0.827467,0.185,183.4
912,0.826833,,0.889300,0.827467,0.186,183.5
913,0.826900,,0.889300,0.827467,0.189,183.7
914,0.826300,,0.889300,0.827467,0.189,183.9
915,0.827150,,0.889300,0.827467,0.256,184.2
916,0.826267,,0.889300,0.827467,0.188,184.4
917,0.828083,,0.889300,0.828083,0.187,184.5
918,0.827783,,0.889300,0.828083,0.185,184.7
919,0.826767,,0.889300,0.828083,0.189,184.9
920,0.828500,,0.889300,0.828500,0.186,185.1
921,0.826350,,0.889300,0.828500,0.185,185.3
922,0.829217,,0.889300,0.829217,0.189,185.5
923,0.826700,,0.889300,0.829217,0.185,185.7
924,0.826633,,0.889300,0.829217,0.186,185.9
925,0.827833,,0.889300,0.829217,0.186,186.0
926,0.826567,,0.889300,0.829217,0.256,186.3
927,0.827683,,0.889300,0.829217,0.187,186.5
928,0.827333,,0.889300,0.829217,0.189,186.7
929,0.827400,,0.889300,0.829217,0.187,186.9
930,0.829833,,0.889300,0.829833,0.186,187.0
931,0.828317,,0.889300,0.829833,0.188,187.2
932,0.825533,,0.889300,0.829833,0.186,187.4
933,0.828033,,0.889300,0.829833,0.186,187.6
934,0.826483,,0.889300,0.829833,0.260,187.9
935,0.828350,,0.889300,0.829833,0.185,188.1
936,0.828917,,0.889300,0.829833,0.187,188.2
937,0.826517,,0.889300,0.829833,0.252,188.5
938,0.825917,,0.889300,0.829833,0.187,188.7
939,0.827683,,0.889300,0.829833,0.188,188.9
940,0.828433,,0.889300,0.829833,0.186,189.0
941,0.828467,,0.889300,0.829833,0.186,189.2
942,0.828083,,0.889300,0.829833,0.186,189.4
943,0.829117,,0.889300,0.829833,0.186,189.6
944,0.828900,,0.889300,0.829833,0.186,189.8
945,0.825333,,0.889300,0.829833,0.189,190.0
946,0.828350,,0.889300,0.829833,0.186,190.2
947,0.826900,,0.889300,0.829833,0.191,190.4
948,0.828517,,0.889300,0.829833,0.256,190.6
949,0.829117,,0.889300,0.829833,0.188,190.8
950,0.829300,0.889799952507019,0.889800,0.829833,0.249,191.1
951,0.829233,,0.889800,0.829833,0.139,191.2
952,0.829250,,0.889800,0.829833,0.186,191.4
953,0.830683,,0.889800,0.830683,0.186,191.6
954,0.826950,,0.889800,0.830683,0.189,191.8
955,0.828217,,0.889800,0.830683,0.188,191.9
956,0.829817,,0.889800,0.830683,0.185,192.1
957,0.828000,,0.889800,0.830683,0.186,192.3
958,0.829800,,0.889800,0.830683,0.187,192.5
959,0.829000,,0.889800,0.830683,0.256,192.8
960,0.829500,,0.889800,0.830683,0.188,192.9
961,0.828333,,0.889800,0.830683,0.187,193.1
962,0.829283,,0.889800,0.830683,0.186,193.3
963,0.828400,,0.889800,0.830683,0.187,193.5
964,0.830767,,0.889800,0.830767,0.185,193.7
965,0.830917,,0.889800,0.830917,0.187,193.9
966,0.831383,,0.889800,0.831383,0.188,194.1
967,0.829200,,0.889800,0.831383,0.187,194.2
968,0.829450,,0.889800,0.831383,0.186,194.4
969,0.829233,,0.889800,0.831383,0.187,194.6
970,0.830633,,0.889800,0.831383,0.251,194.9
971,0.830933,,0.889800,0.831383,0.184,195.1
972,0.829750,,0.889800,0.831383,0.187,195.2
973,0.828133,,0.889800,0.831383,0.189,195.4
974,0.829883,,0.889800,0.831383,0.188,195.6
975,0.830083,,0.889800,0.831383,0.185,195.8
976,0.832467,,0.889800,0.832467,0.187,196.0
977,0.829800,,0.889800,0.832467,0.184,196.2
978,0.831917,,0.889800,0.832467,0.188,196.4
979,0.831067,,0.889800,0.832467,0.188,196.6
980,0.831617,,0.889800,0.832467,0.185,196.7
981,0.832000,,0.889800,0.832467,0.260,197.0
982,0.830967,,0.889800,0.832467,0.190,197.2
983,0.831800,,0.889800,0.832467,0.188,197.4
984,0.831433,,0.889800,0.832467,0.186,197.6
985,0.832517,,0.889800,0.832517,0.187,197.8
986,0.832417,,0.889800,0.832517,0.187,197.9
987,0.830700,,0.889800,0.832517,0.187,198.1
988,0.831483,,0.889800,0.832517,0.186,198.3
989,0.832783,,0.889800,0.832783,0.187,198.5
990,0.833700,,0.889800,0.833700,0.188,198.7
991,0.832083,,0.889800,0.833700,0.186,198.9
992,0.833483,,0.889800,0.833700,0.253,199.1
993,0.832067,,0.889800,0.833700,0.190,199.3
994,0.834050,,0.889800,0.834050,0.187,199.5
995,0.832883,,0.889800,0.834050,0.187,199.7
996,0.835517,,0.889800,0.835517,0.188,199.9
997,0.833433,,0.889800,0.835517,0.189,200.1
998,0.831800,,0.889800,0.835517,0.189,200.3
999,0.833300,,0.889800,0.835517,0.186,200.4
1000,0.833750,0.8910999894142151,0.891100,0.835517,0.248,200.7
1001,0.833700,,0.891100,0.835517,0.137,200.8
1002,0.832667,,0.891100,0.835517,0.187,201.0
1003,0.832583,,0.891100,0.835517,0.254,201.3
1004,0.830917,,0.891100,0.835517,0.187,201.5
1005,0.833850,,0.891100,0.835517,0.186,201.6
1006,0.834067,,0.891100,0.835517,0.186,201.8
1007,0.831467,,0.891100,0.835517,0.190,202.0
1008,0.833867,,0.891100,0.835517,0.191,202.2
1009,0.832050,,0.891100,0.835517,0.185,202.4
1010,0.833467,,0.891100,0.835517,0.189,202.6
1011,0.832100,,0.891100,0.835517,0.189,202.8
1012,0.833017,,0.891100,0.835517,0.186,203.0
1013,0.835183,,0.891100,0.835517,0.187,203.1
1014,0.835567,,0.891100,0.835567,0.252,203.4
1015,0.834133,,0.891100,0.835567,0.182,203.6
1016,0.832100,,0.891100,0.835567,0.186,203.8
1017,0.834133,,0.891100,0.835567,0.186,204.0
1018,0.834183,,0.891100,0.835567,0.187,204.1
1019,0.834317,,0.891100,0.835567,0.188,204.3
1020,0.835633,,0.891100,0.835633,0.185,204.5
1021,0.832600,,0.891100,0.835633,0.189,204.7
1022,0.835767,,0.891100,0.835767,0.184,204.9
1023,0.833817,,0.891100,0.835767,0.186,205.1
1024,0.837117,,0.891100,0.837117,0.187,205.3
1025,0.834667,,0.891100,0.837117,0.234,205.5
1026,0.836500,,0.891100,0.837117,0.188,205.7
1027,0.834450,,0.891100,0.837117,0.186,205.9
1028,0.835733,,0.891100,0.837117,0.190,206.1
1029,0.834250,,0.891100,0.837117,0.186,206.2
1030,0.837067,,0.891100,0.837117,0.187,206.4
1031,0.837667,,0.891100,0.837667,0.189,206.6
1032,0.837083,,0.891100,0.837667,0.188,206.8
1033,0.835200,,0.891100,0.837667,0.184,207.0
1034,0.835700,,0.891100,0.837667,0.188,207.2
1035,0.836933,,0.891100,0.837667,0.185,207.4
1036,0.835083,,0.891100,0.837667,0.254,207.6
1037,0.837367,,0.891100,0.837667,0.186,207.8
1038,0.836217,,0.891100,0.837667,0.187,208.0
1039,0.836067,,0.891100,0.837667,0.187,208.2
1040,0.835983,,0.891100,0.837667,0.188,208.4
1041,0.837000,,0.891100,0.837667,0.189,208.6
1042,0.836983,,0.891100,0.837667,0.186,208.7
1043,0.836433,,0.891100,0.837667,0.187,208.9
1044,0.836650,,0.891100,0.837667,0.186,209.1
1045,0.836967,,0.891100,0.837667,0.189,209.3
1046,0.836500,,0.891100,0.837667,0.187,209.5
1047,0.836233,,0.891100,0.837667,0.247,209.7
1048,0.835683,,0.891100,0.837667,0.189,209.9
1049,0.836150,,0.891100,0.837667,0.187,210.1
1050,0.836317,0.8919000029563904,0.891900,0.837667,0.251,210.4
1051,0.836967,,0.891900,0.837667,0.141,210.5
1052,0.836817,,0.891900,0.837667,0.187,210.7
1053,0.837200,,0.891900,0.837667,0.188,210.9
1054,0.837800,,0.891900,0.837800,0.186,211.1
1055,0.835800,,0.891900,0.837800,0.185,211.2
1056,0.838550,,0.891900,0.838550,0.187,211.4
1057,0.836417,,0.891900,0.838550,0.188,211.6
1058,0.837017,,0.891900,0.838550,0.259,211.9
1059,0.838267,,0.891900,0.838550,0.190,212.1
1060,0.837483,,0.891900,0.838550,0.186,212.3
1061,0.837250,,0.891900,0.838550,0.187,212.4
1062,0.839100,,0.891900,0.839100,0.186,212.6
1063,0.838283,,0.891900,0.839100,0.188,212.8
1064,0.836150,,0.891900,0.839100,0.188,213.0
1065,0.837150,,0.891900,0.839100,0.188,213.2
1066,0.839350,,0.891900,0.839350,0.187,213.4
1067,0.837733,,0.891900,0.839350,0.190,213.6
1068,0.836883,,0.891900,0.839350,0.186,213.8
1069,0.838733,,0.891900,0.839350,0.251,214.0
1070,0.838333,,0.891900,0.839350,0.186,214.2
1071,0.838800,,0.891900,0.839350,0.185,214.4
1072,0.840950,,0.891900,0.840950,0.187,214.6
1073,0.839583,,0.891900,0.840950,0.185,214.8
1074,0.837083,,0.891900,0.840950,0.184,214.9
1075,0.838750,,0.891900,0.840950,0.188,215.1
1076,0.838300,,0.891900,0.840950,0.186,215.3
1077,0.837850,,0.891900,0.840950,0.187,215.5
1078,0.839300,,0.891900,0.840950,0.188,215.7
1079,0.838533,,0.891900,0.840950,0.187,215.9
1080,0.839733,,0.891900,0.840950,0.263,216.1
1081,0.840300,,0.891900,0.840950,0.186,216.3
1082,0.839150,,0.891900,0.840950,0.187,216.5
1083,0.839883,,0.891900,0.840950,0.183,216.7
1084,0.838383,,0.891900,0.840950,0.193,216.9
1085,0.838867,,0.891900,0.840950,0.188,217.1
1086,0.840783,,0.891900,0.840950,0.188,217.3
1087,0.840267,,0.891900,0.840950,0.232,217.5
1088,0.840383,,0.891900,0.840950,0.185,217.7
1089,0.841383,,0.891900,0.841383,0.187,217.9
1090,0.838283,,0.891900,0.841383,0.187,218.1
1091,0.840750,,0.891900,0.841383,0.253,218.3
1092,0.841383,,0.891900,0.841383,0.187,218.5
1093,0.842400,,0.891900,0.842400,0.189,218.7
1094,0.840133,,0.891900,0.842400,0.186,218.9
1095,0.840300,,0.891900,0.842400,0.186,219.1
1096,0.838567,,0.891900,0.842400,0.192,219.2
1097,0.842600,,0.891900,0.842600,0.187,219.4
1098,0.841467,,0.891900,0.842600,0.185,219.6
1099,0.838917,,0.891900,0.842600,0.187,219.8
1100,0.840867,0.8946999907493591,0.894700,0.842600,0.248,220.1
1101,0.840467,,0.894700,0.842600,0.141,220.2
1102,0.840717,,0.894700,0.842600,0.258,220.5
1103,0.841883,,0.894700,0.842600,0.188,220.6
1104,0.841683,,0.894700,0.842600,0.188,220.8
1105,0.839500,,0.894700,0.842600,0.186,221.0
1106,0.842067,,0.894700,0.842600,0.187,221.2
1107,0.841683,,0.894700,0.842600,0.187,221.4
1108,0.841300,,0.894700,0.842600,0.188,221.6
1109,0.842533,,0.894700,0.842600,0.187,221.8
1110,0.841733,,0.894700,0.842600,0.187,221.9
1111,0.841417,,0.894700,0.842600,0.187,222.1
1112,0.841267,,0.894700,0.842600,0.190,222.3
1113,0.842217,,0.894700,0.842600,0.252,222.6
1114,0.840600,,0.894700,0.842600,0.185,222.8
1115,0.842817,,0.894700,0.842817,0.190,223.0
1116,0.842850,,0.894700,0.842850,0.185,223.1
1117,0.841567,,0.894700,0.842850,0.187,223.3
1118,0.842750,,0.894700,0.842850,0.189,223.5
1119,0.842533,,0.894700,0.842850,0.185,223.7
1120,0.844450,,0.894700,0.844450,0.188,223.9
1121,0.843450,,0.894700,0.844450,0.188,224.1
1122,0.842767,,0.894700,0.844450,0.187,224.3
1123,0.842133,,0.894700,0.844450,0.185,224.4
1124,0.842550,,0.894700,0.844450,0.256,224.7
1125,0.842817,,0.894700,0.844450,0.188,224.9
1126,0.846183,,0.894700,0.846183,0.186,225.1
1127,0.843683,,0.894700,0.846183,0.190,225.3
1128,0.841383,,0.894700,0.846183,0.187,225.5
1129,0.843767,,0.894700,0.846183,0.186,225.6
1130,0.843017,,0.894700,0.846183,0.188,225.8
1131,0.841733,,0.894700,0.846183,0.186,226.0
1132,0.844567,,0.894700,0.846183,0.190,226.2
1133,0.844133,,0.894700,0.846183,0.188,226.4
1134,0.842633,,0.894700,0.846183,0.186,226.6
1135,0.843350,,0.894700,0.846183,0.259,226.8
1136,0.844450,,0.894700,0.846183,0.187,227.0
1137,0.846483,,0.894700,0.846483,0.187,227.2
1138,0.843617,,0.894700,0.846483,0.185,227.4
1139,0.845050,,0.894700,0.846483,0.184,227.6
1140,0.843683,,0.894700,0.846483,0.191,227.8
1141,0.843417,,0.894700,0.846483,0.188,228.0
1142,0.841450,,0.894700,0.846483,0.186,228.1
1143,0.843633,,0.894700,0.846483,0.187,228.3
1144,0.843567,,0.894700,0.846483,0.187,228.5
1145,0.843867,,0.894700,0.846483,0.186,228.7
1146,0.843117,,0.894700,0.846483,0.255,229.0
1147,0.844233,,0.894700,0.846483,0.184,229.1
1148,0.842200,,0.894700,0.846483,0.186,229.3
1149,0.843517,,0.894700,0.846483,0.191,229.5
1150,0.845633,0.896399974822998,0.896400,0.846483,0.249,229.8
1151,0.845083,,0.896400,0.846483,0.140,229.9
1152,0.844000,,0.896400,0.846483,0.186,230.1
1153,0.843433,,0.896400,0.846483,0.188,230.3
1154,0.844100,,0.896400,0.846483,0.188,230.5
1155,0.845050,,0.896400,0.846483,0.188,230.7
1156,0.844383,,0.896400,0.846483,0.187,230.8
1157,0.843617,,0.896400,0.846483,0.251,231.1
1158,0.845717,,0.896400,0.846483,0.185,231.3
1159,0.844467,,0.896400,0.846483,0.187,231.5
1160,0.845033,,0.896400,0.846483,0.185,231.7
1161,0.846117,,0.896400,0.846483,0.184,231.8
1162,0.845050,,0.896400,0.846483,0.190,232.0
1163,0.844067,,0.896400,0.846483,0.187,232.2
1164,0.845683,,0.896400,0.846483,0.187,232.4
1165,0.845300,,0.896400,0.846483,0.188,232.6
1166,0.845617,,0.896400,0.846483,0.184,232.8
1167,0.846100,,0.896400,0.846483,0.188,233.0
1168,0.844500,,0.896400,0.846483,0.246,233.2
1169,0.844533,,0.896400,0.846483,0.186,233.4
1170,0.845017,,0.896400,0.846483,0.189,233.6
1171,0.845083,,0.896400,0.846483,0.188,233.8
1172,0.847117,,0.896400,0.847117,0.198,234.0
1173,0.846500,,0.896400,0.847117,0.193,234.2
1174,0.844517,,0.896400,0.847117,0.192,234.4
1175,0.845567,,0.896400,0.847117,0.190,234.5
1176,0.844783,,0.896400,0.847117,0.187,234.7
1177,0.846283,,0.896400,0.847117,0.186,234.9
1178,0.844750,,0.896400,0.847117,0.188,235.1
1179,0.845267,,0.896400,0.847117,0.257,235.4
1180,0.845800,,0.896400,0.847117,0.186,235.6
1181,0.845500,,0.896400,0.847117,0.192,235.7
1182,0.844433,,0.896400,0.847117,0.188,235.9
1183,0.846833,,0.896400,0.847117,0.186,236.1
1184,0.846683,,0.896400,0.847117,0.186,236.3
1185,0.846167,,0.896400,0.847117,0.188,236.5
1186,0.845783,,0.896400,0.847117,0.186,236.7
1187,0.844567,,0.896400,0.847117,0.186,236.9
1188,0.845433,,0.896400,0.847117,0.189,237.1
1189,0.845850,,0.896400,0.847117,0.186,237.2
1190,0.845433,,0.896400,0.847117,0.254,237.5
1191,0.844417,,0.896400,0.847117,0.189,237.7
1192,0.846183,,0.896400,0.847117,0.184,237.9
1193,0.846583,,0.896400,0.847117,0.187,238.1
1194,0.846200,,0.896400,0.847117,0.188,238.2
1195,0.846367,,0.896400,0.847117,0.188,238.4
1196,0.846133,,0.896400,0.847117,0.186,238.6
1197,0.846367,,0.896400,0.847117,0.190,238.8
1198,0.845300,,0.896400,0.847117,0.186,239.0
1199,0.847167,,0.896400,0.847167,0.185,239.2
1200,0.845467,0.8977999687194824,0.897800,0.847167,0.251,239.4
1201,0.846033,,0.897800,0.847167,0.208,239.6
1202,0.847983,,0.897800,0.847983,0.188,239.8
1203,0.847033,,0.897800,0.847983,0.188,240.0
1204,0.848067,,0.897800,0.848067,0.188,240.2
1205,0.847283,,0.897800,0.848067,0.186,240.4
1206,0.847517,,0.897800,0.848067,0.186,240.6
1207,0.847533,,0.897800,0.848067,0.187,240.8
1208,0.847283,,0.897800,0.848067,0.186,240.9
1209,0.846683,,0.897800,0.848067,0.186,241.1
1210,0.847133,,0.897800,0.848067,0.191,241.3
1211,0.849317,,0.897800,0.849317,0.185,241.5
1212,0.847583,,0.897800,0.849317,0.248,241.8
1213,0.845483,,0.897800,0.849317,0.187,241.9
1214,0.848650,,0.897800,0.849317,0.187,242.1
1215,0.847167,,0.897800,0.849317,0.188,242.3
1216,0.848450,,0.897800,0.849317,0.188,242.5
1217,0.846650,,0.897800,0.849317,0.185,242.7
1218,0.847683,,0.897800,0.849317,0.187,242.9
1219,0.847483,,0.897800,0.849317,0.187,243.1
1220,0.846917,,0.897800,0.849317,0.184,243.2
1221,0.849300,,0.897800,0.849317,0.190,243.4
1222,0.847050,,0.897800,0.849317,0.185,243.6
1223,0.848233,,0.897800,0.849317,0.252,243.9
1224,0.847867,,0.897800,0.849317,0.189,244.1
1225,0.847417,,0.897800,0.849317,0.186,244.2
1226,0.849133,,0.897800,0.849317,0.186,244.4
1227,0.846367,,0.897800,0.849317,0.185,244.6
1228,0.850050,,0.897800,0.850050,0.186,244.8
1229,0.846400,,0.897800,0.850050,0.188,245.0
1230,0.847167,,0.897800,0.850050,0.189,245.2
1231,0.846517,,0.897800,0.850050,0.187,245.4
1232,0.848533,,0.897800,0.850050,0.188,245.6
1233,0.846800,,0.897800,0.850050,0.187,245.7
1234,0.846883,,0.897800,0.850050,0.260,246.0
1235,0.848600,,0.897800,0.850050,0.186,246.2
1236,0.846883,,0.897800,0.850050,0.190,246.4
1237,0.848200,,0.897800,0.850050,0.187,246.6
1238,0.847133,,0.897800,0.850050,0.189,246.8
1239,0.849050,,0.897800,0.850050,0.188,246.9
1240,0.850117,,0.897800,0.850117,0.187,247.1
1241,0.846067,,0.897800,0.850117,0.257,247.4
1242,0.850650,,0.897800,0.850650,0.188,247.6
1243,0.846833,,0.897800,0.850650,0.186,247.8
1244,0.847717,,0.897800,0.850650,0.186,247.9
1245,0.848117,,0.897800,0.850650,0.255,248.2
1246,0.847867,,0.897800,0.850650,0.184,248.4
1247,0.849933,,0.897800,0.850650,0.186,248.6
1248,0.849950,,0.897800,0.850650,0.191,248.8
1249,0.849583,,0.897800,0.850650,0.184,248.9
1250,0.850133,0.8973000049591064,0.897800,0.850650,0.249,249.2
1251,0.849100,,0.897800,0.850650,0.141,249.3
1252,0.847683,,0.897800,0.850650,0.188,249.5
1253,0.847467,,0.897800,0.850650,0.184,249.7
1254,0.848317,,0.897800,0.850650,0.188,249.9
1255,0.849100,,0.897800,0.850650,0.190,250.1
1256,0.850083,,0.897800,0.850650,0.254,250.3
1257,0.847817,,0.897800,0.850650,0.188,250.5
1258,0.848983,,0.897800,0.850650,0.188,250.7
1259,0.849317,,0.897800,0.850650,0.182,250.9
1260,0.848533,,0.897800,0.850650,0.189,251.1
1261,0.850017,,0.897800,0.850650,0.188,251.3
1262,0.849217,,0.897800,0.850650,0.187,251.5
1263,0.849633,,0.897800,0.850650,0.185,251.6
1264,0.850317,,0.897800,0.850650,0.187,251.8
1265,0.850383,,0.897800,0.850650,0.188,252.0
1266,0.850233,,0.897800,0.850650,0.188,252.2
1267,0.849250,,0.897800,0.850650,0.254,252.5
1268,0.849533,,0.897800,0.850650,0.188,252.7
1269,0.850500,,0.897800,0.850650,0.187,252.8
1270,0.847467,,0.897800,0.850650,0.188,253.0
1271,0.849983,,0.897800,0.850650,0.197,253.2
1272,0.848617,,0.897800,0.850650,0.188,253.4
1273,0.850117,,0.897800,0.850650,0.187,253.6
1274,0.849400,,0.897800,0.850650,0.186,253.8
1275,0.851150,,0.897800,0.851150,0.190,254.0
1276,0.850067,,0.897800,0.851150,0.195,254.2
1277,0.851033,,0.897800,0.851150,0.192,254.4
1278,0.847133,,0.897800,0.851150,0.258,254.6
1279,0.849117,,0.897800,0.851150,0.186,254.8
1280,0.850433,,0.897800,0.851150,0.190,255.0
1281,0.848767,,0.897800,0.851150,0.190,255.2
1282,0.848217,,0.897800,0.851150,0.186,255.4
1283,0.848983,,0.897800,0.851150,0.189,255.6
1284,0.848883,,0.897800,0.851150,0.187,255.8
1285,0.850333,,0.897800,0.851150,0.186,255.9
1286,0.850667,,0.897800,0.851150,0.188,256.1
1287,0.849450,,0.897800,0.851150,0.179,256.3
1288,0.850317,,0.897800,0.851150,0.186,256.5
1289,0.850583,,0.897800,0.851150,0.261,256.8
1290,0.851383,,0.897800,0.851383,0.187,256.9
1291,0.851067,,0.897800,0.851383,0.186,257.1
1292,0.851050,,0.897800,0.851383,0.186,257.3
1293,0.850550,,0.897800,0.851383,0.186,257.5
1294,0.851933,,0.897800,0.851933,0.187,257.7
1295,0.850650,,0.897800,0.851933,0.188,257.9
1296,0.850350,,0.897800,0.851933,0.186,258.1
1297,0.850883,,0.897800,0.851933,0.186,258.2
1298,0.853233,,0.897800,0.853233,0.186,258.4
1299,0.850033,,0.897800,0.853233,0.188,258.6
1300,0.853900,0.9000999927520752,0.900100,0.853900,0.322,258.9
1301,0.850233,,0.900100,0.853900,0.141,259.1
1302,0.851167,,0.900100,0.853900,0.187,259.3
1303,0.851783,,0.900100,0.853900,0.186,259.5
1304,0.852250,,0.900100,0.853900,0.187,259.6
1305,0.850667,,0.900100,0.853900,0.187,259.8
1306,0.850750,,0.900100,0.853900,0.188,260.0
1307,0.851067,,0.900100,0.853900,0.187,260.2
1308,0.850183,,0.900100,0.853900,0.188,260.4
1309,0.850983,,0.900100,0.853900,0.186,260.6
1310,0.851733,,0.900100,0.853900,0.188,260.8
1311,0.851150,,0.900100,0.853900,0.254,261.0
1312,0.851267,,0.900100,0.853900,0.186,261.2
1313,0.852150,,0.900100,0.853900,0.187,261.4
1314,0.851850,,0.900100,0.853900,0.184,261.6
1315,0.853467,,0.900100,0.853900,0.188,261.8
1316,0.850133,,0.900100,0.853900,0.188,262.0
1317,0.853633,,0.900100,0.853900,0.185,262.1
1318,0.850917,,0.900100,0.853900,0.188,262.3
1319,0.851850,,0.900100,0.853900,0.189,262.5
1320,0.855283,,0.900100,0.855283,0.186,262.7
1321,0.852933,,0.900100,0.855283,0.189,262.9
1322,0.855433,,0.900100,0.855433,0.242,263.1
1323,0.852500,,0.900100,0.855433,0.186,263.3
1324,0.851717,,0.900100,0.855433,0.189,263.5
1325,0.851917,,0.900100,0.855433,0.185,263.7
1326,0.850150,,0.900100,0.855433,0.188,263.9
1327,0.852850,,0.900100,0.855433,0.188,264.1
1328,0.852383,,0.900100,0.855433,0.185,264.3
1329,0.852533,,0.900100,0.855433,0.186,264.4
1330,0.852183,,0.900100,0.855433,0.186,264.6
1331,0.853767,,0.900100,0.855433,0.189,264.8
1332,0.853233,,0.900100,0.855433,0.188,265.0
1333,0.851733,,0.900100,0.855433,0.260,265.3
1334,0.852917,,0.900100,0.855433,0.187,265.4
1335,0.851033,,0.900100,0.855433,0.185,265.6
1336,0.852050,,0.900100,0.855433,0.188,265.8
1337,0.851783,,0.900100,0.855433,0.187,266.0
1338,0.851983,,0.900100,0.855433,0.190,266.2
1339,0.852500,,0.900100,0.855433,0.190,266.4
1340,0.851100,,0.900100,0.855433,0.185,266.6
1341,0.852500,,0.900100,0.855433,0.186,266.8
1342,0.850583,,0.900100,0.855433,0.189,266.9
1343,0.852583,,0.900100,0.855433,0.184,267.1
1344,0.851583,,0.900100,0.855433,0.252,267.4
1345,0.853833,,0.900100,0.855433,0.185,267.6
1346,0.852650,,0.900100,0.855433,0.190,267.8
1347,0.853100,,0.900100,0.855433,0.188,267.9
1348,0.854350,,0.900100,0.855433,0.188,268.1
1349,0.851617,,0.900100,0.855433,0.186,268.3
1350,0.852233,0.8992999792098999,0.900100,0.855433,0.250,268.6
1351,0.851733,,0.900100,0.855433,0.140,268.7
1352,0.852800,,0.900100,0.855433,0.187,268.9
1353,0.852533,,0.900100,0.855433,0.185,269.1
1354,0.852517,,0.900100,0.855433,0.189,269.3
1355,0.852767,,0.900100,0.855433,0.253,269.5
1356,0.852300,,0.900100,0.855433,0.185,269.7
1357,0.852250,,0.900100,0.855433,0.192,269.9
1358,0.852000,,0.900100,0.855433,0.187,270.1
1359,0.851400,,0.900100,0.855433,0.186,270.3
1360,0.852867,,0.900100,0.855433,0.189,270.5
1361,0.852533,,0.900100,0.855433,0.186,270.7
1362,0.851750,,0.900100,0.855433,0.192,270.8
1363,0.854150,,0.900100,0.855433,0.188,271.0
1364,0.850867,,0.900100,0.855433,0.186,271.2
1365,0.853817,,0.900100,0.855433,0.189,271.4
1366,0.852983,,0.900100,0.855433,0.254,271.7
1367,0.852217,,0.900100,0.855433,0.185,271.8
1368,0.853250,,0.900100,0.855433,0.186,272.0
1369,0.853317,,0.900100,0.855433,0.187,272.2
1370,0.853683,,0.900100,0.855433,0.188,272.4
1371,0.851533,,0.900100,0.855433,0.186,272.6
1372,0.853500,,0.900100,0.855433,0.189,272.8
1373,0.850050,,0.900100,0.855433,0.185,273.0
1374,0.852133,,0.900100,0.855433,0.189,273.2
1375,0.853000,,0.900100,0.855433,0.189,273.3
1376,0.851883,,0.900100,0.855433,0.186,273.5
1377,0.853883,,0.900100,0.855433,0.245,273.8
1378,0.854433,,0.900100,0.855433,0.186,274.0
1379,0.854417,,0.900100,0.855433,0.188,274.1
1380,0.853317,,0.900100,0.855433,0.188,274.3
1381,0.854767,,0.900100,0.855433,0.186,274.5
1382,0.853883,,0.900100,0.855433,0.187,274.7
1383,0.853333,,0.900100,0.855433,0.190,274.9
1384,0.854267,,0.900100,0.855433,0.192,275.1
1385,0.854517,,0.900100,0.855433,0.186,275.3
1386,0.855033,,0.900100,0.855433,0.186,275.5
1387,0.854717,,0.900100,0.855433,0.186,275.6
1388,0.854267,,0.900100,0.855433,0.256,275.9
1389,0.854833,,0.900100,0.855433,0.189,276.1
1390,0.854383,,0.900100,0.855433,0.187,276.3
1391,0.854317,,0.900100,0.855433,0.185,276.5
1392,0.855967,,0.900100,0.855967,0.188,276.7
1393,0.854850,,0.900100,0.855967,0.188,276.8
1394,0.854533,,0.900100,0.855967,0.261,277.1
1395,0.853867,,0.900100,0.855967,0.188,277.3
1396,0.855300,,0.900100,0.855967,0.187,277.5
1397,0.855250,,0.900100,0.855967,0.185,277.7
1398,0.854267,,0.900100,0.855967,0.190,277.9
1399,0.856617,,0.900100,0.856617,0.264,278.1
1400,0.855500,0.8991000056266785,0.900100,0.856617,0.248,278.4
1401,0.855583,,0.900100,0.856617,0.138,278.5
1402,0.856433,,0.900100,0.856617,0.186,278.7
1403,0.855917,,0.900100,0.856617,0.188,278.9
1404,0.855033,,0.900100,0.856617,0.189,279.1
1405,0.856650,,0.900100,0.856650,0.185,279.3
1406,0.854683,,0.900100,0.856650,0.188,279.4
1407,0.855417,,0.900100,0.856650,0.186,279.6
1408,0.856050,,0.900100,0.856650,0.188,279.8
1409,0.855150,,0.900100,0.856650,0.191,280.0
1410,0.855750,,0.900100,0.856650,0.250,280.3
1411,0.855017,,0.900100,0.856650,0.185,280.4
1412,0.855850,,0.900100,0.856650,0.188,280.6
1413,0.855067,,0.900100,0.856650,0.187,280.8
1414,0.855500,,0.900100,0.856650,0.190,281.0
1415,0.856800,,0.900100,0.856800,0.188,281.2
1416,0.854033,,0.900100,0.856800,0.187,281.4
1417,0.856833,,0.900100,0.856833,0.185,281.6
1418,0.855617,,0.900100,0.856833,0.188,281.8
1419,0.856367,,0.900100,0.856833,0.185,281.9
1420,0.857700,,0.900100,0.857700,0.187,282.1
1421,0.856983,,0.900100,0.857700,0.241,282.4
1422,0.857317,,0.900100,0.857700,0.184,282.6
1423,0.855450,,0.900100,0.857700,0.186,282.7
1424,0.855283,,0.900100,0.857700,0.187,282.9
1425,0.856167,,0.900100,0.857700,0.186,283.1
1426,0.855283,,0.900100,0.857700,0.189,283.3
1427,0.857250,,0.900100,0.857700,0.186,283.5
1428,0.856267,,0.900100,0.857700,0.187,283.7
1429,0.855283,,0.900100,0.857700,0.189,283.9
1430,0.855633,,0.900100,0.857700,0.186,284.0
1431,0.856383,,0.900100,0.857700,0.184,284.2
1432,0.856133,,0.900100,0.857700,0.246,284.5
1433,0.856950,,0.900100,0.857700,0.189,284.7
1434,0.856150,,0.900100,0.857700,0.189,284.9
1435,0.854817,,0.900100,0.857700,0.190,285.0
1436,0.855433,,0.900100,0.857700,0.187,285.2
1437,0.854967,,0.900100,0.857700,0.186,285.4
1438,0.857117,,0.900100,0.857700,0.187,285.6
1439,0.857233,,0.900100,0.857700,0.185,285.8
1440,0.855250,,0.900100,0.857700,0.191,286.0
1441,0.855383,,0.900100,0.857700,0.187,286.2
1442,0.857067,,0.900100,0.857700,0.187,286.4
1443,0.855550,,0.900100,0.857700,0.244,286.6
1444,0.856717,,0.900100,0.857700,0.187,286.8
1445,0.858067,,0.900100,0.858067,0.187,287.0
1446,0.857167,,0.900100,0.858067,0.189,287.2
1447,0.855733,,0.900100,0.858067,0.188,287.3
1448,0.855233,,0.900100,0.858067,0.187,287.5
1449,0.855533,,0.900100,0.858067,0.188,287.7
1450,0.855983,0.8996999859809875,0.900100,0.858067,0.251,288.0
1451,0.854850,,0.900100,0.858067,0.140,288.1
1452,0.855933,,0.900100,0.858067,0.187,288.3
1453,0.855650,,0.900100,0.858067,0.188,288.5
1454,0.856067,,0.900100,0.858067,0.253,288.7
1455,0.855217,,0.900100,0.858067,0.187,288.9
1456,0.856717,,0.900100,0.858067,0.187,289.1
1457,0.856283,,0.900100,0.858067,0.187,289.3
1458,0.855383,,0.900100,0.858067,0.185,289.5
1459,0.857583,,0.900100,0.858067,0.187,289.7
1460,0.856617,,0.900100,0.858067,0.188,289.9
1461,0.857333,,0.900100,0.858067,0.188,290.1
1462,0.855217,,0.900100,0.858067,0.189,290.2
1463,0.856317,,0.900100,0.858067,0.185,290.4
1464,0.858300,,0.900100,0.858300,0.186,290.6
1465,0.857267,,0.900100,0.858300,0.251,290.9
1466,0.858933,,0.900100,0.858933,0.186,291.0
1467,0.857850,,0.900100,0.858933,0.185,291.2
1468,0.856850,,0.900100,0.858933,0.187,291.4
1469,0.855933,,0.900100,0.858933,0.185,291.6
1470,0.857933,,0.900100,0.858933,0.191,291.8
1471,0.855333,,0.900100,0.858933,0.190,292.0
1472,0.855367,,0.900100,0.858933,0.189,292.2
1473,0.855917,,0.900100,0.858933,0.188,292.4
1474,0.859233,,0.900100,0.859233,0.193,292.6
1475,0.857500,,0.900100,0.859233,0.187,292.7
1476,0.857367,,0.900100,0.859233,0.260,293.0
1477,0.856583,,0.900100,0.859233,0.188,293.2
1478,0.856533,,0.900100,0.859233,0.187,293.4
1479,0.856100,,0.900100,0.859233,0.190,293.6
1480,0.860183,,0.900100,0.860183,0.185,293.8
1481,0.857883,,0.900100,0.860183,0.189,293.9
1482,0.857217,,0.900100,0.860183,0.188,294.1
1483,0.858850,,0.900100,0.860183,0.185,294.3
1484,0.857800,,0.900100,0.860183,0.187,294.5
1485,0.855650,,0.900100,0.860183,0.190,294.7
1486,0.857050,,0.900100,0.860183,0.188,294.9
1487,0.858250,,0.900100,0.860183,0.251,295.1
1488,0.857433,,0.900100,0.860183,0.188,295.3
1489,0.856300,,0.900100,0.860183,0.187,295.5
1490,0.857150,,0.900100,0.860183,0.187,295.7
1491,0.857750,,0.900100,0.860183,0.187,295.9
1492,0.857617,,0.900100,0.860183,0.187,296.1
1493,0.858417,,0.900100,0.860183,0.187,296.3
1494,0.858333,,0.900100,0.860183,0.188,296.4
1495,0.858467,,0.900100,0.860183,0.186,296.6
1496,0.856100,,0.900100,0.860183,0.186,296.8
1497,0.857050,,0.900100,0.860183,0.185,297.0
1498,0.859333,,0.900100,0.860183,0.257,297.3
1499,0.858200,,0.900100,0.860183,0.186,297.4
1500,0.857467,0.8989999890327454,0.900100,0.860183,0.250,297.7
1501,0.859400,,0.900100,0.860183,0.146,297.8
1502,0.857117,,0.900100,0.860183,0.191,298.0
1503,0.858683,,0.900100,0.860183,0.178,298.2
1504,0.856867,,0.900100,0.860183,0.189,298.4
1505,0.858800,,0.900100,0.860183,0.186,298.6
1506,0.855867,,0.900100,0.860183,0.189,298.8
1507,0.858850,,0.900100,0.860183,0.188,299.0
1508,0.858300,,0.900100,0.860183,0.187,299.1
1509,0.858700,,0.900100,0.860183,0.255,299.4
1510,0.858667,,0.900100,0.860183,0.188,299.6
1511,0.858967,,0.900100,0.860183,0.188,299.8
1512,0.857950,,0.900100,0.860183,0.189,300.0
1513,0.857600,,0.900100,0.860183,0.185,300.2
1514,0.857917,,0.900100,0.860183,0.189,300.3
1515,0.857300,,0.900100,0.860183,0.190,300.5
1516,0.858117,,0.900100,0.860183,0.186,300.7
1517,0.859383,,0.900100,0.860183,0.188,300.9
1518,0.858867,,0.900100,0.860183,0.186,301.1
1519,0.858033,,0.900100,0.860183,0.185,301.3
1520,0.859383,,0.900100,0.860183,0.187,301.5
1521,0.859083,,0.900100,0.860183,0.189,301.7
1522,0.860567,,0.900100,0.860567,0.185,301.8
1523,0.860633,,0.900100,0.860633,0.186,302.0
1524,0.860633,,0.900100,0.860633,0.189,302.2
1525,0.858133,,0.900100,0.860633,0.186,302.4
1526,0.857583,,0.900100,0.860633,0.186,302.6
1527,0.859083,,0.900100,0.860633,0.191,302.8
1528,0.858733,,0.900100,0.860633,0.186,303.0
1529,0.858500,,0.900100,0.860633,0.186,303.1
1530,0.858100,,0.900100,0.860633,0.256,303.4
1531,0.857850,,0.900100,0.860633,0.185,303.6
1532,0.858933,,0.900100,0.860633,0.185,303.8
1533,0.858967,,0.900100,0.860633,0.186,304.0
1534,0.860600,,0.900100,0.860633,0.186,304.1
1535,0.860767,,0.900100,0.860767,0.187,304.3
1536,0.857900,,0.900100,0.860767,0.187,304.5
1537,0.859717,,0.900100,0.860767,0.188,304.7
1538,0.860783,,0.900100,0.860783,0.187,304.9
1539,0.857550,,0.900100,0.860783,0.191,305.1
1540,0.857667,,0.900100,0.860783,0.186,305.3
1541,0.859933,,0.900100,0.860783,0.257,305.5
1542,0.858050,,0.900100,0.860783,0.189,305.7
1543,0.859533,,0.900100,0.860783,0.185,305.9
1544,0.858383,,0.900100,0.860783,0.186,306.1
1545,0.859067,,0.900100,0.860783,0.188,306.3
1546,0.859900,,0.900100,0.860783,0.186,306.5
1547,0.859033,,0.900100,0.860783,0.186,306.7
1548,0.860133,,0.900100,0.860783,0.187,306.8
1549,0.858567,,0.900100,0.860783,0.186,307.0
1550,0.860050,0.9012999534606934,0.901300,0.860783,0.253,307.3
1551,0.861783,,0.901300,0.861783,0.140,307.4
1552,0.856533,,0.901300,0.861783,0.290,307.7
1553,0.860000,,0.901300,0.861783,0.187,307.9
1554,0.859683,,0.901300,0.861783,0.185,308.1
1555,0.858300,,0.901300,0.861783,0.186,308.3
1556,0.859050,,0.901300,0.861783,0.185,308.5
1557,0.860450,,0.901300,0.861783,0.185,308.6
1558,0.861000,,0.901300,0.861783,0.185,308.8
1559,0.859183,,0.901300,0.861783,0.185,309.0
1560,0.859133,,0.901300,0.861783,0.187,309.2
1561,0.860450,,0.901300,0.861783,0.188,309.4
1562,0.859867,,0.901300,0.861783,0.186,309.6
1563,0.859783,,0.901300,0.861783,0.253,309.8
1564,0.857717,,0.901300,0.861783,0.189,310.0
1565,0.859267,,0.901300,0.861783,0.186,310.2
1566,0.860450,,0.901300,0.861783,0.186,310.4
1567,0.859417,,0.901300,0.861783,0.188,310.6
1568,0.861300,,0.901300,0.861783,0.185,310.8
1569,0.859883,,0.901300,0.861783,0.188,310.9
1570,0.859917,,0.901300,0.861783,0.188,311.1
1571,0.859950,,0.901300,0.861783,0.185,311.3
1572,0.860367,,0.901300,0.861783,0.187,311.5
1573,0.860467,,0.901300,0.861783,0.185,311.7
1574,0.859967,,0.901300,0.861783,0.254,311.9
1575,0.859983,,0.901300,0.861783,0.188,312.1
1576,0.860950,,0.901300,0.861783,0.188,312.3
1577,0.860283,,0.901300,0.861783,0.185,312.5
1578,0.861000,,0.901300,0.861783,0.188,312.7
1579,0.860667,,0.901300,0.861783,0.187,312.9
1580,0.860717,,0.901300,0.861783,0.185,313.1
1581,0.860483,,0.901300,0.861783,0.188,313.2
1582,0.861300,,0.901300,0.861783,0.185,313.4
1583,0.862750,,0.901300,0.862750,0.186,313.6
1584,0.861567,,0.901300,0.862750,0.188,313.8
1585,0.859783,,0.901300,0.862750,0.263,314.1
1586,0.861100,,0.901300,0.862750,0.188,314.3
1587,0.861300,,0.901300,0.862750,0.186,314.4
1588,0.859167,,0.901300,0.862750,0.190,314.6
1589,0.861067,,0.901300,0.862750,0.187,314.8
1590,0.858933,,0.901300,0.862750,0.189,315.0
1591,0.860517,,0.901300,0.862750,0.187,315.2
1592,0.860150,,0.901300,0.862750,0.189,315.4
1593,0.860400,,0.901300,0.862750,0.188,315.6
1594,0.861583,,0.901300,0.862750,0.187,315.8
1595,0.861567,,0.901300,0.862750,0.185,315.9
1596,0.860000,,0.901300,0.862750,0.254,316.2
1597,0.861400,,0.901300,0.862750,0.186,316.4
1598,0.859717,,0.901300,0.862750,0.191,316.6
1599,0.862083,,0.901300,0.862750,0.188,316.8
1600,0.861717,0.9005999565124512,0.901300,0.862750,0.249,317.0
1601,0.862717,,0.901300,0.862750,0.142,317.2
1602,0.861533,,0.901300,0.862750,0.189,317.3
1603,0.861217,,0.901300,0.862750,0.189,317.5
1604,0.861050,,0.901300,0.862750,0.190,317.7
1605,0.861367,,0.901300,0.862750,0.187,317.9
1606,0.862450,,0.901300,0.862750,0.189,318.1
1607,0.862283,,0.901300,0.862750,0.254,318.4
1608,0.863700,,0.901300,0.863700,0.188,318.5
1609,0.861600,,0.901300,0.863700,0.186,318.7
1610,0.861733,,0.901300,0.863700,0.187,318.9
1611,0.861150,,0.901300,0.863700,0.187,319.1
1612,0.860533,,0.901300,0.863700,0.188,319.3
1613,0.860333,,0.901300,0.863700,0.187,319.5
1614,0.862767,,0.901300,0.863700,0.188,319.7
1615,0.860767,,0.901300,0.863700,0.187,319.9
1616,0.862167,,0.901300,0.863700,0.187,320.0
1617,0.861133,,0.901300,0.863700,0.187,320.2
1618,0.862000,,0.901300,0.863700,0.253,320.5
1619,0.862050,,0.901300,0.863700,0.187,320.7
1620,0.862017,,0.901300,0.863700,0.187,320.9
1621,0.859800,,0.901300,0.863700,0.189,321.0
1622,0.861933,,0.901300,0.863700,0.184,321.2
1623,0.861067,,0.901300,0.863700,0.188,321.4
1624,0.862333,,0.901300,0.863700,0.188,321.6
1625,0.861100,,0.901300,0.863700,0.186,321.8
1626,0.863000,,0.901300,0.863700,0.186,322.0
1627,0.860650,,0.901300,0.863700,0.188,322.2
1628,0.862117,,0.901300,0.863700,0.186,322.3
1629,0.862067,,0.901300,0.863700,0.258,322.6
1630,0.860450,,0.901300,0.863700,0.188,322.8
1631,0.861083,,0.901300,0.863700,0.189,323.0
1632,0.862133,,0.901300,0.863700,0.187,323.2
1633,0.861017,,0.901300,0.863700,0.186,323.4
1634,0.861667,,0.901300,0.863700,0.186,323.5
1635,0.861733,,0.901300,0.863700,0.190,323.7
1636,0.861200,,0.901300,0.863700,0.188,323.9
1637,0.860833,,0.901300,0.863700,0.187,324.1
1638,0.861883,,0.901300,0.863700,0.190,324.3
1639,0.862050,,0.901300,0.863700,0.187,324.5
1640,0.860333,,0.901300,0.863700,0.254,324.7
1641,0.861100,,0.901300,0.863700,0.190,324.9
1642,0.861600,,0.901300,0.863700,0.187,325.1
1643,0.860067,,0.901300,0.863700,0.184,325.3
1644,0.860033,,0.901300,0.863700,0.187,325.5
1645,0.861267,,0.901300,0.863700,0.188,325.7
1646,0.860883,,0.901300,0.863700,0.190,325.9
1647,0.862383,,0.901300,0.863700,0.189,326.1
1648,0.861117,,0.901300,0.863700,0.186,326.2
1649,0.861083,,0.901300,0.863700,0.186,326.4
1650,0.862117,0.8984999656677246,0.901300,0.863700,0.250,326.7
1651,0.862783,,0.901300,0.863700,0.205,326.9
1652,0.862683,,0.901300,0.863700,0.189,327.1
1653,0.860650,,0.901300,0.863700,0.185,327.3
1654,0.861917,,0.901300,0.863700,0.188,327.4
1655,0.863700,,0.901300,0.863700,0.188,327.6
1656,0.862400,,0.901300,0.863700,0.186,327.8
1657,0.861067,,0.901300,0.863700,0.186,328.0
1658,0.862417,,0.901300,0.863700,0.184,328.2
1659,0.862000,,0.901300,0.863700,0.187,328.4
1660,0.862167,,0.901300,0.863700,0.191,328.6
1661,0.861683,,0.901300,0.863700,0.187,328.8
1662,0.861217,,0.901300,0.863700,0.261,329.0
1663,0.859133,,0.901300,0.863700,0.189,329.2
1664,0.860800,,0.901300,0.863700,0.188,329.4
1665,0.861667,,0.901300,0.863700,0.187,329.6
1666,0.860617,,0.901300,0.863700,0.187,329.8
1667,0.862800,,0.901300,0.863700,0.189,330.0
1668,0.861767,,0.901300,0.863700,0.185,330.1
1669,0.861900,,0.901300,0.863700,0.189,330.3
1670,0.863867,,0.901300,0.863867,0.193,330.5
1671,0.864800,,0.901300,0.864800,0.190,330.7
1672,0.863367,,0.901300,0.864800,0.187,330.9
1673,0.862850,,0.901300,0.864800,0.251,331.2
1674,0.863283,,0.901300,0.864800,0.188,331.3
1675,0.861650,,0.901300,0.864800,0.190,331.5
1676,0.863833,,0.901300,0.864800,0.186,331.7
1677,0.860667,,0.901300,0.864800,0.189,331.9
1678,0.863150,,0.901300,0.864800,0.187,332.1
1679,0.862600,,0.901300,0.864800,0.189,332.3
1680,0.862600,,0.901300,0.864800,0.185,332.5
1681,0.864300,,0.901300,0.864800,0.186,332.7
1682,0.863183,,0.901300,0.864800,0.185,332.8
1683,0.863600,,0.901300,0.864800,0.187,333.0
1684,0.862050,,0.901300,0.864800,0.255,333.3
1685,0.861017,,0.901300,0.864800,0.187,333.5
1686,0.862450,,0.901300,0.864800,0.188,333.7
1687,0.862333,,0.901300,0.864800,0.186,333.8
1688,0.862100,,0.901300,0.864800,0.186,334.0
1689,0.861250,,0.901300,0.864800,0.188,334.2
1690,0.864133,,0.901300,0.864800,0.186,334.4
1691,0.862450,,0.901300,0.864800,0.186,334.6
1692,0.862850,,0.901300,0.864800,0.187,334.8
1693,0.862967,,0.901300,0.864800,0.190,335.0
1694,0.861583,,0.901300,0.864800,0.186,335.1
1695,0.862533,,0.901300,0.864800,0.256,335.4
1696,0.861500,,0.901300,0.864800,0.188,335.6
1697,0.863083,,0.901300,0.864800,0.187,335.8
1698,0.861900,,0.901300,0.864800,0.189,336.0
1699,0.862867,,0.901300,0.864800,0.191,336.2
1700,0.863583,0.9025999903678894,0.902600,0.864800,0.250,336.4
1701,0.862550,,0.902600,0.864800,0.141,336.6
1702,0.863167,,0.902600,0.864800,0.187,336.7
1703,0.864417,,0.902600,0.864800,0.190,336.9
1704,0.862000,,0.902600,0.864800,0.190,337.1
1705,0.861617,,0.902600,0.864800,0.185,337.3
1706,0.863967,,0.902600,0.864800,0.339,337.6
1707,0.864267,,0.902600,0.864800,0.189,337.8
1708,0.863650,,0.902600,0.864800,0.187,338.0
1709,0.863650,,0.902600,0.864800,0.190,338.2
1710,0.864933,,0.902600,0.864933,0.187,338.4
1711,0.862350,,0.902600,0.864933,0.186,338.6
1712,0.863017,,0.902600,0.864933,0.180,338.8
1713,0.863700,,0.902600,0.864933,0.186,338.9
1714,0.863783,,0.902600,0.864933,0.186,339.1
1715,0.862100,,0.902600,0.864933,0.188,339.3
1716,0.863300,,0.902600,0.864933,0.190,339.5
1717,0.863267,,0.902600,0.864933,0.262,339.8
1718,0.863483,,0.902600,0.864933,0.185,340.0
1719,0.864350,,0.902600,0.864933,0.184,340.1
1720,0.862400,,0.902600,0.864933,0.190,340.3
1721,0.864133,,0.902600,0.864933,0.191,340.5
1722,0.863000,,0.902600,0.864933,0.189,340.7
1723,0.862200,,0.902600,0.864933,0.188,340.9
1724,0.863100,,0.902600,0.864933,0.188,341.1
1725,0.863033,,0.902600,0.864933,0.188,341.3
1726,0.861333,,0.902600,0.864933,0.179,341.5
1727,0.863400,,0.902600,0.864933,0.187,341.6
1728,0.864967,,0.902600,0.864967,0.255,341.9
1729,0.863350,,0.902600,0.864967,0.187,342.1
1730,0.863167,,0.902600,0.864967,0.189,342.3
1731,0.863850,,0.902600,0.864967,0.190,342.5
1732,0.863367,,0.902600,0.864967,0.188,342.6
1733,0.862917,,0.902600,0.864967,0.188,342.8
1734,0.863733,,0.902600,0.864967,0.185,343.0
1735,0.863717,,0.902600,0.864967,0.185,343.2
1736,0.862067,,0.902600,0.864967,0.185,343.4
1737,0.862933,,0.902600,0.864967,0.187,343.6
1738,0.863267,,0.902600,0.864967,0.185,343.8
1739,0.864217,,0.902600,0.864967,0.255,344.0
1740,0.865233,,0.902600,0.865233,0.190,344.2
1741,0.863317,,0.902600,0.865233,0.188,344.4
1742,0.863033,,0.902600,0.865233,0.188,344.6
1743,0.864883,,0.902600,0.865233,0.188,344.8
1744,0.862917,,0.902600,0.865233,0.187,345.0
1745,0.864617,,0.902600,0.865233,0.189,345.1
1746,0.863233,,0.902600,0.865233,0.187,345.3
1747,0.863317,,0.902600,0.865233,0.187,345.5
1748,0.863800,,0.902600,0.865233,0.187,345.7
1749,0.863967,,0.902600,0.865233,0.188,345.9
1750,0.865317,0.9055999517440796,0.905600,0.865317,0.321,346.2
1751,0.864800,,0.905600,0.865317,0.144,346.4
1752,0.866633,,0.905600,0.866633,0.187,346.6
1753,0.865300,,0.905600,0.866633,0.187,346.7
1754,0.863233,,0.905600,0.866633,0.187,346.9
1755,0.865300,,0.905600,0.866633,0.186,347.1
1756,0.864133,,0.905600,0.866633,0.187,347.3
1757,0.864600,,0.905600,0.866633,0.188,347.5
1758,0.865017,,0.905600,0.866633,0.188,347.7
1759,0.865183,,0.905600,0.866633,0.188,347.9
1760,0.863700,,0.905600,0.866633,0.189,348.1
1761,0.864667,,0.905600,0.866633,0.251,348.3
1762,0.865333,,0.905600,0.866633,0.185,348.5
1763,0.866367,,0.905600,0.866633,0.187,348.7
1764,0.862267,,0.905600,0.866633,0.187,348.9
1765,0.864183,,0.905600,0.866633,0.187,349.0
1766,0.864617,,0.905600,0.866633,0.189,349.2
1767,0.866117,,0.905600,0.866633,0.186,349.4
1768,0.865950,,0.905600,0.866633,0.189,349.6
1769,0.865167,,0.905600,0.866633,0.188,349.8
1770,0.864700,,0.905600,0.866633,0.188,350.0
1771,0.865933,,0.905600,0.866633,0.187,350.2
1772,0.865500,,0.905600,0.866633,0.255,350.4
1773,0.867217,,0.905600,0.867217,0.189,350.6
1774,0.863567,,0.905600,0.867217,0.187,350.8
1775,0.867150,,0.905600,0.867217,0.187,351.0
1776,0.865733,,0.905600,0.867217,0.187,351.2
1777,0.864833,,0.905600,0.867217,0.186,351.4
1778,0.866317,,0.905600,0.867217,0.188,351.6
1779,0.864800,,0.905600,0.867217,0.186,351.7
1780,0.863883,,0.905600,0.867217,0.188,351.9
1781,0.864233,,0.905600,0.867217,0.189,352.1
1782,0.863067,,0.905600,0.867217,0.187,352.3
1783,0.866567,,0.905600,0.867217,0.253,352.6
1784,0.864633,,0.905600,0.867217,0.189,352.7
1785,0.864567,,0.905600,0.867217,0.185,352.9
1786,0.863550,,0.905600,0.867217,0.189,353.1
1787,0.864083,,0.905600,0.867217,0.191,353.3
1788,0.863917,,0.905600,0.867217,0.188,353.5
1789,0.863083,,0.905600,0.867217,0.186,353.7
1790,0.865383,,0.905600,0.867217,0.186,353.9
1791,0.864483,,0.905600,0.867217,0.187,354.1
1792,0.866400,,0.905600,0.867217,0.185,354.2
1793,0.864750,,0.905600,0.867217,0.191,354.4
1794,0.866433,,0.905600,0.867217,0.254,354.7
1795,0.865350,,0.905600,0.867217,0.189,354.9
1796,0.866667,,0.905600,0.867217,0.187,355.1
1797,0.864800,,0.905600,0.867217,0.184,355.2
1798,0.863217,,0.905600,0.867217,0.189,355.4
1799,0.866483,,0.905600,0.867217,0.186,355.6
1800,0.865800,0.9047999978065491,0.905600,0.867217,0.251,355.9
1801,0.864550,,0.905600,0.867217,0.140,356.0
1802,0.864367,,0.905600,0.867217,0.188,356.2
1803,0.865867,,0.905600,0.867217,0.187,356.4
1804,0.866367,,0.905600,0.867217,0.186,356.6
1805,0.865667,,0.905600,0.867217,0.253,356.8
1806,0.864733,,0.905600,0.867217,0.187,357.0
1807,0.865317,,0.905600,0.867217,0.188,357.2
1808,0.865333,,0.905600,0.867217,0.187,357.4
1809,0.865250,,0.905600,0.867217,0.186,357.6
1810,0.864867,,0.905600,0.867217,0.187,357.8
1811,0.864433,,0.905600,0.867217,0.189,358.0
1812,0.864617,,0.905600,0.867217,0.187,358.1
1813,0.865717,,0.905600,0.867217,0.185,358.3
1814,0.866883,,0.905600,0.867217,0.187,358.5
1815,0.867017,,0.905600,0.867217,0.187,358.7
1816,0.866433,,0.905600,0.867217,0.250,358.9
1817,0.867117,,0.905600,0.867217,0.190,359.1
1818,0.865400,,0.905600,0.867217,0.186,359.3
1819,0.867350,,0.905600,0.867350,0.189,359.5
1820,0.868467,,0.905600,0.868467,0.189,359.7
1821,0.866900,,0.905600,0.868467,0.185,359.9
1822,0.866350,,0.905600,0.868467,0.190,360.1
1823,0.867383,,0.905600,0.868467,0.189,360.3
1824,0.866250,,0.905600,0.868467,0.188,360.5
1825,0.866817,,0.905600,0.868467,0.188,360.6
1826,0.866383,,0.905600,0.868467,0.184,360.8
1827,0.866767,,0.905600,0.868467,0.252,361.1
1828,0.865383,,0.905600,0.868467,0.190,361.3
1829,0.864850,,0.905600,0.868467,0.188,361.5
1830,0.866800,,0.905600,0.868467,0.185,361.6
1831,0.867467,,0.905600,0.868467,0.187,361.8
1832,0.866383,,0.905600,0.868467,0.189,362.0
1833,0.867700,,0.905600,0.868467,0.187,362.2
1834,0.867500,,0.905600,0.868467,0.187,362.4
1835,0.866583,,0.905600,0.868467,0.188,362.6
1836,0.868100,,0.905600,0.868467,0.186,362.8
1837,0.865433,,0.905600,0.868467,0.186,363.0
1838,0.866500,,0.905600,0.868467,0.256,363.2
1839,0.867100,,0.905600,0.868467,0.185,363.4
1840,0.866517,,0.905600,0.868467,0.187,363.6
1841,0.866400,,0.905600,0.868467,0.186,363.8
1842,0.865917,,0.905600,0.868467,0.188,364.0
1843,0.866433,,0.905600,0.868467,0.190,364.1
1844,0.865717,,0.905600,0.868467,0.188,364.3
1845,0.867450,,0.905600,0.868467,0.186,364.5
1846,0.866800,,0.905600,0.868467,0.188,364.7
1847,0.867800,,0.905600,0.868467,0.189,364.9
1848,0.865250,,0.905600,0.868467,0.186,365.1
1849,0.867100,,0.905600,0.868467,0.258,365.3
1850,0.867167,0.9077999591827393,0.907800,0.868467,0.252,365.6
1851,0.866933,,0.907800,0.868467,0.142,365.7
1852,0.867167,,0.907800,0.868467,0.188,365.9
1853,0.867433,,0.907800,0.868467,0.185,366.1
1854,0.867417,,0.907800,0.868467,0.189,366.3
1855,0.866450,,0.907800,0.868467,0.187,366.5
1856,0.866700,,0.907800,0.868467,0.187,366.7
1857,0.866783,,0.907800,0.868467,0.190,366.9
1858,0.865833,,0.907800,0.868467,0.187,367.0
1859,0.867917,,0.907800,0.868467,0.231,367.3
1860,0.867517,,0.907800,0.868467,0.257,367.5
1861,0.866100,,0.907800,0.868467,0.188,367.7
1862,0.867350,,0.907800,0.868467,0.187,367.9
1863,0.866233,,0.907800,0.868467,0.189,368.1
1864,0.867517,,0.907800,0.868467,0.189,368.3
1865,0.867717,,0.907800,0.868467,0.186,368.5
1866,0.865950,,0.907800,0.868467,0.186,368.7
1867,0.869000,,0.907800,0.869000,0.188,368.8
1868,0.865167,,0.907800,0.869000,0.191,369.0
1869,0.867483,,0.907800,0.869000,0.189,369.2
1870,0.868283,,0.907800,0.869000,0.185,369.4
1871,0.867333,,0.907800,0.869000,0.256,369.7
1872,0.865800,,0.907800,0.869000,0.187,369.9
1873,0.865950,,0.907800,0.869000,0.185,370.0
1874,0.866517,,0.907800,0.869000,0.189,370.2
1875,0.868083,,0.907800,0.869000,0.185,370.4
1876,0.867317,,0.907800,0.869000,0.185,370.6
1877,0.867317,,0.907800,0.869000,0.187,370.8
1878,0.868017,,0.907800,0.869000,0.186,371.0
1879,0.867333,,0.907800,0.869000,0.192,371.2
1880,0.866533,,0.907800,0.869000,0.188,371.3
1881,0.868233,,0.907800,0.869000,0.190,371.5
1882,0.867117,,0.907800,0.869000,0.258,371.8
1883,0.866383,,0.907800,0.869000,0.188,372.0
1884,0.868133,,0.907800,0.869000,0.186,372.2
1885,0.867017,,0.907800,0.869000,0.189,372.4
1886,0.865317,,0.907800,0.869000,0.187,372.5
1887,0.867450,,0.907800,0.869000,0.188,372.7
1888,0.866367,,0.907800,0.869000,0.189,372.9
1889,0.867517,,0.907800,0.869000,0.185,373.1
1890,0.867033,,0.907800,0.869000,0.188,373.3
1891,0.866367,,0.907800,0.869000,0.189,373.5
1892,0.868200,,0.907800,0.869000,0.189,373.7
1893,0.866283,,0.907800,0.869000,0.257,373.9
1894,0.867317,,0.907800,0.869000,0.196,374.1
1895,0.868883,,0.907800,0.869000,0.191,374.3
1896,0.869917,,0.907800,0.869917,0.190,374.5
1897,0.869333,,0.907800,0.869917,0.190,374.7
1898,0.868333,,0.907800,0.869917,0.189,374.9
1899,0.867233,,0.907800,0.869917,0.191,375.1
1900,0.868783,0.9041999578475952,0.907800,0.869917,0.248,375.3
1901,0.866200,,0.907800,0.869917,0.144,375.5
1902,0.867217,,0.907800,0.869917,0.190,375.7
1903,0.865850,,0.907800,0.869917,0.188,375.8
1904,0.866533,,0.907800,0.869917,0.257,376.1
1905,0.865983,,0.907800,0.869917,0.191,376.3
1906,0.868167,,0.907800,0.869917,0.187,376.5
1907,0.868750,,0.907800,0.869917,0.189,376.7
1908,0.867933,,0.907800,0.869917,0.189,376.9
1909,0.868900,,0.907800,0.869917,0.190,377.0
1910,0.866567,,0.907800,0.869917,0.195,377.2
1911,0.870267,,0.907800,0.870267,0.187,377.4
1912,0.868250,,0.907800,0.870267,0.189,377.6
1913,0.868333,,0.907800,0.870267,0.190,377.8
1914,0.866933,,0.907800,0.870267,0.189,378.0
1915,0.867750,,0.907800,0.870267,0.257,378.3
1916,0.868700,,0.907800,0.870267,0.188,378.4
1917,0.868567,,0.907800,0.870267,0.190,378.6
1918,0.865733,,0.907800,0.870267,0.190,378.8
1919,0.867483,,0.907800,0.870267,0.187,379.0
1920,0.868783,,0.907800,0.870267,0.189,379.2
1921,0.867583,,0.907800,0.870267,0.190,379.4
1922,0.869667,,0.907800,0.870267,0.189,379.6
1923,0.868017,,0.907800,0.870267,0.190,379.8
1924,0.867950,,0.907800,0.870267,0.187,380.0
1925,0.867583,,0.907800,0.870267,0.188,380.1
1926,0.869833,,0.907800,0.870267,0.258,380.4
1927,0.867583,,0.907800,0.870267,0.190,380.6
1928,0.869550,,0.907800,0.870267,0.189,380.8
1929,0.867283,,0.907800,0.870267,0.190,381.0
1930,0.869500,,0.907800,0.870267,0.190,381.2
1931,0.868400,,0.907800,0.870267,0.188,381.4
1932,0.868783,,0.907800,0.870267,0.187,381.5
1933,0.869267,,0.907800,0.870267,0.191,381.7
1934,0.868250,,0.907800,0.870267,0.188,381.9
1935,0.868167,,0.907800,0.870267,0.189,382.1
1936,0.866667,,0.907800,0.870267,0.191,382.3
1937,0.867233,,0.907800,0.870267,0.261,382.6
1938,0.870283,,0.907800,0.870283,0.190,382.7
1939,0.869650,,0.907800,0.870283,0.189,382.9
1940,0.867783,,0.907800,0.870283,0.188,383.1
1941,0.869833,,0.907800,0.870283,0.190,383.3
1942,0.869533,,0.907800,0.870283,0.188,383.5
1943,0.868317,,0.907800,0.870283,0.188,383.7
1944,0.869183,,0.907800,0.870283,0.190,383.9
1945,0.868933,,0.907800,0.870283,0.189,384.1
1946,0.867400,,0.907800,0.870283,0.189,384.3
1947,0.868883,,0.907800,0.870283,0.189,384.4
1948,0.867250,,0.907800,0.870283,0.258,384.7
1949,0.869783,,0.907800,0.870283,0.192,384.9
1950,0.867850,0.9079999923706055,0.908000,0.870283,0.254,385.1
1951,0.867133,,0.908000,0.870283,0.144,385.3
1952,0.869967,,0.908000,0.870283,0.189,385.5
1953,0.868067,,0.908000,0.870283,0.189,385.7
1954,0.868517,,0.908000,0.870283,0.189,385.9
1955,0.867367,,0.908000,0.870283,0.188,386.0
1956,0.867533,,0.908000,0.870283,0.187,386.2
1957,0.868550,,0.908000,0.870283,0.192,386.4
1958,0.869000,,0.908000,0.870283,0.192,386.6
1959,0.866650,,0.908000,0.870283,0.256,386.9
1960,0.868833,,0.908000,0.870283,0.189,387.1
1961,0.869550,,0.908000,0.870283,0.186,387.2
1962,0.867783,,0.908000,0.870283,0.189,387.4
1963,0.869167,,0.908000,0.870283,0.188,387.6
1964,0.870100,,0.908000,0.870283,0.189,387.8
1965,0.870317,,0.908000,0.870317,0.192,388.0
1966,0.870000,,0.908000,0.870317,0.187,388.2
1967,0.868750,,0.908000,0.870317,0.188,388.4
1968,0.869350,,0.908000,0.870317,0.186,388.6
1969,0.868750,,0.908000,0.870317,0.187,388.8
1970,0.867683,,0.908000,0.870317,0.261,389.0
1971,0.869850,,0.908000,0.870317,0.190,389.2
1972,0.868650,,0.908000,0.870317,0.187,389.4
1973,0.870950,,0.908000,0.870950,0.188,389.6
1974,0.868417,,0.908000,0.870950,0.189,389.8
1975,0.868617,,0.908000,0.870950,0.187,390.0
1976,0.867533,,0.908000,0.870950,0.190,390.1
1977,0.867950,,0.908000,0.870950,0.191,390.3
1978,0.870433,,0.908000,0.870950,0.189,390.5
1979,0.870300,,0.908000,0.870950,0.188,390.7
1980,0.868200,,0.908000,0.870950,0.188,390.9
1981,0.868750,,0.908000,0.870950,0.258,391.2
1982,0.869783,,0.908000,0.870950,0.189,391.3
1983,0.869867,,0.908000,0.870950,0.188,391.5
1984,0.869100,,0.908000,0.870950,0.188,391.7
1985,0.868867,,0.908000,0.870950,0.188,391.9
1986,0.870250,,0.908000,0.870950,0.187,392.1
1987,0.868550,,0.908000,0.870950,0.188,392.3
1988,0.870917,,0.908000,0.870950,0.188,392.5
1989,0.869100,,0.908000,0.870950,0.190,392.7
1990,0.870033,,0.908000,0.870950,0.187,392.9
1991,0.868650,,0.908000,0.870950,0.188,393.0
1992,0.870033,,0.908000,0.870950,0.265,393.3
1993,0.869850,,0.908000,0.870950,0.186,393.5
1994,0.870567,,0.908000,0.870950,0.189,393.7
1995,0.870817,,0.908000,0.870950,0.188,393.9
1996,0.870100,,0.908000,0.870950,0.188,394.1
1997,0.870000,,0.908000,0.870950,0.188,394.2
1998,0.869517,,0.908000,0.870950,0.189,394.4
1999,0.871467,,0.908000,0.871467,0.190,394.6
2000,0.871400,0.9093999862670898,0.909400,0.871467,0.298,394.9
2001,0.871183,,0.909400,0.871467,0.142,395.1
2002,0.871333,,0.909400,0.871467,0.189,395.3
2003,0.870550,,0.909400,0.871467,0.257,395.5
2004,0.870667,,0.909400,0.871467,0.191,395.7
2005,0.868633,,0.909400,0.871467,0.190,395.9
2006,0.870500,,0.909400,0.871467,0.188,396.1
2007,0.871283,,0.909400,0.871467,0.196,396.3
2008,0.870767,,0.909400,0.871467,0.455,396.7
2009,0.869550,,0.909400,0.871467,0.225,397.0
2010,0.870067,,0.909400,0.871467,0.209,397.2
2011,0.870067,,0.909400,0.871467,0.199,397.4
2012,0.868517,,0.909400,0.871467,0.251,397.6
2013,0.870833,,0.909400,0.871467,0.194,397.8
2014,0.871483,,0.909400,0.871483,0.225,398.0
2015,0.872583,,0.909400,0.872583,0.200,398.2
2016,0.870833,,0.909400,0.872583,0.194,398.4
2017,0.871817,,0.909400,0.872583,0.193,398.6
2018,0.870150,,0.909400,0.872583,0.191,398.8
2019,0.871233,,0.909400,0.872583,0.191,399.0
2020,0.869017,,0.909400,0.872583,0.187,399.2
2021,0.869717,,0.909400,0.872583,0.190,399.4
2022,0.872467,,0.909400,0.872583,0.189,399.6
2023,0.870867,,0.909400,0.872583,0.255,399.8
2024,0.871100,,0.909400,0.872583,0.187,400.0
2025,0.871733,,0.909400,0.872583,0.187,400.2
2026,0.870667,,0.909400,0.872583,0.186,400.4
2027,0.871683,,0.909400,0.872583,0.185,400.6
2028,0.871133,,0.909400,0.872583,0.202,400.8
2029,0.871733,,0.909400,0.872583,0.190,401.0
2030,0.871133,,0.909400,0.872583,0.186,401.1
2031,0.872533,,0.909400,0.872583,0.186,401.3
2032,0.872050,,0.909400,0.872583,0.185,401.5
2033,0.869683,,0.909400,0.872583,0.185,401.7
2034,0.873583,,0.909400,0.873583,0.277,402.0
2035,0.872417,,0.909400,0.873583,0.190,402.2
2036,0.871850,,0.909400,0.873583,0.187,402.4
2037,0.872950,,0.909400,0.873583,0.188,402.5
2038,0.871000,,0.909400,0.873583,0.188,402.7
2039,0.872483,,0.909400,0.873583,0.187,402.9
2040,0.871150,,0.909400,0.873583,0.186,403.1
2041,0.870400,,0.909400,0.873583,0.187,403.3
2042,0.872483,,0.909400,0.873583,0.188,403.5
2043,0.872167,,0.909400,0.873583,0.185,403.7
2044,0.871067,,0.909400,0.873583,0.188,403.9
2045,0.872017,,0.909400,0.873583,0.254,404.1
2046,0.871367,,0.909400,0.873583,0.185,404.3
2047,0.871883,,0.909400,0.873583,0.188,404.5
2048,0.870833,,0.909400,0.873583,0.188,404.7
2049,0.873000,,0.909400,0.873583,0.189,404.9
2050,0.872050,0.9111999869346619,0.911200,0.873583,0.249,405.1
2051,0.871083,,0.911200,0.873583,0.141,405.3
2052,0.870150,,0.911200,0.873583,0.188,405.4
2053,0.871533,,0.911200,0.873583,0.186,405.6
2054,0.872833,,0.911200,0.873583,0.187,405.8
2055,0.871933,,0.911200,0.873583,0.190,406.0
2056,0.870183,,0.911200,0.873583,0.256,406.3
2057,0.872350,,0.911200,0.873583,0.189,406.4
2058,0.871467,,0.911200,0.873583,0.188,406.6
2059,0.871417,,0.911200,0.873583,0.190,406.8
2060,0.870583,,0.911200,0.873583,0.191,407.0
2061,0.871550,,0.911200,0.873583,0.187,407.2
2062,0.870417,,0.911200,0.873583,0.187,407.4
2063,0.871133,,0.911200,0.873583,0.188,407.6
2064,0.873233,,0.911200,0.873583,0.188,407.8
2065,0.870700,,0.911200,0.873583,0.189,408.0
2066,0.871800,,0.911200,0.873583,0.192,408.1
2067,0.871433,,0.911200,0.873583,0.254,408.4
2068,0.870850,,0.911200,0.873583,0.190,408.6
2069,0.869917,,0.911200,0.873583,0.187,408.8
2070,0.871717,,0.911200,0.873583,0.187,409.0
2071,0.872583,,0.911200,0.873583,0.187,409.2
2072,0.871850,,0.911200,0.873583,0.188,409.3
2073,0.871500,,0.911200,0.873583,0.188,409.5
2074,0.871417,,0.911200,0.873583,0.187,409.7
2075,0.871417,,0.911200,0.873583,0.188,409.9
2076,0.872683,,0.911200,0.873583,0.188,410.1
2077,0.871783,,0.911200,0.873583,0.186,410.3
2078,0.873100,,0.911200,0.873583,0.260,410.5
2079,0.870833,,0.911200,0.873583,0.189,410.7
2080,0.872050,,0.911200,0.873583,0.187,410.9
2081,0.871500,,0.911200,0.873583,0.186,411.1
2082,0.873033,,0.911200,0.873583,0.188,411.3
2083,0.870217,,0.911200,0.873583,0.187,411.5
2084,0.869950,,0.911200,0.873583,0.187,411.7
2085,0.871067,,0.911200,0.873583,0.188,411.9
2086,0.872033,,0.911200,0.873583,0.186,412.0
2087,0.871833,,0.911200,0.873583,0.189,412.2
2088,0.873017,,0.911200,0.873583,0.184,412.4
2089,0.872483,,0.911200,0.873583,0.258,412.7
2090,0.872933,,0.911200,0.873583,0.190,412.9
2091,0.872933,,0.911200,0.873583,0.190,413.0
2092,0.872467,,0.911200,0.873583,0.189,413.2
2093,0.871000,,0.911200,0.873583,0.187,413.4
2094,0.871800,,0.911200,0.873583,0.191,413.6
2095,0.871717,,0.911200,0.873583,0.189,413.8
2096,0.873517,,0.911200,0.873583,0.187,414.0
2097,0.871783,,0.911200,0.873583,0.188,414.2
2098,0.872533,,0.911200,0.873583,0.187,414.4
2099,0.872733,,0.911200,0.873583,0.186,414.6
2100,0.872100,0.9091999530792236,0.911200,0.873583,0.320,414.9
2101,0.871850,,0.911200,0.873583,0.140,415.0
2102,0.872133,,0.911200,0.873583,0.189,415.2
2103,0.872817,,0.911200,0.873583,0.186,415.4
2104,0.871417,,0.911200,0.873583,0.187,415.6
2105,0.873783,,0.911200,0.873783,0.190,415.8
2106,0.871483,,0.911200,0.873783,0.187,416.0
2107,0.872683,,0.911200,0.873783,0.186,416.1
2108,0.870200,,0.911200,0.873783,0.188,416.3
2109,0.873983,,0.911200,0.873983,0.186,416.5
2110,0.872300,,0.911200,0.873983,0.186,416.7
2111,0.873617,,0.911200,0.873983,0.189,416.9
2112,0.870867,,0.911200,0.873983,0.187,417.1
2113,0.873667,,0.911200,0.873983,0.185,417.3
2114,0.872167,,0.911200,0.873983,0.188,417.4
2115,0.872250,,0.911200,0.873983,0.187,417.6
2116,0.873217,,0.911200,0.873983,0.187,417.8
2117,0.871083,,0.911200,0.873983,0.188,418.0
2118,0.872250,,0.911200,0.873983,0.186,418.2
2119,0.872767,,0.911200,0.873983,0.188,418.4
2120,0.873067,,0.911200,0.873983,0.192,418.6
2121,0.872117,,0.911200,0.873983,0.256,418.8
2122,0.871617,,0.911200,0.873983,0.190,419.0
2123,0.873333,,0.911200,0.873983,0.187,419.2
2124,0.872167,,0.911200,0.873983,0.185,419.4
2125,0.872400,,0.911200,0.873983,0.190,419.6
2126,0.874267,,0.911200,0.874267,0.187,419.8
2127,0.871583,,0.911200,0.874267,0.187,420.0
2128,0.873367,,0.911200,0.874267,0.187,420.1
2129,0.873067,,0.911200,0.874267,0.187,420.3
2130,0.875767,,0.911200,0.875767,0.187,420.5
2131,0.871083,,0.911200,0.875767,0.186,420.7
2132,0.872817,,0.911200,0.875767,0.253,421.0
2133,0.873867,,0.911200,0.875767,0.186,421.1
2134,0.873667,,0.911200,0.875767,0.189,421.3
2135,0.872750,,0.911200,0.875767,0.186,421.5
2136,0.873333,,0.911200,0.875767,0.187,421.7
2137,0.872550,,0.911200,0.875767,0.188,421.9
2138,0.873600,,0.911200,0.875767,0.188,422.1
2139,0.872733,,0.911200,0.875767,0.188,422.3
2140,0.874883,,0.911200,0.875767,0.188,422.5
2141,0.874417,,0.911200,0.875767,0.185,422.6
2142,0.873683,,0.911200,0.875767,0.186,422.8
2143,0.873433,,0.911200,0.875767,0.256,423.1
2144,0.873200,,0.911200,0.875767,0.188,423.3
2145,0.873983,,0.911200,0.875767,0.189,423.5
2146,0.872533,,0.911200,0.875767,0.186,423.6
2147,0.873100,,0.911200,0.875767,0.187,423.8
2148,0.873567,,0.911200,0.875767,0.187,424.0
2149,0.872533,,0.911200,0.875767,0.190,424.2
2150,0.873133,0.9097999930381775,0.911200,0.875767,0.248,424.5
2151,0.871417,,0.911200,0.875767,0.139,424.6
2152,0.873200,,0.911200,0.875767,0.189,424.8
2153,0.873000,,0.911200,0.875767,0.186,425.0
2154,0.874700,,0.911200,0.875767,0.254,425.2
2155,0.871600,,0.911200,0.875767,0.187,425.4
2156,0.873617,,0.911200,0.875767,0.188,425.6
2157,0.874167,,0.911200,0.875767,0.188,425.8
2158,0.872950,,0.911200,0.875767,0.187,426.0
2159,0.873350,,0.911200,0.875767,0.185,426.2
2160,0.871250,,0.911200,0.875767,0.188,426.3
2161,0.873283,,0.911200,0.875767,0.185,426.5
2162,0.874150,,0.911200,0.875767,0.224,426.8
2163,0.872833,,0.911200,0.875767,0.186,426.9
2164,0.873633,,0.911200,0.875767,0.188,427.1
2165,0.873933,,0.911200,0.875767,0.253,427.4
2166,0.873667,,0.911200,0.875767,0.188,427.6
2167,0.873783,,0.911200,0.875767,0.201,427.8
2168,0.872783,,0.911200,0.875767,0.189,428.0
2169,0.873117,,0.911200,0.875767,0.188,428.2
2170,0.872517,,0.911200,0.875767,0.186,428.3
2171,0.873183,,0.911200,0.875767,0.188,428.5
2172,0.873750,,0.911200,0.875767,0.188,428.7
2173,0.872983,,0.911200,0.875767,0.188,428.9
2174,0.873017,,0.911200,0.875767,0.189,429.1
2175,0.872950,,0.911200,0.875767,0.185,429.3
2176,0.874033,,0.911200,0.875767,0.254,429.5
2177,0.873150,,0.911200,0.875767,0.187,429.7
2178,0.873867,,0.911200,0.875767,0.188,429.9
2179,0.874983,,0.911200,0.875767,0.186,430.1
2180,0.873250,,0.911200,0.875767,0.187,430.3
2181,0.874233,,0.911200,0.875767,0.183,430.5
2182,0.873883,,0.911200,0.875767,0.185,430.6
2183,0.874150,,0.911200,0.875767,0.187,430.8
2184,0.874067,,0.911200,0.875767,0.185,431.0
2185,0.872883,,0.911200,0.875767,0.192,431.2
2186,0.873733,,0.911200,0.875767,0.187,431.4
2187,0.874417,,0.911200,0.875767,0.256,431.7
2188,0.874517,,0.911200,0.875767,0.186,431.8
2189,0.873383,,0.911200,0.875767,0.186,432.0
2190,0.873333,,0.911200,0.875767,0.190,432.2
2191,0.874383,,0.911200,0.875767,0.187,432.4
2192,0.873650,,0.911200,0.875767,0.188,432.6
2193,0.875200,,0.911200,0.875767,0.193,432.8
2194,0.874867,,0.911200,0.875767,0.194,433.0
2195,0.872567,,0.911200,0.875767,0.184,433.2
2196,0.875300,,0.911200,0.875767,0.183,433.3
2197,0.872983,,0.911200,0.875767,0.186,433.5
2198,0.873183,,0.911200,0.875767,0.256,433.8
2199,0.874133,,0.911200,0.875767,0.185,434.0
2200,0.874733,0.9108999967575073,0.911200,0.875767,0.250,434.2
2201,0.873567,,0.911200,0.875767,0.141,434.4
2202,0.872700,,0.911200,0.875767,0.187,434.6
2203,0.874000,,0.911200,0.875767,0.185,434.7
2204,0.871783,,0.911200,0.875767,0.189,434.9
2205,0.874833,,0.911200,0.875767,0.188,435.1
2206,0.873650,,0.911200,0.875767,0.188,435.3
2207,0.873617,,0.911200,0.875767,0.188,435.5
2208,0.873417,,0.911200,0.875767,0.206,435.7
2209,0.874733,,0.911200,0.875767,0.262,436.0
2210,0.875383,,0.911200,0.875767,0.186,436.1
2211,0.875800,,0.911200,0.875800,0.185,436.3
2212,0.874450,,0.911200,0.875800,0.190,436.5
2213,0.874067,,0.911200,0.875800,0.186,436.7
2214,0.873833,,0.911200,0.875800,0.188,436.9
2215,0.874917,,0.911200,0.875800,0.188,437.1
2216,0.873583,,0.911200,0.875800,0.194,437.3
2217,0.873900,,0.911200,0.875800,0.198,437.5
2218,0.872483,,0.911200,0.875800,0.187,437.7
2219,0.874350,,0.911200,0.875800,0.190,437.9
2220,0.875133,,0.911200,0.875800,0.264,438.1
2221,0.873683,,0.911200,0.875800,0.190,438.3
2222,0.874600,,0.911200,0.875800,0.193,438.5
2223,0.874850,,0.911200,0.875800,0.190,438.7
2224,0.873317,,0.911200,0.875800,0.187,438.9
2225,0.872517,,0.911200,0.875800,0.188,439.1
2226,0.875100,,0.911200,0.875800,0.196,439.3
2227,0.875083,,0.911200,0.875800,0.188,439.4
2228,0.875617,,0.911200,0.875800,0.188,439.6
2229,0.874283,,0.911200,0.875800,0.205,439.8
2230,0.874433,,0.911200,0.875800,0.190,440.0
2231,0.874217,,0.911200,0.875800,0.258,440.3
2232,0.874317,,0.911200,0.875800,0.189,440.5
2233,0.872650,,0.911200,0.875800,0.188,440.7
2234,0.874983,,0.911200,0.875800,0.189,440.9
2235,0.874133,,0.911200,0.875800,0.184,441.0
2236,0.875283,,0.911200,0.875800,0.188,441.2
2237,0.873283,,0.911200,0.875800,0.189,441.4
2238,0.874050,,0.911200,0.875800,0.190,441.6
2239,0.874367,,0.911200,0.875800,0.189,441.8
2240,0.874250,,0.911200,0.875800,0.189,442.0
2241,0.874733,,0.911200,0.875800,0.197,442.2
2242,0.876000,,0.911200,0.876000,0.284,442.5
2243,0.875800,,0.911200,0.876000,0.188,442.7
2244,0.873983,,0.911200,0.876000,0.187,442.8
2245,0.876733,,0.911200,0.876733,0.185,443.0
2246,0.873150,,0.911200,0.876733,0.187,443.2
2247,0.874267,,0.911200,0.876733,0.188,443.4
2248,0.873633,,0.911200,0.876733,0.188,443.6
2249,0.874500,,0.911200,0.876733,0.188,443.8
2250,0.875367,0.9089999794960022,0.911200,0.876733,0.252,444.0
2251,0.874767,,0.911200,0.876733,0.142,444.2
2252,0.875967,,0.911200,0.876733,0.187,444.4
2253,0.877333,,0.911200,0.877333,0.257,444.6
2254,0.872483,,0.911200,0.877333,0.189,444.8
2255,0.873833,,0.911200,0.877333,0.187,445.0
2256,0.875250,,0.911200,0.877333,0.189,445.2
2257,0.876100,,0.911200,0.877333,0.187,445.4
2258,0.875067,,0.911200,0.877333,0.185,445.6
2259,0.874533,,0.911200,0.877333,0.193,445.7
2260,0.873983,,0.911200,0.877333,0.187,445.9
2261,0.876117,,0.911200,0.877333,0.185,446.1
2262,0.874200,,0.911200,0.877333,0.192,446.3
2263,0.876917,,0.911200,0.877333,0.190,446.5
2264,0.876550,,0.911200,0.877333,0.256,446.8
2265,0.874967,,0.911200,0.877333,0.191,446.9
2266,0.874917,,0.911200,0.877333,0.189,447.1
2267,0.874783,,0.911200,0.877333,0.189,447.3
2268,0.875483,,0.911200,0.877333,0.187,447.5
2269,0.874867,,0.911200,0.877333,0.189,447.7
2270,0.874733,,0.911200,0.877333,0.189,447.9
2271,0.875650,,0.911200,0.877333,0.194,448.1
2272,0.875433,,0.911200,0.877333,0.192,448.3
2273,0.874950,,0.911200,0.877333,0.198,448.5
2274,0.875700,,0.911200,0.877333,0.193,448.7
2275,0.875317,,0.911200,0.877333,0.275,448.9
2276,0.875433,,0.911200,0.877333,0.186,449.1
2277,0.874350,,0.911200,0.877333,0.186,449.3
2278,0.875200,,0.911200,0.877333,0.190,449.5
2279,0.876767,,0.911200,0.877333,0.185,449.7
2280,0.874350,,0.911200,0.877333,0.188,449.9
2281,0.876200,,0.911200,0.877333,0.189,450.1
2282,0.873883,,0.911200,0.877333,0.185,450.2
2283,0.875467,,0.911200,0.877333,0.188,450.4
2284,0.875983,,0.911200,0.877333,0.191,450.6
2285,0.876467,,0.911200,0.877333,0.193,450.8
2286,0.876900,,0.911200,0.877333,0.261,451.1
2287,0.876233,,0.911200,0.877333,0.194,451.3
2288,0.875700,,0.911200,0.877333,0.190,451.5
2289,0.876833,,0.911200,0.877333,0.192,451.7
2290,0.874867,,0.911200,0.877333,0.186,451.8
2291,0.875467,,0.911200,0.877333,0.188,452.0
2292,0.875250,,0.911200,0.877333,0.186,452.2
2293,0.875450,,0.911200,0.877333,0.184,452.4
2294,0.876533,,0.911200,0.877333,0.190,452.6
2295,0.875917,,0.911200,0.877333,0.187,452.8
2296,0.877517,,0.911200,0.877517,0.186,453.0
2297,0.875983,,0.911200,0.877517,0.259,453.2
2298,0.876650,,0.911200,0.877517,0.186,453.4
2299,0.877617,,0.911200,0.877617,0.187,453.6
2300,0.876650,0.910099983215332,0.911200,0.877617,0.251,453.8
2301,0.877167,,0.911200,0.877617,0.141,454.0
2302,0.875367,,0.911200,0.877617,0.195,454.2
2303,0.877400,,0.911200,0.877617,0.190,454.4
2304,0.877150,,0.911200,0.877617,0.186,454.6
2305,0.874800,,0.911200,0.877617,0.191,454.8
2306,0.876283,,0.911200,0.877617,0.193,454.9
2307,0.877083,,0.911200,0.877617,0.190,455.1
2308,0.877467,,0.911200,0.877617,0.260,455.4
2309,0.877850,,0.911200,0.877850,0.189,455.6
2310,0.878583,,0.911200,0.878583,0.193,455.8
2311,0.877533,,0.911200,0.878583,0.201,456.0
2312,0.875417,,0.911200,0.878583,0.187,456.2
2313,0.877750,,0.911200,0.878583,0.187,456.4
2314,0.877800,,0.911200,0.878583,0.195,456.5
2315,0.878417,,0.911200,0.878583,0.193,456.7
2316,0.875783,,0.911200,0.878583,0.195,456.9
2317,0.876117,,0.911200,0.878583,0.193,457.1
2318,0.876317,,0.911200,0.878583,0.190,457.3
2319,0.879283,,0.911200,0.879283,0.320,457.6
2320,0.878483,,0.911200,0.879283,0.183,457.8
2321,0.877467,,0.911200,0.879283,0.196,458.0
2322,0.877100,,0.911200,0.879283,0.190,458.2
2323,0.876667,,0.911200,0.879283,0.198,458.4
2324,0.878533,,0.911200,0.879283,0.199,458.6
2325,0.878650,,0.911200,0.879283,0.194,458.8
2326,0.877850,,0.911200,0.879283,0.193,459.0
2327,0.876967,,0.911200,0.879283,0.194,459.2
2328,0.876950,,0.911200,0.879283,0.184,459.4
2329,0.875833,,0.911200,0.879283,0.192,459.6
2330,0.877150,,0.911200,0.879283,0.256,459.8
2331,0.876883,,0.911200,0.879283,0.190,460.0
2332,0.877900,,0.911200,0.879283,0.187,460.2
2333,0.877217,,0.911200,0.879283,0.189,460.4
2334,0.876267,,0.911200,0.879283,0.188,460.6
2335,0.877417,,0.911200,0.879283,0.184,460.8
2336,0.878500,,0.911200,0.879283,0.189,460.9
2337,0.877400,,0.911200,0.879283,0.183,461.1
2338,0.878933,,0.911200,0.879283,0.185,461.3
2339,0.877867,,0.911200,0.879283,0.186,461.5
2340,0.878167,,0.911200,0.879283,0.187,461.7
2341,0.878383,,0.911200,0.879283,0.246,461.9
2342,0.876233,,0.911200,0.879283,0.187,462.1
2343,0.878500,,0.911200,0.879283,0.188,462.3
2344,0.877317,,0.911200,0.879283,0.189,462.5
2345,0.875717,,0.911200,0.879283,0.187,462.7
2346,0.877267,,0.911200,0.879283,0.185,462.9
2347,0.876483,,0.911200,0.879283,0.190,463.1
2348,0.879450,,0.911200,0.879450,0.186,463.2
2349,0.877383,,0.911200,0.879450,0.190,463.4
2350,0.877550,0.9088999629020691,0.911200,0.879450,0.252,463.7
2351,0.877650,,0.911200,0.879450,0.141,463.8
2352,0.876117,,0.911200,0.879450,0.253,464.1
2353,0.876950,,0.911200,0.879450,0.188,464.3
2354,0.878033,,0.911200,0.879450,0.187,464.5
2355,0.878667,,0.911200,0.879450,0.189,464.6
2356,0.877433,,0.911200,0.879450,0.189,464.8
2357,0.876700,,0.911200,0.879450,0.192,465.0
2358,0.875800,,0.911200,0.879450,0.193,465.2
2359,0.878350,,0.911200,0.879450,0.193,465.4
2360,0.877900,,0.911200,0.879450,0.189,465.6
2361,0.878283,,0.911200,0.879450,0.191,465.8
2362,0.879000,,0.911200,0.879450,0.187,466.0
2363,0.877683,,0.911200,0.879450,0.270,466.2
2364,0.878683,,0.911200,0.879450,0.188,466.4
2365,0.877983,,0.911200,0.879450,0.183,466.6
2366,0.877367,,0.911200,0.879450,0.187,466.8
2367,0.876333,,0.911200,0.879450,0.189,467.0
2368,0.876333,,0.911200,0.879450,0.188,467.2
2369,0.876683,,0.911200,0.879450,0.187,467.4
2370,0.878700,,0.911200,0.879450,0.188,467.6
2371,0.878800,,0.911200,0.879450,0.190,467.7
2372,0.875783,,0.911200,0.879450,0.190,467.9
2373,0.877433,,0.911200,0.879450,0.186,468.1
2374,0.877783,,0.911200,0.879450,0.259,468.4
2375,0.876083,,0.911200,0.879450,0.193,468.6
2376,0.877250,,0.911200,0.879450,0.192,468.8
2377,0.878483,,0.911200,0.879450,0.196,469.0
2378,0.877850,,0.911200,0.879450,0.209,469.2
2379,0.878300,,0.911200,0.879450,0.197,469.4
2380,0.876783,,0.911200,0.879450,0.195,469.6
2381,0.876867,,0.911200,0.879450,0.193,469.8
2382,0.878900,,0.911200,0.879450,0.189,469.9
2383,0.879400,,0.911200,0.879450,0.191,470.1
2384,0.878567,,0.911200,0.879450,0.196,470.3
2385,0.878050,,0.911200,0.879450,0.261,470.6
2386,0.875650,,0.911200,0.879450,0.193,470.8
2387,0.879233,,0.911200,0.879450,0.260,471.0
2388,0.879067,,0.911200,0.879450,0.215,471.3
2389,0.878767,,0.911200,0.879450,0.207,471.5
2390,0.878733,,0.911200,0.879450,0.210,471.7
2391,0.876850,,0.911200,0.879450,0.206,471.9
2392,0.877750,,0.911200,0.879450,0.201,472.1
2393,0.877950,,0.911200,0.879450,0.191,472.3
2394,0.878233,,0.911200,0.879450,0.192,472.5
2395,0.878633,,0.911200,0.879450,0.269,472.7
2396,0.878350,,0.911200,0.879450,0.192,472.9
2397,0.878250,,0.911200,0.879450,0.198,473.1
2398,0.879100,,0.911200,0.879450,0.197,473.3
2399,0.877750,,0.911200,0.879450,0.195,473.5
2400,0.877633,0.9109999537467957,0.911200,0.879450,0.255,473.8
2401,0.879700,,0.911200,0.879700,0.141,473.9
2402,0.876617,,0.911200,0.879700,0.194,474.1
2403,0.880183,,0.911200,0.880183,0.211,474.3
2404,0.878583,,0.911200,0.880183,0.190,474.5
2405,0.878467,,0.911200,0.880183,0.191,474.7
2406,0.878767,,0.911200,0.880183,0.259,475.0
2407,0.879200,,0.911200,0.880183,0.194,475.2
2408,0.878500,,0.911200,0.880183,0.192,475.3
2409,0.878567,,0.911200,0.880183,0.189,475.5
2410,0.879567,,0.911200,0.880183,0.189,475.7
2411,0.878017,,0.911200,0.880183,0.187,475.9
2412,0.878700,,0.911200,0.880183,0.189,476.1
2413,0.877067,,0.911200,0.880183,0.191,476.3
2414,0.877300,,0.911200,0.880183,0.189,476.5
2415,0.878300,,0.911200,0.880183,0.187,476.7
2416,0.879717,,0.911200,0.880183,0.193,476.9
2417,0.879050,,0.911200,0.880183,0.248,477.1
2418,0.878267,,0.911200,0.880183,0.192,477.3
2419,0.879650,,0.911200,0.880183,0.190,477.5
2420,0.877367,,0.911200,0.880183,0.197,477.7
2421,0.878400,,0.911200,0.880183,0.200,477.9
2422,0.879317,,0.911200,0.880183,0.197,478.1
2423,0.879317,,0.911200,0.880183,0.198,478.3
2424,0.879267,,0.911200,0.880183,0.192,478.5
2425,0.878167,,0.911200,0.880183,0.198,478.7
2426,0.877767,,0.911200,0.880183,0.198,478.9
2427,0.878350,,0.911200,0.880183,0.195,479.1
2428,0.877683,,0.911200,0.880183,0.265,479.3
2429,0.877100,,0.911200,0.880183,0.193,479.5
2430,0.878750,,0.911200,0.880183,0.190,479.7
2431,0.880250,,0.911200,0.880250,0.188,479.9
2432,0.876983,,0.911200,0.880250,0.189,480.1
2433,0.878083,,0.911200,0.880250,0.191,480.3
2434,0.878583,,0.911200,0.880250,0.190,480.5
2435,0.878050,,0.911200,0.880250,0.190,480.7
2436,0.877233,,0.911200,0.880250,0.187,480.9
2437,0.878650,,0.911200,0.880250,0.187,481.0
2438,0.879633,,0.911200,0.880250,0.188,481.2
2439,0.877433,,0.911200,0.880250,0.255,481.5
2440,0.878300,,0.911200,0.880250,0.191,481.7
2441,0.877383,,0.911200,0.880250,0.194,481.9
2442,0.877467,,0.911200,0.880250,0.193,482.1
2443,0.877650,,0.911200,0.880250,0.194,482.3
2444,0.879100,,0.911200,0.880250,0.189,482.4
2445,0.878550,,0.911200,0.880250,0.189,482.6
2446,0.878067,,0.911200,0.880250,0.189,482.8
2447,0.878567,,0.911200,0.880250,0.196,483.0
2448,0.878033,,0.911200,0.880250,0.193,483.2
2449,0.878233,,0.911200,0.880250,0.183,483.4
2450,0.878000,0.9089999794960022,0.911200,0.880250,0.318,483.7
2451,0.877800,,0.911200,0.880250,0.142,483.9
2452,0.878800,,0.911200,0.880250,0.190,484.0
2453,0.878200,,0.911200,0.880250,0.189,484.2
2454,0.877283,,0.911200,0.880250,0.187,484.4
2455,0.879017,,0.911200,0.880250,0.188,484.6
2456,0.878450,,0.911200,0.880250,0.189,484.8
2457,0.878983,,0.911200,0.880250,0.188,485.0
2458,0.878733,,0.911200,0.880250,0.190,485.2
2459,0.878183,,0.911200,0.880250,0.188,485.4
2460,0.878067,,0.911200,0.880250,0.187,485.6
2461,0.878733,,0.911200,0.880250,0.257,485.8
2462,0.878483,,0.911200,0.880250,0.192,486.0
2463,0.878617,,0.911200,0.880250,0.192,486.2
2464,0.879500,,0.911200,0.880250,0.189,486.4
2465,0.878017,,0.911200,0.880250,0.190,486.6
2466,0.877900,,0.911200,0.880250,0.189,486.8
2467,0.878150,,0.911200,0.880250,0.186,486.9
2468,0.877867,,0.911200,0.880250,0.209,487.2
2469,0.879650,,0.911200,0.880250,0.203,487.4
2470,0.878733,,0.911200,0.880250,0.190,487.5
2471,0.877950,,0.911200,0.880250,0.188,487.7
2472,0.878900,,0.911200,0.880250,0.255,488.0
2473,0.879317,,0.911200,0.880250,0.190,488.2
2474,0.879650,,0.911200,0.880250,0.189,488.4
2475,0.879100,,0.911200,0.880250,0.189,488.6
2476,0.878783,,0.911200,0.880250,0.186,488.7
2477,0.878367,,0.911200,0.880250,0.187,488.9
2478,0.879533,,0.911200,0.880250,0.190,489.1
2479,0.878583,,0.911200,0.880250,0.187,489.3
2480,0.879533,,0.911200,0.880250,0.189,489.5
2481,0.880033,,0.911200,0.880250,0.188,489.7
2482,0.880350,,0.911200,0.880350,0.189,489.9
2483,0.878717,,0.911200,0.880350,0.263,490.1
2484,0.880367,,0.911200,0.880367,0.190,490.3
2485,0.878300,,0.911200,0.880367,0.194,490.5
2486,0.880017,,0.911200,0.880367,0.190,490.7
2487,0.879150,,0.911200,0.880367,0.193,490.9
2488,0.877700,,0.911200,0.880367,0.194,491.1
2489,0.878217,,0.911200,0.880367,0.189,491.3
2490,0.879100,,0.911200,0.880367,0.190,491.5
2491,0.878167,,0.911200,0.880367,0.190,491.7
2492,0.877917,,0.911200,0.880367,0.200,491.9
2493,0.878133,,0.911200,0.880367,0.192,492.1
2494,0.876433,,0.911200,0.880367,0.256,492.3
2495,0.877150,,0.911200,0.880367,0.187,492.5
2496,0.876733,,0.911200,0.880367,0.188,492.7
2497,0.881267,,0.911200,0.881267,0.188,492.9
2498,0.877867,,0.911200,0.881267,0.187,493.1
2499,0.876350,,0.911200,0.881267,0.189,493.3
2500,0.878767,0.9077000021934509,0.911200,0.881267,0.253,493.5
2501,0.878850,,0.911200,0.881267,0.140,493.6
2502,0.878150,,0.911200,0.881267,0.188,493.8
2503,0.877633,,0.911200,0.881267,0.192,494.0
2504,0.878350,,0.911200,0.881267,0.187,494.2
2505,0.877500,,0.911200,0.881267,0.255,494.5
2506,0.877450,,0.911200,0.881267,0.187,494.7
2507,0.879400,,0.911200,0.881267,0.185,494.8
2508,0.878883,,0.911200,0.881267,0.191,495.0
2509,0.878983,,0.911200,0.881267,0.186,495.2
2510,0.880500,,0.911200,0.881267,0.187,495.4
2511,0.878900,,0.911200,0.881267,0.189,495.6
2512,0.879183,,0.911200,0.881267,0.187,495.8
2513,0.878517,,0.911200,0.881267,0.188,496.0
2514,0.877217,,0.911200,0.881267,0.190,496.2
2515,0.878983,,0.911200,0.881267,0.189,496.3
2516,0.878500,,0.911200,0.881267,0.262,496.6
2517,0.879467,,0.911200,0.881267,0.187,496.8
2518,0.877850,,0.911200,0.881267,0.189,497.0
2519,0.878200,,0.911200,0.881267,0.190,497.2
2520,0.877367,,0.911200,0.881267,0.188,497.4
2521,0.879850,,0.911200,0.881267,0.188,497.6
2522,0.879867,,0.911200,0.881267,0.191,497.7
2523,0.880633,,0.911200,0.881267,0.191,497.9
2524,0.878917,,0.911200,0.881267,0.189,498.1
2525,0.879533,,0.911200,0.881267,0.189,498.3
2526,0.877850,,0.911200,0.881267,0.189,498.5
2527,0.878733,,0.911200,0.881267,0.260,498.8
2528,0.878250,,0.911200,0.881267,0.194,499.0
2529,0.879833,,0.911200,0.881267,0.191,499.1
2530,0.878617,,0.911200,0.881267,0.193,499.3
2531,0.880483,,0.911200,0.881267,0.192,499.5
2532,0.879333,,0.911200,0.881267,0.192,499.7
2533,0.877317,,0.911200,0.881267,0.198,499.9
2534,0.877867,,0.911200,0.881267,0.196,500.1
2535,0.877633,,0.911200,0.881267,0.198,500.3
2536,0.879367,,0.911200,0.881267,0.196,500.5
2537,0.877733,,0.911200,0.881267,0.195,500.7
2538,0.879133,,0.911200,0.881267,0.260,501.0
2539,0.879067,,0.911200,0.881267,0.189,501.2
2540,0.879733,,0.911200,0.881267,0.187,501.3
2541,0.879417,,0.911200,0.881267,0.192,501.5
2542,0.878283,,0.911200,0.881267,0.203,501.7
2543,0.881317,,0.911200,0.881317,0.189,501.9
2544,0.880133,,0.911200,0.881317,0.190,502.1
2545,0.880850,,0.911200,0.881317,0.187,502.3
2546,0.878233,,0.911200,0.881317,0.187,502.5
2547,0.880050,,0.911200,0.881317,0.188,502.7
2548,0.880767,,0.911200,0.881317,0.196,502.9
2549,0.880117,,0.911200,0.881317,0.256,503.1
2550,0.880050,0.91239994764328,0.912400,0.881317,0.251,503.4
2551,0.878683,,0.912400,0.881317,0.139,503.5
2552,0.880433,,0.912400,0.881317,0.188,503.7
2553,0.881300,,0.912400,0.881317,0.187,503.9
2554,0.880217,,0.912400,0.881317,0.188,504.1
2555,0.879600,,0.912400,0.881317,0.193,504.3
2556,0.879250,,0.912400,0.881317,0.188,504.5
2557,0.879233,,0.912400,0.881317,0.184,504.6
2558,0.879083,,0.912400,0.881317,0.190,504.8
2559,0.878767,,0.912400,0.881317,0.186,505.0
2560,0.879217,,0.912400,0.881317,0.256,505.3
2561,0.880250,,0.912400,0.881317,0.189,505.5
2562,0.879167,,0.912400,0.881317,0.187,505.7
2563,0.879767,,0.912400,0.881317,0.187,505.8
2564,0.879117,,0.912400,0.881317,0.188,506.0
2565,0.880317,,0.912400,0.881317,0.187,506.2
2566,0.880867,,0.912400,0.881317,0.186,506.4
2567,0.881783,,0.912400,0.881783,0.186,506.6
2568,0.881000,,0.912400,0.881783,0.188,506.8
2569,0.879700,,0.912400,0.881783,0.187,507.0
2570,0.880133,,0.912400,0.881783,0.189,507.2
2571,0.879833,,0.912400,0.881783,0.252,507.4
2572,0.879683,,0.912400,0.881783,0.187,507.6
2573,0.880600,,0.912400,0.881783,0.189,507.8
2574,0.880867,,0.912400,0.881783,0.186,508.0
2575,0.879883,,0.912400,0.881783,0.189,508.2
2576,0.880683,,0.912400,0.881783,0.189,508.3
2577,0.880517,,0.912400,0.881783,0.186,508.5
2578,0.881433,,0.912400,0.881783,0.188,508.7
2579,0.881600,,0.912400,0.881783,0.185,508.9
2580,0.879483,,0.912400,0.881783,0.188,509.1
2581,0.879183,,0.912400,0.881783,0.187,509.3
2582,0.881167,,0.912400,0.881783,0.252,509.5
2583,0.880183,,0.912400,0.881783,0.189,509.7
2584,0.880700,,0.912400,0.881783,0.190,509.9
2585,0.879700,,0.912400,0.881783,0.188,510.1
2586,0.878200,,0.912400,0.881783,0.187,510.3
2587,0.881183,,0.912400,0.881783,0.187,510.5
2588,0.879433,,0.912400,0.881783,0.187,510.7
2589,0.879900,,0.912400,0.881783,0.187,510.8
2590,0.881250,,0.912400,0.881783,0.190,511.0
2591,0.880067,,0.912400,0.881783,0.184,511.2
2592,0.879683,,0.912400,0.881783,0.187,511.4
2593,0.882050,,0.912400,0.882050,0.256,511.7
2594,0.879400,,0.912400,0.882050,0.186,511.8
2595,0.881883,,0.912400,0.882050,0.188,512.0
2596,0.879417,,0.912400,0.882050,0.187,512.2
2597,0.880200,,0.912400,0.882050,0.187,512.4
2598,0.878933,,0.912400,0.882050,0.188,512.6
2599,0.881033,,0.912400,0.882050,0.187,512.8
2600,0.880383,0.9104999899864197,0.912400,0.882050,0.248,513.0
2601,0.879350,,0.912400,0.882050,0.140,513.2
2602,0.881267,,0.912400,0.882050,0.191,513.4
2603,0.881067,,0.912400,0.882050,0.188,513.6
2604,0.880567,,0.912400,0.882050,0.255,513.8
2605,0.877733,,0.912400,0.882050,0.188,514.0
2606,0.879733,,0.912400,0.882050,0.189,514.2
2607,0.880300,,0.912400,0.882050,0.192,514.4
2608,0.879450,,0.912400,0.882050,0.187,514.6
2609,0.878233,,0.912400,0.882050,0.186,514.7
2610,0.879883,,0.912400,0.882050,0.190,514.9
2611,0.879333,,0.912400,0.882050,0.188,515.1
2612,0.879567,,0.912400,0.882050,0.188,515.3
2613,0.878933,,0.912400,0.882050,0.186,515.5
2614,0.878600,,0.912400,0.882050,0.189,515.7
2615,0.876500,,0.912400,0.882050,0.258,515.9
2616,0.880517,,0.912400,0.882050,0.188,516.1
2617,0.878533,,0.912400,0.882050,0.188,516.3
2618,0.877933,,0.912400,0.882050,0.189,516.5
2619,0.877750,,0.912400,0.882050,0.189,516.7
2620,0.879250,,0.912400,0.882050,0.208,516.9
2621,0.878250,,0.912400,0.882050,0.199,517.1
2622,0.879250,,0.912400,0.882050,0.192,517.3
2623,0.881133,,0.912400,0.882050,0.190,517.5
2624,0.877900,,0.912400,0.882050,0.189,517.7
2625,0.877817,,0.912400,0.882050,0.187,517.9
2626,0.880967,,0.912400,0.882050,0.254,518.1
2627,0.879900,,0.912400,0.882050,0.189,518.3
2628,0.880517,,0.912400,0.882050,0.188,518.5
2629,0.879817,,0.912400,0.882050,0.187,518.7
2630,0.878567,,0.912400,0.882050,0.187,518.9
2631,0.878800,,0.912400,0.882050,0.189,519.1
2632,0.880483,,0.912400,0.882050,0.186,519.2
2633,0.880000,,0.912400,0.882050,0.190,519.4
2634,0.878383,,0.912400,0.882050,0.187,519.6
2635,0.880450,,0.912400,0.882050,0.189,519.8
2636,0.880700,,0.912400,0.882050,0.185,520.0
2637,0.880783,,0.912400,0.882050,0.255,520.3
2638,0.879083,,0.912400,0.882050,0.190,520.4
2639,0.881133,,0.912400,0.882050,0.187,520.6
2640,0.880100,,0.912400,0.882050,0.187,520.8
2641,0.880267,,0.912400,0.882050,0.188,521.0
2642,0.880917,,0.912400,0.882050,0.187,521.2
2643,0.880150,,0.912400,0.882050,0.187,521.4
2644,0.880000,,0.912400,0.882050,0.189,521.6
2645,0.879783,,0.912400,0.882050,0.186,521.8
2646,0.880717,,0.912400,0.882050,0.187,521.9
2647,0.877900,,0.912400,0.882050,0.188,522.1
2648,0.880117,,0.912400,0.882050,0.253,522.4
2649,0.881767,,0.912400,0.882050,0.188,522.6
2650,0.878967,0.911899983882904,0.912400,0.882050,0.255,522.8
2651,0.881417,,0.912400,0.882050,0.142,523.0
2652,0.880667,,0.912400,0.882050,0.180,523.1
2653,0.880000,,0.912400,0.882050,0.185,523.3
2654,0.879950,,0.912400,0.882050,0.188,523.5
2655,0.881517,,0.912400,0.882050,0.187,523.7
2656,0.879633,,0.912400,0.882050,0.189,523.9
2657,0.880467,,0.912400,0.882050,0.186,524.1
2658,0.879950,,0.912400,0.882050,0.187,524.3
2659,0.880833,,0.912400,0.882050,0.256,524.5
2660,0.880050,,0.912400,0.882050,0.189,524.7
2661,0.882267,,0.912400,0.882267,0.187,524.9
2662,0.880550,,0.912400,0.882267,0.187,525.1
2663,0.880133,,0.912400,0.882267,0.186,525.3
2664,0.879767,,0.912400,0.882267,0.187,525.5
2665,0.880433,,0.912400,0.882267,0.187,525.6
2666,0.879867,,0.912400,0.882267,0.187,525.8
2667,0.879917,,0.912400,0.882267,0.186,526.0
2668,0.880200,,0.912400,0.882267,0.188,526.2
2669,0.882150,,0.912400,0.882267,0.187,526.4
2670,0.880983,,0.912400,0.882267,0.265,526.7
2671,0.881100,,0.912400,0.882267,0.189,526.8
2672,0.880933,,0.912400,0.882267,0.188,527.0
2673,0.879967,,0.912400,0.882267,0.185,527.2
2674,0.881083,,0.912400,0.882267,0.185,527.4
2675,0.881350,,0.912400,0.882267,0.188,527.6
2676,0.880867,,0.912400,0.882267,0.186,527.8
2677,0.880333,,0.912400,0.882267,0.187,528.0
2678,0.882333,,0.912400,0.882333,0.189,528.2
2679,0.880583,,0.912400,0.882333,0.189,528.3
2680,0.881767,,0.912400,0.882333,0.187,528.5
2681,0.879983,,0.912400,0.882333,0.256,528.8
2682,0.880367,,0.912400,0.882333,0.185,529.0
2683,0.880950,,0.912400,0.882333,0.188,529.2
2684,0.879833,,0.912400,0.882333,0.189,529.4
2685,0.880100,,0.912400,0.882333,0.188,529.5
2686,0.879800,,0.912400,0.882333,0.187,529.7
2687,0.880850,,0.912400,0.882333,0.188,529.9
2688,0.881183,,0.912400,0.882333,0.189,530.1
2689,0.880983,,0.912400,0.882333,0.186,530.3
2690,0.879500,,0.912400,0.882333,0.186,530.5
2691,0.881117,,0.912400,0.882333,0.189,530.7
2692,0.880917,,0.912400,0.882333,0.256,530.9
2693,0.880600,,0.912400,0.882333,0.191,531.1
2694,0.880483,,0.912400,0.882333,0.187,531.3
2695,0.880650,,0.912400,0.882333,0.188,531.5
2696,0.881783,,0.912400,0.882333,0.190,531.7
2697,0.881583,,0.912400,0.882333,0.188,531.9
2698,0.880417,,0.912400,0.882333,0.188,532.1
2699,0.880367,,0.912400,0.882333,0.189,532.2
2700,0.880133,0.91239994764328,0.912400,0.882333,0.251,532.5
2701,0.880617,,0.912400,0.882333,0.143,532.6
2702,0.880517,,0.912400,0.882333,0.187,532.8
2703,0.880550,,0.912400,0.882333,0.253,533.1
2704,0.880250,,0.912400,0.882333,0.190,533.3
2705,0.881883,,0.912400,0.882333,0.185,533.4
2706,0.878833,,0.912400,0.882333,0.187,533.6
2707,0.881433,,0.912400,0.882333,0.189,533.8
2708,0.880083,,0.912400,0.882333,0.188,534.0
2709,0.881517,,0.912400,0.882333,0.187,534.2
2710,0.881150,,0.912400,0.882333,0.188,534.4
2711,0.882217,,0.912400,0.882333,0.186,534.6
2712,0.880317,,0.912400,0.882333,0.187,534.8
2713,0.880867,,0.912400,0.882333,0.188,534.9
2714,0.881383,,0.912400,0.882333,0.252,535.2
2715,0.881267,,0.912400,0.882333,0.186,535.4
2716,0.881267,,0.912400,0.882333,0.189,535.6
2717,0.880733,,0.912400,0.882333,0.188,535.8
2718,0.883167,,0.912400,0.883167,0.188,536.0
2719,0.881467,,0.912400,0.883167,0.189,536.1
2720,0.880633,,0.912400,0.883167,0.186,536.3
2721,0.881250,,0.912400,0.883167,0.185,536.5
2722,0.880967,,0.912400,0.883167,0.188,536.7
2723,0.880383,,0.912400,0.883167,0.187,536.9
2724,0.880183,,0.912400,0.883167,0.187,537.1
2725,0.882883,,0.912400,0.883167,0.258,537.3
2726,0.881450,,0.912400,0.883167,0.187,537.5
2727,0.880950,,0.912400,0.883167,0.186,537.7
2728,0.881317,,0.912400,0.883167,0.189,537.9
2729,0.881383,,0.912400,0.883167,0.187,538.1
2730,0.881750,,0.912400,0.883167,0.188,538.3
2731,0.880383,,0.912400,0.883167,0.187,538.5
2732,0.881533,,0.912400,0.883167,0.186,538.6
2733,0.881267,,0.912400,0.883167,0.188,538.8
2734,0.879933,,0.912400,0.883167,0.189,539.0
2735,0.880617,,0.912400,0.883167,0.189,539.2
2736,0.883233,,0.912400,0.883233,0.256,539.5
2737,0.881250,,0.912400,0.883233,0.188,539.7
2738,0.881000,,0.912400,0.883233,0.185,539.8
2739,0.883817,,0.912400,0.883817,0.192,540.0
2740,0.881367,,0.912400,0.883817,0.186,540.2
2741,0.882100,,0.912400,0.883817,0.187,540.4
2742,0.882000,,0.912400,0.883817,0.187,540.6
2743,0.881367,,0.912400,0.883817,0.186,540.8
2744,0.880917,,0.912400,0.883817,0.189,541.0
2745,0.881733,,0.912400,0.883817,0.188,541.2
2746,0.882883,,0.912400,0.883817,0.189,541.3
2747,0.882750,,0.912400,0.883817,0.261,541.6
2748,0.882333,,0.912400,0.883817,0.186,541.8
2749,0.881217,,0.912400,0.883817,0.188,542.0
2750,0.882283,0.9083999991416931,0.912400,0.883817,0.248,542.2
2751,0.881917,,0.912400,0.883817,0.139,542.4
2752,0.881150,,0.912400,0.883817,0.187,542.5
2753,0.882800,,0.912400,0.883817,0.187,542.7
2754,0.882617,,0.912400,0.883817,0.186,542.9
2755,0.882350,,0.912400,0.883817,0.190,543.1
2756,0.880000,,0.912400,0.883817,0.188,543.3
2757,0.881283,,0.912400,0.883817,0.187,543.5
2758,0.883717,,0.912400,0.883817,0.254,543.7
2759,0.881333,,0.912400,0.883817,0.188,543.9
2760,0.882850,,0.912400,0.883817,0.186,544.1
2761,0.881933,,0.912400,0.883817,0.187,544.3
2762,0.881550,,0.912400,0.883817,0.189,544.5
2763,0.882817,,0.912400,0.883817,0.189,544.7
2764,0.882467,,0.912400,0.883817,0.188,544.9
2765,0.881917,,0.912400,0.883817,0.186,545.1
2766,0.884517,,0.912400,0.884517,0.190,545.2
2767,0.882650,,0.912400,0.884517,0.188,545.4
2768,0.881567,,0.912400,0.884517,0.185,545.6
2769,0.883567,,0.912400,0.884517,0.258,545.9
2770,0.883100,,0.912400,0.884517,0.187,546.1
2771,0.881733,,0.912400,0.884517,0.189,546.3
2772,0.881700,,0.912400,0.884517,0.188,546.4
2773,0.881033,,0.912400,0.884517,0.203,546.6
2774,0.882533,,0.912400,0.884517,0.204,546.8
2775,0.883817,,0.912400,0.884517,0.184,547.0
2776,0.882700,,0.912400,0.884517,0.189,547.2
2777,0.884733,,0.912400,0.884733,0.186,547.4
2778,0.881783,,0.912400,0.884733,0.188,547.6
2779,0.882217,,0.912400,0.884733,0.189,547.8
2780,0.882533,,0.912400,0.884733,0.259,548.0
2781,0.882267,,0.912400,0.884733,0.191,548.2
2782,0.882417,,0.912400,0.884733,0.186,548.4
2783,0.880833,,0.912400,0.884733,0.188,548.6
2784,0.880900,,0.912400,0.884733,0.190,548.8
2785,0.882467,,0.912400,0.884733,0.188,549.0
2786,0.882100,,0.912400,0.884733,0.188,549.2
2787,0.882733,,0.912400,0.884733,0.185,549.4
2788,0.881917,,0.912400,0.884733,0.187,549.5
2789,0.882717,,0.912400,0.884733,0.186,549.7
2790,0.881850,,0.912400,0.884733,0.188,549.9
2791,0.882300,,0.912400,0.884733,0.254,550.2
2792,0.881067,,0.912400,0.884733,0.192,550.4
2793,0.882283,,0.912400,0.884733,0.192,550.6
2794,0.880983,,0.912400,0.884733,0.193,550.8
2795,0.881967,,0.912400,0.884733,0.187,550.9
2796,0.879217,,0.912400,0.884733,0.186,551.1
2797,0.882633,,0.912400,0.884733,0.187,551.3
2798,0.882850,,0.912400,0.884733,0.187,551.5
2799,0.881917,,0.912400,0.884733,0.188,551.7
2800,0.882233,0.9122999906539917,0.912400,0.884733,0.249,551.9
2801,0.880967,,0.912400,0.884733,0.139,552.1
2802,0.881500,,0.912400,0.884733,0.258,552.3
2803,0.883567,,0.912400,0.884733,0.186,552.5
2804,0.881150,,0.912400,0.884733,0.187,552.7
2805,0.881900,,0.912400,0.884733,0.189,552.9
2806,0.882500,,0.912400,0.884733,0.188,553.1
2807,0.881400,,0.912400,0.884733,0.187,553.3
2808,0.883383,,0.912400,0.884733,0.187,553.5
2809,0.881033,,0.912400,0.884733,0.195,553.7
2810,0.883467,,0.912400,0.884733,0.186,553.8
2811,0.881233,,0.912400,0.884733,0.187,554.0
2812,0.880833,,0.912400,0.884733,0.187,554.2
2813,0.881750,,0.912400,0.884733,0.255,554.5
2814,0.881467,,0.912400,0.884733,0.189,554.7
2815,0.880700,,0.912400,0.884733,0.188,554.8
2816,0.879767,,0.912400,0.884733,0.185,555.0
2817,0.880217,,0.912400,0.884733,0.185,555.2
2818,0.882883,,0.912400,0.884733,0.186,555.4
2819,0.881583,,0.912400,0.884733,0.187,555.6
2820,0.882817,,0.912400,0.884733,0.189,555.8
2821,0.882850,,0.912400,0.884733,0.189,556.0
2822,0.882517,,0.912400,0.884733,0.186,556.2
2823,0.880833,,0.912400,0.884733,0.185,556.3
2824,0.880067,,0.912400,0.884733,0.254,556.6
2825,0.883500,,0.912400,0.884733,0.186,556.8
2826,0.882000,,0.912400,0.884733,0.188,557.0
2827,0.883200,,0.912400,0.884733,0.187,557.2
2828,0.881800,,0.912400,0.884733,0.187,557.3
2829,0.882767,,0.912400,0.884733,0.187,557.5
2830,0.881383,,0.912400,0.884733,0.184,557.7
2831,0.881683,,0.912400,0.884733,0.189,557.9
2832,0.880217,,0.912400,0.884733,0.190,558.1
2833,0.881067,,0.912400,0.884733,0.183,558.3
2834,0.881533,,0.912400,0.884733,0.188,558.5
2835,0.882750,,0.912400,0.884733,0.255,558.7
2836,0.882367,,0.912400,0.884733,0.184,558.9
2837,0.883150,,0.912400,0.884733,0.187,559.1
2838,0.881867,,0.912400,0.884733,0.186,559.3
2839,0.883017,,0.912400,0.884733,0.185,559.5
2840,0.882050,,0.912400,0.884733,0.190,559.6
2841,0.881550,,0.912400,0.884733,0.186,559.8
2842,0.882867,,0.912400,0.884733,0.186,560.0
2843,0.881683,,0.912400,0.884733,0.188,560.2
2844,0.883250,,0.912400,0.884733,0.185,560.4
2845,0.881500,,0.912400,0.884733,0.187,560.6
2846,0.884167,,0.912400,0.884733,0.262,560.8
2847,0.881717,,0.912400,0.884733,0.188,561.0
2848,0.881817,,0.912400,0.884733,0.190,561.2
2849,0.882133,,0.912400,0.884733,0.187,561.4
2850,0.881200,0.9134999513626099,0.913500,0.884733,0.252,561.7
2851,0.881133,,0.913500,0.884733,0.140,561.8
2852,0.881833,,0.913500,0.884733,0.190,562.0
2853,0.882550,,0.913500,0.884733,0.187,562.2
2854,0.881550,,0.913500,0.884733,0.188,562.4
2855,0.883967,,0.913500,0.884733,0.193,562.6
2856,0.882817,,0.913500,0.884733,0.196,562.8
2857,0.883550,,0.913500,0.884733,0.257,563.0
2858,0.883350,,0.913500,0.884733,0.188,563.2
2859,0.882433,,0.913500,0.884733,0.189,563.4
2860,0.882167,,0.913500,0.884733,0.190,563.6
2861,0.882767,,0.913500,0.884733,0.189,563.8
2862,0.882750,,0.913500,0.884733,0.189,564.0
2863,0.882900,,0.913500,0.884733,0.187,564.1
2864,0.884367,,0.913500,0.884733,0.187,564.3
2865,0.882800,,0.913500,0.884733,0.190,564.5
2866,0.882733,,0.913500,0.884733,0.188,564.7
2867,0.880383,,0.913500,0.884733,0.188,564.9
2868,0.884183,,0.913500,0.884733,0.259,565.2
2869,0.883350,,0.913500,0.884733,0.190,565.3
2870,0.883600,,0.913500,0.884733,0.186,565.5
2871,0.883617,,0.913500,0.884733,0.189,565.7
2872,0.883133,,0.913500,0.884733,0.187,565.9
2873,0.884550,,0.913500,0.884733,0.188,566.1
2874,0.883500,,0.913500,0.884733,0.186,566.3
2875,0.884467,,0.913500,0.884733,0.186,566.5
2876,0.884300,,0.913500,0.884733,0.187,566.7
2877,0.884083,,0.913500,0.884733,0.186,566.8
2878,0.882750,,0.913500,0.884733,0.187,567.0
2879,0.882917,,0.913500,0.884733,0.255,567.3
2880,0.882133,,0.913500,0.884733,0.186,567.5
2881,0.884167,,0.913500,0.884733,0.191,567.7
2882,0.882967,,0.913500,0.884733,0.189,567.8
2883,0.884433,,0.913500,0.884733,0.188,568.0
2884,0.884617,,0.913500,0.884733,0.188,568.2
2885,0.883650,,0.913500,0.884733,0.188,568.4
2886,0.881583,,0.913500,0.884733,0.185,568.6
2887,0.882883,,0.913500,0.884733,0.188,568.8
2888,0.882100,,0.913500,0.884733,0.186,569.0
2889,0.884867,,0.913500,0.884867,0.186,569.2
2890,0.880733,,0.913500,0.884867,0.255,569.4
2891,0.884517,,0.913500,0.884867,0.185,569.6
2892,0.883817,,0.913500,0.884867,0.187,569.8
2893,0.884000,,0.913500,0.884867,0.187,570.0
2894,0.884700,,0.913500,0.884867,0.186,570.2
2895,0.883883,,0.913500,0.884867,0.188,570.3
2896,0.881600,,0.913500,0.884867,0.188,570.5
2897,0.881900,,0.913500,0.884867,0.187,570.7
2898,0.882333,,0.913500,0.884867,0.187,570.9
2899,0.882333,,0.913500,0.884867,0.187,571.1
2900,0.883067,0.9136999845504761,0.913700,0.884867,0.250,571.3
2901,0.882550,,0.913700,0.884867,0.209,571.6
2902,0.882900,,0.913700,0.884867,0.191,571.7
2903,0.883783,,0.913700,0.884867,0.188,571.9
2904,0.882467,,0.913700,0.884867,0.187,572.1
2905,0.883550,,0.913700,0.884867,0.187,572.3
2906,0.882983,,0.913700,0.884867,0.188,572.5
2907,0.884700,,0.913700,0.884867,0.187,572.7
2908,0.883233,,0.913700,0.884867,0.189,572.9
2909,0.883433,,0.913700,0.884867,0.188,573.1
2910,0.884183,,0.913700,0.884867,0.188,573.2
2911,0.884267,,0.913700,0.884867,0.188,573.4
2912,0.882250,,0.913700,0.884867,0.258,573.7
2913,0.885100,,0.913700,0.885100,0.188,573.9
2914,0.884683,,0.913700,0.885100,0.186,574.1
2915,0.884283,,0.913700,0.885100,0.188,574.3
2916,0.882850,,0.913700,0.885100,0.189,574.4
2917,0.885417,,0.913700,0.885417,0.187,574.6
2918,0.884983,,0.913700,0.885417,0.188,574.8
2919,0.883683,,0.913700,0.885417,0.187,575.0
2920,0.884033,,0.913700,0.885417,0.187,575.2
2921,0.883333,,0.913700,0.885417,0.188,575.4
2922,0.883900,,0.913700,0.885417,0.188,575.6
2923,0.885500,,0.913700,0.885500,0.252,575.8
2924,0.884933,,0.913700,0.885500,0.188,576.0
2925,0.882683,,0.913700,0.885500,0.188,576.2
2926,0.884500,,0.913700,0.885500,0.213,576.4
2927,0.883450,,0.913700,0.885500,0.195,576.6
2928,0.884983,,0.913700,0.885500,0.186,576.8
2929,0.882600,,0.913700,0.885500,0.188,577.0
2930,0.884033,,0.913700,0.885500,0.185,577.2
2931,0.881683,,0.913700,0.885500,0.190,577.4
2932,0.884067,,0.913700,0.885500,0.187,577.5
2933,0.885400,,0.913700,0.885500,0.189,577.7
2934,0.882850,,0.913700,0.885500,0.256,578.0
2935,0.883533,,0.913700,0.885500,0.187,578.2
2936,0.884817,,0.913700,0.885500,0.186,578.4
2937,0.884000,,0.913700,0.885500,0.190,578.5
2938,0.882633,,0.913700,0.885500,0.187,578.7
2939,0.883267,,0.913700,0.885500,0.188,578.9
2940,0.882833,,0.913700,0.885500,0.188,579.1
2941,0.882783,,0.913700,0.885500,0.185,579.3
2942,0.883967,,0.913700,0.885500,0.187,579.5
2943,0.882983,,0.913700,0.885500,0.187,579.7
2944,0.884633,,0.913700,0.885500,0.186,579.9
2945,0.882883,,0.913700,0.885500,0.244,580.1
2946,0.884233,,0.913700,0.885500,0.185,580.3
2947,0.884050,,0.913700,0.885500,0.188,580.5
2948,0.885300,,0.913700,0.885500,0.186,580.7
2949,0.884583,,0.913700,0.885500,0.186,580.8
2950,0.885033,0.9132999777793884,0.913700,0.885500,0.250,581.1
2951,0.883467,,0.913700,0.885500,0.140,581.2
2952,0.884350,,0.913700,0.885500,0.189,581.4
2953,0.883833,,0.913700,0.885500,0.188,581.6
2954,0.883433,,0.913700,0.885500,0.187,581.8
2955,0.883883,,0.913700,0.885500,0.186,582.0
2956,0.883650,,0.913700,0.885500,0.257,582.2
2957,0.882833,,0.913700,0.885500,0.190,582.4
2958,0.884667,,0.913700,0.885500,0.188,582.6
2959,0.883883,,0.913700,0.885500,0.187,582.8
2960,0.885217,,0.913700,0.885500,0.187,583.0
2961,0.884850,,0.913700,0.885500,0.186,583.2
2962,0.883500,,0.913700,0.885500,0.186,583.4
2963,0.884217,,0.913700,0.885500,0.189,583.6
2964,0.885567,,0.913700,0.885567,0.187,583.7
2965,0.884100,,0.913700,0.885567,0.189,583.9
2966,0.886083,,0.913700,0.886083,0.188,584.1
2967,0.883950,,0.913700,0.886083,0.259,584.4
2968,0.883467,,0.913700,0.886083,0.186,584.6
2969,0.884150,,0.913700,0.886083,0.186,584.8
2970,0.882567,,0.913700,0.886083,0.187,584.9
2971,0.884067,,0.913700,0.886083,0.187,585.1
2972,0.883583,,0.913700,0.886083,0.189,585.3
2973,0.886033,,0.913700,0.886083,0.189,585.5
2974,0.886033,,0.913700,0.886083,0.187,585.7
2975,0.884767,,0.913700,0.886083,0.187,585.9
2976,0.884050,,0.913700,0.886083,0.189,586.1
2977,0.885417,,0.913700,0.886083,0.190,586.3
2978,0.884517,,0.913700,0.886083,0.258,586.5
2979,0.883267,,0.913700,0.886083,0.188,586.7
2980,0.885217,,0.913700,0.886083,0.188,586.9
2981,0.885017,,0.913700,0.886083,0.186,587.1
2982,0.884233,,0.913700,0.886083,0.187,587.3
2983,0.884767,,0.913700,0.886083,0.190,587.5
2984,0.884117,,0.913700,0.886083,0.187,587.6
2985,0.883183,,0.913700,0.886083,0.188,587.8
2986,0.884267,,0.913700,0.886083,0.186,588.0
2987,0.884850,,0.913700,0.886083,0.190,588.2
2988,0.884733,,0.913700,0.886083,0.186,588.4
2989,0.886200,,0.913700,0.886200,0.253,588.6
2990,0.885200,,0.913700,0.886200,0.178,588.8
2991,0.884067,,0.913700,0.886200,0.186,589.0
2992,0.884883,,0.913700,0.886200,0.188,589.2
2993,0.885600,,0.913700,0.886200,0.197,589.4
2994,0.886833,,0.913700,0.886833,0.186,589.6
2995,0.886000,,0.913700,0.886833,0.189,589.8
2996,0.883133,,0.913700,0.886833,0.190,590.0
2997,0.886050,,0.913700,0.886833,0.189,590.1
2998,0.885167,,0.913700,0.886833,0.190,590.3
2999,0.883183,,0.913700,0.886833,0.188,590.5
