epoch,train_acc,val_acc,best_val,best_train,epoch_time,cum_time
0,0.084217,0.09799999743700027,0.098000,0.084217,5.677,5.7
1,0.084350,,0.098000,0.084350,0.253,5.9
2,0.085500,,0.098000,0.085500,0.252,6.2
3,0.084533,,0.098000,0.085500,0.262,6.4
4,0.083167,,0.098000,0.085500,0.269,6.7
5,0.085667,,0.098000,0.085667,0.262,7.0
6,0.083650,,0.098000,0.085667,0.257,7.2
7,0.086400,,0.098000,0.086400,0.326,7.6
8,0.086883,,0.098000,0.086883,0.257,7.8
9,0.084700,,0.098000,0.086883,0.257,8.1
10,0.087200,,0.098000,0.087200,0.253,8.3
11,0.086783,,0.098000,0.087200,0.256,8.6
12,0.085383,,0.098000,0.087200,0.254,8.8
13,0.087900,,0.098000,0.087900,0.256,9.1
14,0.087267,,0.098000,0.087900,0.256,9.3
15,0.087300,,0.098000,0.087900,0.290,9.6
16,0.089167,,0.098000,0.089167,0.245,9.9
17,0.087867,,0.098000,0.089167,0.255,10.1
18,0.088700,,0.098000,0.089167,0.256,10.4
19,0.089417,,0.098000,0.089417,0.262,10.7
20,0.089217,,0.098000,0.089417,0.258,10.9
21,0.089233,,0.098000,0.089417,0.254,11.2
22,0.091767,,0.098000,0.091767,0.255,11.4
23,0.091517,,0.098000,0.091767,0.310,11.7
24,0.091367,,0.098000,0.091767,0.255,12.0
25,0.091133,,0.098000,0.091767,0.257,12.2
26,0.092917,,0.098000,0.092917,0.252,12.5
27,0.094550,,0.098000,0.094550,0.257,12.8
28,0.096767,,0.098000,0.096767,0.257,13.0
29,0.096933,,0.098000,0.096933,0.254,13.3
30,0.097033,,0.098000,0.097033,0.255,13.5
31,0.099183,,0.098000,0.099183,0.308,13.8
32,0.097883,,0.098000,0.099183,0.253,14.1
33,0.098850,,0.098000,0.099183,0.254,14.3
34,0.099883,,0.098000,0.099883,0.255,14.6
35,0.101700,,0.098000,0.101700,0.256,14.8
36,0.102633,,0.098000,0.102633,0.253,15.1
37,0.101567,,0.098000,0.102633,0.266,15.4
38,0.104150,,0.098000,0.104150,0.255,15.6
39,0.105133,,0.098000,0.105133,0.305,15.9
40,0.104817,,0.098000,0.105133,0.267,16.2
41,0.106133,,0.098000,0.106133,0.257,16.4
42,0.109367,,0.098000,0.109367,0.256,16.7
43,0.108567,,0.098000,0.109367,0.254,17.0
44,0.108250,,0.098000,0.109367,0.256,17.2
45,0.110217,,0.098000,0.110217,0.256,17.5
46,0.111117,,0.098000,0.111117,0.253,17.7
47,0.110450,,0.098000,0.111117,0.316,18.0
48,0.111250,,0.098000,0.111250,0.259,18.3
49,0.111033,,0.098000,0.111250,0.254,18.6
50,0.109883,0.09129999577999115,0.098000,0.111250,0.355,18.9
51,0.112550,,0.098000,0.112550,0.177,19.1
52,0.112383,,0.098000,0.112550,0.256,19.3
53,0.112450,,0.098000,0.112550,0.257,19.6
54,0.114833,,0.098000,0.114833,0.258,19.9
55,0.113017,,0.098000,0.114833,0.323,20.2
56,0.116000,,0.098000,0.116000,0.255,20.4
57,0.114917,,0.098000,0.116000,0.256,20.7
58,0.114650,,0.098000,0.116000,0.261,21.0
59,0.113417,,0.098000,0.116000,0.266,21.2
60,0.115617,,0.098000,0.116000,0.263,21.5
61,0.118133,,0.098000,0.118133,0.255,21.7
62,0.116033,,0.098000,0.118133,0.256,22.0
63,0.117117,,0.098000,0.118133,0.310,22.3
64,0.118017,,0.098000,0.118133,0.300,22.6
65,0.119083,,0.098000,0.119083,0.259,22.9
66,0.118950,,0.098000,0.119083,0.257,23.1
67,0.119783,,0.098000,0.119783,0.255,23.4
68,0.119800,,0.098000,0.119800,0.254,23.6
69,0.118800,,0.098000,0.119800,0.267,23.9
70,0.120533,,0.098000,0.120533,0.261,24.2
71,0.118850,,0.098000,0.120533,0.325,24.5
72,0.120750,,0.098000,0.120750,0.253,24.7
73,0.119583,,0.098000,0.120750,0.258,25.0
74,0.120433,,0.098000,0.120750,0.272,25.3
75,0.119333,,0.098000,0.120750,0.256,25.5
76,0.121300,,0.098000,0.121300,0.263,25.8
77,0.122300,,0.098000,0.122300,0.260,26.0
78,0.121967,,0.098000,0.122300,0.255,26.3
79,0.122200,,0.098000,0.122300,0.320,26.6
80,0.120833,,0.098000,0.122300,0.258,26.9
81,0.121933,,0.098000,0.122300,0.254,27.1
82,0.124000,,0.098000,0.124000,0.255,27.4
83,0.122933,,0.098000,0.124000,0.264,27.6
84,0.123333,,0.098000,0.124000,0.256,27.9
85,0.122467,,0.098000,0.124000,0.263,28.2
86,0.122817,,0.098000,0.124000,0.259,28.4
87,0.124450,,0.098000,0.124450,0.329,28.8
88,0.125083,,0.098000,0.125083,0.257,29.0
89,0.125200,,0.098000,0.125200,0.257,29.3
90,0.123917,,0.098000,0.125200,0.258,29.5
91,0.123217,,0.098000,0.125200,0.257,29.8
92,0.125183,,0.098000,0.125200,0.264,30.0
93,0.125750,,0.098000,0.125750,0.266,30.3
94,0.125083,,0.098000,0.125750,0.264,30.6
95,0.124517,,0.098000,0.125750,0.327,30.9
96,0.124650,,0.098000,0.125750,0.274,31.2
97,0.124750,,0.098000,0.125750,0.260,31.4
98,0.125200,,0.098000,0.125750,0.259,31.7
99,0.125483,,0.098000,0.125750,0.264,32.0
100,0.126033,0.10130000114440918,0.101300,0.126033,0.363,32.3
101,0.124367,,0.101300,0.126033,0.181,32.5
102,0.127200,,0.101300,0.127200,0.255,32.8
103,0.126667,,0.101300,0.127200,0.336,33.1
104,0.128117,,0.101300,0.128117,0.265,33.4
105,0.126683,,0.101300,0.128117,0.258,33.6
106,0.128550,,0.101300,0.128550,0.266,33.9
107,0.126600,,0.101300,0.128550,0.266,34.2
108,0.129067,,0.101300,0.129067,0.265,34.4
109,0.129900,,0.101300,0.129900,0.265,34.7
110,0.131417,,0.101300,0.131417,0.263,34.9
111,0.131050,,0.101300,0.131417,0.320,35.3
112,0.131383,,0.101300,0.131417,0.256,35.5
113,0.131567,,0.101300,0.131567,0.255,35.8
114,0.133150,,0.101300,0.133150,0.255,36.0
115,0.132050,,0.101300,0.133150,0.256,36.3
116,0.134000,,0.101300,0.134000,0.272,36.6
117,0.133750,,0.101300,0.134000,0.264,36.8
118,0.135433,,0.101300,0.135433,0.263,37.1
119,0.134833,,0.101300,0.135433,0.328,37.4
120,0.137550,,0.101300,0.137550,0.267,37.7
121,0.137617,,0.101300,0.137617,0.261,37.9
122,0.137200,,0.101300,0.137617,0.262,38.2
123,0.138150,,0.101300,0.138150,0.264,38.5
124,0.140550,,0.101300,0.140550,0.263,38.7
125,0.138717,,0.101300,0.140550,0.268,39.0
126,0.142400,,0.101300,0.142400,0.263,39.3
127,0.142400,,0.101300,0.142400,0.332,39.6
128,0.142717,,0.101300,0.142717,0.256,39.8
129,0.145367,,0.101300,0.145367,0.265,40.1
130,0.145900,,0.101300,0.145900,0.259,40.4
131,0.147117,,0.101300,0.147117,0.255,40.6
132,0.147933,,0.101300,0.147933,0.252,40.9
133,0.147600,,0.101300,0.147933,0.275,41.2
134,0.150083,,0.101300,0.150083,0.257,41.4
135,0.150717,,0.101300,0.150717,0.326,41.7
136,0.151133,,0.101300,0.151133,0.256,42.0
137,0.151633,,0.101300,0.151633,0.256,42.2
138,0.154417,,0.101300,0.154417,0.253,42.5
139,0.154133,,0.101300,0.154417,0.257,42.8
140,0.156400,,0.101300,0.156400,0.257,43.0
141,0.156617,,0.101300,0.156617,0.255,43.3
142,0.158867,,0.101300,0.158867,0.259,43.5
143,0.158117,,0.101300,0.158867,0.312,43.8
144,0.160483,,0.101300,0.160483,0.260,44.1
145,0.161683,,0.101300,0.161683,0.256,44.4
146,0.163067,,0.101300,0.163067,0.256,44.6
147,0.164350,,0.101300,0.164350,0.256,44.9
148,0.167183,,0.101300,0.167183,0.255,45.1
149,0.168450,,0.101300,0.168450,0.255,45.4
150,0.168583,0.16740000247955322,0.167400,0.168583,0.351,45.7
151,0.170850,,0.167400,0.170850,0.243,46.0
152,0.173400,,0.167400,0.173400,0.254,46.2
153,0.173033,,0.167400,0.173400,0.258,46.5
154,0.174800,,0.167400,0.174800,0.254,46.7
155,0.176467,,0.167400,0.176467,0.256,47.0
156,0.176867,,0.167400,0.176867,0.256,47.3
157,0.181817,,0.167400,0.181817,0.256,47.5
158,0.182617,,0.167400,0.182617,0.256,47.8
159,0.183883,,0.167400,0.183883,0.305,48.1
160,0.184917,,0.167400,0.184917,0.254,48.3
161,0.187833,,0.167400,0.187833,0.253,48.6
162,0.187750,,0.167400,0.187833,0.257,48.8
163,0.189400,,0.167400,0.189400,0.258,49.1
164,0.191817,,0.167400,0.191817,0.263,49.4
165,0.193833,,0.167400,0.193833,0.264,49.6
166,0.194883,,0.167400,0.194883,0.266,49.9
167,0.198267,,0.167400,0.198267,0.332,50.2
168,0.199183,,0.167400,0.199183,0.265,50.5
169,0.201467,,0.167400,0.201467,0.259,50.7
170,0.204050,,0.167400,0.204050,0.262,51.0
171,0.204400,,0.167400,0.204400,0.263,51.3
172,0.203867,,0.167400,0.204400,0.268,51.5
173,0.206100,,0.167400,0.206100,0.265,51.8
174,0.206117,,0.167400,0.206117,0.280,52.1
175,0.209533,,0.167400,0.209533,0.330,52.4
176,0.208467,,0.167400,0.209533,0.266,52.7
177,0.212800,,0.167400,0.212800,0.264,52.9
178,0.213600,,0.167400,0.213600,0.304,53.2
179,0.216850,,0.167400,0.216850,0.259,53.5
180,0.217717,,0.167400,0.217717,0.265,53.8
181,0.218333,,0.167400,0.218333,0.259,54.0
182,0.221033,,0.167400,0.221033,0.256,54.3
183,0.224083,,0.167400,0.224083,0.320,54.6
184,0.225017,,0.167400,0.225017,0.255,54.9
185,0.226117,,0.167400,0.226117,0.260,55.1
186,0.229317,,0.167400,0.229317,0.260,55.4
187,0.229550,,0.167400,0.229550,0.261,55.6
188,0.232017,,0.167400,0.232017,0.262,55.9
189,0.233883,,0.167400,0.233883,0.279,56.2
190,0.236333,,0.167400,0.236333,0.266,56.4
191,0.238417,,0.167400,0.238417,0.332,56.8
192,0.239817,,0.167400,0.239817,0.267,57.0
193,0.238250,,0.167400,0.239817,0.265,57.3
194,0.240933,,0.167400,0.240933,0.257,57.6
195,0.242133,,0.167400,0.242133,0.272,57.8
196,0.246617,,0.167400,0.246617,0.267,58.1
197,0.244667,,0.167400,0.246617,0.271,58.4
198,0.249133,,0.167400,0.249133,0.270,58.6
199,0.249517,,0.167400,0.249517,0.325,59.0
200,0.254033,0.28529998660087585,0.285300,0.254033,0.359,59.3
201,0.256600,,0.285300,0.256600,0.190,59.5
202,0.256750,,0.285300,0.256750,0.264,59.8
203,0.261717,,0.285300,0.261717,0.258,60.0
204,0.262167,,0.285300,0.262167,0.258,60.3
205,0.263367,,0.285300,0.263367,0.259,60.6
206,0.267000,,0.285300,0.267000,0.253,60.8
207,0.269183,,0.285300,0.269183,0.329,61.1
208,0.272167,,0.285300,0.272167,0.261,61.4
209,0.273850,,0.285300,0.273850,0.255,61.7
210,0.273717,,0.285300,0.273850,0.262,61.9
211,0.278800,,0.285300,0.278800,0.258,62.2
212,0.279767,,0.285300,0.279767,0.260,62.4
213,0.283133,,0.285300,0.283133,0.263,62.7
214,0.282300,,0.285300,0.283133,0.265,63.0
215,0.284850,,0.285300,0.284850,0.326,63.3
216,0.287250,,0.285300,0.287250,0.258,63.5
217,0.291967,,0.285300,0.291967,0.258,63.8
218,0.289967,,0.285300,0.291967,0.260,64.1
219,0.294150,,0.285300,0.294150,0.256,64.3
220,0.294783,,0.285300,0.294783,0.257,64.6
221,0.295250,,0.285300,0.295250,0.255,64.8
222,0.298050,,0.285300,0.298050,0.257,65.1
223,0.301717,,0.285300,0.301717,0.309,65.4
224,0.301850,,0.285300,0.301850,0.262,65.7
225,0.306050,,0.285300,0.306050,0.258,65.9
226,0.308467,,0.285300,0.308467,0.257,66.2
227,0.307267,,0.285300,0.308467,0.265,66.4
228,0.308950,,0.285300,0.308950,0.255,66.7
229,0.311117,,0.285300,0.311117,0.257,67.0
230,0.313650,,0.285300,0.313650,0.255,67.2
231,0.315600,,0.285300,0.315600,0.324,67.5
232,0.317167,,0.285300,0.317167,0.256,67.8
233,0.318400,,0.285300,0.318400,0.257,68.0
234,0.323100,,0.285300,0.323100,0.263,68.3
235,0.324600,,0.285300,0.324600,0.255,68.6
236,0.328900,,0.285300,0.328900,0.262,68.8
237,0.329250,,0.285300,0.329250,0.265,69.1
238,0.330917,,0.285300,0.330917,0.263,69.4
239,0.333750,,0.285300,0.333750,0.326,69.7
240,0.334067,,0.285300,0.334067,0.255,69.9
241,0.339100,,0.285300,0.339100,0.256,70.2
242,0.340983,,0.285300,0.340983,0.262,70.5
243,0.342500,,0.285300,0.342500,0.265,70.7
244,0.345267,,0.285300,0.345267,0.256,71.0
245,0.349000,,0.285300,0.349000,0.264,71.2
246,0.350150,,0.285300,0.350150,0.256,71.5
247,0.352083,,0.285300,0.352083,0.320,71.8
248,0.357417,,0.285300,0.357417,0.259,72.1
249,0.357417,,0.285300,0.357417,0.257,72.3
250,0.360050,0.4723999798297882,0.472400,0.360050,0.352,72.7
251,0.360850,,0.472400,0.360850,0.177,72.9
252,0.368517,,0.472400,0.368517,0.257,73.1
253,0.367700,,0.472400,0.368517,0.255,73.4
254,0.372883,,0.472400,0.372883,0.253,73.6
255,0.373117,,0.472400,0.373117,0.319,73.9
256,0.376033,,0.472400,0.376033,0.258,74.2
257,0.379100,,0.472400,0.379100,0.258,74.5
258,0.386517,,0.472400,0.386517,0.254,74.7
259,0.383283,,0.472400,0.386517,0.259,75.0
260,0.386333,,0.472400,0.386517,0.255,75.2
261,0.390550,,0.472400,0.390550,0.257,75.5
262,0.395583,,0.472400,0.395583,0.255,75.7
263,0.396517,,0.472400,0.396517,0.303,76.0
264,0.400767,,0.472400,0.400767,0.255,76.3
265,0.405617,,0.472400,0.405617,0.254,76.6
266,0.409200,,0.472400,0.409200,0.255,76.8
267,0.410950,,0.472400,0.410950,0.257,77.1
268,0.414217,,0.472400,0.414217,0.254,77.3
269,0.417050,,0.472400,0.417050,0.259,77.6
270,0.423983,,0.472400,0.423983,0.256,77.8
271,0.425167,,0.472400,0.425167,0.286,78.1
272,0.428533,,0.472400,0.428533,0.255,78.4
273,0.434667,,0.472400,0.434667,0.255,78.6
274,0.437817,,0.472400,0.437817,0.254,78.9
275,0.441367,,0.472400,0.441367,0.255,79.1
276,0.444983,,0.472400,0.444983,0.257,79.4
277,0.448767,,0.472400,0.448767,0.259,79.7
278,0.451467,,0.472400,0.451467,0.252,79.9
279,0.452167,,0.472400,0.452167,0.313,80.2
280,0.461417,,0.472400,0.461417,0.255,80.5
281,0.461317,,0.472400,0.461417,0.257,80.7
282,0.467550,,0.472400,0.467550,0.255,81.0
283,0.472950,,0.472400,0.472950,0.256,81.2
284,0.472517,,0.472400,0.472950,0.255,81.5
285,0.476217,,0.472400,0.476217,0.255,81.8
286,0.479533,,0.472400,0.479533,0.253,82.0
287,0.482583,,0.472400,0.482583,0.300,82.3
288,0.485850,,0.472400,0.485850,0.257,82.6
289,0.489417,,0.472400,0.489417,0.257,82.8
290,0.492850,,0.472400,0.492850,0.312,83.1
291,0.498550,,0.472400,0.498550,0.257,83.4
292,0.502817,,0.472400,0.502817,0.257,83.6
293,0.504283,,0.472400,0.504283,0.262,83.9
294,0.507867,,0.472400,0.507867,0.255,84.2
295,0.511350,,0.472400,0.511350,0.323,84.5
296,0.512717,,0.472400,0.512717,0.254,84.7
297,0.516400,,0.472400,0.516400,0.255,85.0
298,0.521483,,0.472400,0.521483,0.258,85.3
299,0.523450,,0.472400,0.523450,0.254,85.5
300,0.525300,0.6649999618530273,0.665000,0.525300,0.350,85.9
301,0.526783,,0.665000,0.526783,0.178,86.0
302,0.533400,,0.665000,0.533400,0.252,86.3
303,0.534467,,0.665000,0.534467,0.308,86.6
304,0.536433,,0.665000,0.536433,0.255,86.8
305,0.541617,,0.665000,0.541617,0.254,87.1
306,0.540900,,0.665000,0.541617,0.256,87.4
307,0.547950,,0.665000,0.547950,0.254,87.6
308,0.548267,,0.665000,0.548267,0.255,87.9
309,0.545400,,0.665000,0.548267,0.256,88.1
310,0.553617,,0.665000,0.553617,0.255,88.4
311,0.556167,,0.665000,0.556167,0.327,88.7
312,0.555467,,0.665000,0.556167,0.255,89.0
313,0.560967,,0.665000,0.560967,0.253,89.2
314,0.561367,,0.665000,0.561367,0.254,89.5
315,0.561617,,0.665000,0.561617,0.257,89.7
316,0.565767,,0.665000,0.565767,0.257,90.0
317,0.568717,,0.665000,0.568717,0.255,90.2
318,0.571000,,0.665000,0.571000,0.256,90.5
319,0.570767,,0.665000,0.571000,0.280,90.8
320,0.571700,,0.665000,0.571700,0.256,91.0
321,0.577650,,0.665000,0.577650,0.259,91.3
322,0.578500,,0.665000,0.578500,0.256,91.5
323,0.577933,,0.665000,0.578500,0.255,91.8
324,0.580117,,0.665000,0.580117,0.255,92.1
325,0.582217,,0.665000,0.582217,0.255,92.3
326,0.585333,,0.665000,0.585333,0.257,92.6
327,0.585400,,0.665000,0.585400,0.303,92.9
328,0.590433,,0.665000,0.590433,0.255,93.1
329,0.593300,,0.665000,0.593300,0.258,93.4
330,0.593100,,0.665000,0.593300,0.255,93.6
331,0.595383,,0.665000,0.595383,0.256,93.9
332,0.595933,,0.665000,0.595933,0.257,94.2
333,0.600317,,0.665000,0.600317,0.258,94.4
334,0.601500,,0.665000,0.601500,0.258,94.7
335,0.603800,,0.665000,0.603800,0.312,95.0
336,0.603517,,0.665000,0.603800,0.255,95.2
337,0.608367,,0.665000,0.608367,0.254,95.5
338,0.608767,,0.665000,0.608767,0.252,95.7
339,0.611350,,0.665000,0.611350,0.254,96.0
340,0.610017,,0.665000,0.611350,0.258,96.3
341,0.615533,,0.665000,0.615533,0.255,96.5
342,0.614683,,0.665000,0.615533,0.255,96.8
343,0.616867,,0.665000,0.616867,0.297,97.1
344,0.617617,,0.665000,0.617617,0.254,97.3
345,0.622417,,0.665000,0.622417,0.258,97.6
346,0.620433,,0.665000,0.622417,0.257,97.8
347,0.625067,,0.665000,0.625067,0.260,98.1
348,0.625117,,0.665000,0.625117,0.257,98.3
349,0.626183,,0.665000,0.626183,0.258,98.6
350,0.629717,0.7859999537467957,0.786000,0.629717,0.350,99.0
351,0.628517,,0.786000,0.629717,0.246,99.2
352,0.628317,,0.786000,0.629717,0.255,99.5
353,0.633500,,0.786000,0.633500,0.260,99.7
354,0.637783,,0.786000,0.637783,0.254,100.0
355,0.634267,,0.786000,0.637783,0.257,100.2
356,0.634983,,0.786000,0.637783,0.256,100.5
357,0.637100,,0.786000,0.637783,0.256,100.7
358,0.642517,,0.786000,0.642517,0.256,101.0
359,0.639983,,0.786000,0.642517,0.326,101.3
360,0.642550,,0.786000,0.642550,0.246,101.6
361,0.645117,,0.786000,0.645117,0.253,101.8
362,0.645133,,0.786000,0.645133,0.256,102.1
363,0.648250,,0.786000,0.648250,0.255,102.3
364,0.647817,,0.786000,0.648250,0.256,102.6
365,0.650450,,0.786000,0.650450,0.256,102.8
366,0.653567,,0.786000,0.653567,0.254,103.1
367,0.652783,,0.786000,0.653567,0.307,103.4
368,0.651017,,0.786000,0.653567,0.256,103.7
369,0.652000,,0.786000,0.653567,0.255,103.9
370,0.654667,,0.786000,0.654667,0.254,104.2
371,0.655817,,0.786000,0.655817,0.259,104.4
372,0.658600,,0.786000,0.658600,0.253,104.7
373,0.657833,,0.786000,0.658600,0.258,104.9
374,0.662767,,0.786000,0.662767,0.255,105.2
375,0.658983,,0.786000,0.662767,0.311,105.5
376,0.663833,,0.786000,0.663833,0.258,105.8
377,0.661767,,0.786000,0.663833,0.256,106.0
378,0.663483,,0.786000,0.663833,0.258,106.3
379,0.661483,,0.786000,0.663833,0.255,106.5
380,0.664733,,0.786000,0.664733,0.256,106.8
381,0.668667,,0.786000,0.668667,0.255,107.0
382,0.668583,,0.786000,0.668667,0.264,107.3
383,0.666967,,0.786000,0.668667,0.313,107.6
384,0.668067,,0.786000,0.668667,0.256,107.9
385,0.670833,,0.786000,0.670833,0.253,108.1
386,0.670650,,0.786000,0.670833,0.254,108.4
387,0.673533,,0.786000,0.673533,0.258,108.6
388,0.673500,,0.786000,0.673533,0.255,108.9
389,0.676217,,0.786000,0.676217,0.257,109.1
390,0.675733,,0.786000,0.676217,0.255,109.4
391,0.677433,,0.786000,0.677433,0.320,109.7
392,0.678333,,0.786000,0.678333,0.255,110.0
393,0.678850,,0.786000,0.678850,0.259,110.2
394,0.676483,,0.786000,0.678850,0.255,110.5
395,0.680867,,0.786000,0.680867,0.256,110.8
396,0.679333,,0.786000,0.680867,0.256,111.0
397,0.679467,,0.786000,0.680867,0.257,111.3
398,0.684017,,0.786000,0.684017,0.258,111.5
399,0.685017,,0.786000,0.685017,0.308,111.8
400,0.684100,0.8172000050544739,0.817200,0.685017,0.348,112.2
401,0.686600,,0.817200,0.686600,0.176,112.4
402,0.687567,,0.817200,0.687567,0.262,112.6
403,0.686850,,0.817200,0.687567,0.293,112.9
404,0.691533,,0.817200,0.691533,0.256,113.2
405,0.687767,,0.817200,0.691533,0.254,113.4
406,0.692033,,0.817200,0.692033,0.257,113.7
407,0.690700,,0.817200,0.692033,0.319,114.0
408,0.691900,,0.817200,0.692033,0.254,114.2
409,0.692117,,0.817200,0.692117,0.255,114.5
410,0.694283,,0.817200,0.694283,0.252,114.8
411,0.693217,,0.817200,0.694283,0.255,115.0
412,0.693233,,0.817200,0.694283,0.254,115.3
413,0.694283,,0.817200,0.694283,0.255,115.5
414,0.698567,,0.817200,0.698567,0.253,115.8
415,0.698567,,0.817200,0.698567,0.274,116.0
416,0.698800,,0.817200,0.698800,0.252,116.3
417,0.697350,,0.817200,0.698800,0.256,116.6
418,0.702100,,0.817200,0.702100,0.258,116.8
419,0.702783,,0.817200,0.702783,0.257,117.1
420,0.700150,,0.817200,0.702783,0.254,117.3
421,0.704600,,0.817200,0.704600,0.256,117.6
422,0.702700,,0.817200,0.704600,0.257,117.8
423,0.701700,,0.817200,0.704600,0.309,118.1
424,0.704667,,0.817200,0.704667,0.254,118.4
425,0.703750,,0.817200,0.704667,0.255,118.7
426,0.707450,,0.817200,0.707450,0.255,118.9
427,0.707150,,0.817200,0.707450,0.257,119.2
428,0.707550,,0.817200,0.707550,0.256,119.4
429,0.705067,,0.817200,0.707550,0.255,119.7
430,0.709783,,0.817200,0.709783,0.253,119.9
431,0.709683,,0.817200,0.709783,0.335,120.3
432,0.708417,,0.817200,0.709783,0.259,120.5
433,0.711483,,0.817200,0.711483,0.255,120.8
434,0.712683,,0.817200,0.712683,0.254,121.0
435,0.714633,,0.817200,0.714633,0.252,121.3
436,0.715700,,0.817200,0.715700,0.254,121.5
437,0.714383,,0.817200,0.715700,0.257,121.8
438,0.718133,,0.817200,0.718133,0.254,122.0
439,0.715367,,0.817200,0.718133,0.313,122.4
440,0.718967,,0.817200,0.718967,0.254,122.6
441,0.720267,,0.817200,0.720267,0.257,122.9
442,0.717433,,0.817200,0.720267,0.258,123.1
443,0.718683,,0.817200,0.720267,0.252,123.4
444,0.719850,,0.817200,0.720267,0.256,123.6
445,0.718650,,0.817200,0.720267,0.257,123.9
446,0.720183,,0.817200,0.720267,0.256,124.2
447,0.721100,,0.817200,0.721100,0.306,124.5
448,0.718767,,0.817200,0.721100,0.253,124.7
449,0.722533,,0.817200,0.722533,0.255,125.0
450,0.722783,0.8359000086784363,0.835900,0.722783,0.350,125.3
451,0.723950,,0.835900,0.723950,0.176,125.5
452,0.726867,,0.835900,0.726867,0.259,125.8
453,0.726350,,0.835900,0.726867,0.256,126.0
454,0.726383,,0.835900,0.726867,0.256,126.3
455,0.728717,,0.835900,0.728717,0.308,126.6
456,0.726983,,0.835900,0.728717,0.257,126.8
457,0.727517,,0.835900,0.728717,0.256,127.1
458,0.726650,,0.835900,0.728717,0.255,127.3
459,0.728717,,0.835900,0.728717,0.257,127.6
460,0.731250,,0.835900,0.731250,0.258,127.9
461,0.731267,,0.835900,0.731267,0.255,128.1
462,0.730100,,0.835900,0.731267,0.258,128.4
463,0.733817,,0.835900,0.733817,0.319,128.7
464,0.735567,,0.835900,0.735567,0.255,128.9
465,0.733483,,0.835900,0.735567,0.256,129.2
466,0.734867,,0.835900,0.735567,0.257,129.5
467,0.735050,,0.835900,0.735567,0.259,129.7
468,0.738033,,0.835900,0.738033,0.255,130.0
469,0.737950,,0.835900,0.738033,0.257,130.2
470,0.740150,,0.835900,0.740150,0.256,130.5
471,0.738817,,0.835900,0.740150,0.311,130.8
472,0.737983,,0.835900,0.740150,0.258,131.1
473,0.739717,,0.835900,0.740150,0.255,131.3
474,0.739017,,0.835900,0.740150,0.256,131.6
475,0.739933,,0.835900,0.740150,0.255,131.8
476,0.740483,,0.835900,0.740483,0.261,132.1
477,0.740700,,0.835900,0.740700,0.257,132.3
478,0.742150,,0.835900,0.742150,0.257,132.6
479,0.741200,,0.835900,0.742150,0.307,132.9
480,0.740500,,0.835900,0.742150,0.256,133.2
481,0.742667,,0.835900,0.742667,0.253,133.4
482,0.744000,,0.835900,0.744000,0.255,133.7
483,0.744033,,0.835900,0.744033,0.260,133.9
484,0.743650,,0.835900,0.744033,0.258,134.2
485,0.745667,,0.835900,0.745667,0.254,134.4
486,0.747500,,0.835900,0.747500,0.254,134.7
487,0.744683,,0.835900,0.747500,0.310,135.0
488,0.744683,,0.835900,0.747500,0.255,135.3
489,0.746750,,0.835900,0.747500,0.256,135.5
490,0.749450,,0.835900,0.749450,0.256,135.8
491,0.749950,,0.835900,0.749950,0.254,136.0
492,0.750183,,0.835900,0.750183,0.258,136.3
493,0.747233,,0.835900,0.750183,0.255,136.5
494,0.748833,,0.835900,0.750183,0.257,136.8
495,0.751567,,0.835900,0.751567,0.308,137.1
496,0.751933,,0.835900,0.751933,0.258,137.4
497,0.749183,,0.835900,0.751933,0.251,137.6
498,0.749150,,0.835900,0.751933,0.259,137.9
499,0.749933,,0.835900,0.751933,0.257,138.1
500,0.753567,0.8557999730110168,0.855800,0.753567,0.351,138.5
501,0.752083,,0.855800,0.753567,0.177,138.7
502,0.753217,,0.855800,0.753567,0.257,138.9
503,0.751600,,0.855800,0.753567,0.319,139.2
504,0.750267,,0.855800,0.753567,0.259,139.5
505,0.750967,,0.855800,0.753567,0.256,139.7
506,0.753083,,0.855800,0.753567,0.257,140.0
507,0.754217,,0.855800,0.754217,0.254,140.3
508,0.755250,,0.855800,0.755250,0.259,140.5
509,0.754917,,0.855800,0.755250,0.256,140.8
510,0.756450,,0.855800,0.756450,0.254,141.0
511,0.754300,,0.855800,0.756450,0.313,141.3
512,0.755550,,0.855800,0.756450,0.252,141.6
513,0.755250,,0.855800,0.756450,0.255,141.8
514,0.756900,,0.855800,0.756900,0.256,142.1
515,0.758133,,0.855800,0.758133,0.256,142.4
516,0.757500,,0.855800,0.758133,0.252,142.6
517,0.755483,,0.855800,0.758133,0.276,142.9
518,0.756983,,0.855800,0.758133,0.257,143.1
519,0.759033,,0.855800,0.759033,0.323,143.5
520,0.759433,,0.855800,0.759433,0.253,143.7
521,0.758050,,0.855800,0.759433,0.256,144.0
522,0.757467,,0.855800,0.759433,0.255,144.2
523,0.756533,,0.855800,0.759433,0.254,144.5
524,0.758800,,0.855800,0.759433,0.254,144.7
525,0.762433,,0.855800,0.762433,0.254,145.0
526,0.761150,,0.855800,0.762433,0.254,145.2
527,0.759383,,0.855800,0.762433,0.318,145.6
528,0.760667,,0.855800,0.762433,0.256,145.8
529,0.759983,,0.855800,0.762433,0.256,146.1
530,0.761533,,0.855800,0.762433,0.257,146.3
531,0.761483,,0.855800,0.762433,0.259,146.6
532,0.760983,,0.855800,0.762433,0.257,146.8
533,0.760517,,0.855800,0.762433,0.252,147.1
534,0.760383,,0.855800,0.762433,0.257,147.4
535,0.759683,,0.855800,0.762433,0.309,147.7
536,0.763533,,0.855800,0.763533,0.255,147.9
537,0.762567,,0.855800,0.763533,0.256,148.2
538,0.762833,,0.855800,0.763533,0.253,148.4
539,0.765433,,0.855800,0.765433,0.252,148.7
540,0.762867,,0.855800,0.765433,0.259,148.9
541,0.763233,,0.855800,0.765433,0.254,149.2
542,0.762333,,0.855800,0.765433,0.256,149.5
543,0.768033,,0.855800,0.768033,0.309,149.8
544,0.764433,,0.855800,0.768033,0.255,150.0
545,0.767350,,0.855800,0.768033,0.260,150.3
546,0.765733,,0.855800,0.768033,0.258,150.5
547,0.766883,,0.855800,0.768033,0.258,150.8
548,0.766350,,0.855800,0.768033,0.255,151.0
549,0.767817,,0.855800,0.768033,0.256,151.3
550,0.764700,0.8596999645233154,0.859700,0.768033,0.350,151.7
551,0.767233,,0.859700,0.768033,0.247,151.9
552,0.768000,,0.859700,0.768033,0.260,152.2
553,0.769450,,0.859700,0.769450,0.254,152.4
554,0.770000,,0.859700,0.770000,0.261,152.7
555,0.768250,,0.859700,0.770000,0.256,152.9
556,0.772117,,0.859700,0.772117,0.257,153.2
557,0.770717,,0.859700,0.772117,0.253,153.4
558,0.770350,,0.859700,0.772117,0.259,153.7
559,0.769017,,0.859700,0.772117,0.329,154.0
560,0.769683,,0.859700,0.772117,0.257,154.3
561,0.772883,,0.859700,0.772883,0.257,154.5
562,0.770783,,0.859700,0.772883,0.258,154.8
563,0.774000,,0.859700,0.774000,0.272,155.1
564,0.771317,,0.859700,0.774000,0.256,155.3
565,0.772600,,0.859700,0.774000,0.258,155.6
566,0.771400,,0.859700,0.774000,0.256,155.8
567,0.773983,,0.859700,0.774000,0.323,156.2
568,0.774167,,0.859700,0.774167,0.254,156.4
569,0.773300,,0.859700,0.774167,0.258,156.7
570,0.772383,,0.859700,0.774167,0.257,156.9
571,0.771600,,0.859700,0.774167,0.255,157.2
572,0.774367,,0.859700,0.774367,0.258,157.4
573,0.775050,,0.859700,0.775050,0.258,157.7
574,0.774900,,0.859700,0.775050,0.256,158.0
575,0.775783,,0.859700,0.775783,0.329,158.3
576,0.775500,,0.859700,0.775783,0.252,158.5
577,0.773583,,0.859700,0.775783,0.256,158.8
578,0.775333,,0.859700,0.775783,0.253,159.1
579,0.775067,,0.859700,0.775783,0.259,159.3
580,0.777483,,0.859700,0.777483,0.256,159.6
581,0.776050,,0.859700,0.777483,0.253,159.8
582,0.775683,,0.859700,0.777483,0.256,160.1
583,0.778917,,0.859700,0.778917,0.315,160.4
584,0.776783,,0.859700,0.778917,0.255,160.6
585,0.778983,,0.859700,0.778983,0.256,160.9
586,0.779067,,0.859700,0.779067,0.256,161.2
587,0.778183,,0.859700,0.779067,0.256,161.4
588,0.776117,,0.859700,0.779067,0.258,161.7
589,0.778300,,0.859700,0.779067,0.258,161.9
590,0.777117,,0.859700,0.779067,0.258,162.2
591,0.778633,,0.859700,0.779067,0.338,162.5
592,0.777483,,0.859700,0.779067,0.258,162.8
593,0.778667,,0.859700,0.779067,0.260,163.0
594,0.779783,,0.859700,0.779783,0.260,163.3
595,0.778933,,0.859700,0.779783,0.260,163.6
596,0.778950,,0.859700,0.779783,0.261,163.8
597,0.778850,,0.859700,0.779783,0.260,164.1
598,0.776600,,0.859700,0.779783,0.260,164.3
599,0.780167,,0.859700,0.780167,0.334,164.7
600,0.778483,0.8657000064849854,0.865700,0.780167,0.354,165.0
601,0.781150,,0.865700,0.781150,0.181,165.2
602,0.781317,,0.865700,0.781317,0.258,165.5
603,0.780133,,0.865700,0.781317,0.256,165.7
604,0.779950,,0.865700,0.781317,0.261,166.0
605,0.781733,,0.865700,0.781733,0.257,166.2
606,0.780250,,0.865700,0.781733,0.259,166.5
607,0.781367,,0.865700,0.781733,0.323,166.8
608,0.783733,,0.865700,0.783733,0.257,167.1
609,0.782483,,0.865700,0.783733,0.257,167.3
610,0.782133,,0.865700,0.783733,0.257,167.6
611,0.781667,,0.865700,0.783733,0.256,167.9
612,0.783917,,0.865700,0.783917,0.254,168.1
613,0.780967,,0.865700,0.783917,0.257,168.4
614,0.782833,,0.865700,0.783917,0.257,168.6
615,0.782933,,0.865700,0.783917,0.296,168.9
616,0.783367,,0.865700,0.783917,0.256,169.2
617,0.783633,,0.865700,0.783917,0.256,169.4
618,0.786150,,0.865700,0.786150,0.257,169.7
619,0.786367,,0.865700,0.786367,0.257,169.9
620,0.786517,,0.865700,0.786517,0.252,170.2
621,0.785583,,0.865700,0.786517,0.261,170.5
622,0.786267,,0.865700,0.786517,0.257,170.7
623,0.786867,,0.865700,0.786867,0.325,171.0
624,0.786533,,0.865700,0.786867,0.255,171.3
625,0.786933,,0.865700,0.786933,0.256,171.6
626,0.787067,,0.865700,0.787067,0.255,171.8
627,0.787217,,0.865700,0.787217,0.254,172.1
628,0.790217,,0.865700,0.790217,0.256,172.3
629,0.785083,,0.865700,0.790217,0.302,172.6
630,0.786267,,0.865700,0.790217,0.257,172.9
631,0.787150,,0.865700,0.790217,0.322,173.2
632,0.787500,,0.865700,0.790217,0.255,173.5
633,0.787483,,0.865700,0.790217,0.256,173.7
634,0.788450,,0.865700,0.790217,0.255,174.0
635,0.790350,,0.865700,0.790350,0.259,174.2
636,0.787717,,0.865700,0.790350,0.256,174.5
637,0.792300,,0.865700,0.792300,0.253,174.7
638,0.788567,,0.865700,0.792300,0.258,175.0
639,0.789267,,0.865700,0.792300,0.313,175.3
640,0.788783,,0.865700,0.792300,0.256,175.6
641,0.790200,,0.865700,0.792300,0.259,175.8
642,0.790383,,0.865700,0.792300,0.255,176.1
643,0.791700,,0.865700,0.792300,0.255,176.3
644,0.791433,,0.865700,0.792300,0.257,176.6
645,0.792417,,0.865700,0.792417,0.255,176.8
646,0.793483,,0.865700,0.793483,0.257,177.1
647,0.792850,,0.865700,0.793483,0.311,177.4
648,0.793283,,0.865700,0.793483,0.255,177.7
649,0.793167,,0.865700,0.793483,0.255,177.9
650,0.793350,0.871999979019165,0.872000,0.793483,0.350,178.3
651,0.792433,,0.872000,0.793483,0.177,178.4
652,0.793450,,0.872000,0.793483,0.256,178.7
653,0.794517,,0.872000,0.794517,0.257,179.0
654,0.796333,,0.872000,0.796333,0.255,179.2
655,0.795617,,0.872000,0.796333,0.324,179.5
656,0.796233,,0.872000,0.796333,0.258,179.8
657,0.796900,,0.872000,0.796900,0.253,180.1
658,0.794133,,0.872000,0.796900,0.256,180.3
659,0.794367,,0.872000,0.796900,0.257,180.6
660,0.795800,,0.872000,0.796900,0.256,180.8
661,0.794367,,0.872000,0.796900,0.255,181.1
662,0.797450,,0.872000,0.797450,0.257,181.3
663,0.797217,,0.872000,0.797450,0.304,181.6
664,0.796983,,0.872000,0.797450,0.259,181.9
665,0.797583,,0.872000,0.797583,0.255,182.1
666,0.796683,,0.872000,0.797583,0.258,182.4
667,0.797067,,0.872000,0.797583,0.255,182.7
668,0.795733,,0.872000,0.797583,0.255,182.9
669,0.796100,,0.872000,0.797583,0.257,183.2
670,0.797950,,0.872000,0.797950,0.254,183.4
671,0.797183,,0.872000,0.797950,0.314,183.7
672,0.795500,,0.872000,0.797950,0.257,184.0
673,0.796500,,0.872000,0.797950,0.257,184.3
674,0.798417,,0.872000,0.798417,0.255,184.5
675,0.799933,,0.872000,0.799933,0.257,184.8
676,0.798750,,0.872000,0.799933,0.258,185.0
677,0.798183,,0.872000,0.799933,0.259,185.3
678,0.796500,,0.872000,0.799933,0.258,185.5
679,0.801917,,0.872000,0.801917,0.325,185.9
680,0.799317,,0.872000,0.801917,0.259,186.1
681,0.799450,,0.872000,0.801917,0.255,186.4
682,0.800133,,0.872000,0.801917,0.256,186.6
683,0.799400,,0.872000,0.801917,0.256,186.9
684,0.800383,,0.872000,0.801917,0.259,187.2
685,0.800083,,0.872000,0.801917,0.259,187.4
686,0.800200,,0.872000,0.801917,0.257,187.7
687,0.800967,,0.872000,0.801917,0.308,188.0
688,0.801700,,0.872000,0.801917,0.258,188.2
689,0.801483,,0.872000,0.801917,0.254,188.5
690,0.800750,,0.872000,0.801917,0.256,188.7
691,0.799183,,0.872000,0.801917,0.254,189.0
692,0.800500,,0.872000,0.801917,0.256,189.3
693,0.800767,,0.872000,0.801917,0.256,189.5
694,0.801400,,0.872000,0.801917,0.255,189.8
695,0.802533,,0.872000,0.802533,0.325,190.1
696,0.800900,,0.872000,0.802533,0.256,190.3
697,0.799650,,0.872000,0.802533,0.257,190.6
698,0.800600,,0.872000,0.802533,0.262,190.9
699,0.802117,,0.872000,0.802533,0.254,191.1
700,0.801583,0.8764999508857727,0.876500,0.802533,0.351,191.5
701,0.800833,,0.876500,0.802533,0.175,191.6
702,0.800717,,0.876500,0.802533,0.257,191.9
703,0.801283,,0.876500,0.802533,0.317,192.2
704,0.802850,,0.876500,0.802850,0.256,192.5
705,0.803233,,0.876500,0.803233,0.258,192.7
706,0.801933,,0.876500,0.803233,0.255,193.0
707,0.801750,,0.876500,0.803233,0.256,193.2
708,0.802933,,0.876500,0.803233,0.256,193.5
709,0.804100,,0.876500,0.804100,0.256,193.8
710,0.804467,,0.876500,0.804467,0.255,194.0
711,0.803800,,0.876500,0.804467,0.292,194.3
712,0.802850,,0.876500,0.804467,0.256,194.6
713,0.802950,,0.876500,0.804467,0.256,194.8
714,0.803617,,0.876500,0.804467,0.256,195.1
715,0.805950,,0.876500,0.805950,0.254,195.3
716,0.803783,,0.876500,0.805950,0.257,195.6
717,0.804050,,0.876500,0.805950,0.255,195.8
718,0.807317,,0.876500,0.807317,0.255,196.1
719,0.803850,,0.876500,0.807317,0.307,196.4
720,0.805333,,0.876500,0.807317,0.255,196.7
721,0.803450,,0.876500,0.807317,0.257,196.9
722,0.806667,,0.876500,0.807317,0.255,197.2
723,0.805383,,0.876500,0.807317,0.258,197.4
724,0.804967,,0.876500,0.807317,0.257,197.7
725,0.805367,,0.876500,0.807317,0.256,197.9
726,0.805433,,0.876500,0.807317,0.256,198.2
727,0.807133,,0.876500,0.807317,0.320,198.5
728,0.806750,,0.876500,0.807317,0.257,198.8
729,0.807800,,0.876500,0.807800,0.256,199.0
730,0.806883,,0.876500,0.807800,0.256,199.3
731,0.810000,,0.876500,0.810000,0.256,199.5
732,0.805833,,0.876500,0.810000,0.255,199.8
733,0.805750,,0.876500,0.810000,0.256,200.0
734,0.805683,,0.876500,0.810000,0.258,200.3
735,0.806800,,0.876500,0.810000,0.330,200.6
736,0.808300,,0.876500,0.810000,0.256,200.9
737,0.806483,,0.876500,0.810000,0.257,201.1
738,0.806717,,0.876500,0.810000,0.257,201.4
739,0.807683,,0.876500,0.810000,0.256,201.7
740,0.803833,,0.876500,0.810000,0.254,201.9
741,0.808667,,0.876500,0.810000,0.258,202.2
742,0.807250,,0.876500,0.810000,0.295,202.5
743,0.807467,,0.876500,0.810000,0.321,202.8
744,0.809283,,0.876500,0.810000,0.258,203.0
745,0.809483,,0.876500,0.810000,0.276,203.3
746,0.808017,,0.876500,0.810000,0.250,203.6
747,0.809400,,0.876500,0.810000,0.257,203.8
748,0.808483,,0.876500,0.810000,0.259,204.1
749,0.808683,,0.876500,0.810000,0.256,204.3
750,0.809233,0.8752999901771545,0.876500,0.810000,0.349,204.7
751,0.807367,,0.876500,0.810000,0.241,204.9
752,0.808950,,0.876500,0.810000,0.255,205.2
753,0.811117,,0.876500,0.811117,0.256,205.4
754,0.810667,,0.876500,0.811117,0.258,205.7
755,0.810400,,0.876500,0.811117,0.254,206.0
756,0.810867,,0.876500,0.811117,0.253,206.2
757,0.810150,,0.876500,0.811117,0.257,206.5
758,0.809817,,0.876500,0.811117,0.255,206.7
759,0.810000,,0.876500,0.811117,0.310,207.0
760,0.810233,,0.876500,0.811117,0.257,207.3
761,0.812900,,0.876500,0.812900,0.257,207.5
762,0.811533,,0.876500,0.812900,0.256,207.8
763,0.810767,,0.876500,0.812900,0.255,208.1
764,0.811767,,0.876500,0.812900,0.257,208.3
765,0.811600,,0.876500,0.812900,0.255,208.6
766,0.810583,,0.876500,0.812900,0.256,208.8
767,0.813033,,0.876500,0.813033,0.321,209.1
768,0.812917,,0.876500,0.813033,0.253,209.4
769,0.812767,,0.876500,0.813033,0.259,209.7
770,0.812433,,0.876500,0.813033,0.255,209.9
771,0.811683,,0.876500,0.813033,0.256,210.2
772,0.812600,,0.876500,0.813033,0.254,210.4
773,0.813317,,0.876500,0.813317,0.258,210.7
774,0.811467,,0.876500,0.813317,0.256,210.9
775,0.811967,,0.876500,0.813317,0.312,211.3
776,0.811117,,0.876500,0.813317,0.255,211.5
777,0.811683,,0.876500,0.813317,0.256,211.8
778,0.815400,,0.876500,0.815400,0.255,212.0
779,0.812750,,0.876500,0.815400,0.258,212.3
780,0.813450,,0.876500,0.815400,0.254,212.5
781,0.814067,,0.876500,0.815400,0.254,212.8
782,0.813100,,0.876500,0.815400,0.255,213.0
783,0.814500,,0.876500,0.815400,0.311,213.4
784,0.813883,,0.876500,0.815400,0.256,213.6
785,0.817000,,0.876500,0.817000,0.256,213.9
786,0.814083,,0.876500,0.817000,0.255,214.1
787,0.815750,,0.876500,0.817000,0.256,214.4
788,0.813383,,0.876500,0.817000,0.255,214.6
789,0.814867,,0.876500,0.817000,0.256,214.9
790,0.816917,,0.876500,0.817000,0.255,215.1
791,0.815000,,0.876500,0.817000,0.309,215.5
792,0.815333,,0.876500,0.817000,0.257,215.7
793,0.815667,,0.876500,0.817000,0.254,216.0
794,0.815317,,0.876500,0.817000,0.255,216.2
795,0.814467,,0.876500,0.817000,0.258,216.5
796,0.813700,,0.876500,0.817000,0.259,216.7
797,0.815983,,0.876500,0.817000,0.258,217.0
798,0.814917,,0.876500,0.817000,0.257,217.2
799,0.813833,,0.876500,0.817000,0.312,217.6
800,0.816750,0.8810999989509583,0.881100,0.817000,0.353,217.9
801,0.816817,,0.881100,0.817000,0.177,218.1
802,0.815617,,0.881100,0.817000,0.256,218.3
803,0.817017,,0.881100,0.817017,0.256,218.6
804,0.816283,,0.881100,0.817017,0.256,218.9
805,0.816733,,0.881100,0.817017,0.256,219.1
806,0.816567,,0.881100,0.817017,0.255,219.4
807,0.819083,,0.881100,0.819083,0.322,219.7
808,0.816683,,0.881100,0.819083,0.255,219.9
809,0.816900,,0.881100,0.819083,0.257,220.2
810,0.817417,,0.881100,0.819083,0.254,220.5
811,0.817317,,0.881100,0.819083,0.255,220.7
812,0.816600,,0.881100,0.819083,0.255,221.0
813,0.817883,,0.881100,0.819083,0.257,221.2
814,0.820067,,0.881100,0.820067,0.254,221.5
815,0.818417,,0.881100,0.820067,0.322,221.8
816,0.816117,,0.881100,0.820067,0.255,222.1
817,0.816817,,0.881100,0.820067,0.257,222.3
818,0.817783,,0.881100,0.820067,0.256,222.6
819,0.818067,,0.881100,0.820067,0.256,222.8
820,0.818900,,0.881100,0.820067,0.255,223.1
821,0.817767,,0.881100,0.820067,0.256,223.3
822,0.820283,,0.881100,0.820283,0.253,223.6
823,0.819133,,0.881100,0.820283,0.324,223.9
824,0.820217,,0.881100,0.820283,0.256,224.2
825,0.819967,,0.881100,0.820283,0.254,224.4
826,0.818700,,0.881100,0.820283,0.258,224.7
827,0.819433,,0.881100,0.820283,0.257,224.9
828,0.822017,,0.881100,0.822017,0.255,225.2
829,0.821617,,0.881100,0.822017,0.256,225.4
830,0.819883,,0.881100,0.822017,0.257,225.7
831,0.820183,,0.881100,0.822017,0.315,226.0
832,0.820983,,0.881100,0.822017,0.261,226.3
833,0.819450,,0.881100,0.822017,0.254,226.5
834,0.820883,,0.881100,0.822017,0.256,226.8
835,0.822050,,0.881100,0.822050,0.255,227.0
836,0.820067,,0.881100,0.822050,0.256,227.3
837,0.821000,,0.881100,0.822050,0.258,227.6
838,0.822950,,0.881100,0.822950,0.258,227.8
839,0.822000,,0.881100,0.822950,0.325,228.1
840,0.819933,,0.881100,0.822950,0.260,228.4
841,0.821350,,0.881100,0.822950,0.256,228.7
842,0.822300,,0.881100,0.822950,0.256,228.9
843,0.820117,,0.881100,0.822950,0.256,229.2
844,0.822117,,0.881100,0.822950,0.254,229.4
845,0.822200,,0.881100,0.822950,0.255,229.7
846,0.820850,,0.881100,0.822950,0.257,229.9
847,0.822350,,0.881100,0.822950,0.314,230.3
848,0.823267,,0.881100,0.823267,0.259,230.5
849,0.823050,,0.881100,0.823267,0.256,230.8
850,0.819850,0.8833000063896179,0.883300,0.823267,0.347,231.1
851,0.820900,,0.883300,0.823267,0.177,231.3
852,0.821333,,0.883300,0.823267,0.257,231.5
853,0.821517,,0.883300,0.823267,0.257,231.8
854,0.822917,,0.883300,0.823267,0.258,232.1
855,0.820833,,0.883300,0.823267,0.324,232.4
856,0.821333,,0.883300,0.823267,0.259,232.6
857,0.821833,,0.883300,0.823267,0.258,232.9
858,0.823017,,0.883300,0.823267,0.309,233.2
859,0.821500,,0.883300,0.823267,0.256,233.5
860,0.821633,,0.883300,0.823267,0.255,233.7
861,0.822633,,0.883300,0.823267,0.254,234.0
862,0.824283,,0.883300,0.824283,0.259,234.2
863,0.822683,,0.883300,0.824283,0.321,234.6
864,0.823850,,0.883300,0.824283,0.255,234.8
865,0.823367,,0.883300,0.824283,0.257,235.1
866,0.824117,,0.883300,0.824283,0.260,235.3
867,0.823617,,0.883300,0.824283,0.262,235.6
868,0.822233,,0.883300,0.824283,0.256,235.8
869,0.823200,,0.883300,0.824283,0.252,236.1
870,0.821883,,0.883300,0.824283,0.258,236.4
871,0.823533,,0.883300,0.824283,0.322,236.7
872,0.825133,,0.883300,0.825133,0.257,236.9
873,0.825333,,0.883300,0.825333,0.256,237.2
874,0.824683,,0.883300,0.825333,0.262,237.5
875,0.823050,,0.883300,0.825333,0.258,237.7
876,0.825350,,0.883300,0.825350,0.255,238.0
877,0.823883,,0.883300,0.825350,0.259,238.2
878,0.823733,,0.883300,0.825350,0.257,238.5
879,0.824383,,0.883300,0.825350,0.326,238.8
880,0.824167,,0.883300,0.825350,0.260,239.1
881,0.825217,,0.883300,0.825350,0.257,239.3
882,0.825367,,0.883300,0.825367,0.257,239.6
883,0.824333,,0.883300,0.825367,0.254,239.8
884,0.826033,,0.883300,0.826033,0.257,240.1
885,0.824533,,0.883300,0.826033,0.258,240.4
886,0.824633,,0.883300,0.826033,0.255,240.6
887,0.825700,,0.883300,0.826033,0.317,240.9
888,0.825167,,0.883300,0.826033,0.257,241.2
889,0.827567,,0.883300,0.827567,0.255,241.4
890,0.825567,,0.883300,0.827567,0.256,241.7
891,0.826783,,0.883300,0.827567,0.256,241.9
892,0.824783,,0.883300,0.827567,0.257,242.2
893,0.825533,,0.883300,0.827567,0.255,242.5
894,0.826317,,0.883300,0.827567,0.256,242.7
895,0.824700,,0.883300,0.827567,0.298,243.0
896,0.824683,,0.883300,0.827567,0.259,243.3
897,0.825700,,0.883300,0.827567,0.260,243.5
898,0.826900,,0.883300,0.827567,0.257,243.8
899,0.826050,,0.883300,0.827567,0.255,244.0
900,0.825950,0.8888999819755554,0.888900,0.827567,0.351,244.4
901,0.826533,,0.888900,0.827567,0.176,244.6
902,0.827867,,0.888900,0.827867,0.256,244.8
903,0.824850,,0.888900,0.827867,0.324,245.2
904,0.826383,,0.888900,0.827867,0.255,245.4
905,0.827500,,0.888900,0.827867,0.257,245.7
906,0.828017,,0.888900,0.828017,0.256,245.9
907,0.826150,,0.888900,0.828017,0.255,246.2
908,0.826817,,0.888900,0.828017,0.254,246.4
909,0.825667,,0.888900,0.828017,0.256,246.7
910,0.826633,,0.888900,0.828017,0.257,246.9
911,0.827867,,0.888900,0.828017,0.324,247.3
912,0.825850,,0.888900,0.828017,0.258,247.5
913,0.826083,,0.888900,0.828017,0.257,247.8
914,0.828233,,0.888900,0.828233,0.258,248.0
915,0.828150,,0.888900,0.828233,0.259,248.3
916,0.827283,,0.888900,0.828233,0.255,248.6
917,0.826767,,0.888900,0.828233,0.261,248.8
918,0.826183,,0.888900,0.828233,0.256,249.1
919,0.827950,,0.888900,0.828233,0.325,249.4
920,0.829867,,0.888900,0.829867,0.258,249.7
921,0.826683,,0.888900,0.829867,0.257,249.9
922,0.829983,,0.888900,0.829983,0.259,250.2
923,0.828467,,0.888900,0.829983,0.257,250.4
924,0.828867,,0.888900,0.829983,0.256,250.7
925,0.828483,,0.888900,0.829983,0.258,250.9
926,0.830667,,0.888900,0.830667,0.257,251.2
927,0.829600,,0.888900,0.830667,0.310,251.5
928,0.828150,,0.888900,0.830667,0.256,251.8
929,0.828600,,0.888900,0.830667,0.254,252.0
930,0.827367,,0.888900,0.830667,0.257,252.3
931,0.827717,,0.888900,0.830667,0.255,252.5
932,0.829183,,0.888900,0.830667,0.253,252.8
933,0.828400,,0.888900,0.830667,0.260,253.0
934,0.829217,,0.888900,0.830667,0.255,253.3
935,0.829750,,0.888900,0.830667,0.316,253.6
936,0.830633,,0.888900,0.830667,0.257,253.9
937,0.829333,,0.888900,0.830667,0.255,254.1
938,0.830833,,0.888900,0.830833,0.255,254.4
939,0.828917,,0.888900,0.830833,0.256,254.6
940,0.829450,,0.888900,0.830833,0.255,254.9
941,0.830083,,0.888900,0.830833,0.254,255.1
942,0.829317,,0.888900,0.830833,0.258,255.4
943,0.830367,,0.888900,0.830833,0.330,255.7
944,0.831667,,0.888900,0.831667,0.257,256.0
945,0.831050,,0.888900,0.831667,0.256,256.2
946,0.830767,,0.888900,0.831667,0.258,256.5
947,0.831033,,0.888900,0.831667,0.256,256.8
948,0.829867,,0.888900,0.831667,0.256,257.0
949,0.830350,,0.888900,0.831667,0.257,257.3
950,0.830300,0.8870999813079834,0.888900,0.831667,0.351,257.6
951,0.829800,,0.888900,0.831667,0.249,257.9
952,0.831667,,0.888900,0.831667,0.258,258.1
953,0.829883,,0.888900,0.831667,0.258,258.4
954,0.829800,,0.888900,0.831667,0.257,258.6
955,0.831950,,0.888900,0.831950,0.257,258.9
956,0.830750,,0.888900,0.831950,0.255,259.2
957,0.830333,,0.888900,0.831950,0.256,259.4
958,0.832700,,0.888900,0.832700,0.253,259.7
959,0.832300,,0.888900,0.832700,0.327,260.0
960,0.830017,,0.888900,0.832700,0.257,260.2
961,0.830350,,0.888900,0.832700,0.255,260.5
962,0.832817,,0.888900,0.832817,0.254,260.8
963,0.832633,,0.888900,0.832817,0.257,261.0
964,0.832700,,0.888900,0.832817,0.256,261.3
965,0.829417,,0.888900,0.832817,0.259,261.5
966,0.830233,,0.888900,0.832817,0.256,261.8
967,0.831083,,0.888900,0.832817,0.335,262.1
968,0.829517,,0.888900,0.832817,0.257,262.4
969,0.831250,,0.888900,0.832817,0.255,262.6
970,0.831167,,0.888900,0.832817,0.256,262.9
971,0.832550,,0.888900,0.832817,0.295,263.2
972,0.829717,,0.888900,0.832817,0.261,263.4
973,0.831350,,0.888900,0.832817,0.256,263.7
974,0.831700,,0.888900,0.832817,0.257,264.0
975,0.829400,,0.888900,0.832817,0.324,264.3
976,0.835017,,0.888900,0.835017,0.255,264.5
977,0.833450,,0.888900,0.835017,0.252,264.8
978,0.833383,,0.888900,0.835017,0.257,265.0
979,0.833050,,0.888900,0.835017,0.254,265.3
980,0.834117,,0.888900,0.835017,0.248,265.5
981,0.831633,,0.888900,0.835017,0.259,265.8
982,0.833000,,0.888900,0.835017,0.258,266.1
983,0.833117,,0.888900,0.835017,0.308,266.4
984,0.832650,,0.888900,0.835017,0.257,266.6
985,0.833900,,0.888900,0.835017,0.260,266.9
986,0.832500,,0.888900,0.835017,0.253,267.1
987,0.833767,,0.888900,0.835017,0.257,267.4
988,0.833367,,0.888900,0.835017,0.256,267.7
989,0.835067,,0.888900,0.835067,0.259,267.9
990,0.834033,,0.888900,0.835067,0.257,268.2
991,0.835083,,0.888900,0.835083,0.310,268.5
992,0.834483,,0.888900,0.835083,0.259,268.7
993,0.834150,,0.888900,0.835083,0.253,269.0
994,0.834017,,0.888900,0.835083,0.258,269.3
995,0.832367,,0.888900,0.835083,0.254,269.5
996,0.830933,,0.888900,0.835083,0.257,269.8
997,0.834667,,0.888900,0.835083,0.256,270.0
998,0.834717,,0.888900,0.835083,0.255,270.3
999,0.835017,,0.888900,0.835083,0.307,270.6
1000,0.834833,0.8930000066757202,0.893000,0.835083,0.349,270.9
1001,0.834700,,0.893000,0.835083,0.175,271.1
1002,0.834883,,0.893000,0.835083,0.254,271.4
1003,0.834500,,0.893000,0.835083,0.255,271.6
1004,0.833650,,0.893000,0.835083,0.256,271.9
1005,0.834600,,0.893000,0.835083,0.255,272.1
1006,0.835000,,0.893000,0.835083,0.255,272.4
1007,0.833183,,0.893000,0.835083,0.306,272.7
1008,0.834900,,0.893000,0.835083,0.257,272.9
1009,0.835983,,0.893000,0.835983,0.260,273.2
1010,0.834017,,0.893000,0.835983,0.255,273.5
1011,0.833733,,0.893000,0.835983,0.256,273.7
1012,0.834900,,0.893000,0.835983,0.256,274.0
1013,0.833150,,0.893000,0.835983,0.254,274.2
1014,0.834833,,0.893000,0.835983,0.255,274.5
1015,0.832550,,0.893000,0.835983,0.315,274.8
1016,0.834333,,0.893000,0.835983,0.254,275.0
1017,0.834750,,0.893000,0.835983,0.255,275.3
1018,0.835167,,0.893000,0.835983,0.255,275.6
1019,0.835600,,0.893000,0.835983,0.254,275.8
1020,0.833933,,0.893000,0.835983,0.256,276.1
1021,0.836050,,0.893000,0.836050,0.256,276.3
1022,0.834733,,0.893000,0.836050,0.256,276.6
1023,0.835783,,0.893000,0.836050,0.311,276.9
1024,0.835383,,0.893000,0.836050,0.255,277.1
1025,0.835883,,0.893000,0.836050,0.254,277.4
1026,0.836233,,0.893000,0.836233,0.257,277.7
1027,0.836650,,0.893000,0.836650,0.257,277.9
1028,0.835767,,0.893000,0.836650,0.258,278.2
1029,0.835700,,0.893000,0.836650,0.255,278.4
1030,0.835333,,0.893000,0.836650,0.257,278.7
1031,0.835367,,0.893000,0.836650,0.339,279.0
1032,0.835267,,0.893000,0.836650,0.257,279.3
1033,0.837417,,0.893000,0.837417,0.257,279.5
1034,0.836050,,0.893000,0.837417,0.258,279.8
1035,0.836217,,0.893000,0.837417,0.257,280.1
1036,0.835750,,0.893000,0.837417,0.259,280.3
1037,0.836500,,0.893000,0.837417,0.257,280.6
1038,0.835717,,0.893000,0.837417,0.258,280.8
1039,0.838900,,0.893000,0.838900,0.328,281.2
1040,0.835433,,0.893000,0.838900,0.257,281.4
1041,0.837233,,0.893000,0.838900,0.258,281.7
1042,0.837083,,0.893000,0.838900,0.253,281.9
1043,0.836800,,0.893000,0.838900,0.256,282.2
1044,0.837467,,0.893000,0.838900,0.254,282.4
1045,0.836767,,0.893000,0.838900,0.255,282.7
1046,0.837583,,0.893000,0.838900,0.258,282.9
1047,0.836500,,0.893000,0.838900,0.311,283.3
1048,0.839733,,0.893000,0.839733,0.257,283.5
1049,0.837117,,0.893000,0.839733,0.255,283.8
1050,0.837100,0.8914999961853027,0.893000,0.839733,0.350,284.1
1051,0.836667,,0.893000,0.839733,0.179,284.3
1052,0.838550,,0.893000,0.839733,0.255,284.5
1053,0.836983,,0.893000,0.839733,0.256,284.8
1054,0.835533,,0.893000,0.839733,0.256,285.1
1055,0.837683,,0.893000,0.839733,0.322,285.4
1056,0.836933,,0.893000,0.839733,0.262,285.6
1057,0.838650,,0.893000,0.839733,0.254,285.9
1058,0.837517,,0.893000,0.839733,0.261,286.2
1059,0.836433,,0.893000,0.839733,0.258,286.4
1060,0.837767,,0.893000,0.839733,0.257,286.7
1061,0.839350,,0.893000,0.839733,0.257,286.9
1062,0.838033,,0.893000,0.839733,0.256,287.2
1063,0.838750,,0.893000,0.839733,0.325,287.5
1064,0.839483,,0.893000,0.839733,0.254,287.8
1065,0.837500,,0.893000,0.839733,0.256,288.0
1066,0.837467,,0.893000,0.839733,0.254,288.3
1067,0.839700,,0.893000,0.839733,0.253,288.5
1068,0.837683,,0.893000,0.839733,0.256,288.8
1069,0.840100,,0.893000,0.840100,0.254,289.0
1070,0.838117,,0.893000,0.840100,0.253,289.3
1071,0.838750,,0.893000,0.840100,0.315,289.6
1072,0.837950,,0.893000,0.840100,0.258,289.9
1073,0.839733,,0.893000,0.840100,0.254,290.1
1074,0.838317,,0.893000,0.840100,0.257,290.4
1075,0.838000,,0.893000,0.840100,0.257,290.6
1076,0.839100,,0.893000,0.840100,0.256,290.9
1077,0.838150,,0.893000,0.840100,0.255,291.1
1078,0.839750,,0.893000,0.840100,0.256,291.4
1079,0.837783,,0.893000,0.840100,0.307,291.7
1080,0.838317,,0.893000,0.840100,0.259,292.0
1081,0.837783,,0.893000,0.840100,0.258,292.2
1082,0.839567,,0.893000,0.840100,0.258,292.5
1083,0.839883,,0.893000,0.840100,0.257,292.7
1084,0.840450,,0.893000,0.840450,0.280,293.0
1085,0.839583,,0.893000,0.840450,0.255,293.3
1086,0.838117,,0.893000,0.840450,0.256,293.5
1087,0.840867,,0.893000,0.840867,0.323,293.9
1088,0.840383,,0.893000,0.840867,0.256,294.1
1089,0.841017,,0.893000,0.841017,0.254,294.4
1090,0.839183,,0.893000,0.841017,0.255,294.6
1091,0.840217,,0.893000,0.841017,0.258,294.9
1092,0.838983,,0.893000,0.841017,0.256,295.1
1093,0.839067,,0.893000,0.841017,0.254,295.4
1094,0.838750,,0.893000,0.841017,0.253,295.6
1095,0.840750,,0.893000,0.841017,0.320,296.0
1096,0.840350,,0.893000,0.841017,0.254,296.2
1097,0.839383,,0.893000,0.841017,0.257,296.5
1098,0.840600,,0.893000,0.841017,0.254,296.7
1099,0.838667,,0.893000,0.841017,0.256,297.0
1100,0.840667,0.8920999765396118,0.893000,0.841017,0.350,297.3
1101,0.840483,,0.893000,0.841017,0.177,297.5
1102,0.840383,,0.893000,0.841017,0.256,297.8
1103,0.839717,,0.893000,0.841017,0.311,298.1
1104,0.841217,,0.893000,0.841217,0.256,298.3
1105,0.839483,,0.893000,0.841217,0.252,298.6
1106,0.839867,,0.893000,0.841217,0.255,298.8
1107,0.841267,,0.893000,0.841267,0.256,299.1
1108,0.839300,,0.893000,0.841267,0.254,299.3
1109,0.840050,,0.893000,0.841267,0.258,299.6
1110,0.840633,,0.893000,0.841267,0.257,299.9
1111,0.839217,,0.893000,0.841267,0.300,300.2
1112,0.839050,,0.893000,0.841267,0.254,300.4
1113,0.839533,,0.893000,0.841267,0.256,300.7
1114,0.841500,,0.893000,0.841500,0.254,300.9
1115,0.841450,,0.893000,0.841500,0.254,301.2
1116,0.839683,,0.893000,0.841500,0.254,301.4
1117,0.840583,,0.893000,0.841500,0.257,301.7
1118,0.841333,,0.893000,0.841500,0.256,301.9
1119,0.841500,,0.893000,0.841500,0.302,302.2
1120,0.840867,,0.893000,0.841500,0.256,302.5
1121,0.839117,,0.893000,0.841500,0.254,302.8
1122,0.841100,,0.893000,0.841500,0.256,303.0
1123,0.839600,,0.893000,0.841500,0.256,303.3
1124,0.842317,,0.893000,0.842317,0.256,303.5
1125,0.841167,,0.893000,0.842317,0.257,303.8
1126,0.842633,,0.893000,0.842633,0.253,304.0
1127,0.843017,,0.893000,0.843017,0.281,304.3
1128,0.840917,,0.893000,0.843017,0.261,304.6
1129,0.841533,,0.893000,0.843017,0.256,304.8
1130,0.840217,,0.893000,0.843017,0.257,305.1
1131,0.839733,,0.893000,0.843017,0.256,305.3
1132,0.839133,,0.893000,0.843017,0.259,305.6
1133,0.841733,,0.893000,0.843017,0.256,305.9
1134,0.841650,,0.893000,0.843017,0.257,306.1
1135,0.841617,,0.893000,0.843017,0.321,306.4
1136,0.839850,,0.893000,0.843017,0.257,306.7
1137,0.839867,,0.893000,0.843017,0.255,307.0
1138,0.841800,,0.893000,0.843017,0.258,307.2
1139,0.842183,,0.893000,0.843017,0.257,307.5
1140,0.841567,,0.893000,0.843017,0.255,307.7
1141,0.839517,,0.893000,0.843017,0.255,308.0
1142,0.841183,,0.893000,0.843017,0.260,308.2
1143,0.843533,,0.893000,0.843533,0.329,308.6
1144,0.841550,,0.893000,0.843533,0.257,308.8
1145,0.842733,,0.893000,0.843533,0.258,309.1
1146,0.839967,,0.893000,0.843533,0.254,309.3
1147,0.842983,,0.893000,0.843533,0.258,309.6
1148,0.840667,,0.893000,0.843533,0.261,309.9
1149,0.841583,,0.893000,0.843533,0.256,310.1
1150,0.840567,0.8902999758720398,0.893000,0.843533,0.352,310.5
1151,0.842917,,0.893000,0.843533,0.243,310.7
1152,0.842900,,0.893000,0.843533,0.254,311.0
1153,0.841483,,0.893000,0.843533,0.256,311.2
1154,0.842683,,0.893000,0.843533,0.257,311.5
1155,0.843167,,0.893000,0.843533,0.264,311.7
1156,0.842717,,0.893000,0.843533,0.263,312.0
1157,0.842867,,0.893000,0.843533,0.252,312.3
1158,0.842300,,0.893000,0.843533,0.259,312.5
1159,0.842100,,0.893000,0.843533,0.324,312.8
1160,0.843583,,0.893000,0.843583,0.262,313.1
1161,0.843717,,0.893000,0.843717,0.257,313.4
1162,0.843983,,0.893000,0.843983,0.258,313.6
1163,0.843300,,0.893000,0.843983,0.256,313.9
1164,0.841483,,0.893000,0.843983,0.258,314.1
1165,0.842750,,0.893000,0.843983,0.255,314.4
1166,0.841633,,0.893000,0.843983,0.256,314.6
1167,0.842333,,0.893000,0.843983,0.312,314.9
1168,0.844367,,0.893000,0.844367,0.256,315.2
1169,0.843383,,0.893000,0.844367,0.257,315.5
1170,0.842100,,0.893000,0.844367,0.256,315.7
1171,0.842433,,0.893000,0.844367,0.252,316.0
1172,0.843833,,0.893000,0.844367,0.258,316.2
1173,0.843917,,0.893000,0.844367,0.260,316.5
1174,0.841283,,0.893000,0.844367,0.260,316.7
1175,0.844750,,0.893000,0.844750,0.317,317.1
1176,0.844250,,0.893000,0.844750,0.258,317.3
1177,0.843467,,0.893000,0.844750,0.256,317.6
1178,0.842317,,0.893000,0.844750,0.253,317.8
1179,0.843033,,0.893000,0.844750,0.258,318.1
1180,0.843183,,0.893000,0.844750,0.257,318.3
1181,0.842000,,0.893000,0.844750,0.257,318.6
1182,0.842733,,0.893000,0.844750,0.254,318.9
1183,0.843300,,0.893000,0.844750,0.291,319.1
1184,0.844867,,0.893000,0.844867,0.254,319.4
1185,0.842400,,0.893000,0.844867,0.254,319.7
1186,0.844050,,0.893000,0.844867,0.255,319.9
1187,0.844450,,0.893000,0.844867,0.257,320.2
1188,0.843833,,0.893000,0.844867,0.256,320.4
1189,0.845000,,0.893000,0.845000,0.258,320.7
1190,0.844683,,0.893000,0.845000,0.258,320.9
1191,0.842933,,0.893000,0.845000,0.309,321.2
1192,0.842133,,0.893000,0.845000,0.257,321.5
1193,0.843400,,0.893000,0.845000,0.256,321.8
1194,0.842633,,0.893000,0.845000,0.254,322.0
1195,0.841733,,0.893000,0.845000,0.257,322.3
1196,0.844067,,0.893000,0.845000,0.256,322.5
1197,0.843317,,0.893000,0.845000,0.275,322.8
1198,0.843400,,0.893000,0.845000,0.255,323.1
1199,0.842183,,0.893000,0.845000,0.326,323.4
1200,0.844333,0.8920999765396118,0.893000,0.845000,0.365,323.8
1201,0.843200,,0.893000,0.845000,0.183,323.9
1202,0.842883,,0.893000,0.845000,0.254,324.2
1203,0.843050,,0.893000,0.845000,0.256,324.4
1204,0.845150,,0.893000,0.845150,0.254,324.7
1205,0.844717,,0.893000,0.845150,0.257,325.0
1206,0.844383,,0.893000,0.845150,0.254,325.2
1207,0.845033,,0.893000,0.845150,0.320,325.5
1208,0.844817,,0.893000,0.845150,0.260,325.8
1209,0.842883,,0.893000,0.845150,0.255,326.0
1210,0.844550,,0.893000,0.845150,0.256,326.3
1211,0.844050,,0.893000,0.845150,0.256,326.6
1212,0.844083,,0.893000,0.845150,0.258,326.8
1213,0.843533,,0.893000,0.845150,0.256,327.1
1214,0.844117,,0.893000,0.845150,0.257,327.3
1215,0.843500,,0.893000,0.845150,0.297,327.6
1216,0.844800,,0.893000,0.845150,0.259,327.9
1217,0.845983,,0.893000,0.845983,0.253,328.1
1218,0.843833,,0.893000,0.845983,0.256,328.4
1219,0.844900,,0.893000,0.845983,0.257,328.6
1220,0.844900,,0.893000,0.845983,0.254,328.9
1221,0.847067,,0.893000,0.847067,0.257,329.2
1222,0.846000,,0.893000,0.847067,0.256,329.4
1223,0.846917,,0.893000,0.847067,0.327,329.7
1224,0.845550,,0.893000,0.847067,0.256,330.0
1225,0.846150,,0.893000,0.847067,0.258,330.3
1226,0.845933,,0.893000,0.847067,0.258,330.5
1227,0.844383,,0.893000,0.847067,0.256,330.8
1228,0.846017,,0.893000,0.847067,0.254,331.0
1229,0.846400,,0.893000,0.847067,0.255,331.3
1230,0.845750,,0.893000,0.847067,0.256,331.5
1231,0.846650,,0.893000,0.847067,0.310,331.8
1232,0.847167,,0.893000,0.847167,0.256,332.1
1233,0.846350,,0.893000,0.847167,0.257,332.4
1234,0.847967,,0.893000,0.847967,0.257,332.6
1235,0.846583,,0.893000,0.847967,0.254,332.9
1236,0.844917,,0.893000,0.847967,0.254,333.1
1237,0.847150,,0.893000,0.847967,0.253,333.4
1238,0.844117,,0.893000,0.847967,0.255,333.6
1239,0.847467,,0.893000,0.847967,0.312,333.9
1240,0.846550,,0.893000,0.847967,0.255,334.2
1241,0.845583,,0.893000,0.847967,0.256,334.5
1242,0.846600,,0.893000,0.847967,0.257,334.7
1243,0.846750,,0.893000,0.847967,0.256,335.0
1244,0.847417,,0.893000,0.847967,0.257,335.2
1245,0.848883,,0.893000,0.848883,0.254,335.5
1246,0.845700,,0.893000,0.848883,0.254,335.7
1247,0.846750,,0.893000,0.848883,0.314,336.0
1248,0.848033,,0.893000,0.848883,0.259,336.3
1249,0.846350,,0.893000,0.848883,0.260,336.6
1250,0.846967,0.8928999900817871,0.893000,0.848883,0.351,336.9
1251,0.847383,,0.893000,0.848883,0.176,337.1
1252,0.846717,,0.893000,0.848883,0.255,337.3
1253,0.847067,,0.893000,0.848883,0.254,337.6
1254,0.846700,,0.893000,0.848883,0.258,337.9
1255,0.848150,,0.893000,0.848883,0.325,338.2
1256,0.846067,,0.893000,0.848883,0.259,338.4
1257,0.848233,,0.893000,0.848883,0.258,338.7
1258,0.846267,,0.893000,0.848883,0.257,339.0
1259,0.845317,,0.893000,0.848883,0.255,339.2
1260,0.848067,,0.893000,0.848883,0.274,339.5
1261,0.848383,,0.893000,0.848883,0.259,339.7
1262,0.846983,,0.893000,0.848883,0.259,340.0
1263,0.847917,,0.893000,0.848883,0.322,340.3
1264,0.847467,,0.893000,0.848883,0.257,340.6
1265,0.848683,,0.893000,0.848883,0.257,340.8
1266,0.847400,,0.893000,0.848883,0.258,341.1
1267,0.845667,,0.893000,0.848883,0.258,341.4
1268,0.848533,,0.893000,0.848883,0.256,341.6
1269,0.845633,,0.893000,0.848883,0.260,341.9
1270,0.847467,,0.893000,0.848883,0.257,342.1
1271,0.848017,,0.893000,0.848883,0.315,342.4
1272,0.847517,,0.893000,0.848883,0.258,342.7
1273,0.847217,,0.893000,0.848883,0.257,343.0
1274,0.847750,,0.893000,0.848883,0.255,343.2
1275,0.848067,,0.893000,0.848883,0.256,343.5
1276,0.849300,,0.893000,0.849300,0.257,343.7
1277,0.849100,,0.893000,0.849300,0.258,344.0
1278,0.848917,,0.893000,0.849300,0.255,344.2
1279,0.847350,,0.893000,0.849300,0.320,344.6
1280,0.849683,,0.893000,0.849683,0.255,344.8
1281,0.848700,,0.893000,0.849683,0.256,345.1
1282,0.847767,,0.893000,0.849683,0.257,345.3
1283,0.848700,,0.893000,0.849683,0.258,345.6
1284,0.848600,,0.893000,0.849683,0.259,345.8
1285,0.850467,,0.893000,0.850467,0.257,346.1
1286,0.849050,,0.893000,0.850467,0.261,346.4
1287,0.849500,,0.893000,0.850467,0.306,346.7
1288,0.848417,,0.893000,0.850467,0.255,346.9
1289,0.847983,,0.893000,0.850467,0.258,347.2
1290,0.848383,,0.893000,0.850467,0.253,347.4
1291,0.848000,,0.893000,0.850467,0.257,347.7
1292,0.847733,,0.893000,0.850467,0.257,347.9
1293,0.848183,,0.893000,0.850467,0.254,348.2
1294,0.849333,,0.893000,0.850467,0.259,348.5
1295,0.848917,,0.893000,0.850467,0.311,348.8
1296,0.848233,,0.893000,0.850467,0.254,349.0
1297,0.849450,,0.893000,0.850467,0.257,349.3
1298,0.848050,,0.893000,0.850467,0.256,349.5
1299,0.849750,,0.893000,0.850467,0.256,349.8
1300,0.848383,0.8968999981880188,0.896900,0.850467,0.349,350.1
1301,0.851467,,0.896900,0.851467,0.177,350.3
1302,0.848383,,0.896900,0.851467,0.256,350.6
1303,0.849383,,0.896900,0.851467,0.330,350.9
1304,0.847483,,0.896900,0.851467,0.260,351.2
1305,0.849933,,0.896900,0.851467,0.256,351.4
1306,0.851033,,0.896900,0.851467,0.255,351.7
1307,0.850967,,0.896900,0.851467,0.259,351.9
1308,0.850350,,0.896900,0.851467,0.257,352.2
1309,0.850067,,0.896900,0.851467,0.255,352.4
1310,0.849067,,0.896900,0.851467,0.256,352.7
1311,0.849700,,0.896900,0.851467,0.344,353.0
1312,0.850000,,0.896900,0.851467,0.254,353.3
1313,0.850200,,0.896900,0.851467,0.318,353.6
1314,0.851233,,0.896900,0.851467,0.256,353.9
1315,0.852400,,0.896900,0.852400,0.255,354.1
1316,0.850433,,0.896900,0.852400,0.256,354.4
1317,0.848800,,0.896900,0.852400,0.258,354.6
1318,0.849900,,0.896900,0.852400,0.255,354.9
1319,0.848567,,0.896900,0.852400,0.322,355.2
1320,0.851367,,0.896900,0.852400,0.257,355.5
1321,0.849550,,0.896900,0.852400,0.254,355.7
1322,0.849417,,0.896900,0.852400,0.254,356.0
1323,0.850067,,0.896900,0.852400,0.258,356.2
1324,0.848650,,0.896900,0.852400,0.259,356.5
1325,0.850533,,0.896900,0.852400,0.256,356.8
1326,0.851583,,0.896900,0.852400,0.255,357.0
1327,0.848933,,0.896900,0.852400,0.314,357.3
1328,0.851050,,0.896900,0.852400,0.258,357.6
1329,0.852700,,0.896900,0.852700,0.256,357.8
1330,0.850217,,0.896900,0.852700,0.256,358.1
1331,0.851383,,0.896900,0.852700,0.255,358.4
1332,0.850917,,0.896900,0.852700,0.256,358.6
1333,0.848700,,0.896900,0.852700,0.254,358.9
1334,0.852317,,0.896900,0.852700,0.255,359.1
1335,0.851150,,0.896900,0.852700,0.309,359.4
1336,0.851533,,0.896900,0.852700,0.254,359.7
1337,0.850083,,0.896900,0.852700,0.257,359.9
1338,0.849617,,0.896900,0.852700,0.258,360.2
1339,0.850650,,0.896900,0.852700,0.254,360.4
1340,0.851100,,0.896900,0.852700,0.254,360.7
1341,0.852533,,0.896900,0.852700,0.257,361.0
1342,0.851817,,0.896900,0.852700,0.255,361.2
1343,0.851317,,0.896900,0.852700,0.314,361.5
1344,0.850733,,0.896900,0.852700,0.257,361.8
1345,0.851633,,0.896900,0.852700,0.258,362.0
1346,0.850367,,0.896900,0.852700,0.258,362.3
1347,0.852767,,0.896900,0.852767,0.257,362.6
1348,0.850417,,0.896900,0.852767,0.256,362.8
1349,0.851233,,0.896900,0.852767,0.254,363.1
1350,0.850283,0.8986999988555908,0.898700,0.852767,0.352,363.4
1351,0.851917,,0.898700,0.852767,0.244,363.7
1352,0.852200,,0.898700,0.852767,0.255,363.9
1353,0.852550,,0.898700,0.852767,0.260,364.2
1354,0.851333,,0.898700,0.852767,0.255,364.4
1355,0.851983,,0.898700,0.852767,0.256,364.7
1356,0.852633,,0.898700,0.852767,0.255,364.9
1357,0.851867,,0.898700,0.852767,0.257,365.2
1358,0.853367,,0.898700,0.853367,0.257,365.5
1359,0.852083,,0.898700,0.853367,0.325,365.8
1360,0.851800,,0.898700,0.853367,0.257,366.0
1361,0.850267,,0.898700,0.853367,0.255,366.3
1362,0.852750,,0.898700,0.853367,0.361,366.7
1363,0.852533,,0.898700,0.853367,0.262,366.9
1364,0.852983,,0.898700,0.853367,0.249,367.2
1365,0.854417,,0.898700,0.854417,0.266,367.4
1366,0.851333,,0.898700,0.854417,0.261,367.7
1367,0.853383,,0.898700,0.854417,0.333,368.0
1368,0.851150,,0.898700,0.854417,0.478,368.5
1369,0.853783,,0.898700,0.854417,0.263,368.8
1370,0.853400,,0.898700,0.854417,0.257,369.0
1371,0.851533,,0.898700,0.854417,0.258,369.3
1372,0.854417,,0.898700,0.854417,0.258,369.5
1373,0.853850,,0.898700,0.854417,0.272,369.8
1374,0.852917,,0.898700,0.854417,0.338,370.2
1375,0.853733,,0.898700,0.854417,0.258,370.4
1376,0.852133,,0.898700,0.854417,0.256,370.7
1377,0.852967,,0.898700,0.854417,0.254,370.9
1378,0.854583,,0.898700,0.854583,0.261,371.2
1379,0.853117,,0.898700,0.854583,0.257,371.4
1380,0.853233,,0.898700,0.854583,0.256,371.7
1381,0.851817,,0.898700,0.854583,0.256,372.0
1382,0.853800,,0.898700,0.854583,0.329,372.3
1383,0.854533,,0.898700,0.854583,0.258,372.5
1384,0.854183,,0.898700,0.854583,0.257,372.8
1385,0.853183,,0.898700,0.854583,0.257,373.1
1386,0.853317,,0.898700,0.854583,0.257,373.3
1387,0.852067,,0.898700,0.854583,0.257,373.6
1388,0.855800,,0.898700,0.855800,0.259,373.8
1389,0.853850,,0.898700,0.855800,0.256,374.1
1390,0.852717,,0.898700,0.855800,0.329,374.4
1391,0.853350,,0.898700,0.855800,0.255,374.7
1392,0.856350,,0.898700,0.856350,0.256,374.9
1393,0.853250,,0.898700,0.856350,0.254,375.2
1394,0.852533,,0.898700,0.856350,0.256,375.4
1395,0.856033,,0.898700,0.856350,0.255,375.7
1396,0.853217,,0.898700,0.856350,0.264,375.9
1397,0.856783,,0.898700,0.856783,0.257,376.2
1398,0.856050,,0.898700,0.856783,0.309,376.5
1399,0.852600,,0.898700,0.856783,0.257,376.8
1400,0.854683,0.9002999663352966,0.900300,0.856783,0.351,377.1
1401,0.855717,,0.900300,0.856783,0.178,377.3
1402,0.855083,,0.900300,0.856783,0.257,377.6
1403,0.855233,,0.900300,0.856783,0.257,377.8
1404,0.855950,,0.900300,0.856783,0.255,378.1
1405,0.854867,,0.900300,0.856783,0.257,378.3
1406,0.855617,,0.900300,0.856783,0.325,378.6
1407,0.853867,,0.900300,0.856783,0.255,378.9
1408,0.855300,,0.900300,0.856783,0.254,379.2
1409,0.855867,,0.900300,0.856783,0.254,379.4
1410,0.854517,,0.900300,0.856783,0.259,379.7
1411,0.854383,,0.900300,0.856783,0.254,379.9
1412,0.855367,,0.900300,0.856783,0.259,380.2
1413,0.855650,,0.900300,0.856783,0.258,380.4
1414,0.853983,,0.900300,0.856783,0.332,380.8
1415,0.856050,,0.900300,0.856783,0.255,381.0
1416,0.855117,,0.900300,0.856783,0.255,381.3
1417,0.854117,,0.900300,0.856783,0.257,381.5
1418,0.857433,,0.900300,0.857433,0.256,381.8
1419,0.854517,,0.900300,0.857433,0.254,382.1
1420,0.854717,,0.900300,0.857433,0.255,382.3
1421,0.856217,,0.900300,0.857433,0.258,382.6
1422,0.854250,,0.900300,0.857433,0.342,382.9
1423,0.855367,,0.900300,0.857433,0.256,383.2
1424,0.854450,,0.900300,0.857433,0.296,383.5
1425,0.856033,,0.900300,0.857433,0.255,383.7
1426,0.854067,,0.900300,0.857433,0.256,384.0
1427,0.856600,,0.900300,0.857433,0.256,384.2
1428,0.857117,,0.900300,0.857433,0.253,384.5
1429,0.856183,,0.900300,0.857433,0.257,384.7
1430,0.855500,,0.900300,0.857433,0.321,385.1
1431,0.856383,,0.900300,0.857433,0.255,385.3
1432,0.857033,,0.900300,0.857433,0.256,385.6
1433,0.856100,,0.900300,0.857433,0.254,385.8
1434,0.856550,,0.900300,0.857433,0.257,386.1
1435,0.858067,,0.900300,0.858067,0.261,386.3
1436,0.855800,,0.900300,0.858067,0.258,386.6
1437,0.854683,,0.900300,0.858067,0.259,386.9
1438,0.856067,,0.900300,0.858067,0.313,387.2
1439,0.855000,,0.900300,0.858067,0.258,387.4
1440,0.855567,,0.900300,0.858067,0.260,387.7
1441,0.856267,,0.900300,0.858067,0.253,387.9
1442,0.856500,,0.900300,0.858067,0.255,388.2
1443,0.856083,,0.900300,0.858067,0.257,388.5
1444,0.856517,,0.900300,0.858067,0.253,388.7
1445,0.855483,,0.900300,0.858067,0.254,389.0
1446,0.857400,,0.900300,0.858067,0.308,389.3
1447,0.854833,,0.900300,0.858067,0.255,389.5
1448,0.857333,,0.900300,0.858067,0.255,389.8
1449,0.857250,,0.900300,0.858067,0.255,390.0
1450,0.857083,0.9001999497413635,0.900300,0.858067,0.348,390.4
1451,0.857900,,0.900300,0.858067,0.177,390.6
1452,0.857817,,0.900300,0.858067,0.258,390.8
1453,0.855517,,0.900300,0.858067,0.258,391.1
1454,0.858533,,0.900300,0.858533,0.330,391.4
1455,0.857250,,0.900300,0.858533,0.256,391.7
1456,0.855550,,0.900300,0.858533,0.255,391.9
1457,0.857667,,0.900300,0.858533,0.255,392.2
1458,0.858450,,0.900300,0.858533,0.256,392.4
1459,0.857817,,0.900300,0.858533,0.256,392.7
1460,0.857367,,0.900300,0.858533,0.256,392.9
1461,0.855667,,0.900300,0.858533,0.254,393.2
1462,0.856200,,0.900300,0.858533,0.309,393.5
1463,0.857617,,0.900300,0.858533,0.257,393.8
1464,0.858233,,0.900300,0.858533,0.256,394.0
1465,0.856783,,0.900300,0.858533,0.255,394.3
1466,0.859333,,0.900300,0.859333,0.254,394.5
1467,0.856733,,0.900300,0.859333,0.257,394.8
1468,0.858100,,0.900300,0.859333,0.256,395.0
1469,0.857550,,0.900300,0.859333,0.256,395.3
1470,0.857233,,0.900300,0.859333,0.310,395.6
1471,0.858333,,0.900300,0.859333,0.256,395.9
1472,0.856467,,0.900300,0.859333,0.256,396.1
1473,0.860200,,0.900300,0.860200,0.255,396.4
1474,0.858483,,0.900300,0.860200,0.257,396.6
1475,0.858517,,0.900300,0.860200,0.254,396.9
1476,0.858567,,0.900300,0.860200,0.256,397.1
1477,0.859300,,0.900300,0.860200,0.254,397.4
1478,0.857733,,0.900300,0.860200,0.315,397.7
1479,0.855750,,0.900300,0.860200,0.258,398.0
1480,0.858200,,0.900300,0.860200,0.257,398.2
1481,0.857017,,0.900300,0.860200,0.255,398.5
1482,0.856233,,0.900300,0.860200,0.260,398.7
1483,0.857967,,0.900300,0.860200,0.256,399.0
1484,0.856033,,0.900300,0.860200,0.260,399.2
1485,0.859750,,0.900300,0.860200,0.256,399.5
1486,0.855300,,0.900300,0.860200,0.328,399.8
1487,0.857333,,0.900300,0.860200,0.256,400.1
1488,0.858500,,0.900300,0.860200,0.257,400.3
1489,0.860067,,0.900300,0.860200,0.255,400.6
1490,0.857567,,0.900300,0.860200,0.258,400.9
1491,0.858683,,0.900300,0.860200,0.260,401.1
1492,0.857850,,0.900300,0.860200,0.261,401.4
1493,0.858033,,0.900300,0.860200,0.256,401.6
1494,0.857983,,0.900300,0.860200,0.323,402.0
1495,0.857583,,0.900300,0.860200,0.258,402.2
1496,0.858817,,0.900300,0.860200,0.258,402.5
1497,0.857667,,0.900300,0.860200,0.256,402.7
1498,0.856833,,0.900300,0.860200,0.254,403.0
1499,0.857267,,0.900300,0.860200,0.258,403.2
1500,0.860500,0.9012999534606934,0.901300,0.860500,0.348,403.6
1501,0.859733,,0.901300,0.860500,0.177,403.8
1502,0.858850,,0.901300,0.860500,0.328,404.1
1503,0.857283,,0.901300,0.860500,0.254,404.3
1504,0.856733,,0.901300,0.860500,0.257,404.6
1505,0.857383,,0.901300,0.860500,0.257,404.9
1506,0.856733,,0.901300,0.860500,0.255,405.1
1507,0.858900,,0.901300,0.860500,0.253,405.4
1508,0.856233,,0.901300,0.860500,0.255,405.6
1509,0.858783,,0.901300,0.860500,0.256,405.9
1510,0.858450,,0.901300,0.860500,0.313,406.2
1511,0.858067,,0.901300,0.860500,0.259,406.5
1512,0.858283,,0.901300,0.860500,0.257,406.7
1513,0.856200,,0.901300,0.860500,0.258,407.0
1514,0.859550,,0.901300,0.860500,0.256,407.2
1515,0.859283,,0.901300,0.860500,0.257,407.5
1516,0.858900,,0.901300,0.860500,0.255,407.7
1517,0.860083,,0.901300,0.860500,0.255,408.0
1518,0.858400,,0.901300,0.860500,0.329,408.3
1519,0.860433,,0.901300,0.860500,0.258,408.6
1520,0.858367,,0.901300,0.860500,0.255,408.8
1521,0.858233,,0.901300,0.860500,0.256,409.1
1522,0.859933,,0.901300,0.860500,0.255,409.3
1523,0.859033,,0.901300,0.860500,0.256,409.6
1524,0.858533,,0.901300,0.860500,0.256,409.9
1525,0.858867,,0.901300,0.860500,0.256,410.1
1526,0.860100,,0.901300,0.860500,0.310,410.4
1527,0.858683,,0.901300,0.860500,0.255,410.7
1528,0.859933,,0.901300,0.860500,0.255,410.9
1529,0.857783,,0.901300,0.860500,0.259,411.2
1530,0.857800,,0.901300,0.860500,0.257,411.4
1531,0.859350,,0.901300,0.860500,0.257,411.7
1532,0.858833,,0.901300,0.860500,0.258,412.0
1533,0.858583,,0.901300,0.860500,0.257,412.2
1534,0.860300,,0.901300,0.860500,0.311,412.5
1535,0.859417,,0.901300,0.860500,0.255,412.8
1536,0.859333,,0.901300,0.860500,0.278,413.1
1537,0.859967,,0.901300,0.860500,0.254,413.3
1538,0.859017,,0.901300,0.860500,0.259,413.6
1539,0.858950,,0.901300,0.860500,0.255,413.8
1540,0.859667,,0.901300,0.860500,0.256,414.1
1541,0.859183,,0.901300,0.860500,0.253,414.3
1542,0.857300,,0.901300,0.860500,0.324,414.7
1543,0.858583,,0.901300,0.860500,0.254,414.9
1544,0.859767,,0.901300,0.860500,0.256,415.2
1545,0.859417,,0.901300,0.860500,0.256,415.4
1546,0.859450,,0.901300,0.860500,0.254,415.7
1547,0.860100,,0.901300,0.860500,0.261,415.9
1548,0.859700,,0.901300,0.860500,0.255,416.2
1549,0.860367,,0.901300,0.860500,0.258,416.5
1550,0.857500,0.9021999835968018,0.902200,0.860500,0.424,416.9
1551,0.860183,,0.902200,0.860500,0.177,417.1
1552,0.858850,,0.902200,0.860500,0.249,417.3
1553,0.857633,,0.902200,0.860500,0.258,417.6
1554,0.858300,,0.902200,0.860500,0.257,417.8
1555,0.859200,,0.902200,0.860500,0.254,418.1
1556,0.861033,,0.902200,0.861033,0.258,418.3
1557,0.858283,,0.902200,0.861033,0.256,418.6
1558,0.860383,,0.902200,0.861033,0.325,418.9
1559,0.858400,,0.902200,0.861033,0.257,419.2
1560,0.860233,,0.902200,0.861033,0.257,419.4
1561,0.859117,,0.902200,0.861033,0.261,419.7
1562,0.858183,,0.902200,0.861033,0.255,419.9
1563,0.860500,,0.902200,0.861033,0.256,420.2
1564,0.857033,,0.902200,0.861033,0.255,420.5
1565,0.858567,,0.902200,0.861033,0.257,420.7
1566,0.858283,,0.902200,0.861033,0.330,421.0
1567,0.858167,,0.902200,0.861033,0.256,421.3
1568,0.857667,,0.902200,0.861033,0.255,421.6
1569,0.858567,,0.902200,0.861033,0.256,421.8
1570,0.859700,,0.902200,0.861033,0.256,422.1
1571,0.859200,,0.902200,0.861033,0.257,422.3
1572,0.859183,,0.902200,0.861033,0.254,422.6
1573,0.859550,,0.902200,0.861033,0.257,422.8
1574,0.858783,,0.902200,0.861033,0.312,423.1
1575,0.859967,,0.902200,0.861033,0.258,423.4
1576,0.859967,,0.902200,0.861033,0.255,423.7
1577,0.858417,,0.902200,0.861033,0.252,423.9
1578,0.858817,,0.902200,0.861033,0.254,424.2
1579,0.859933,,0.902200,0.861033,0.254,424.4
1580,0.859300,,0.902200,0.861033,0.256,424.7
1581,0.859067,,0.902200,0.861033,0.256,424.9
1582,0.857633,,0.902200,0.861033,0.312,425.2
1583,0.856917,,0.902200,0.861033,0.258,425.5
1584,0.859467,,0.902200,0.861033,0.254,425.8
1585,0.857650,,0.902200,0.861033,0.261,426.0
1586,0.858717,,0.902200,0.861033,0.263,426.3
1587,0.860067,,0.902200,0.861033,0.259,426.5
1588,0.858583,,0.902200,0.861033,0.248,426.8
1589,0.859883,,0.902200,0.861033,0.258,427.0
1590,0.860317,,0.902200,0.861033,0.323,427.4
1591,0.859400,,0.902200,0.861033,0.258,427.6
1592,0.859250,,0.902200,0.861033,0.257,427.9
1593,0.859800,,0.902200,0.861033,0.248,428.1
1594,0.859917,,0.902200,0.861033,0.254,428.4
1595,0.859367,,0.902200,0.861033,0.259,428.6
1596,0.860067,,0.902200,0.861033,0.255,428.9
1597,0.860883,,0.902200,0.861033,0.257,429.2
1598,0.857950,,0.902200,0.861033,0.326,429.5
1599,0.861467,,0.902200,0.861467,0.259,429.7
1600,0.859050,0.9016000032424927,0.902200,0.861467,0.350,430.1
1601,0.859050,,0.902200,0.861467,0.177,430.3
1602,0.860050,,0.902200,0.861467,0.256,430.5
1603,0.859050,,0.902200,0.861467,0.254,430.8
1604,0.860600,,0.902200,0.861467,0.258,431.0
1605,0.859367,,0.902200,0.861467,0.262,431.3
1606,0.859650,,0.902200,0.861467,0.322,431.6
1607,0.861733,,0.902200,0.861733,0.255,431.9
1608,0.861950,,0.902200,0.861950,0.254,432.1
1609,0.860800,,0.902200,0.861950,0.253,432.4
1610,0.859433,,0.902200,0.861950,0.256,432.6
1611,0.858100,,0.902200,0.861950,0.253,432.9
1612,0.860983,,0.902200,0.861950,0.256,433.1
1613,0.860067,,0.902200,0.861950,0.256,433.4
1614,0.860717,,0.902200,0.861950,0.311,433.7
1615,0.861833,,0.902200,0.861950,0.252,434.0
1616,0.861167,,0.902200,0.861950,0.259,434.2
1617,0.861467,,0.902200,0.861950,0.256,434.5
1618,0.862083,,0.902200,0.862083,0.255,434.7
1619,0.859983,,0.902200,0.862083,0.258,435.0
1620,0.858967,,0.902200,0.862083,0.259,435.3
1621,0.860367,,0.902200,0.862083,0.256,435.5
1622,0.859500,,0.902200,0.862083,0.307,435.8
1623,0.859617,,0.902200,0.862083,0.258,436.1
1624,0.859683,,0.902200,0.862083,0.256,436.3
1625,0.860717,,0.902200,0.862083,0.254,436.6
1626,0.861383,,0.902200,0.862083,0.256,436.8
1627,0.861350,,0.902200,0.862083,0.258,437.1
1628,0.859617,,0.902200,0.862083,0.254,437.4
1629,0.861167,,0.902200,0.862083,0.256,437.6
1630,0.861017,,0.902200,0.862083,0.302,437.9
1631,0.860733,,0.902200,0.862083,0.257,438.2
1632,0.861050,,0.902200,0.862083,0.259,438.4
1633,0.861150,,0.902200,0.862083,0.260,438.7
1634,0.861283,,0.902200,0.862083,0.255,438.9
1635,0.861900,,0.902200,0.862083,0.257,439.2
1636,0.860033,,0.902200,0.862083,0.255,439.5
1637,0.861250,,0.902200,0.862083,0.254,439.7
1638,0.860133,,0.902200,0.862083,0.310,440.0
1639,0.862050,,0.902200,0.862083,0.258,440.3
1640,0.862150,,0.902200,0.862150,0.255,440.5
1641,0.862250,,0.902200,0.862250,0.255,440.8
1642,0.861233,,0.902200,0.862250,0.255,441.0
1643,0.862483,,0.902200,0.862483,0.257,441.3
1644,0.861667,,0.902200,0.862483,0.255,441.5
1645,0.860417,,0.902200,0.862483,0.259,441.8
1646,0.862317,,0.902200,0.862483,0.319,442.1
1647,0.859833,,0.902200,0.862483,0.256,442.4
1648,0.860467,,0.902200,0.862483,0.255,442.6
1649,0.861400,,0.902200,0.862483,0.287,442.9
1650,0.860217,0.9017999768257141,0.902200,0.862483,0.349,443.3
1651,0.860900,,0.902200,0.862483,0.178,443.5
1652,0.861683,,0.902200,0.862483,0.254,443.7
1653,0.860383,,0.902200,0.862483,0.280,444.0
1654,0.862633,,0.902200,0.862633,0.323,444.3
1655,0.862867,,0.902200,0.862867,0.254,444.6
1656,0.860050,,0.902200,0.862867,0.256,444.8
1657,0.860583,,0.902200,0.862867,0.257,445.1
1658,0.859983,,0.902200,0.862867,0.257,445.3
1659,0.861100,,0.902200,0.862867,0.255,445.6
1660,0.860483,,0.902200,0.862867,0.256,445.8
1661,0.860333,,0.902200,0.862867,0.260,446.1
1662,0.860967,,0.902200,0.862867,0.313,446.4
1663,0.861933,,0.902200,0.862867,0.255,446.7
1664,0.861517,,0.902200,0.862867,0.258,446.9
1665,0.862017,,0.902200,0.862867,0.257,447.2
1666,0.861183,,0.902200,0.862867,0.257,447.4
1667,0.861267,,0.902200,0.862867,0.256,447.7
1668,0.860217,,0.902200,0.862867,0.256,448.0
1669,0.863100,,0.902200,0.863100,0.256,448.2
1670,0.862050,,0.902200,0.863100,0.327,448.5
1671,0.862317,,0.902200,0.863100,0.257,448.8
1672,0.861667,,0.902200,0.863100,0.258,449.1
1673,0.860650,,0.902200,0.863100,0.256,449.3
1674,0.861617,,0.902200,0.863100,0.256,449.6
1675,0.861067,,0.902200,0.863100,0.249,449.8
1676,0.860717,,0.902200,0.863100,0.255,450.1
1677,0.862433,,0.902200,0.863100,0.260,450.3
1678,0.861600,,0.902200,0.863100,0.314,450.6
1679,0.861167,,0.902200,0.863100,0.260,450.9
1680,0.862283,,0.902200,0.863100,0.248,451.2
1681,0.863050,,0.902200,0.863100,0.254,451.4
1682,0.862600,,0.902200,0.863100,0.257,451.7
1683,0.862167,,0.902200,0.863100,0.255,451.9
1684,0.862650,,0.902200,0.863100,0.256,452.2
1685,0.860933,,0.902200,0.863100,0.254,452.4
1686,0.861000,,0.902200,0.863100,0.332,452.8
1687,0.864333,,0.902200,0.864333,0.255,453.0
1688,0.863533,,0.902200,0.864333,0.256,453.3
1689,0.861233,,0.902200,0.864333,0.255,453.5
1690,0.862167,,0.902200,0.864333,0.255,453.8
1691,0.861517,,0.902200,0.864333,0.255,454.0
1692,0.862000,,0.902200,0.864333,0.255,454.3
1693,0.861183,,0.902200,0.864333,0.253,454.5
1694,0.863283,,0.902200,0.864333,0.310,454.9
1695,0.864617,,0.902200,0.864617,0.254,455.1
1696,0.864167,,0.902200,0.864617,0.252,455.4
1697,0.863883,,0.902200,0.864617,0.256,455.6
1698,0.861967,,0.902200,0.864617,0.257,455.9
1699,0.863000,,0.902200,0.864617,0.254,456.1
1700,0.863267,0.9032999873161316,0.903300,0.864617,0.352,456.5
1701,0.862550,,0.903300,0.864617,0.174,456.7
1702,0.862700,,0.903300,0.864617,0.318,457.0
1703,0.861983,,0.903300,0.864617,0.257,457.2
1704,0.862833,,0.903300,0.864617,0.256,457.5
1705,0.862733,,0.903300,0.864617,0.257,457.7
1706,0.862367,,0.903300,0.864617,0.256,458.0
1707,0.864050,,0.903300,0.864617,0.257,458.3
1708,0.864417,,0.903300,0.864617,0.255,458.5
1709,0.862383,,0.903300,0.864617,0.254,458.8
1710,0.863367,,0.903300,0.864617,0.310,459.1
1711,0.864133,,0.903300,0.864617,0.258,459.3
1712,0.863050,,0.903300,0.864617,0.254,459.6
1713,0.864450,,0.903300,0.864617,0.261,459.9
1714,0.864367,,0.903300,0.864617,0.258,460.1
1715,0.864817,,0.903300,0.864817,0.257,460.4
1716,0.865633,,0.903300,0.865633,0.253,460.6
1717,0.861700,,0.903300,0.865633,0.258,460.9
1718,0.862950,,0.903300,0.865633,0.316,461.2
1719,0.863933,,0.903300,0.865633,0.257,461.5
1720,0.863183,,0.903300,0.865633,0.257,461.7
1721,0.863283,,0.903300,0.865633,0.259,462.0
1722,0.864700,,0.903300,0.865633,0.256,462.2
1723,0.864117,,0.903300,0.865633,0.259,462.5
1724,0.863917,,0.903300,0.865633,0.255,462.7
1725,0.862600,,0.903300,0.865633,0.259,463.0
1726,0.865000,,0.903300,0.865633,0.330,463.3
1727,0.863767,,0.903300,0.865633,0.256,463.6
1728,0.863383,,0.903300,0.865633,0.258,463.8
1729,0.865133,,0.903300,0.865633,0.256,464.1
1730,0.865217,,0.903300,0.865633,0.253,464.3
1731,0.866133,,0.903300,0.866133,0.255,464.6
1732,0.863417,,0.903300,0.866133,0.262,464.9
1733,0.864133,,0.903300,0.866133,0.257,465.1
1734,0.865417,,0.903300,0.866133,0.326,465.4
1735,0.865450,,0.903300,0.866133,0.259,465.7
1736,0.865067,,0.903300,0.866133,0.260,466.0
1737,0.863933,,0.903300,0.866133,0.259,466.2
1738,0.866200,,0.903300,0.866200,0.257,466.5
1739,0.864300,,0.903300,0.866200,0.257,466.7
1740,0.864033,,0.903300,0.866200,0.257,467.0
1741,0.866033,,0.903300,0.866200,0.255,467.3
1742,0.864650,,0.903300,0.866200,0.317,467.6
1743,0.865500,,0.903300,0.866200,0.256,467.8
1744,0.865550,,0.903300,0.866200,0.257,468.1
1745,0.865633,,0.903300,0.866200,0.255,468.3
1746,0.865900,,0.903300,0.866200,0.257,468.6
1747,0.865200,,0.903300,0.866200,0.258,468.9
1748,0.864267,,0.903300,0.866200,0.255,469.1
1749,0.865433,,0.903300,0.866200,0.255,469.4
1750,0.865883,0.9012999534606934,0.903300,0.866200,0.382,469.7
1751,0.865800,,0.903300,0.866200,0.179,469.9
1752,0.866150,,0.903300,0.866200,0.258,470.2
1753,0.866917,,0.903300,0.866917,0.256,470.4
1754,0.865367,,0.903300,0.866917,0.260,470.7
1755,0.865800,,0.903300,0.866917,0.259,471.0
1756,0.864733,,0.903300,0.866917,0.254,471.2
1757,0.865217,,0.903300,0.866917,0.256,471.5
1758,0.864617,,0.903300,0.866917,0.326,471.8
1759,0.865983,,0.903300,0.866917,0.257,472.0
1760,0.864917,,0.903300,0.866917,0.258,472.3
1761,0.865550,,0.903300,0.866917,0.254,472.6
1762,0.864633,,0.903300,0.866917,0.255,472.8
1763,0.865917,,0.903300,0.866917,0.258,473.1
1764,0.864317,,0.903300,0.866917,0.254,473.3
1765,0.865717,,0.903300,0.866917,0.256,473.6
1766,0.866533,,0.903300,0.866917,0.357,473.9
1767,0.866067,,0.903300,0.866917,0.257,474.2
1768,0.867683,,0.903300,0.867683,0.253,474.4
1769,0.865367,,0.903300,0.867683,0.256,474.7
1770,0.866417,,0.903300,0.867683,0.258,475.0
1771,0.866233,,0.903300,0.867683,0.254,475.2
1772,0.866767,,0.903300,0.867683,0.257,475.5
1773,0.865833,,0.903300,0.867683,0.258,475.7
1774,0.865050,,0.903300,0.867683,0.310,476.0
1775,0.865450,,0.903300,0.867683,0.265,476.3
1776,0.866433,,0.903300,0.867683,0.258,476.6
1777,0.867600,,0.903300,0.867683,0.254,476.8
1778,0.864467,,0.903300,0.867683,0.256,477.1
1779,0.866517,,0.903300,0.867683,0.255,477.3
1780,0.866417,,0.903300,0.867683,0.258,477.6
1781,0.864767,,0.903300,0.867683,0.256,477.8
1782,0.866283,,0.903300,0.867683,0.310,478.2
1783,0.865117,,0.903300,0.867683,0.254,478.4
1784,0.865000,,0.903300,0.867683,0.253,478.7
1785,0.865683,,0.903300,0.867683,0.257,478.9
1786,0.866400,,0.903300,0.867683,0.256,479.2
1787,0.866333,,0.903300,0.867683,0.255,479.4
1788,0.866967,,0.903300,0.867683,0.255,479.7
1789,0.864383,,0.903300,0.867683,0.255,479.9
1790,0.865767,,0.903300,0.867683,0.324,480.3
1791,0.868633,,0.903300,0.868633,0.257,480.5
1792,0.867333,,0.903300,0.868633,0.257,480.8
1793,0.867133,,0.903300,0.868633,0.255,481.0
1794,0.865400,,0.903300,0.868633,0.257,481.3
1795,0.867600,,0.903300,0.868633,0.264,481.6
1796,0.865117,,0.903300,0.868633,0.252,481.8
1797,0.867233,,0.903300,0.868633,0.257,482.1
1798,0.866883,,0.903300,0.868633,0.323,482.4
1799,0.867167,,0.903300,0.868633,0.259,482.6
1800,0.865483,0.9045999646186829,0.904600,0.868633,0.349,483.0
1801,0.867983,,0.904600,0.868633,0.175,483.2
1802,0.868000,,0.904600,0.868633,0.256,483.4
1803,0.867800,,0.904600,0.868633,0.253,483.7
1804,0.866133,,0.904600,0.868633,0.257,483.9
1805,0.867683,,0.904600,0.868633,0.257,484.2
1806,0.866933,,0.904600,0.868633,0.326,484.5
1807,0.867850,,0.904600,0.868633,0.256,484.8
1808,0.866450,,0.904600,0.868633,0.257,485.0
1809,0.867700,,0.904600,0.868633,0.253,485.3
1810,0.866433,,0.904600,0.868633,0.253,485.5
1811,0.867683,,0.904600,0.868633,0.258,485.8
1812,0.868767,,0.904600,0.868767,0.259,486.1
1813,0.868350,,0.904600,0.868767,0.256,486.3
1814,0.867400,,0.904600,0.868767,0.311,486.6
1815,0.866750,,0.904600,0.868767,0.255,486.9
1816,0.865000,,0.904600,0.868767,0.256,487.1
1817,0.867767,,0.904600,0.868767,0.257,487.4
1818,0.867567,,0.904600,0.868767,0.258,487.6
1819,0.866017,,0.904600,0.868767,0.255,487.9
1820,0.868583,,0.904600,0.868767,0.254,488.2
1821,0.867017,,0.904600,0.868767,0.259,488.4
1822,0.867917,,0.904600,0.868767,0.340,488.8
1823,0.866033,,0.904600,0.868767,0.257,489.0
1824,0.865950,,0.904600,0.868767,0.256,489.3
1825,0.868083,,0.904600,0.868767,0.259,489.5
1826,0.867483,,0.904600,0.868767,0.256,489.8
1827,0.867467,,0.904600,0.868767,0.258,490.0
1828,0.865883,,0.904600,0.868767,0.256,490.3
1829,0.867983,,0.904600,0.868767,0.257,490.6
1830,0.866017,,0.904600,0.868767,0.333,490.9
1831,0.867467,,0.904600,0.868767,0.256,491.1
1832,0.868483,,0.904600,0.868767,0.258,491.4
1833,0.867717,,0.904600,0.868767,0.261,491.7
1834,0.867350,,0.904600,0.868767,0.257,491.9
1835,0.867133,,0.904600,0.868767,0.255,492.2
1836,0.867417,,0.904600,0.868767,0.258,492.4
1837,0.868150,,0.904600,0.868767,0.256,492.7
1838,0.866767,,0.904600,0.868767,0.329,493.0
1839,0.867467,,0.904600,0.868767,0.254,493.3
1840,0.869100,,0.904600,0.869100,0.255,493.5
1841,0.866200,,0.904600,0.869100,0.257,493.8
1842,0.868250,,0.904600,0.869100,0.257,494.0
1843,0.868533,,0.904600,0.869100,0.254,494.3
1844,0.868283,,0.904600,0.869100,0.255,494.5
1845,0.869033,,0.904600,0.869100,0.255,494.8
1846,0.867867,,0.904600,0.869100,0.310,495.1
1847,0.869300,,0.904600,0.869300,0.257,495.4
1848,0.866967,,0.904600,0.869300,0.259,495.6
1849,0.869800,,0.904600,0.869800,0.256,495.9
1850,0.869483,0.9038999676704407,0.904600,0.869800,0.349,496.2
1851,0.868200,,0.904600,0.869800,0.176,496.4
1852,0.868367,,0.904600,0.869800,0.256,496.7
1853,0.866533,,0.904600,0.869800,0.255,496.9
1854,0.867250,,0.904600,0.869800,0.323,497.2
1855,0.867433,,0.904600,0.869800,0.257,497.5
1856,0.867633,,0.904600,0.869800,0.255,497.8
1857,0.868617,,0.904600,0.869800,0.254,498.0
1858,0.867700,,0.904600,0.869800,0.256,498.3
1859,0.867267,,0.904600,0.869800,0.256,498.5
1860,0.867933,,0.904600,0.869800,0.258,498.8
1861,0.868717,,0.904600,0.869800,0.259,499.0
1862,0.867400,,0.904600,0.869800,0.324,499.4
1863,0.868600,,0.904600,0.869800,0.257,499.6
1864,0.869150,,0.904600,0.869800,0.256,499.9
1865,0.867567,,0.904600,0.869800,0.256,500.1
1866,0.869050,,0.904600,0.869800,0.254,500.4
1867,0.867600,,0.904600,0.869800,0.257,500.6
1868,0.868133,,0.904600,0.869800,0.256,500.9
1869,0.867383,,0.904600,0.869800,0.256,501.2
1870,0.868900,,0.904600,0.869800,0.315,501.5
1871,0.869017,,0.904600,0.869800,0.256,501.7
1872,0.868683,,0.904600,0.869800,0.255,502.0
1873,0.868683,,0.904600,0.869800,0.254,502.2
1874,0.867850,,0.904600,0.869800,0.257,502.5
1875,0.867533,,0.904600,0.869800,0.253,502.7
1876,0.869117,,0.904600,0.869800,0.257,503.0
1877,0.868567,,0.904600,0.869800,0.258,503.3
1878,0.870417,,0.904600,0.870417,0.357,503.6
1879,0.868967,,0.904600,0.870417,0.256,503.9
1880,0.868800,,0.904600,0.870417,0.257,504.1
1881,0.869433,,0.904600,0.870417,0.252,504.4
1882,0.868733,,0.904600,0.870417,0.256,504.6
1883,0.868067,,0.904600,0.870417,0.253,504.9
1884,0.869283,,0.904600,0.870417,0.256,505.1
1885,0.869383,,0.904600,0.870417,0.257,505.4
1886,0.868417,,0.904600,0.870417,0.325,505.7
1887,0.869783,,0.904600,0.870417,0.257,506.0
1888,0.868583,,0.904600,0.870417,0.257,506.2
1889,0.867633,,0.904600,0.870417,0.256,506.5
1890,0.867933,,0.904600,0.870417,0.256,506.8
1891,0.869217,,0.904600,0.870417,0.254,507.0
1892,0.868950,,0.904600,0.870417,0.256,507.3
1893,0.867900,,0.904600,0.870417,0.256,507.5
1894,0.867900,,0.904600,0.870417,0.313,507.8
1895,0.869017,,0.904600,0.870417,0.250,508.1
1896,0.868867,,0.904600,0.870417,0.253,508.3
1897,0.868883,,0.904600,0.870417,0.254,508.6
1898,0.868317,,0.904600,0.870417,0.258,508.8
1899,0.866883,,0.904600,0.870417,0.254,509.1
1900,0.868167,0.9037999510765076,0.904600,0.870417,0.351,509.5
1901,0.868417,,0.904600,0.870417,0.178,509.6
1902,0.868333,,0.904600,0.870417,0.317,509.9
1903,0.869150,,0.904600,0.870417,0.257,510.2
1904,0.867033,,0.904600,0.870417,0.255,510.5
1905,0.869733,,0.904600,0.870417,0.255,510.7
1906,0.868017,,0.904600,0.870417,0.258,511.0
1907,0.867733,,0.904600,0.870417,0.254,511.2
1908,0.868767,,0.904600,0.870417,0.258,511.5
1909,0.869717,,0.904600,0.870417,0.254,511.7
1910,0.870383,,0.904600,0.870417,0.295,512.0
1911,0.869183,,0.904600,0.870417,0.256,512.3
1912,0.869367,,0.904600,0.870417,0.261,512.6
1913,0.869450,,0.904600,0.870417,0.257,512.8
1914,0.868833,,0.904600,0.870417,0.258,513.1
1915,0.869000,,0.904600,0.870417,0.255,513.3
1916,0.870417,,0.904600,0.870417,0.255,513.6
1917,0.867917,,0.904600,0.870417,0.257,513.8
1918,0.869233,,0.904600,0.870417,0.323,514.2
1919,0.869517,,0.904600,0.870417,0.256,514.4
1920,0.869283,,0.904600,0.870417,0.260,514.7
1921,0.869317,,0.904600,0.870417,0.254,514.9
1922,0.868167,,0.904600,0.870417,0.256,515.2
1923,0.869967,,0.904600,0.870417,0.256,515.4
1924,0.870350,,0.904600,0.870417,0.260,515.7
1925,0.868650,,0.904600,0.870417,0.258,516.0
1926,0.870350,,0.904600,0.870417,0.309,516.3
1927,0.870633,,0.904600,0.870633,0.257,516.5
1928,0.868867,,0.904600,0.870633,0.257,516.8
1929,0.868867,,0.904600,0.870633,0.258,517.0
1930,0.870283,,0.904600,0.870633,0.258,517.3
1931,0.868850,,0.904600,0.870633,0.258,517.6
1932,0.869867,,0.904600,0.870633,0.261,517.8
1933,0.871300,,0.904600,0.871300,0.257,518.1
1934,0.868217,,0.904600,0.871300,0.319,518.4
1935,0.868917,,0.904600,0.871300,0.256,518.6
1936,0.870867,,0.904600,0.871300,0.257,518.9
1937,0.870700,,0.904600,0.871300,0.255,519.2
1938,0.869650,,0.904600,0.871300,0.255,519.4
1939,0.869850,,0.904600,0.871300,0.257,519.7
1940,0.871217,,0.904600,0.871300,0.256,519.9
1941,0.867817,,0.904600,0.871300,0.256,520.2
1942,0.870667,,0.904600,0.871300,0.312,520.5
1943,0.868283,,0.904600,0.871300,0.258,520.8
1944,0.869417,,0.904600,0.871300,0.255,521.0
1945,0.870317,,0.904600,0.871300,0.257,521.3
1946,0.869933,,0.904600,0.871300,0.258,521.5
1947,0.870100,,0.904600,0.871300,0.260,521.8
1948,0.868933,,0.904600,0.871300,0.258,522.0
1949,0.871233,,0.904600,0.871300,0.259,522.3
1950,0.870783,0.9074999690055847,0.907500,0.871300,0.420,522.7
1951,0.871383,,0.907500,0.871383,0.176,522.9
1952,0.870900,,0.907500,0.871383,0.256,523.2
1953,0.868783,,0.907500,0.871383,0.255,523.4
1954,0.869517,,0.907500,0.871383,0.253,523.7
1955,0.867650,,0.907500,0.871383,0.257,523.9
1956,0.870117,,0.907500,0.871383,0.256,524.2
1957,0.870117,,0.907500,0.871383,0.254,524.4
1958,0.872200,,0.907500,0.872200,0.324,524.7
1959,0.869467,,0.907500,0.872200,0.256,525.0
1960,0.872350,,0.907500,0.872350,0.255,525.3
1961,0.870183,,0.907500,0.872350,0.258,525.5
1962,0.870350,,0.907500,0.872350,0.258,525.8
1963,0.869567,,0.907500,0.872350,0.257,526.0
1964,0.871233,,0.907500,0.872350,0.256,526.3
1965,0.869617,,0.907500,0.872350,0.256,526.5
1966,0.872150,,0.907500,0.872350,0.321,526.9
1967,0.870300,,0.907500,0.872350,0.257,527.1
1968,0.871817,,0.907500,0.872350,0.254,527.4
1969,0.870517,,0.907500,0.872350,0.256,527.6
1970,0.870017,,0.907500,0.872350,0.257,527.9
1971,0.869900,,0.907500,0.872350,0.255,528.1
1972,0.871350,,0.907500,0.872350,0.256,528.4
1973,0.869900,,0.907500,0.872350,0.257,528.7
1974,0.871483,,0.907500,0.872350,0.331,529.0
1975,0.870633,,0.907500,0.872350,0.257,529.2
1976,0.870350,,0.907500,0.872350,0.253,529.5
1977,0.871017,,0.907500,0.872350,0.248,529.7
1978,0.869250,,0.907500,0.872350,0.258,530.0
1979,0.870783,,0.907500,0.872350,0.258,530.3
1980,0.870900,,0.907500,0.872350,0.256,530.5
1981,0.872117,,0.907500,0.872350,0.257,530.8
1982,0.870333,,0.907500,0.872350,0.320,531.1
1983,0.870667,,0.907500,0.872350,0.257,531.4
1984,0.870400,,0.907500,0.872350,0.253,531.6
1985,0.869250,,0.907500,0.872350,0.258,531.9
1986,0.870500,,0.907500,0.872350,0.258,532.1
1987,0.869700,,0.907500,0.872350,0.254,532.4
1988,0.871200,,0.907500,0.872350,0.256,532.6
1989,0.870583,,0.907500,0.872350,0.256,532.9
1990,0.872067,,0.907500,0.872350,0.313,533.2
1991,0.870417,,0.907500,0.872350,0.316,533.5
1992,0.870367,,0.907500,0.872350,0.257,533.8
1993,0.871600,,0.907500,0.872350,0.255,534.0
1994,0.873483,,0.907500,0.873483,0.255,534.3
1995,0.869467,,0.907500,0.873483,0.257,534.5
1996,0.872517,,0.907500,0.873483,0.257,534.8
1997,0.869183,,0.907500,0.873483,0.255,535.1
1998,0.872050,,0.907500,0.873483,0.324,535.4
1999,0.870783,,0.907500,0.873483,0.258,535.6
2000,0.871333,0.9086999893188477,0.908700,0.873483,0.350,536.0
2001,0.871517,,0.908700,0.873483,0.177,536.2
2002,0.870050,,0.908700,0.873483,0.254,536.4
2003,0.872933,,0.908700,0.873483,0.254,536.7
2004,0.873033,,0.908700,0.873483,0.256,536.9
2005,0.872000,,0.908700,0.873483,0.256,537.2
2006,0.871200,,0.908700,0.873483,0.324,537.5
2007,0.871183,,0.908700,0.873483,0.255,537.8
2008,0.870350,,0.908700,0.873483,0.259,538.0
2009,0.871867,,0.908700,0.873483,0.256,538.3
2010,0.871267,,0.908700,0.873483,0.257,538.5
2011,0.869750,,0.908700,0.873483,0.253,538.8
2012,0.872450,,0.908700,0.873483,0.258,539.0
2013,0.871750,,0.908700,0.873483,0.254,539.3
2014,0.873233,,0.908700,0.873483,0.309,539.6
2015,0.870733,,0.908700,0.873483,0.259,539.9
2016,0.873283,,0.908700,0.873483,0.257,540.1
2017,0.871500,,0.908700,0.873483,0.254,540.4
2018,0.873550,,0.908700,0.873550,0.257,540.6
2019,0.870100,,0.908700,0.873550,0.257,540.9
2020,0.872200,,0.908700,0.873550,0.253,541.1
2021,0.870750,,0.908700,0.873550,0.257,541.4
2022,0.873050,,0.908700,0.873550,0.331,541.7
2023,0.871250,,0.908700,0.873550,0.256,542.0
2024,0.871633,,0.908700,0.873550,0.255,542.2
2025,0.873550,,0.908700,0.873550,0.254,542.5
2026,0.871867,,0.908700,0.873550,0.256,542.8
2027,0.870767,,0.908700,0.873550,0.256,543.0
2028,0.872600,,0.908700,0.873550,0.257,543.3
2029,0.872083,,0.908700,0.873550,0.254,543.5
2030,0.872750,,0.908700,0.873550,0.311,543.8
2031,0.872150,,0.908700,0.873550,0.255,544.1
2032,0.873717,,0.908700,0.873717,0.257,544.3
2033,0.870817,,0.908700,0.873717,0.255,544.6
2034,0.872333,,0.908700,0.873717,0.256,544.9
2035,0.873300,,0.908700,0.873717,0.254,545.1
2036,0.872683,,0.908700,0.873717,0.257,545.4
2037,0.871350,,0.908700,0.873717,0.261,545.6
2038,0.872850,,0.908700,0.873717,0.312,545.9
2039,0.872950,,0.908700,0.873717,0.258,546.2
2040,0.873200,,0.908700,0.873717,0.260,546.5
2041,0.872567,,0.908700,0.873717,0.253,546.7
2042,0.873050,,0.908700,0.873717,0.256,547.0
2043,0.871783,,0.908700,0.873717,0.257,547.2
2044,0.871333,,0.908700,0.873717,0.257,547.5
2045,0.871133,,0.908700,0.873717,0.254,547.7
2046,0.873467,,0.908700,0.873717,0.323,548.1
2047,0.873000,,0.908700,0.873717,0.260,548.3
2048,0.872683,,0.908700,0.873717,0.260,548.6
2049,0.872367,,0.908700,0.873717,0.257,548.8
2050,0.871883,0.9091999530792236,0.909200,0.873717,0.351,549.2
2051,0.872183,,0.909200,0.873717,0.177,549.4
2052,0.871917,,0.909200,0.873717,0.256,549.6
2053,0.873250,,0.909200,0.873717,0.256,549.9
2054,0.872633,,0.909200,0.873717,0.329,550.2
2055,0.873883,,0.909200,0.873883,0.257,550.5
2056,0.871267,,0.909200,0.873883,0.255,550.7
2057,0.873150,,0.909200,0.873883,0.256,551.0
2058,0.872283,,0.909200,0.873883,0.259,551.2
2059,0.873967,,0.909200,0.873967,0.258,551.5
2060,0.873617,,0.909200,0.873967,0.255,551.7
2061,0.873367,,0.909200,0.873967,0.255,552.0
2062,0.872650,,0.909200,0.873967,0.325,552.3
2063,0.871717,,0.909200,0.873967,0.255,552.6
2064,0.872633,,0.909200,0.873967,0.253,552.8
2065,0.870600,,0.909200,0.873967,0.255,553.1
2066,0.873933,,0.909200,0.873967,0.254,553.3
2067,0.870967,,0.909200,0.873967,0.255,553.6
2068,0.873167,,0.909200,0.873967,0.254,553.9
2069,0.872183,,0.909200,0.873967,0.258,554.1
2070,0.873867,,0.909200,0.873967,0.312,554.4
2071,0.873317,,0.909200,0.873967,0.253,554.7
2072,0.873467,,0.909200,0.873967,0.257,554.9
2073,0.873533,,0.909200,0.873967,0.258,555.2
2074,0.873950,,0.909200,0.873967,0.256,555.4
2075,0.872200,,0.909200,0.873967,0.256,555.7
2076,0.873100,,0.909200,0.873967,0.256,556.0
2077,0.871550,,0.909200,0.873967,0.259,556.2
2078,0.872500,,0.909200,0.873967,0.312,556.5
2079,0.873067,,0.909200,0.873967,0.256,556.8
2080,0.873200,,0.909200,0.873967,0.256,557.0
2081,0.874367,,0.909200,0.874367,0.257,557.3
2082,0.872083,,0.909200,0.874367,0.256,557.6
2083,0.874750,,0.909200,0.874750,0.253,557.8
2084,0.873117,,0.909200,0.874750,0.255,558.1
2085,0.872900,,0.909200,0.874750,0.255,558.3
2086,0.874000,,0.909200,0.874750,0.312,558.6
2087,0.873383,,0.909200,0.874750,0.255,558.9
2088,0.873467,,0.909200,0.874750,0.257,559.1
2089,0.875083,,0.909200,0.875083,0.254,559.4
2090,0.872500,,0.909200,0.875083,0.255,559.6
2091,0.872700,,0.909200,0.875083,0.256,559.9
2092,0.874583,,0.909200,0.875083,0.256,560.2
2093,0.873967,,0.909200,0.875083,0.261,560.4
2094,0.874217,,0.909200,0.875083,0.312,560.7
2095,0.873217,,0.909200,0.875083,0.256,561.0
2096,0.874300,,0.909200,0.875083,0.256,561.2
2097,0.873767,,0.909200,0.875083,0.254,561.5
2098,0.875633,,0.909200,0.875633,0.257,561.8
2099,0.872100,,0.909200,0.875633,0.255,562.0
2100,0.873833,0.9081999659538269,0.909200,0.875633,0.350,562.4
2101,0.873650,,0.909200,0.875633,0.177,562.5
2102,0.873967,,0.909200,0.875633,0.337,562.9
2103,0.872283,,0.909200,0.875633,0.267,563.1
2104,0.875800,,0.909200,0.875800,0.253,563.4
2105,0.873367,,0.909200,0.875800,0.256,563.7
2106,0.875783,,0.909200,0.875800,0.254,563.9
2107,0.875183,,0.909200,0.875800,0.267,564.2
2108,0.874333,,0.909200,0.875800,0.256,564.4
2109,0.872900,,0.909200,0.875800,0.254,564.7
2110,0.874233,,0.909200,0.875800,0.324,565.0
2111,0.872967,,0.909200,0.875800,0.256,565.3
2112,0.873667,,0.909200,0.875800,0.258,565.5
2113,0.873750,,0.909200,0.875800,0.256,565.8
2114,0.874633,,0.909200,0.875800,0.255,566.0
2115,0.873267,,0.909200,0.875800,0.257,566.3
2116,0.875250,,0.909200,0.875800,0.255,566.5
2117,0.873433,,0.909200,0.875800,0.256,566.8
2118,0.874250,,0.909200,0.875800,0.333,567.1
2119,0.875033,,0.909200,0.875800,0.257,567.4
2120,0.874367,,0.909200,0.875800,0.257,567.6
2121,0.875000,,0.909200,0.875800,0.255,567.9
2122,0.873667,,0.909200,0.875800,0.258,568.2
2123,0.875333,,0.909200,0.875800,0.254,568.4
2124,0.874467,,0.909200,0.875800,0.257,568.7
2125,0.873800,,0.909200,0.875800,0.255,568.9
2126,0.875050,,0.909200,0.875800,0.318,569.2
2127,0.873417,,0.909200,0.875800,0.255,569.5
2128,0.874900,,0.909200,0.875800,0.257,569.8
2129,0.875317,,0.909200,0.875800,0.256,570.0
2130,0.874133,,0.909200,0.875800,0.258,570.3
2131,0.874100,,0.909200,0.875800,0.257,570.5
2132,0.874300,,0.909200,0.875800,0.256,570.8
2133,0.874717,,0.909200,0.875800,0.259,571.0
2134,0.875033,,0.909200,0.875800,0.295,571.3
2135,0.874450,,0.909200,0.875800,0.259,571.6
2136,0.874283,,0.909200,0.875800,0.254,571.8
2137,0.873300,,0.909200,0.875800,0.253,572.1
2138,0.873633,,0.909200,0.875800,0.257,572.4
2139,0.874083,,0.909200,0.875800,0.255,572.6
2140,0.873383,,0.909200,0.875800,0.253,572.9
2141,0.873750,,0.909200,0.875800,0.256,573.1
2142,0.874150,,0.909200,0.875800,0.315,573.4
2143,0.874383,,0.909200,0.875800,0.255,573.7
2144,0.875867,,0.909200,0.875867,0.262,574.0
2145,0.874667,,0.909200,0.875867,0.258,574.2
2146,0.874700,,0.909200,0.875867,0.257,574.5
2147,0.874183,,0.909200,0.875867,0.255,574.7
2148,0.874983,,0.909200,0.875867,0.259,575.0
2149,0.874367,,0.909200,0.875867,0.256,575.2
2150,0.876067,0.9050999879837036,0.909200,0.876067,0.418,575.7
2151,0.873767,,0.909200,0.876067,0.180,575.8
2152,0.874083,,0.909200,0.876067,0.254,576.1
2153,0.875100,,0.909200,0.876067,0.252,576.3
2154,0.875250,,0.909200,0.876067,0.257,576.6
2155,0.874833,,0.909200,0.876067,0.256,576.9
2156,0.874133,,0.909200,0.876067,0.256,577.1
2157,0.874717,,0.909200,0.876067,0.254,577.4
2158,0.876317,,0.909200,0.876317,0.329,577.7
2159,0.874817,,0.909200,0.876317,0.260,578.0
2160,0.876133,,0.909200,0.876317,0.256,578.2
2161,0.875083,,0.909200,0.876317,0.254,578.5
2162,0.874017,,0.909200,0.876317,0.254,578.7
2163,0.875500,,0.909200,0.876317,0.256,579.0
2164,0.874317,,0.909200,0.876317,0.255,579.2
2165,0.876867,,0.909200,0.876867,0.255,579.5
2166,0.875933,,0.909200,0.876867,0.309,579.8
2167,0.874350,,0.909200,0.876867,0.253,580.0
2168,0.874183,,0.909200,0.876867,0.258,580.3
2169,0.874783,,0.909200,0.876867,0.259,580.6
2170,0.874750,,0.909200,0.876867,0.256,580.8
2171,0.874150,,0.909200,0.876867,0.256,581.1
2172,0.875017,,0.909200,0.876867,0.256,581.3
2173,0.873500,,0.909200,0.876867,0.256,581.6
2174,0.876717,,0.909200,0.876867,0.310,581.9
2175,0.874567,,0.909200,0.876867,0.256,582.1
2176,0.873550,,0.909200,0.876867,0.257,582.4
2177,0.875017,,0.909200,0.876867,0.254,582.7
2178,0.874383,,0.909200,0.876867,0.255,582.9
2179,0.874967,,0.909200,0.876867,0.256,583.2
2180,0.876317,,0.909200,0.876867,0.255,583.4
2181,0.875267,,0.909200,0.876867,0.257,583.7
2182,0.876483,,0.909200,0.876867,0.308,584.0
2183,0.876433,,0.909200,0.876867,0.257,584.2
2184,0.875117,,0.909200,0.876867,0.258,584.5
2185,0.873967,,0.909200,0.876867,0.253,584.8
2186,0.875800,,0.909200,0.876867,0.255,585.0
2187,0.876633,,0.909200,0.876867,0.257,585.3
2188,0.873883,,0.909200,0.876867,0.255,585.5
2189,0.876867,,0.909200,0.876867,0.255,585.8
2190,0.876517,,0.909200,0.876867,0.301,586.1
2191,0.875033,,0.909200,0.876867,0.255,586.3
2192,0.875267,,0.909200,0.876867,0.256,586.6
2193,0.875433,,0.909200,0.876867,0.256,586.8
2194,0.876233,,0.909200,0.876867,0.256,587.1
2195,0.876633,,0.909200,0.876867,0.255,587.4
2196,0.875733,,0.909200,0.876867,0.252,587.6
2197,0.875567,,0.909200,0.876867,0.257,587.9
2198,0.876717,,0.909200,0.876867,0.316,588.2
2199,0.876600,,0.909200,0.876867,0.256,588.4
2200,0.875667,0.9070999622344971,0.909200,0.876867,0.350,588.8
2201,0.875983,,0.909200,0.876867,0.177,589.0
2202,0.874683,,0.909200,0.876867,0.256,589.2
2203,0.875900,,0.909200,0.876867,0.257,589.5
2204,0.876050,,0.909200,0.876867,0.255,589.7
2205,0.874050,,0.909200,0.876867,0.255,590.0
2206,0.874033,,0.909200,0.876867,0.330,590.3
2207,0.875667,,0.909200,0.876867,0.257,590.6
2208,0.875133,,0.909200,0.876867,0.254,590.8
2209,0.876917,,0.909200,0.876917,0.256,591.1
2210,0.876367,,0.909200,0.876917,0.253,591.3
2211,0.874633,,0.909200,0.876917,0.260,591.6
2212,0.877317,,0.909200,0.877317,0.252,591.9
2213,0.876133,,0.909200,0.877317,0.257,592.1
2214,0.875450,,0.909200,0.877317,0.311,592.4
2215,0.876633,,0.909200,0.877317,0.253,592.7
2216,0.877283,,0.909200,0.877317,0.263,592.9
2217,0.874583,,0.909200,0.877317,0.260,593.2
2218,0.875467,,0.909200,0.877317,0.247,593.4
2219,0.877433,,0.909200,0.877433,0.258,593.7
2220,0.875367,,0.909200,0.877433,0.283,594.0
2221,0.876600,,0.909200,0.877433,0.255,594.2
2222,0.875367,,0.909200,0.877433,0.321,594.6
2223,0.877017,,0.909200,0.877433,0.256,594.8
2224,0.875483,,0.909200,0.877433,0.259,595.1
2225,0.875333,,0.909200,0.877433,0.255,595.3
2226,0.875700,,0.909200,0.877433,0.255,595.6
2227,0.875767,,0.909200,0.877433,0.258,595.8
2228,0.875533,,0.909200,0.877433,0.255,596.1
2229,0.874967,,0.909200,0.877433,0.257,596.4
2230,0.876467,,0.909200,0.877433,0.307,596.7
2231,0.875117,,0.909200,0.877433,0.255,596.9
2232,0.874250,,0.909200,0.877433,0.253,597.2
2233,0.877283,,0.909200,0.877433,0.258,597.4
2234,0.875917,,0.909200,0.877433,0.257,597.7
2235,0.875683,,0.909200,0.877433,0.254,597.9
2236,0.874833,,0.909200,0.877433,0.256,598.2
2237,0.875800,,0.909200,0.877433,0.256,598.5
2238,0.875717,,0.909200,0.877433,0.287,598.7
2239,0.875783,,0.909200,0.877433,0.253,599.0
2240,0.876050,,0.909200,0.877433,0.258,599.3
2241,0.875167,,0.909200,0.877433,0.254,599.5
2242,0.875833,,0.909200,0.877433,0.255,599.8
2243,0.875933,,0.909200,0.877433,0.257,600.0
2244,0.875850,,0.909200,0.877433,0.258,600.3
2245,0.874850,,0.909200,0.877433,0.257,600.5
2246,0.875800,,0.909200,0.877433,0.310,600.8
2247,0.876150,,0.909200,0.877433,0.257,601.1
2248,0.875200,,0.909200,0.877433,0.258,601.4
2249,0.875267,,0.909200,0.877433,0.255,601.6
2250,0.875950,0.906499981880188,0.909200,0.877433,0.352,602.0
2251,0.875517,,0.909200,0.877433,0.175,602.1
2252,0.876883,,0.909200,0.877433,0.260,602.4
2253,0.876700,,0.909200,0.877433,0.256,602.7
2254,0.875217,,0.909200,0.877433,0.323,603.0
2255,0.873817,,0.909200,0.877433,0.252,603.2
2256,0.875200,,0.909200,0.877433,0.254,603.5
2257,0.876633,,0.909200,0.877433,0.255,603.7
2258,0.874733,,0.909200,0.877433,0.257,604.0
2259,0.877300,,0.909200,0.877433,0.255,604.3
2260,0.876100,,0.909200,0.877433,0.257,604.5
2261,0.875950,,0.909200,0.877433,0.255,604.8
2262,0.875317,,0.909200,0.877433,0.312,605.1
2263,0.875300,,0.909200,0.877433,0.258,605.3
2264,0.875533,,0.909200,0.877433,0.254,605.6
2265,0.875050,,0.909200,0.877433,0.256,605.8
2266,0.875783,,0.909200,0.877433,0.258,606.1
2267,0.875217,,0.909200,0.877433,0.257,606.4
2268,0.876783,,0.909200,0.877433,0.256,606.6
2269,0.874383,,0.909200,0.877433,0.256,606.9
2270,0.875850,,0.909200,0.877433,0.321,607.2
2271,0.875100,,0.909200,0.877433,0.254,607.4
2272,0.875700,,0.909200,0.877433,0.258,607.7
2273,0.874650,,0.909200,0.877433,0.256,608.0
2274,0.876867,,0.909200,0.877433,0.255,608.2
2275,0.874233,,0.909200,0.877433,0.254,608.5
2276,0.875883,,0.909200,0.877433,0.256,608.7
2277,0.875017,,0.909200,0.877433,0.258,609.0
2278,0.878367,,0.909200,0.878367,0.302,609.3
2279,0.876750,,0.909200,0.878367,0.257,609.5
2280,0.874717,,0.909200,0.878367,0.257,609.8
2281,0.876733,,0.909200,0.878367,0.253,610.1
2282,0.876600,,0.909200,0.878367,0.260,610.3
2283,0.876167,,0.909200,0.878367,0.257,610.6
2284,0.872067,,0.909200,0.878367,0.260,610.8
2285,0.874967,,0.909200,0.878367,0.253,611.1
2286,0.876550,,0.909200,0.878367,0.328,611.4
2287,0.874517,,0.909200,0.878367,0.257,611.7
2288,0.875533,,0.909200,0.878367,0.256,611.9
2289,0.877100,,0.909200,0.878367,0.255,612.2
2290,0.875233,,0.909200,0.878367,0.254,612.4
2291,0.877867,,0.909200,0.878367,0.256,612.7
2292,0.875267,,0.909200,0.878367,0.256,612.9
2293,0.875733,,0.909200,0.878367,0.259,613.2
2294,0.876367,,0.909200,0.878367,0.326,613.5
2295,0.874233,,0.909200,0.878367,0.260,613.8
2296,0.875150,,0.909200,0.878367,0.258,614.0
2297,0.874333,,0.909200,0.878367,0.257,614.3
2298,0.876383,,0.909200,0.878367,0.259,614.6
2299,0.876083,,0.909200,0.878367,0.257,614.8
2300,0.875267,0.9070999622344971,0.909200,0.878367,0.360,615.2
2301,0.875917,,0.909200,0.878367,0.180,615.4
2302,0.876433,,0.909200,0.878367,0.323,615.7
2303,0.876250,,0.909200,0.878367,0.260,615.9
2304,0.875317,,0.909200,0.878367,0.256,616.2
2305,0.876750,,0.909200,0.878367,0.252,616.5
2306,0.874150,,0.909200,0.878367,0.256,616.7
2307,0.874900,,0.909200,0.878367,0.252,617.0
2308,0.875517,,0.909200,0.878367,0.257,617.2
2309,0.876533,,0.909200,0.878367,0.253,617.5
2310,0.876817,,0.909200,0.878367,0.292,617.8
2311,0.874783,,0.909200,0.878367,0.258,618.0
2312,0.876767,,0.909200,0.878367,0.256,618.3
2313,0.876500,,0.909200,0.878367,0.256,618.5
2314,0.876300,,0.909200,0.878367,0.257,618.8
2315,0.875317,,0.909200,0.878367,0.257,619.0
2316,0.876967,,0.909200,0.878367,0.256,619.3
2317,0.876000,,0.909200,0.878367,0.258,619.6
2318,0.875733,,0.909200,0.878367,0.309,619.9
2319,0.876800,,0.909200,0.878367,0.257,620.1
2320,0.877367,,0.909200,0.878367,0.256,620.4
2321,0.875267,,0.909200,0.878367,0.257,620.6
2322,0.875883,,0.909200,0.878367,0.262,620.9
2323,0.874900,,0.909200,0.878367,0.269,621.2
2324,0.876850,,0.909200,0.878367,0.257,621.4
2325,0.876633,,0.909200,0.878367,0.257,621.7
2326,0.877467,,0.909200,0.878367,0.329,622.0
2327,0.874617,,0.909200,0.878367,0.274,622.3
2328,0.874917,,0.909200,0.878367,0.266,622.5
2329,0.877800,,0.909200,0.878367,0.266,622.8
2330,0.876883,,0.909200,0.878367,0.269,623.1
2331,0.875700,,0.909200,0.878367,0.264,623.3
2332,0.875317,,0.909200,0.878367,0.260,623.6
2333,0.877467,,0.909200,0.878367,0.298,623.9
2334,0.875233,,0.909200,0.878367,0.330,624.2
2335,0.875283,,0.909200,0.878367,0.261,624.5
2336,0.877667,,0.909200,0.878367,0.260,624.8
2337,0.875117,,0.909200,0.878367,0.265,625.0
2338,0.874833,,0.909200,0.878367,0.266,625.3
2339,0.876200,,0.909200,0.878367,0.264,625.6
2340,0.875617,,0.909200,0.878367,0.271,625.8
2341,0.876783,,0.909200,0.878367,0.269,626.1
2342,0.876567,,0.909200,0.878367,0.330,626.4
2343,0.875567,,0.909200,0.878367,0.258,626.7
2344,0.877033,,0.909200,0.878367,0.258,626.9
2345,0.877283,,0.909200,0.878367,0.257,627.2
2346,0.877750,,0.909200,0.878367,0.254,627.4
2347,0.877650,,0.909200,0.878367,0.256,627.7
2348,0.876650,,0.909200,0.878367,0.253,628.0
2349,0.876183,,0.909200,0.878367,0.256,628.2
2350,0.876717,0.9049999713897705,0.909200,0.878367,0.405,628.6
2351,0.878083,,0.909200,0.878367,0.175,628.8
2352,0.878633,,0.909200,0.878633,0.255,629.0
2353,0.877967,,0.909200,0.878633,0.257,629.3
2354,0.875533,,0.909200,0.878633,0.257,629.6
2355,0.877650,,0.909200,0.878633,0.254,629.8
2356,0.878650,,0.909200,0.878650,0.257,630.1
2357,0.877767,,0.909200,0.878650,0.255,630.3
2358,0.876417,,0.909200,0.878650,0.325,630.7
2359,0.877433,,0.909200,0.878650,0.253,630.9
2360,0.878783,,0.909200,0.878783,0.258,631.2
2361,0.877517,,0.909200,0.878783,0.256,631.4
2362,0.877100,,0.909200,0.878783,0.256,631.7
2363,0.876700,,0.909200,0.878783,0.256,631.9
2364,0.877483,,0.909200,0.878783,0.255,632.2
2365,0.878417,,0.909200,0.878783,0.255,632.4
2366,0.877683,,0.909200,0.878783,0.313,632.8
2367,0.878117,,0.909200,0.878783,0.255,633.0
2368,0.876617,,0.909200,0.878783,0.255,633.3
2369,0.878550,,0.909200,0.878783,0.257,633.5
2370,0.878150,,0.909200,0.878783,0.255,633.8
2371,0.879183,,0.909200,0.879183,0.258,634.0
2372,0.877783,,0.909200,0.879183,0.256,634.3
2373,0.877300,,0.909200,0.879183,0.257,634.5
2374,0.877583,,0.909200,0.879183,0.316,634.9
2375,0.877917,,0.909200,0.879183,0.258,635.1
2376,0.878300,,0.909200,0.879183,0.257,635.4
2377,0.878183,,0.909200,0.879183,0.254,635.6
2378,0.877317,,0.909200,0.879183,0.259,635.9
2379,0.877917,,0.909200,0.879183,0.259,636.1
2380,0.877417,,0.909200,0.879183,0.257,636.4
2381,0.875550,,0.909200,0.879183,0.255,636.7
2382,0.877367,,0.909200,0.879183,0.325,637.0
2383,0.875950,,0.909200,0.879183,0.257,637.2
2384,0.876800,,0.909200,0.879183,0.281,637.5
2385,0.877683,,0.909200,0.879183,0.257,637.8
2386,0.876650,,0.909200,0.879183,0.258,638.0
2387,0.877967,,0.909200,0.879183,0.257,638.3
2388,0.878367,,0.909200,0.879183,0.255,638.5
2389,0.875733,,0.909200,0.879183,0.257,638.8
2390,0.877617,,0.909200,0.879183,0.324,639.1
2391,0.878450,,0.909200,0.879183,0.257,639.4
2392,0.877367,,0.909200,0.879183,0.256,639.6
2393,0.877667,,0.909200,0.879183,0.259,639.9
2394,0.877750,,0.909200,0.879183,0.258,640.2
2395,0.877767,,0.909200,0.879183,0.258,640.4
2396,0.878983,,0.909200,0.879183,0.257,640.7
2397,0.878133,,0.909200,0.879183,0.255,640.9
2398,0.877533,,0.909200,0.879183,0.317,641.2
2399,0.877083,,0.909200,0.879183,0.256,641.5
2400,0.879217,0.9065999984741211,0.909200,0.879217,0.353,641.9
2401,0.877800,,0.909200,0.879217,0.176,642.0
2402,0.877400,,0.909200,0.879217,0.259,642.3
2403,0.879150,,0.909200,0.879217,0.254,642.5
2404,0.877967,,0.909200,0.879217,0.256,642.8
2405,0.877967,,0.909200,0.879217,0.255,643.1
2406,0.878417,,0.909200,0.879217,0.325,643.4
2407,0.877600,,0.909200,0.879217,0.256,643.6
2408,0.877150,,0.909200,0.879217,0.257,643.9
2409,0.877333,,0.909200,0.879217,0.258,644.2
2410,0.879067,,0.909200,0.879217,0.257,644.4
2411,0.878317,,0.909200,0.879217,0.255,644.7
2412,0.877650,,0.909200,0.879217,0.258,644.9
2413,0.877117,,0.909200,0.879217,0.260,645.2
2414,0.877550,,0.909200,0.879217,0.331,645.5
2415,0.879100,,0.909200,0.879217,0.260,645.8
2416,0.879567,,0.909200,0.879567,0.258,646.0
2417,0.877817,,0.909200,0.879567,0.254,646.3
2418,0.878350,,0.909200,0.879567,0.257,646.5
2419,0.876517,,0.909200,0.879567,0.257,646.8
2420,0.876950,,0.909200,0.879567,0.257,647.1
2421,0.877833,,0.909200,0.879567,0.257,647.3
2422,0.878067,,0.909200,0.879567,0.331,647.6
2423,0.878100,,0.909200,0.879567,0.256,647.9
2424,0.877817,,0.909200,0.879567,0.255,648.2
2425,0.877350,,0.909200,0.879567,0.256,648.4
2426,0.878117,,0.909200,0.879567,0.257,648.7
2427,0.879667,,0.909200,0.879667,0.260,648.9
2428,0.880617,,0.909200,0.880617,0.255,649.2
2429,0.877550,,0.909200,0.880617,0.256,649.4
2430,0.878833,,0.909200,0.880617,0.330,649.8
2431,0.878233,,0.909200,0.880617,0.262,650.0
2432,0.878500,,0.909200,0.880617,0.258,650.3
2433,0.879100,,0.909200,0.880617,0.255,650.5
2434,0.876750,,0.909200,0.880617,0.258,650.8
2435,0.879183,,0.909200,0.880617,0.258,651.1
2436,0.879550,,0.909200,0.880617,0.258,651.3
2437,0.878117,,0.909200,0.880617,0.254,651.6
2438,0.878400,,0.909200,0.880617,0.333,651.9
2439,0.879567,,0.909200,0.880617,0.258,652.2
2440,0.879900,,0.909200,0.880617,0.258,652.4
2441,0.879817,,0.909200,0.880617,0.259,652.7
2442,0.879467,,0.909200,0.880617,0.260,652.9
2443,0.879850,,0.909200,0.880617,0.257,653.2
2444,0.878250,,0.909200,0.880617,0.255,653.5
2445,0.878550,,0.909200,0.880617,0.313,653.8
2446,0.880550,,0.909200,0.880617,0.322,654.1
2447,0.879450,,0.909200,0.880617,0.258,654.3
2448,0.878567,,0.909200,0.880617,0.256,654.6
2449,0.876883,,0.909200,0.880617,0.254,654.9
2450,0.878383,0.9061999917030334,0.909200,0.880617,0.351,655.2
2451,0.878050,,0.909200,0.880617,0.177,655.4
2452,0.879850,,0.909200,0.880617,0.258,655.6
2453,0.878917,,0.909200,0.880617,0.258,655.9
2454,0.879283,,0.909200,0.880617,0.328,656.2
2455,0.878433,,0.909200,0.880617,0.255,656.5
2456,0.879300,,0.909200,0.880617,0.256,656.7
2457,0.880150,,0.909200,0.880617,0.260,657.0
2458,0.878333,,0.909200,0.880617,0.256,657.3
2459,0.879950,,0.909200,0.880617,0.256,657.5
2460,0.877800,,0.909200,0.880617,0.258,657.8
2461,0.881983,,0.909200,0.881983,0.255,658.0
2462,0.879317,,0.909200,0.881983,0.311,658.3
2463,0.878633,,0.909200,0.881983,0.256,658.6
2464,0.877933,,0.909200,0.881983,0.254,658.8
2465,0.879983,,0.909200,0.881983,0.259,659.1
2466,0.880217,,0.909200,0.881983,0.254,659.4
2467,0.879700,,0.909200,0.881983,0.257,659.6
2468,0.879017,,0.909200,0.881983,0.257,659.9
2469,0.879467,,0.909200,0.881983,0.258,660.1
2470,0.880450,,0.909200,0.881983,0.319,660.4
2471,0.878883,,0.909200,0.881983,0.256,660.7
2472,0.879950,,0.909200,0.881983,0.256,661.0
2473,0.879633,,0.909200,0.881983,0.255,661.2
2474,0.879350,,0.909200,0.881983,0.256,661.5
2475,0.878717,,0.909200,0.881983,0.255,661.7
2476,0.879667,,0.909200,0.881983,0.255,662.0
2477,0.880183,,0.909200,0.881983,0.256,662.2
2478,0.879567,,0.909200,0.881983,0.285,662.5
2479,0.879267,,0.909200,0.881983,0.257,662.8
2480,0.880033,,0.909200,0.881983,0.255,663.0
2481,0.880117,,0.909200,0.881983,0.254,663.3
2482,0.879100,,0.909200,0.881983,0.257,663.5
2483,0.881633,,0.909200,0.881983,0.259,663.8
2484,0.880250,,0.909200,0.881983,0.257,664.1
2485,0.879850,,0.909200,0.881983,0.256,664.3
2486,0.878633,,0.909200,0.881983,0.316,664.6
2487,0.880083,,0.909200,0.881983,0.258,664.9
2488,0.880583,,0.909200,0.881983,0.257,665.1
2489,0.878583,,0.909200,0.881983,0.254,665.4
2490,0.879733,,0.909200,0.881983,0.256,665.7
2491,0.879950,,0.909200,0.881983,0.255,665.9
2492,0.878183,,0.909200,0.881983,0.255,666.2
2493,0.879600,,0.909200,0.881983,0.255,666.4
2494,0.880767,,0.909200,0.881983,0.311,666.7
2495,0.878850,,0.909200,0.881983,0.258,667.0
2496,0.879500,,0.909200,0.881983,0.256,667.2
2497,0.880267,,0.909200,0.881983,0.257,667.5
2498,0.880217,,0.909200,0.881983,0.257,667.8
2499,0.878983,,0.909200,0.881983,0.259,668.0
2500,0.881733,0.9080999493598938,0.909200,0.881983,0.350,668.4
2501,0.880983,,0.909200,0.881983,0.176,668.5
2502,0.880600,,0.909200,0.881983,0.322,668.9
2503,0.878300,,0.909200,0.881983,0.258,669.1
2504,0.881217,,0.909200,0.881983,0.257,669.4
2505,0.880133,,0.909200,0.881983,0.257,669.6
2506,0.879783,,0.909200,0.881983,0.256,669.9
2507,0.881617,,0.909200,0.881983,0.256,670.2
2508,0.879750,,0.909200,0.881983,0.255,670.4
2509,0.880000,,0.909200,0.881983,0.256,670.7
2510,0.880983,,0.909200,0.881983,0.331,671.0
2511,0.879867,,0.909200,0.881983,0.258,671.3
2512,0.879733,,0.909200,0.881983,0.261,671.5
2513,0.879217,,0.909200,0.881983,0.257,671.8
2514,0.879800,,0.909200,0.881983,0.258,672.0
2515,0.878867,,0.909200,0.881983,0.256,672.3
2516,0.879867,,0.909200,0.881983,0.256,672.5
2517,0.879617,,0.909200,0.881983,0.259,672.8
2518,0.881267,,0.909200,0.881983,0.324,673.1
2519,0.880917,,0.909200,0.881983,0.258,673.4
2520,0.880283,,0.909200,0.881983,0.257,673.6
2521,0.879250,,0.909200,0.881983,0.256,673.9
2522,0.881283,,0.909200,0.881983,0.255,674.2
2523,0.879617,,0.909200,0.881983,0.257,674.4
2524,0.880467,,0.909200,0.881983,0.259,674.7
2525,0.879583,,0.909200,0.881983,0.260,674.9
2526,0.880467,,0.909200,0.881983,0.328,675.3
2527,0.879517,,0.909200,0.881983,0.255,675.5
2528,0.881250,,0.909200,0.881983,0.258,675.8
2529,0.880533,,0.909200,0.881983,0.256,676.0
2530,0.880200,,0.909200,0.881983,0.254,676.3
2531,0.880267,,0.909200,0.881983,0.260,676.5
2532,0.880283,,0.909200,0.881983,0.260,676.8
2533,0.880100,,0.909200,0.881983,0.256,677.1
2534,0.879500,,0.909200,0.881983,0.323,677.4
2535,0.880217,,0.909200,0.881983,0.254,677.6
2536,0.879900,,0.909200,0.881983,0.258,677.9
2537,0.879317,,0.909200,0.881983,0.259,678.1
2538,0.879700,,0.909200,0.881983,0.262,678.4
2539,0.880450,,0.909200,0.881983,0.256,678.7
2540,0.880033,,0.909200,0.881983,0.272,678.9
2541,0.879817,,0.909200,0.881983,0.254,679.2
2542,0.879200,,0.909200,0.881983,0.327,679.5
2543,0.880183,,0.909200,0.881983,0.257,679.8
2544,0.880933,,0.909200,0.881983,0.256,680.0
2545,0.879450,,0.909200,0.881983,0.253,680.3
2546,0.881717,,0.909200,0.881983,0.258,680.5
2547,0.879283,,0.909200,0.881983,0.259,680.8
2548,0.880800,,0.909200,0.881983,0.255,681.1
2549,0.879400,,0.909200,0.881983,0.254,681.3
2550,0.879950,0.9096999764442444,0.909700,0.881983,0.431,681.7
2551,0.879617,,0.909700,0.881983,0.178,681.9
2552,0.880700,,0.909700,0.881983,0.256,682.2
2553,0.879317,,0.909700,0.881983,0.254,682.4
2554,0.878467,,0.909700,0.881983,0.261,682.7
2555,0.879283,,0.909700,0.881983,0.258,682.9
2556,0.879867,,0.909700,0.881983,0.259,683.2
2557,0.879383,,0.909700,0.881983,0.295,683.5
2558,0.880200,,0.909700,0.881983,0.317,683.8
2559,0.880667,,0.909700,0.881983,0.259,684.1
2560,0.879700,,0.909700,0.881983,0.256,684.3
2561,0.881983,,0.909700,0.881983,0.259,684.6
2562,0.879617,,0.909700,0.881983,0.253,684.8
2563,0.880783,,0.909700,0.881983,0.260,685.1
2564,0.881033,,0.909700,0.881983,0.259,685.4
2565,0.880967,,0.909700,0.881983,0.258,685.6
2566,0.879683,,0.909700,0.881983,0.327,686.0
2567,0.881017,,0.909700,0.881983,0.255,686.2
2568,0.881167,,0.909700,0.881983,0.258,686.5
2569,0.882100,,0.909700,0.882100,0.254,686.7
2570,0.880700,,0.909700,0.882100,0.256,687.0
2571,0.881333,,0.909700,0.882100,0.256,687.2
2572,0.881117,,0.909700,0.882100,0.255,687.5
2573,0.881367,,0.909700,0.882100,0.258,687.7
2574,0.879533,,0.909700,0.882100,0.313,688.1
2575,0.880283,,0.909700,0.882100,0.251,688.3
2576,0.880117,,0.909700,0.882100,0.254,688.6
2577,0.880667,,0.909700,0.882100,0.254,688.8
2578,0.878667,,0.909700,0.882100,0.256,689.1
2579,0.880883,,0.909700,0.882100,0.257,689.3
2580,0.881433,,0.909700,0.882100,0.256,689.6
2581,0.880600,,0.909700,0.882100,0.256,689.8
2582,0.879117,,0.909700,0.882100,0.329,690.2
2583,0.880867,,0.909700,0.882100,0.255,690.4
2584,0.879517,,0.909700,0.882100,0.257,690.7
2585,0.881283,,0.909700,0.882100,0.254,690.9
2586,0.880650,,0.909700,0.882100,0.256,691.2
2587,0.878667,,0.909700,0.882100,0.257,691.4
2588,0.883133,,0.909700,0.883133,0.257,691.7
2589,0.880800,,0.909700,0.883133,0.255,692.0
2590,0.880333,,0.909700,0.883133,0.311,692.3
2591,0.880800,,0.909700,0.883133,0.255,692.5
2592,0.879700,,0.909700,0.883133,0.256,692.8
2593,0.881083,,0.909700,0.883133,0.259,693.0
2594,0.880967,,0.909700,0.883133,0.256,693.3
2595,0.881300,,0.909700,0.883133,0.254,693.6
2596,0.881250,,0.909700,0.883133,0.259,693.8
2597,0.880933,,0.909700,0.883133,0.255,694.1
2598,0.883550,,0.909700,0.883550,0.310,694.4
2599,0.883167,,0.909700,0.883550,0.258,694.6
2600,0.882067,0.9062999486923218,0.909700,0.883550,0.352,695.0
2601,0.881317,,0.909700,0.883550,0.175,695.2
2602,0.881233,,0.909700,0.883550,0.258,695.4
2603,0.880483,,0.909700,0.883550,0.258,695.7
2604,0.880050,,0.909700,0.883550,0.259,695.9
2605,0.881050,,0.909700,0.883550,0.259,696.2
2606,0.880183,,0.909700,0.883550,0.327,696.5
2607,0.880350,,0.909700,0.883550,0.256,696.8
2608,0.882217,,0.909700,0.883550,0.254,697.0
2609,0.881367,,0.909700,0.883550,0.255,697.3
2610,0.881817,,0.909700,0.883550,0.258,697.5
2611,0.881167,,0.909700,0.883550,0.253,697.8
2612,0.880383,,0.909700,0.883550,0.256,698.1
2613,0.880883,,0.909700,0.883550,0.256,698.3
2614,0.880550,,0.909700,0.883550,0.305,698.6
2615,0.880867,,0.909700,0.883550,0.255,698.9
2616,0.880200,,0.909700,0.883550,0.256,699.1
2617,0.880533,,0.909700,0.883550,0.257,699.4
2618,0.882083,,0.909700,0.883550,0.255,699.6
2619,0.881200,,0.909700,0.883550,0.257,699.9
2620,0.881917,,0.909700,0.883550,0.254,700.1
2621,0.880033,,0.909700,0.883550,0.255,700.4
2622,0.881117,,0.909700,0.883550,0.295,700.7
2623,0.880200,,0.909700,0.883550,0.257,701.0
2624,0.882917,,0.909700,0.883550,0.259,701.2
2625,0.883150,,0.909700,0.883550,0.255,701.5
2626,0.881817,,0.909700,0.883550,0.255,701.7
2627,0.881783,,0.909700,0.883550,0.257,702.0
2628,0.880817,,0.909700,0.883550,0.256,702.2
2629,0.881967,,0.909700,0.883550,0.256,702.5
2630,0.882283,,0.909700,0.883550,0.317,702.8
2631,0.881517,,0.909700,0.883550,0.257,703.1
2632,0.881217,,0.909700,0.883550,0.255,703.3
2633,0.882033,,0.909700,0.883550,0.255,703.6
2634,0.880583,,0.909700,0.883550,0.258,703.8
2635,0.882283,,0.909700,0.883550,0.256,704.1
2636,0.882900,,0.909700,0.883550,0.257,704.3
2637,0.881483,,0.909700,0.883550,0.257,704.6
2638,0.880583,,0.909700,0.883550,0.305,704.9
2639,0.881817,,0.909700,0.883550,0.251,705.2
2640,0.882967,,0.909700,0.883550,0.256,705.4
2641,0.883133,,0.909700,0.883550,0.259,705.7
2642,0.882233,,0.909700,0.883550,0.257,705.9
2643,0.881883,,0.909700,0.883550,0.254,706.2
2644,0.881267,,0.909700,0.883550,0.254,706.4
2645,0.881200,,0.909700,0.883550,0.255,706.7
2646,0.880067,,0.909700,0.883550,0.284,707.0
2647,0.882133,,0.909700,0.883550,0.258,707.2
2648,0.881233,,0.909700,0.883550,0.259,707.5
2649,0.882767,,0.909700,0.883550,0.257,707.8
2650,0.882017,0.9083999991416931,0.909700,0.883550,0.348,708.1
2651,0.881167,,0.909700,0.883550,0.180,708.3
2652,0.882017,,0.909700,0.883550,0.253,708.5
2653,0.882133,,0.909700,0.883550,0.253,708.8
2654,0.882200,,0.909700,0.883550,0.310,709.1
2655,0.882167,,0.909700,0.883550,0.258,709.4
2656,0.881083,,0.909700,0.883550,0.254,709.6
2657,0.881500,,0.909700,0.883550,0.259,709.9
2658,0.883333,,0.909700,0.883550,0.254,710.1
2659,0.881750,,0.909700,0.883550,0.258,710.4
2660,0.883450,,0.909700,0.883550,0.257,710.6
2661,0.880433,,0.909700,0.883550,0.255,710.9
2662,0.880850,,0.909700,0.883550,0.329,711.2
2663,0.882433,,0.909700,0.883550,0.256,711.5
2664,0.881233,,0.909700,0.883550,0.257,711.7
2665,0.883300,,0.909700,0.883550,0.258,712.0
2666,0.881500,,0.909700,0.883550,0.253,712.2
2667,0.882967,,0.909700,0.883550,0.256,712.5
2668,0.881117,,0.909700,0.883550,0.255,712.8
2669,0.883183,,0.909700,0.883550,0.254,713.0
2670,0.882817,,0.909700,0.883550,0.350,713.4
2671,0.882633,,0.909700,0.883550,0.256,713.6
2672,0.882533,,0.909700,0.883550,0.255,713.9
2673,0.880883,,0.909700,0.883550,0.253,714.1
2674,0.881800,,0.909700,0.883550,0.255,714.4
2675,0.882233,,0.909700,0.883550,0.257,714.6
2676,0.881183,,0.909700,0.883550,0.255,714.9
2677,0.881300,,0.909700,0.883550,0.260,715.2
2678,0.882617,,0.909700,0.883550,0.319,715.5
2679,0.882750,,0.909700,0.883550,0.257,715.7
2680,0.882417,,0.909700,0.883550,0.256,716.0
2681,0.882317,,0.909700,0.883550,0.255,716.2
2682,0.880283,,0.909700,0.883550,0.257,716.5
2683,0.881350,,0.909700,0.883550,0.250,716.7
2684,0.882867,,0.909700,0.883550,0.254,717.0
2685,0.882117,,0.909700,0.883550,0.257,717.3
2686,0.882700,,0.909700,0.883550,0.310,717.6
2687,0.882550,,0.909700,0.883550,0.256,717.8
2688,0.882967,,0.909700,0.883550,0.256,718.1
2689,0.882850,,0.909700,0.883550,0.255,718.3
2690,0.881950,,0.909700,0.883550,0.256,718.6
2691,0.880933,,0.909700,0.883550,0.253,718.8
2692,0.881350,,0.909700,0.883550,0.256,719.1
2693,0.881767,,0.909700,0.883550,0.254,719.4
2694,0.880817,,0.909700,0.883550,0.294,719.6
2695,0.881017,,0.909700,0.883550,0.255,719.9
2696,0.883050,,0.909700,0.883550,0.259,720.2
2697,0.881483,,0.909700,0.883550,0.255,720.4
2698,0.882083,,0.909700,0.883550,0.257,720.7
2699,0.883383,,0.909700,0.883550,0.257,720.9
2700,0.883033,0.9120000004768372,0.912000,0.883550,0.349,721.3
2701,0.882017,,0.912000,0.883550,0.175,721.5
2702,0.883200,,0.912000,0.883550,0.324,721.8
2703,0.881700,,0.912000,0.883550,0.256,722.0
2704,0.881767,,0.912000,0.883550,0.254,722.3
2705,0.883767,,0.912000,0.883767,0.255,722.5
2706,0.883167,,0.912000,0.883767,0.256,722.8
2707,0.883433,,0.912000,0.883767,0.257,723.1
2708,0.884367,,0.912000,0.884367,0.257,723.3
2709,0.883000,,0.912000,0.884367,0.255,723.6
2710,0.882917,,0.912000,0.884367,0.307,723.9
2711,0.882117,,0.912000,0.884367,0.255,724.1
2712,0.882750,,0.912000,0.884367,0.255,724.4
2713,0.882550,,0.912000,0.884367,0.256,724.6
2714,0.882850,,0.912000,0.884367,0.255,724.9
2715,0.881333,,0.912000,0.884367,0.257,725.2
2716,0.884233,,0.912000,0.884367,0.255,725.4
2717,0.883283,,0.912000,0.884367,0.253,725.7
2718,0.882850,,0.912000,0.884367,0.318,726.0
2719,0.882083,,0.912000,0.884367,0.263,726.2
2720,0.883150,,0.912000,0.884367,0.257,726.5
2721,0.883933,,0.912000,0.884367,0.254,726.8
2722,0.882250,,0.912000,0.884367,0.258,727.0
2723,0.882233,,0.912000,0.884367,0.260,727.3
2724,0.883033,,0.912000,0.884367,0.256,727.5
2725,0.882833,,0.912000,0.884367,0.258,727.8
2726,0.882533,,0.912000,0.884367,0.328,728.1
2727,0.883633,,0.912000,0.884367,0.256,728.4
2728,0.882933,,0.912000,0.884367,0.258,728.6
2729,0.883533,,0.912000,0.884367,0.256,728.9
2730,0.882483,,0.912000,0.884367,0.256,729.1
2731,0.883067,,0.912000,0.884367,0.256,729.4
2732,0.883033,,0.912000,0.884367,0.256,729.6
2733,0.883367,,0.912000,0.884367,0.255,729.9
2734,0.882667,,0.912000,0.884367,0.332,730.2
2735,0.882383,,0.912000,0.884367,0.258,730.5
2736,0.880917,,0.912000,0.884367,0.261,730.8
2737,0.883617,,0.912000,0.884367,0.259,731.0
2738,0.883567,,0.912000,0.884367,0.263,731.3
2739,0.883567,,0.912000,0.884367,0.255,731.5
2740,0.882583,,0.912000,0.884367,0.258,731.8
2741,0.882917,,0.912000,0.884367,0.258,732.0
2742,0.883767,,0.912000,0.884367,0.329,732.4
2743,0.883917,,0.912000,0.884367,0.263,732.6
2744,0.881717,,0.912000,0.884367,0.259,732.9
2745,0.882500,,0.912000,0.884367,0.262,733.2
2746,0.884233,,0.912000,0.884367,0.260,733.4
2747,0.882583,,0.912000,0.884367,0.258,733.7
2748,0.884417,,0.912000,0.884417,0.257,733.9
2749,0.884100,,0.912000,0.884417,0.260,734.2
2750,0.883850,0.9099999666213989,0.912000,0.884417,0.419,734.6
2751,0.884817,,0.912000,0.884817,0.180,734.8
2752,0.882567,,0.912000,0.884817,0.263,735.1
2753,0.883267,,0.912000,0.884817,0.258,735.3
2754,0.883900,,0.912000,0.884817,0.259,735.6
2755,0.884283,,0.912000,0.884817,0.255,735.8
2756,0.882383,,0.912000,0.884817,0.256,736.1
2757,0.883933,,0.912000,0.884817,0.257,736.3
2758,0.882450,,0.912000,0.884817,0.324,736.7
2759,0.883783,,0.912000,0.884817,0.256,736.9
2760,0.882983,,0.912000,0.884817,0.253,737.2
2761,0.883417,,0.912000,0.884817,0.257,737.4
2762,0.882983,,0.912000,0.884817,0.255,737.7
2763,0.883450,,0.912000,0.884817,0.258,737.9
2764,0.885017,,0.912000,0.885017,0.256,738.2
2765,0.884017,,0.912000,0.885017,0.257,738.5
2766,0.883183,,0.912000,0.885017,0.314,738.8
2767,0.883550,,0.912000,0.885017,0.255,739.0
2768,0.881850,,0.912000,0.885017,0.256,739.3
2769,0.882717,,0.912000,0.885017,0.255,739.5
2770,0.884017,,0.912000,0.885017,0.255,739.8
2771,0.884450,,0.912000,0.885017,0.256,740.1
2772,0.881683,,0.912000,0.885017,0.255,740.3
2773,0.883783,,0.912000,0.885017,0.257,740.6
2774,0.884183,,0.912000,0.885017,0.333,740.9
2775,0.883417,,0.912000,0.885017,0.258,741.2
2776,0.881767,,0.912000,0.885017,0.257,741.4
2777,0.882917,,0.912000,0.885017,0.256,741.7
2778,0.883883,,0.912000,0.885017,0.255,741.9
2779,0.883417,,0.912000,0.885017,0.257,742.2
2780,0.881200,,0.912000,0.885017,0.255,742.4
2781,0.883850,,0.912000,0.885017,0.257,742.7
2782,0.882283,,0.912000,0.885017,0.322,743.0
2783,0.883783,,0.912000,0.885017,0.274,743.3
2784,0.883983,,0.912000,0.885017,0.255,743.5
2785,0.884300,,0.912000,0.885017,0.258,743.8
2786,0.883350,,0.912000,0.885017,0.255,744.1
2787,0.883117,,0.912000,0.885017,0.258,744.3
2788,0.883617,,0.912000,0.885017,0.257,744.6
2789,0.884133,,0.912000,0.885017,0.256,744.8
2790,0.882317,,0.912000,0.885017,0.317,745.1
2791,0.881067,,0.912000,0.885017,0.256,745.4
2792,0.885050,,0.912000,0.885050,0.256,745.7
2793,0.884817,,0.912000,0.885050,0.256,745.9
2794,0.883383,,0.912000,0.885050,0.256,746.2
2795,0.883367,,0.912000,0.885050,0.256,746.4
2796,0.884067,,0.912000,0.885050,0.256,746.7
2797,0.884767,,0.912000,0.885050,0.254,746.9
2798,0.882300,,0.912000,0.885050,0.296,747.2
2799,0.882950,,0.912000,0.885050,0.254,747.5
2800,0.884583,0.90829998254776,0.912000,0.885050,0.351,747.8
2801,0.882767,,0.912000,0.885050,0.177,748.0
2802,0.883583,,0.912000,0.885050,0.262,748.3
2803,0.883467,,0.912000,0.885050,0.256,748.5
2804,0.883167,,0.912000,0.885050,0.255,748.8
2805,0.885250,,0.912000,0.885250,0.256,749.0
2806,0.883100,,0.912000,0.885250,0.324,749.4
2807,0.883600,,0.912000,0.885250,0.260,749.6
2808,0.884100,,0.912000,0.885250,0.252,749.9
2809,0.882167,,0.912000,0.885250,0.254,750.1
2810,0.882717,,0.912000,0.885250,0.255,750.4
2811,0.884017,,0.912000,0.885250,0.254,750.6
2812,0.884350,,0.912000,0.885250,0.257,750.9
2813,0.884367,,0.912000,0.885250,0.257,751.2
2814,0.882600,,0.912000,0.885250,0.304,751.5
2815,0.883833,,0.912000,0.885250,0.255,751.7
2816,0.885483,,0.912000,0.885483,0.254,752.0
2817,0.883483,,0.912000,0.885483,0.257,752.2
2818,0.883200,,0.912000,0.885483,0.257,752.5
2819,0.884967,,0.912000,0.885483,0.255,752.7
2820,0.883817,,0.912000,0.885483,0.254,753.0
2821,0.883067,,0.912000,0.885483,0.256,753.2
2822,0.886033,,0.912000,0.886033,0.330,753.6
2823,0.884300,,0.912000,0.886033,0.256,753.8
2824,0.883800,,0.912000,0.886033,0.257,754.1
2825,0.885300,,0.912000,0.886033,0.256,754.3
2826,0.885450,,0.912000,0.886033,0.256,754.6
2827,0.883050,,0.912000,0.886033,0.255,754.9
2828,0.885133,,0.912000,0.886033,0.258,755.1
2829,0.884133,,0.912000,0.886033,0.256,755.4
2830,0.882967,,0.912000,0.886033,0.302,755.7
2831,0.882750,,0.912000,0.886033,0.254,755.9
2832,0.882983,,0.912000,0.886033,0.255,756.2
2833,0.882917,,0.912000,0.886033,0.256,756.4
2834,0.881683,,0.912000,0.886033,0.258,756.7
2835,0.882800,,0.912000,0.886033,0.254,756.9
2836,0.883850,,0.912000,0.886033,0.252,757.2
2837,0.884250,,0.912000,0.886033,0.253,757.5
2838,0.883333,,0.912000,0.886033,0.307,757.8
2839,0.883833,,0.912000,0.886033,0.256,758.0
2840,0.883300,,0.912000,0.886033,0.259,758.3
2841,0.883683,,0.912000,0.886033,0.254,758.5
2842,0.884200,,0.912000,0.886033,0.260,758.8
2843,0.883800,,0.912000,0.886033,0.256,759.0
2844,0.884733,,0.912000,0.886033,0.259,759.3
2845,0.884650,,0.912000,0.886033,0.257,759.6
2846,0.883850,,0.912000,0.886033,0.328,759.9
2847,0.884383,,0.912000,0.886033,0.258,760.1
2848,0.884050,,0.912000,0.886033,0.254,760.4
2849,0.883983,,0.912000,0.886033,0.256,760.7
2850,0.884150,0.9080999493598938,0.912000,0.886033,0.350,761.0
2851,0.884783,,0.912000,0.886033,0.177,761.2
2852,0.885167,,0.912000,0.886033,0.255,761.4
2853,0.882983,,0.912000,0.886033,0.256,761.7
2854,0.883933,,0.912000,0.886033,0.331,762.0
2855,0.885217,,0.912000,0.886033,0.260,762.3
2856,0.883600,,0.912000,0.886033,0.253,762.5
2857,0.884567,,0.912000,0.886033,0.258,762.8
2858,0.882517,,0.912000,0.886033,0.260,763.1
2859,0.884633,,0.912000,0.886033,0.258,763.3
2860,0.886233,,0.912000,0.886233,0.258,763.6
2861,0.884217,,0.912000,0.886233,0.256,763.8
2862,0.884500,,0.912000,0.886233,0.329,764.2
2863,0.885867,,0.912000,0.886233,0.260,764.4
2864,0.885500,,0.912000,0.886233,0.258,764.7
2865,0.883333,,0.912000,0.886233,0.256,764.9
2866,0.883483,,0.912000,0.886233,0.255,765.2
2867,0.884967,,0.912000,0.886233,0.255,765.4
2868,0.884567,,0.912000,0.886233,0.255,765.7
2869,0.885200,,0.912000,0.886233,0.256,765.9
2870,0.884933,,0.912000,0.886233,0.322,766.3
2871,0.884200,,0.912000,0.886233,0.256,766.5
2872,0.884683,,0.912000,0.886233,0.256,766.8
2873,0.886450,,0.912000,0.886450,0.257,767.0
2874,0.883900,,0.912000,0.886450,0.255,767.3
2875,0.885500,,0.912000,0.886450,0.256,767.6
2876,0.882750,,0.912000,0.886450,0.255,767.8
2877,0.885717,,0.912000,0.886450,0.256,768.1
2878,0.884033,,0.912000,0.886450,0.311,768.4
2879,0.885033,,0.912000,0.886450,0.255,768.6
2880,0.884900,,0.912000,0.886450,0.257,768.9
2881,0.884817,,0.912000,0.886450,0.254,769.1
2882,0.884050,,0.912000,0.886450,0.259,769.4
2883,0.885000,,0.912000,0.886450,0.256,769.7
2884,0.883550,,0.912000,0.886450,0.256,769.9
2885,0.884517,,0.912000,0.886450,0.255,770.2
2886,0.884767,,0.912000,0.886450,0.316,770.5
2887,0.883850,,0.912000,0.886450,0.255,770.7
2888,0.885283,,0.912000,0.886450,0.256,771.0
2889,0.884950,,0.912000,0.886450,0.258,771.3
2890,0.884867,,0.912000,0.886450,0.255,771.5
2891,0.884650,,0.912000,0.886450,0.256,771.8
2892,0.883467,,0.912000,0.886450,0.255,772.0
2893,0.884933,,0.912000,0.886450,0.254,772.3
2894,0.884283,,0.912000,0.886450,0.306,772.6
2895,0.883950,,0.912000,0.886450,0.257,772.8
2896,0.885317,,0.912000,0.886450,0.256,773.1
2897,0.883833,,0.912000,0.886450,0.260,773.4
2898,0.883833,,0.912000,0.886450,0.264,773.6
2899,0.882550,,0.912000,0.886450,0.280,773.9
2900,0.883350,0.910099983215332,0.912000,0.886450,0.351,774.2
2901,0.882317,,0.912000,0.886450,0.177,774.4
2902,0.884100,,0.912000,0.886450,0.323,774.7
2903,0.884717,,0.912000,0.886450,0.255,775.0
2904,0.883833,,0.912000,0.886450,0.255,775.3
2905,0.885033,,0.912000,0.886450,0.253,775.5
2906,0.885117,,0.912000,0.886450,0.256,775.8
2907,0.885450,,0.912000,0.886450,0.254,776.0
2908,0.883767,,0.912000,0.886450,0.259,776.3
2909,0.883933,,0.912000,0.886450,0.255,776.5
2910,0.884267,,0.912000,0.886450,0.305,776.8
2911,0.883567,,0.912000,0.886450,0.257,777.1
2912,0.883150,,0.912000,0.886450,0.256,777.4
2913,0.883667,,0.912000,0.886450,0.258,777.6
2914,0.883900,,0.912000,0.886450,0.256,777.9
2915,0.882733,,0.912000,0.886450,0.257,778.1
2916,0.883667,,0.912000,0.886450,0.256,778.4
2917,0.883617,,0.912000,0.886450,0.254,778.6
2918,0.883017,,0.912000,0.886450,0.314,778.9
2919,0.882167,,0.912000,0.886450,0.255,779.2
2920,0.883867,,0.912000,0.886450,0.257,779.5
2921,0.882867,,0.912000,0.886450,0.257,779.7
2922,0.883200,,0.912000,0.886450,0.257,780.0
2923,0.882967,,0.912000,0.886450,0.254,780.2
2924,0.882850,,0.912000,0.886450,0.256,780.5
2925,0.882750,,0.912000,0.886450,0.257,780.7
2926,0.882983,,0.912000,0.886450,0.316,781.1
2927,0.882983,,0.912000,0.886450,0.255,781.3
2928,0.884383,,0.912000,0.886450,0.258,781.6
2929,0.884383,,0.912000,0.886450,0.254,781.8
2930,0.883850,,0.912000,0.886450,0.255,782.1
2931,0.884067,,0.912000,0.886450,0.257,782.3
2932,0.883450,,0.912000,0.886450,0.256,782.6
2933,0.885017,,0.912000,0.886450,0.257,782.8
2934,0.885100,,0.912000,0.886450,0.295,783.1
2935,0.882683,,0.912000,0.886450,0.258,783.4
2936,0.882883,,0.912000,0.886450,0.256,783.7
2937,0.884867,,0.912000,0.886450,0.258,783.9
2938,0.882867,,0.912000,0.886450,0.256,784.2
2939,0.883767,,0.912000,0.886450,0.259,784.4
2940,0.883783,,0.912000,0.886450,0.258,784.7
2941,0.883033,,0.912000,0.886450,0.257,784.9
2942,0.883067,,0.912000,0.886450,0.328,785.3
2943,0.883000,,0.912000,0.886450,0.252,785.5
2944,0.883117,,0.912000,0.886450,0.258,785.8
2945,0.884550,,0.912000,0.886450,0.254,786.0
2946,0.883067,,0.912000,0.886450,0.255,786.3
2947,0.882967,,0.912000,0.886450,0.258,786.5
2948,0.883150,,0.912000,0.886450,0.256,786.8
2949,0.884583,,0.912000,0.886450,0.259,787.1
2950,0.884300,0.9095999598503113,0.912000,0.886450,0.397,787.5
2951,0.883450,,0.912000,0.886450,0.176,787.6
2952,0.884550,,0.912000,0.886450,0.257,787.9
2953,0.883433,,0.912000,0.886450,0.259,788.2
2954,0.883483,,0.912000,0.886450,0.257,788.4
2955,0.883883,,0.912000,0.886450,0.256,788.7
2956,0.882800,,0.912000,0.886450,0.256,788.9
2957,0.884783,,0.912000,0.886450,0.260,789.2
2958,0.883000,,0.912000,0.886450,0.324,789.5
2959,0.884383,,0.912000,0.886450,0.256,789.8
2960,0.882500,,0.912000,0.886450,0.256,790.0
2961,0.883233,,0.912000,0.886450,0.256,790.3
2962,0.884517,,0.912000,0.886450,0.254,790.5
2963,0.882367,,0.912000,0.886450,0.255,790.8
2964,0.884000,,0.912000,0.886450,0.258,791.0
2965,0.884233,,0.912000,0.886450,0.255,791.3
2966,0.884483,,0.912000,0.886450,0.310,791.6
2967,0.881617,,0.912000,0.886450,0.257,791.9
2968,0.884267,,0.912000,0.886450,0.257,792.1
2969,0.882367,,0.912000,0.886450,0.254,792.4
2970,0.884600,,0.912000,0.886450,0.258,792.6
2971,0.882083,,0.912000,0.886450,0.256,792.9
2972,0.883133,,0.912000,0.886450,0.260,793.1
2973,0.882900,,0.912000,0.886450,0.254,793.4
2974,0.884217,,0.912000,0.886450,0.328,793.7
2975,0.885350,,0.912000,0.886450,0.255,794.0
2976,0.884900,,0.912000,0.886450,0.258,794.2
2977,0.884250,,0.912000,0.886450,0.256,794.5
2978,0.884017,,0.912000,0.886450,0.259,794.8
2979,0.883850,,0.912000,0.886450,0.256,795.0
2980,0.882817,,0.912000,0.886450,0.258,795.3
2981,0.884100,,0.912000,0.886450,0.257,795.5
2982,0.883850,,0.912000,0.886450,0.336,795.9
2983,0.883733,,0.912000,0.886450,0.255,796.1
2984,0.883883,,0.912000,0.886450,0.255,796.4
2985,0.884150,,0.912000,0.886450,0.255,796.6
2986,0.884383,,0.912000,0.886450,0.257,796.9
2987,0.884600,,0.912000,0.886450,0.259,797.1
2988,0.884883,,0.912000,0.886450,0.257,797.4
2989,0.884317,,0.912000,0.886450,0.256,797.7
2990,0.884250,,0.912000,0.886450,0.313,798.0
2991,0.884267,,0.912000,0.886450,0.262,798.2
2992,0.883550,,0.912000,0.886450,0.254,798.5
2993,0.884050,,0.912000,0.886450,0.258,798.7
2994,0.885167,,0.912000,0.886450,0.255,799.0
2995,0.884450,,0.912000,0.886450,0.257,799.3
2996,0.884133,,0.912000,0.886450,0.253,799.5
2997,0.883000,,0.912000,0.886450,0.257,799.8
2998,0.884500,,0.912000,0.886450,0.330,800.1
2999,0.884550,,0.912000,0.886450,0.257,800.4
