epoch,train_acc,val_acc,best_val,best_train,w_err,cos_o,epoch_time,cum_time
0,0.074700,0.08500000089406967,0.085000,0.074700,0.0624999925494194,0.0,8.399,8.4
1,0.074033,,0.085000,0.074700,,,0.218,8.6
2,0.072983,,0.085000,0.074700,,,0.159,8.8
3,0.072950,,0.085000,0.074700,,,0.148,8.9
4,0.074467,,0.085000,0.074700,,,0.144,9.1
5,0.074683,,0.085000,0.074700,,,0.141,9.2
6,0.073400,,0.085000,0.074700,,,0.138,9.3
7,0.074167,,0.085000,0.074700,,,0.137,9.5
8,0.074267,,0.085000,0.074700,,,0.138,9.6
9,0.074317,,0.085000,0.074700,,,0.140,9.8
10,0.075267,,0.085000,0.075267,,,0.202,10.0
11,0.072733,,0.085000,0.075267,,,0.136,10.1
12,0.074250,,0.085000,0.075267,,,0.136,10.2
13,0.075883,,0.085000,0.075883,,,0.137,10.4
14,0.074900,,0.085000,0.075883,,,0.130,10.5
15,0.077733,,0.085000,0.077733,,,0.139,10.6
16,0.076233,,0.085000,0.077733,,,0.136,10.8
17,0.075150,,0.085000,0.077733,,,0.134,10.9
18,0.077000,,0.085000,0.077733,,,0.135,11.0
19,0.077317,,0.085000,0.077733,,,0.136,11.2
20,0.077550,,0.085000,0.077733,,,0.136,11.3
21,0.078083,,0.085000,0.078083,,,0.139,11.5
22,0.078767,,0.085000,0.078767,,,0.136,11.6
23,0.077350,,0.085000,0.078767,,,0.137,11.7
24,0.079167,,0.085000,0.079167,,,0.202,11.9
25,0.080900,,0.085000,0.080900,,,0.138,12.1
26,0.079350,,0.085000,0.080900,,,0.136,12.2
27,0.080000,,0.085000,0.080900,,,0.134,12.3
28,0.080283,,0.085000,0.080900,,,0.136,12.5
29,0.080167,,0.085000,0.080900,,,0.135,12.6
30,0.080917,,0.085000,0.080917,,,0.137,12.8
31,0.083300,,0.085000,0.083300,,,0.134,12.9
32,0.081933,,0.085000,0.083300,,,0.136,13.0
33,0.084317,,0.085000,0.084317,,,0.136,13.2
34,0.085100,,0.085000,0.085100,,,0.136,13.3
35,0.084533,,0.085000,0.085100,,,0.136,13.4
36,0.086067,,0.085000,0.086067,,,0.137,13.6
37,0.086717,,0.085000,0.086717,,,0.137,13.7
38,0.085650,,0.085000,0.086717,,,0.192,13.9
39,0.086833,,0.085000,0.086833,,,0.136,14.0
40,0.084717,,0.085000,0.086833,,,0.131,14.2
41,0.087567,,0.085000,0.087567,,,0.136,14.3
42,0.089383,,0.085000,0.089383,,,0.136,14.4
43,0.090367,,0.085000,0.090367,,,0.137,14.6
44,0.091183,,0.085000,0.091183,,,0.135,14.7
45,0.090733,,0.085000,0.091183,,,0.144,14.8
46,0.090817,,0.085000,0.091183,,,0.137,15.0
47,0.091883,,0.085000,0.091883,,,0.136,15.1
48,0.091533,,0.085000,0.091883,,,0.136,15.3
49,0.092400,,0.085000,0.092400,,,0.136,15.4
50,0.094383,,0.085000,0.094383,,,0.136,15.5
51,0.092883,,0.085000,0.094383,,,0.141,15.7
52,0.092733,,0.085000,0.094383,,,0.137,15.8
53,0.094450,,0.085000,0.094450,,,0.202,16.0
54,0.094817,,0.085000,0.094817,,,0.137,16.1
55,0.093283,,0.085000,0.094817,,,0.135,16.3
56,0.092983,,0.085000,0.094817,,,0.135,16.4
57,0.094367,,0.085000,0.094817,,,0.137,16.6
58,0.094833,,0.085000,0.094833,,,0.135,16.7
59,0.094233,,0.085000,0.094833,,,0.132,16.8
60,0.093983,,0.085000,0.094833,,,0.136,17.0
61,0.093867,,0.085000,0.094833,,,0.136,17.1
62,0.094300,,0.085000,0.094833,,,0.135,17.2
63,0.094083,,0.085000,0.094833,,,0.134,17.4
64,0.094333,,0.085000,0.094833,,,0.137,17.5
65,0.095033,,0.085000,0.095033,,,0.136,17.6
66,0.095000,,0.085000,0.095033,,,0.137,17.8
67,0.094183,,0.085000,0.095033,,,0.136,17.9
68,0.094633,,0.085000,0.095033,,,0.200,18.1
69,0.095600,,0.085000,0.095600,,,0.137,18.2
70,0.096517,,0.085000,0.096517,,,0.136,18.4
71,0.096267,,0.085000,0.096517,,,0.136,18.5
72,0.095200,,0.085000,0.096517,,,0.136,18.7
73,0.095483,,0.085000,0.096517,,,0.136,18.8
74,0.096333,,0.085000,0.096517,,,0.135,18.9
75,0.095900,,0.085000,0.096517,,,0.136,19.1
76,0.097500,,0.085000,0.097500,,,0.135,19.2
77,0.096267,,0.085000,0.097500,,,0.136,19.3
78,0.098433,,0.085000,0.098433,,,0.136,19.5
79,0.096333,,0.085000,0.098433,,,0.139,19.6
80,0.096933,,0.085000,0.098433,,,0.136,19.7
81,0.096483,,0.085000,0.098433,,,0.135,19.9
82,0.097200,,0.085000,0.098433,,,0.136,20.0
83,0.096500,,0.085000,0.098433,,,0.201,20.2
84,0.096983,,0.085000,0.098433,,,0.134,20.3
85,0.095950,,0.085000,0.098433,,,0.137,20.5
86,0.096167,,0.085000,0.098433,,,0.135,20.6
87,0.097467,,0.085000,0.098433,,,0.137,20.8
88,0.096467,,0.085000,0.098433,,,0.137,20.9
89,0.096400,,0.085000,0.098433,,,0.135,21.0
90,0.097867,,0.085000,0.098433,,,0.137,21.2
91,0.097767,,0.085000,0.098433,,,0.137,21.3
92,0.097483,,0.085000,0.098433,,,0.136,21.4
93,0.096967,,0.085000,0.098433,,,0.136,21.6
94,0.096033,,0.085000,0.098433,,,0.136,21.7
95,0.097733,,0.085000,0.098433,,,0.137,21.8
96,0.097917,,0.085000,0.098433,,,0.135,22.0
97,0.095650,,0.085000,0.098433,,,0.136,22.1
98,0.097133,,0.085000,0.098433,,,0.202,22.3
99,0.098517,,0.085000,0.098517,,,0.135,22.5
100,0.096133,0.0860000029206276,0.086000,0.098517,0.0841682106256485,0.2517307996749878,0.425,22.9
101,0.097583,,0.086000,0.098517,,,0.133,23.0
102,0.097617,,0.086000,0.098517,,,0.137,23.2
103,0.096917,,0.086000,0.098517,,,0.134,23.3
104,0.097850,,0.086000,0.098517,,,0.138,23.4
105,0.097167,,0.086000,0.098517,,,0.136,23.6
106,0.097100,,0.086000,0.098517,,,0.137,23.7
107,0.097700,,0.086000,0.098517,,,0.135,23.8
108,0.097767,,0.086000,0.098517,,,0.136,24.0
109,0.097700,,0.086000,0.098517,,,0.137,24.1
110,0.097167,,0.086000,0.098517,,,0.138,24.2
111,0.096583,,0.086000,0.098517,,,0.202,24.4
112,0.097683,,0.086000,0.098517,,,0.137,24.6
113,0.097400,,0.086000,0.098517,,,0.136,24.7
114,0.098550,,0.086000,0.098550,,,0.137,24.9
115,0.096900,,0.086000,0.098550,,,0.137,25.0
116,0.096667,,0.086000,0.098550,,,0.135,25.1
117,0.096917,,0.086000,0.098550,,,0.134,25.3
118,0.097467,,0.086000,0.098550,,,0.134,25.4
119,0.097183,,0.086000,0.098550,,,0.138,25.5
120,0.096367,,0.086000,0.098550,,,0.135,25.7
121,0.097067,,0.086000,0.098550,,,0.137,25.8
122,0.096667,,0.086000,0.098550,,,0.137,25.9
123,0.096983,,0.086000,0.098550,,,0.136,26.1
124,0.097350,,0.086000,0.098550,,,0.135,26.2
125,0.096600,,0.086000,0.098550,,,0.191,26.4
126,0.097217,,0.086000,0.098550,,,0.137,26.5
127,0.096183,,0.086000,0.098550,,,0.136,26.7
128,0.096883,,0.086000,0.098550,,,0.136,26.8
129,0.096633,,0.086000,0.098550,,,0.136,26.9
130,0.096400,,0.086000,0.098550,,,0.136,27.1
131,0.096950,,0.086000,0.098550,,,0.136,27.2
132,0.096933,,0.086000,0.098550,,,0.137,27.4
133,0.097567,,0.086000,0.098550,,,0.148,27.5
134,0.096800,,0.086000,0.098550,,,0.137,27.6
135,0.097067,,0.086000,0.098550,,,0.136,27.8
136,0.097450,,0.086000,0.098550,,,0.136,27.9
137,0.097117,,0.086000,0.098550,,,0.136,28.0
138,0.098200,,0.086000,0.098550,,,0.136,28.2
139,0.096933,,0.086000,0.098550,,,0.136,28.3
140,0.097083,,0.086000,0.098550,,,0.203,28.5
141,0.096167,,0.086000,0.098550,,,0.138,28.7
142,0.097900,,0.086000,0.098550,,,0.134,28.8
143,0.098217,,0.086000,0.098550,,,0.135,28.9
144,0.096267,,0.086000,0.098550,,,0.135,29.1
145,0.097500,,0.086000,0.098550,,,0.136,29.2
146,0.097250,,0.086000,0.098550,,,0.138,29.3
147,0.096867,,0.086000,0.098550,,,0.136,29.5
148,0.097150,,0.086000,0.098550,,,0.137,29.6
149,0.096650,,0.086000,0.098550,,,0.136,29.7
150,0.095633,,0.086000,0.098550,,,0.135,29.9
151,0.097500,,0.086000,0.098550,,,0.135,30.0
152,0.097950,,0.086000,0.098550,,,0.137,30.2
153,0.097850,,0.086000,0.098550,,,0.135,30.3
154,0.097550,,0.086000,0.098550,,,0.136,30.4
155,0.097833,,0.086000,0.098550,,,0.188,30.6
156,0.098500,,0.086000,0.098550,,,0.135,30.7
157,0.097800,,0.086000,0.098550,,,0.133,30.9
158,0.097550,,0.086000,0.098550,,,0.135,31.0
159,0.098400,,0.086000,0.098550,,,0.135,31.2
160,0.097867,,0.086000,0.098550,,,0.137,31.3
161,0.098450,,0.086000,0.098550,,,0.138,31.4
162,0.097450,,0.086000,0.098550,,,0.135,31.6
163,0.097483,,0.086000,0.098550,,,0.136,31.7
164,0.097933,,0.086000,0.098550,,,0.137,31.8
165,0.098233,,0.086000,0.098550,,,0.136,32.0
166,0.098483,,0.086000,0.098550,,,0.136,32.1
167,0.098383,,0.086000,0.098550,,,0.136,32.2
168,0.097217,,0.086000,0.098550,,,0.136,32.4
169,0.097467,,0.086000,0.098550,,,0.137,32.5
170,0.097783,,0.086000,0.098550,,,0.205,32.7
171,0.097167,,0.086000,0.098550,,,0.138,32.9
172,0.097017,,0.086000,0.098550,,,0.135,33.0
173,0.097250,,0.086000,0.098550,,,0.135,33.1
174,0.097133,,0.086000,0.098550,,,0.136,33.3
175,0.098050,,0.086000,0.098550,,,0.137,33.4
176,0.098383,,0.086000,0.098550,,,0.135,33.5
177,0.097600,,0.086000,0.098550,,,0.135,33.7
178,0.098350,,0.086000,0.098550,,,0.135,33.8
179,0.097583,,0.086000,0.098550,,,0.135,33.9
180,0.097817,,0.086000,0.098550,,,0.136,34.1
181,0.096483,,0.086000,0.098550,,,0.136,34.2
182,0.098100,,0.086000,0.098550,,,0.136,34.3
183,0.097567,,0.086000,0.098550,,,0.137,34.5
184,0.097833,,0.086000,0.098550,,,0.136,34.6
185,0.096883,,0.086000,0.098550,,,0.209,34.8
186,0.098983,,0.086000,0.098983,,,0.137,35.0
187,0.098633,,0.086000,0.098983,,,0.138,35.1
188,0.097933,,0.086000,0.098983,,,0.136,35.2
189,0.098383,,0.086000,0.098983,,,0.137,35.4
190,0.095633,,0.086000,0.098983,,,0.134,35.5
191,0.098417,,0.086000,0.098983,,,0.137,35.7
192,0.098667,,0.086000,0.098983,,,0.136,35.8
193,0.098783,,0.086000,0.098983,,,0.137,35.9
194,0.098200,,0.086000,0.098983,,,0.138,36.1
195,0.096383,,0.086000,0.098983,,,0.135,36.2
196,0.097283,,0.086000,0.098983,,,0.135,36.3
197,0.098617,,0.086000,0.098983,,,0.135,36.5
198,0.097200,,0.086000,0.098983,,,0.136,36.6
199,0.096267,,0.086000,0.098983,,,0.138,36.7
200,0.098233,0.08500000089406967,0.086000,0.098983,0.08048063516616821,0.2230440378189087,0.496,37.2
201,0.098883,,0.086000,0.098983,,,0.135,37.4
202,0.099417,,0.086000,0.099417,,,0.137,37.5
203,0.098600,,0.086000,0.099417,,,0.144,37.7
204,0.097450,,0.086000,0.099417,,,0.136,37.8
205,0.099133,,0.086000,0.099417,,,0.137,37.9
206,0.097617,,0.086000,0.099417,,,0.137,38.1
207,0.098783,,0.086000,0.099417,,,0.136,38.2
208,0.097733,,0.086000,0.099417,,,0.137,38.3
209,0.098683,,0.086000,0.099417,,,0.136,38.5
210,0.099867,,0.086000,0.099867,,,0.137,38.6
211,0.098533,,0.086000,0.099867,,,0.136,38.7
212,0.098733,,0.086000,0.099867,,,0.137,38.9
213,0.100417,,0.086000,0.100417,,,0.214,39.1
214,0.099000,,0.086000,0.100417,,,0.142,39.2
215,0.098933,,0.086000,0.100417,,,0.136,39.4
216,0.098317,,0.086000,0.100417,,,0.139,39.5
217,0.099150,,0.086000,0.100417,,,0.136,39.6
218,0.098567,,0.086000,0.100417,,,0.137,39.8
219,0.100000,,0.086000,0.100417,,,0.135,39.9
220,0.100500,,0.086000,0.100500,,,0.137,40.1
221,0.098533,,0.086000,0.100500,,,0.188,40.2
222,0.099617,,0.086000,0.100500,,,0.137,40.4
223,0.098967,,0.086000,0.100500,,,0.136,40.5
224,0.099717,,0.086000,0.100500,,,0.138,40.7
225,0.099900,,0.086000,0.100500,,,0.136,40.8
226,0.099783,,0.086000,0.100500,,,0.137,40.9
227,0.100367,,0.086000,0.100500,,,0.202,41.1
228,0.100000,,0.086000,0.100500,,,0.137,41.3
229,0.099217,,0.086000,0.100500,,,0.135,41.4
230,0.099233,,0.086000,0.100500,,,0.136,41.5
231,0.100683,,0.086000,0.100683,,,0.135,41.7
232,0.100283,,0.086000,0.100683,,,0.136,41.8
233,0.100233,,0.086000,0.100683,,,0.147,42.0
234,0.099667,,0.086000,0.100683,,,0.135,42.1
235,0.099183,,0.086000,0.100683,,,0.135,42.2
236,0.100000,,0.086000,0.100683,,,0.136,42.4
237,0.100250,,0.086000,0.100683,,,0.135,42.5
238,0.100550,,0.086000,0.100683,,,0.136,42.6
239,0.101617,,0.086000,0.101617,,,0.136,42.8
240,0.101617,,0.086000,0.101617,,,0.136,42.9
241,0.101300,,0.086000,0.101617,,,0.138,43.0
242,0.102317,,0.086000,0.102317,,,0.202,43.2
243,0.102133,,0.086000,0.102317,,,0.138,43.4
244,0.103183,,0.086000,0.103183,,,0.138,43.5
245,0.102017,,0.086000,0.103183,,,0.136,43.7
246,0.102750,,0.086000,0.103183,,,0.137,43.8
247,0.103700,,0.086000,0.103700,,,0.136,43.9
248,0.103550,,0.086000,0.103700,,,0.136,44.1
249,0.103550,,0.086000,0.103700,,,0.135,44.2
250,0.104650,,0.086000,0.104650,,,0.136,44.3
251,0.104583,,0.086000,0.104650,,,0.136,44.5
252,0.104483,,0.086000,0.104650,,,0.135,44.6
253,0.104250,,0.086000,0.104650,,,0.135,44.7
254,0.103767,,0.086000,0.104650,,,0.137,44.9
255,0.104617,,0.086000,0.104650,,,0.136,45.0
256,0.105433,,0.086000,0.105433,,,0.136,45.2
257,0.105667,,0.086000,0.105667,,,0.193,45.3
258,0.106500,,0.086000,0.106500,,,0.137,45.5
259,0.105583,,0.086000,0.106500,,,0.135,45.6
260,0.105967,,0.086000,0.106500,,,0.135,45.8
261,0.107633,,0.086000,0.107633,,,0.137,45.9
262,0.107900,,0.086000,0.107900,,,0.135,46.0
263,0.103817,,0.086000,0.107900,,,0.137,46.2
264,0.107117,,0.086000,0.107900,,,0.136,46.3
265,0.107933,,0.086000,0.107933,,,0.137,46.4
266,0.107350,,0.086000,0.107933,,,0.137,46.6
267,0.107517,,0.086000,0.107933,,,0.138,46.7
268,0.107033,,0.086000,0.107933,,,0.136,46.8
269,0.107817,,0.086000,0.107933,,,0.137,47.0
270,0.107900,,0.086000,0.107933,,,0.138,47.1
271,0.108017,,0.086000,0.108017,,,0.135,47.3
272,0.106750,,0.086000,0.108017,,,0.201,47.5
273,0.107750,,0.086000,0.108017,,,0.135,47.6
274,0.108533,,0.086000,0.108533,,,0.137,47.7
275,0.107433,,0.086000,0.108533,,,0.136,47.9
276,0.108017,,0.086000,0.108533,,,0.136,48.0
277,0.107067,,0.086000,0.108533,,,0.137,48.1
278,0.105583,,0.086000,0.108533,,,0.136,48.3
279,0.108950,,0.086000,0.108950,,,0.136,48.4
280,0.107567,,0.086000,0.108950,,,0.136,48.5
281,0.108333,,0.086000,0.108950,,,0.135,48.7
282,0.107983,,0.086000,0.108950,,,0.135,48.8
283,0.108300,,0.086000,0.108950,,,0.136,49.0
284,0.109617,,0.086000,0.109617,,,0.137,49.1
285,0.107600,,0.086000,0.109617,,,0.136,49.2
286,0.110050,,0.086000,0.110050,,,0.138,49.4
287,0.107283,,0.086000,0.110050,,,0.200,49.6
288,0.109767,,0.086000,0.110050,,,0.137,49.7
289,0.110650,,0.086000,0.110650,,,0.139,49.8
290,0.111583,,0.086000,0.111583,,,0.137,50.0
291,0.109350,,0.086000,0.111583,,,0.135,50.1
292,0.109450,,0.086000,0.111583,,,0.136,50.2
293,0.111567,,0.086000,0.111583,,,0.135,50.4
294,0.111483,,0.086000,0.111583,,,0.136,50.5
295,0.112700,,0.086000,0.112700,,,0.137,50.7
296,0.113800,,0.086000,0.113800,,,0.138,50.8
297,0.113767,,0.086000,0.113800,,,0.135,50.9
298,0.113067,,0.086000,0.113800,,,0.135,51.1
299,0.112333,,0.086000,0.113800,,,0.137,51.2
300,0.113367,0.12200000882148743,0.122000,0.113800,0.08287841826677322,0.24732351303100586,0.435,51.6
301,0.112033,,0.122000,0.113800,,,0.199,51.8
302,0.117500,,0.122000,0.117500,,,0.136,52.0
303,0.113033,,0.122000,0.117500,,,0.136,52.1
304,0.114700,,0.122000,0.117500,,,0.138,52.2
305,0.113817,,0.122000,0.117500,,,0.137,52.4
306,0.113767,,0.122000,0.117500,,,0.136,52.5
307,0.116017,,0.122000,0.117500,,,0.136,52.7
308,0.114550,,0.122000,0.117500,,,0.135,52.8
309,0.116400,,0.122000,0.117500,,,0.135,52.9
310,0.116667,,0.122000,0.117500,,,0.136,53.1
311,0.115667,,0.122000,0.117500,,,0.137,53.2
312,0.115617,,0.122000,0.117500,,,0.137,53.3
313,0.116417,,0.122000,0.117500,,,0.137,53.5
314,0.114133,,0.122000,0.117500,,,0.205,53.7
315,0.115333,,0.122000,0.117500,,,0.136,53.8
316,0.115500,,0.122000,0.117500,,,0.137,53.9
317,0.114733,,0.122000,0.117500,,,0.137,54.1
318,0.115767,,0.122000,0.117500,,,0.136,54.2
319,0.114333,,0.122000,0.117500,,,0.137,54.4
320,0.115900,,0.122000,0.117500,,,0.136,54.5
321,0.115200,,0.122000,0.117500,,,0.137,54.6
322,0.115483,,0.122000,0.117500,,,0.136,54.8
323,0.114883,,0.122000,0.117500,,,0.135,54.9
324,0.116117,,0.122000,0.117500,,,0.136,55.0
325,0.115817,,0.122000,0.117500,,,0.136,55.2
326,0.116817,,0.122000,0.117500,,,0.136,55.3
327,0.115550,,0.122000,0.117500,,,0.137,55.4
328,0.117267,,0.122000,0.117500,,,0.149,55.6
329,0.117000,,0.122000,0.117500,,,0.136,55.7
330,0.118167,,0.122000,0.118167,,,0.137,55.9
331,0.119350,,0.122000,0.119350,,,0.138,56.0
332,0.119817,,0.122000,0.119817,,,0.137,56.1
333,0.118117,,0.122000,0.119817,,,0.137,56.3
334,0.118700,,0.122000,0.119817,,,0.135,56.4
335,0.121517,,0.122000,0.121517,,,0.137,56.5
336,0.118933,,0.122000,0.121517,,,0.135,56.7
337,0.120183,,0.122000,0.121517,,,0.136,56.8
338,0.118450,,0.122000,0.121517,,,0.136,57.0
339,0.117583,,0.122000,0.121517,,,0.137,57.1
340,0.118500,,0.122000,0.121517,,,0.137,57.2
341,0.118967,,0.122000,0.121517,,,0.136,57.4
342,0.118500,,0.122000,0.121517,,,0.137,57.5
343,0.119633,,0.122000,0.121517,,,0.201,57.7
344,0.119967,,0.122000,0.121517,,,0.138,57.8
345,0.120367,,0.122000,0.121517,,,0.135,58.0
346,0.119267,,0.122000,0.121517,,,0.136,58.1
347,0.121533,,0.122000,0.121533,,,0.135,58.2
348,0.119417,,0.122000,0.121533,,,0.136,58.4
349,0.118867,,0.122000,0.121533,,,0.137,58.5
350,0.120117,,0.122000,0.121533,,,0.137,58.7
351,0.120033,,0.122000,0.121533,,,0.136,58.8
352,0.121483,,0.122000,0.121533,,,0.136,58.9
353,0.121367,,0.122000,0.121533,,,0.136,59.1
354,0.121667,,0.122000,0.121667,,,0.134,59.2
355,0.121233,,0.122000,0.121667,,,0.136,59.3
356,0.120100,,0.122000,0.121667,,,0.137,59.5
357,0.120600,,0.122000,0.121667,,,0.136,59.6
358,0.119800,,0.122000,0.121667,,,0.204,59.8
359,0.122400,,0.122000,0.122400,,,0.136,60.0
360,0.121133,,0.122000,0.122400,,,0.137,60.1
361,0.122083,,0.122000,0.122400,,,0.134,60.2
362,0.122000,,0.122000,0.122400,,,0.137,60.4
363,0.121800,,0.122000,0.122400,,,0.135,60.5
364,0.122683,,0.122000,0.122683,,,0.136,60.6
365,0.125133,,0.122000,0.125133,,,0.135,60.8
366,0.123250,,0.122000,0.125133,,,0.138,60.9
367,0.124900,,0.122000,0.125133,,,0.131,61.0
368,0.125017,,0.122000,0.125133,,,0.134,61.2
369,0.123800,,0.122000,0.125133,,,0.138,61.3
370,0.125567,,0.122000,0.125567,,,0.136,61.4
371,0.125000,,0.122000,0.125567,,,0.136,61.6
372,0.126867,,0.122000,0.126867,,,0.136,61.7
373,0.128183,,0.122000,0.128183,,,0.201,61.9
374,0.126933,,0.122000,0.128183,,,0.137,62.0
375,0.126733,,0.122000,0.128183,,,0.137,62.2
376,0.127850,,0.122000,0.128183,,,0.136,62.3
377,0.129150,,0.122000,0.129150,,,0.137,62.5
378,0.130200,,0.122000,0.130200,,,0.136,62.6
379,0.129583,,0.122000,0.130200,,,0.135,62.7
380,0.132883,,0.122000,0.132883,,,0.137,62.9
381,0.130600,,0.122000,0.132883,,,0.136,63.0
382,0.130017,,0.122000,0.132883,,,0.138,63.1
383,0.129083,,0.122000,0.132883,,,0.135,63.3
384,0.130783,,0.122000,0.132883,,,0.136,63.4
385,0.129883,,0.122000,0.132883,,,0.137,63.5
386,0.130767,,0.122000,0.132883,,,0.136,63.7
387,0.131983,,0.122000,0.132883,,,0.137,63.8
388,0.130150,,0.122000,0.132883,,,0.200,64.0
389,0.130850,,0.122000,0.132883,,,0.137,64.2
390,0.130867,,0.122000,0.132883,,,0.138,64.3
391,0.130133,,0.122000,0.132883,,,0.137,64.4
392,0.131150,,0.122000,0.132883,,,0.135,64.6
393,0.130100,,0.122000,0.132883,,,0.136,64.7
394,0.131417,,0.122000,0.132883,,,0.136,64.8
395,0.130583,,0.122000,0.132883,,,0.135,65.0
396,0.130450,,0.122000,0.132883,,,0.136,65.1
397,0.130183,,0.122000,0.132883,,,0.136,65.2
398,0.132667,,0.122000,0.132883,,,0.135,65.4
399,0.131650,,0.122000,0.132883,,,0.144,65.5
400,0.130267,0.140500009059906,0.140500,0.132883,0.08176450431346893,0.3065994381904602,0.654,66.2
401,0.131167,,0.140500,0.132883,,,0.488,66.7
402,0.129617,,0.140500,0.132883,,,0.148,66.8
403,0.131083,,0.140500,0.132883,,,0.148,67.0
404,0.132483,,0.140500,0.132883,,,0.156,67.1
405,0.131833,,0.140500,0.132883,,,0.159,67.3
406,0.133900,,0.140500,0.133900,,,0.152,67.4
407,0.130483,,0.140500,0.133900,,,0.154,67.6
408,0.133817,,0.140500,0.133900,,,0.150,67.7
409,0.129417,,0.140500,0.133900,,,0.192,67.9
410,0.133533,,0.140500,0.133900,,,0.211,68.1
411,0.135200,,0.140500,0.135200,,,0.175,68.3
412,0.132983,,0.140500,0.135200,,,0.170,68.5
413,0.133817,,0.140500,0.135200,,,0.158,68.6
414,0.133050,,0.140500,0.135200,,,0.153,68.8
415,0.132283,,0.140500,0.135200,,,0.150,68.9
416,0.130367,,0.140500,0.135200,,,0.145,69.1
417,0.134883,,0.140500,0.135200,,,0.143,69.2
418,0.132633,,0.140500,0.135200,,,0.143,69.4
419,0.133817,,0.140500,0.135200,,,0.140,69.5
420,0.133650,,0.140500,0.135200,,,0.192,69.7
421,0.135633,,0.140500,0.135633,,,0.151,69.9
422,0.134967,,0.140500,0.135633,,,0.145,70.0
423,0.134450,,0.140500,0.135633,,,0.205,70.2
424,0.136600,,0.140500,0.136600,,,0.143,70.4
425,0.132183,,0.140500,0.136600,,,0.145,70.5
426,0.136250,,0.140500,0.136600,,,0.140,70.6
427,0.135217,,0.140500,0.136600,,,0.142,70.8
428,0.134850,,0.140500,0.136600,,,0.143,70.9
429,0.136133,,0.140500,0.136600,,,0.140,71.1
430,0.133183,,0.140500,0.136600,,,0.143,71.2
431,0.136583,,0.140500,0.136600,,,0.143,71.3
432,0.137600,,0.140500,0.137600,,,0.140,71.5
433,0.138950,,0.140500,0.138950,,,0.141,71.6
434,0.142617,,0.140500,0.142617,,,0.141,71.8
435,0.139167,,0.140500,0.142617,,,0.144,71.9
436,0.138300,,0.140500,0.142617,,,0.150,72.1
437,0.140317,,0.140500,0.142617,,,0.160,72.2
438,0.140533,,0.140500,0.142617,,,0.144,72.4
439,0.138133,,0.140500,0.142617,,,0.145,72.5
440,0.138867,,0.140500,0.142617,,,0.143,72.7
441,0.138933,,0.140500,0.142617,,,0.140,72.8
442,0.138667,,0.140500,0.142617,,,0.145,72.9
443,0.139650,,0.140500,0.142617,,,0.146,73.1
444,0.142233,,0.140500,0.142617,,,0.161,73.2
445,0.140250,,0.140500,0.142617,,,0.144,73.4
446,0.140950,,0.140500,0.142617,,,0.140,73.5
447,0.139783,,0.140500,0.142617,,,0.151,73.7
448,0.140700,,0.140500,0.142617,,,0.140,73.8
449,0.141117,,0.140500,0.142617,,,0.143,74.0
450,0.139867,,0.140500,0.142617,,,0.143,74.1
451,0.140200,,0.140500,0.142617,,,0.192,74.3
452,0.144433,,0.140500,0.144433,,,0.140,74.4
453,0.142567,,0.140500,0.144433,,,0.141,74.6
454,0.141333,,0.140500,0.144433,,,0.140,74.7
455,0.143233,,0.140500,0.144433,,,0.141,74.9
456,0.140067,,0.140500,0.144433,,,0.143,75.0
457,0.140867,,0.140500,0.144433,,,0.139,75.1
458,0.143567,,0.140500,0.144433,,,0.139,75.3
459,0.143867,,0.140500,0.144433,,,0.144,75.4
460,0.145500,,0.140500,0.145500,,,0.140,75.6
461,0.146250,,0.140500,0.146250,,,0.140,75.7
462,0.145783,,0.140500,0.146250,,,0.141,75.8
463,0.147967,,0.140500,0.147967,,,0.142,76.0
464,0.147033,,0.140500,0.147967,,,0.139,76.1
465,0.147550,,0.140500,0.147967,,,0.144,76.3
466,0.146667,,0.140500,0.147967,,,0.206,76.5
467,0.148700,,0.140500,0.148700,,,0.144,76.6
468,0.147700,,0.140500,0.148700,,,0.141,76.8
469,0.148283,,0.140500,0.148700,,,0.138,76.9
470,0.148133,,0.140500,0.148700,,,0.141,77.0
471,0.146433,,0.140500,0.148700,,,0.140,77.2
472,0.148000,,0.140500,0.148700,,,0.141,77.3
473,0.145617,,0.140500,0.148700,,,0.141,77.5
474,0.146733,,0.140500,0.148700,,,0.141,77.6
475,0.149967,,0.140500,0.149967,,,0.139,77.7
476,0.148900,,0.140500,0.149967,,,0.140,77.9
477,0.147867,,0.140500,0.149967,,,0.143,78.0
478,0.148767,,0.140500,0.149967,,,0.149,78.2
479,0.150967,,0.140500,0.150967,,,0.144,78.3
480,0.149733,,0.140500,0.150967,,,0.140,78.5
481,0.150300,,0.140500,0.150967,,,0.144,78.6
482,0.150767,,0.140500,0.150967,,,0.144,78.8
483,0.149250,,0.140500,0.150967,,,0.141,78.9
484,0.151167,,0.140500,0.151167,,,0.143,79.0
485,0.149917,,0.140500,0.151167,,,0.143,79.2
486,0.150750,,0.140500,0.151167,,,0.146,79.3
487,0.151383,,0.140500,0.151383,,,0.145,79.5
488,0.150200,,0.140500,0.151383,,,0.141,79.6
489,0.149150,,0.140500,0.151383,,,0.143,79.8
490,0.148867,,0.140500,0.151383,,,0.138,79.9
491,0.151183,,0.140500,0.151383,,,0.146,80.0
492,0.150150,,0.140500,0.151383,,,0.140,80.2
493,0.150267,,0.140500,0.151383,,,0.139,80.3
494,0.152033,,0.140500,0.152033,,,0.145,80.5
495,0.150417,,0.140500,0.152033,,,0.210,80.7
496,0.150000,,0.140500,0.152033,,,0.143,80.8
497,0.151683,,0.140500,0.152033,,,0.147,81.0
498,0.149400,,0.140500,0.152033,,,0.141,81.1
499,0.150617,,0.140500,0.152033,,,0.142,81.2
500,0.149483,0.16050000488758087,0.160500,0.152033,0.07784504443407059,0.33945950865745544,0.435,81.7
501,0.151100,,0.160500,0.152033,,,0.135,81.8
502,0.149517,,0.160500,0.152033,,,0.147,82.0
503,0.151300,,0.160500,0.152033,,,0.140,82.1
504,0.151883,,0.160500,0.152033,,,0.144,82.2
505,0.150167,,0.160500,0.152033,,,0.146,82.4
506,0.151300,,0.160500,0.152033,,,0.142,82.5
507,0.152117,,0.160500,0.152117,,,0.144,82.7
508,0.152150,,0.160500,0.152150,,,0.142,82.8
509,0.150633,,0.160500,0.152150,,,0.143,83.0
510,0.152350,,0.160500,0.152350,,,0.140,83.1
511,0.150467,,0.160500,0.152350,,,0.141,83.2
512,0.151317,,0.160500,0.152350,,,0.141,83.4
513,0.148167,,0.160500,0.152350,,,0.138,83.5
514,0.150750,,0.160500,0.152350,,,0.141,83.7
515,0.148933,,0.160500,0.152350,,,0.140,83.8
516,0.150317,,0.160500,0.152350,,,0.141,83.9
517,0.150367,,0.160500,0.152350,,,0.137,84.1
518,0.151083,,0.160500,0.152350,,,0.139,84.2
519,0.150450,,0.160500,0.152350,,,0.141,84.4
520,0.149533,,0.160500,0.152350,,,0.141,84.5
521,0.151517,,0.160500,0.152350,,,0.142,84.6
522,0.150167,,0.160500,0.152350,,,0.206,84.8
523,0.151333,,0.160500,0.152350,,,0.141,85.0
524,0.155133,,0.160500,0.155133,,,0.138,85.1
525,0.152150,,0.160500,0.155133,,,0.141,85.3
526,0.155333,,0.160500,0.155333,,,0.140,85.4
527,0.151733,,0.160500,0.155333,,,0.142,85.5
528,0.154550,,0.160500,0.155333,,,0.139,85.7
529,0.155067,,0.160500,0.155333,,,0.138,85.8
530,0.152633,,0.160500,0.155333,,,0.140,86.0
531,0.152400,,0.160500,0.155333,,,0.141,86.1
532,0.154617,,0.160500,0.155333,,,0.141,86.2
533,0.156433,,0.160500,0.156433,,,0.143,86.4
534,0.156733,,0.160500,0.156733,,,0.141,86.5
535,0.155883,,0.160500,0.156733,,,0.143,86.7
536,0.156883,,0.160500,0.156883,,,0.154,86.8
537,0.159167,,0.160500,0.159167,,,0.217,87.0
538,0.154533,,0.160500,0.159167,,,0.157,87.2
539,0.157117,,0.160500,0.159167,,,0.151,87.4
540,0.155833,,0.160500,0.159167,,,0.153,87.5
541,0.157833,,0.160500,0.159167,,,0.149,87.7
542,0.155983,,0.160500,0.159167,,,0.142,87.8
543,0.158767,,0.160500,0.159167,,,0.142,87.9
544,0.159167,,0.160500,0.159167,,,0.145,88.1
545,0.158600,,0.160500,0.159167,,,0.141,88.2
546,0.159117,,0.160500,0.159167,,,0.140,88.4
547,0.160200,,0.160500,0.160200,,,0.143,88.5
548,0.157067,,0.160500,0.160200,,,0.156,88.7
549,0.157867,,0.160500,0.160200,,,0.143,88.8
550,0.157000,,0.160500,0.160200,,,0.139,88.9
551,0.153833,,0.160500,0.160200,,,0.210,89.2
552,0.156167,,0.160500,0.160200,,,0.139,89.3
553,0.156050,,0.160500,0.160200,,,0.141,89.4
554,0.157800,,0.160500,0.160200,,,0.143,89.6
555,0.157100,,0.160500,0.160200,,,0.140,89.7
556,0.158167,,0.160500,0.160200,,,0.138,89.9
557,0.157717,,0.160500,0.160200,,,0.140,90.0
558,0.158650,,0.160500,0.160200,,,0.141,90.1
559,0.156750,,0.160500,0.160200,,,0.152,90.3
560,0.158500,,0.160500,0.160200,,,0.153,90.4
561,0.157733,,0.160500,0.160200,,,0.147,90.6
562,0.159467,,0.160500,0.160200,,,0.140,90.7
563,0.155617,,0.160500,0.160200,,,0.149,90.9
564,0.159050,,0.160500,0.160200,,,0.143,91.0
565,0.156233,,0.160500,0.160200,,,0.177,91.2
566,0.157833,,0.160500,0.160200,,,0.138,91.3
567,0.159650,,0.160500,0.160200,,,0.139,91.5
568,0.159683,,0.160500,0.160200,,,0.138,91.6
569,0.157667,,0.160500,0.160200,,,0.142,91.8
570,0.158817,,0.160500,0.160200,,,0.139,91.9
571,0.160667,,0.160500,0.160667,,,0.143,92.0
572,0.159017,,0.160500,0.160667,,,0.140,92.2
573,0.159833,,0.160500,0.160667,,,0.140,92.3
574,0.159133,,0.160500,0.160667,,,0.142,92.5
575,0.158800,,0.160500,0.160667,,,0.142,92.6
576,0.157683,,0.160500,0.160667,,,0.138,92.7
577,0.161433,,0.160500,0.161433,,,0.142,92.9
578,0.160583,,0.160500,0.161433,,,0.147,93.0
579,0.160467,,0.160500,0.161433,,,0.154,93.2
580,0.161850,,0.160500,0.161850,,,0.151,93.3
581,0.159083,,0.160500,0.161850,,,0.151,93.5
582,0.160067,,0.160500,0.161850,,,0.150,93.6
583,0.162350,,0.160500,0.162350,,,0.151,93.8
584,0.160300,,0.160500,0.162350,,,0.147,93.9
585,0.161033,,0.160500,0.162350,,,0.145,94.1
586,0.163283,,0.160500,0.163283,,,0.143,94.2
587,0.162133,,0.160500,0.163283,,,0.138,94.4
588,0.161183,,0.160500,0.163283,,,0.139,94.5
589,0.161533,,0.160500,0.163283,,,0.144,94.6
590,0.162017,,0.160500,0.163283,,,0.136,94.8
591,0.161783,,0.160500,0.163283,,,0.140,94.9
592,0.162417,,0.160500,0.163283,,,0.141,95.1
593,0.162433,,0.160500,0.163283,,,0.182,95.2
594,0.161617,,0.160500,0.163283,,,0.139,95.4
595,0.160250,,0.160500,0.163283,,,0.144,95.5
596,0.161400,,0.160500,0.163283,,,0.146,95.7
597,0.162283,,0.160500,0.163283,,,0.141,95.8
598,0.160983,,0.160500,0.163283,,,0.149,96.0
599,0.161517,,0.160500,0.163283,,,0.145,96.1
600,0.160767,0.17000000178813934,0.170000,0.163283,0.0755610391497612,0.361089289188385,0.453,96.6
601,0.162567,,0.170000,0.163283,,,0.139,96.7
602,0.162600,,0.170000,0.163283,,,0.140,96.8
603,0.163567,,0.170000,0.163567,,,0.139,97.0
604,0.163333,,0.170000,0.163567,,,0.143,97.1
605,0.161267,,0.170000,0.163567,,,0.158,97.3
606,0.161133,,0.170000,0.163567,,,0.137,97.4
607,0.161617,,0.170000,0.163567,,,0.139,97.6
608,0.164950,,0.170000,0.164950,,,0.138,97.7
609,0.163950,,0.170000,0.164950,,,0.138,97.8
610,0.163750,,0.170000,0.164950,,,0.136,98.0
611,0.161700,,0.170000,0.164950,,,0.138,98.1
612,0.163717,,0.170000,0.164950,,,0.140,98.2
613,0.163050,,0.170000,0.164950,,,0.137,98.4
614,0.164883,,0.170000,0.164950,,,0.136,98.5
615,0.165350,,0.170000,0.165350,,,0.135,98.7
616,0.168567,,0.170000,0.168567,,,0.138,98.8
617,0.166867,,0.170000,0.168567,,,0.137,98.9
618,0.167783,,0.170000,0.168567,,,0.136,99.1
619,0.166183,,0.170000,0.168567,,,0.178,99.2
620,0.167583,,0.170000,0.168567,,,0.138,99.4
621,0.164550,,0.170000,0.168567,,,0.134,99.5
622,0.165983,,0.170000,0.168567,,,0.136,99.6
623,0.165983,,0.170000,0.168567,,,0.136,99.8
624,0.167933,,0.170000,0.168567,,,0.136,99.9
625,0.165683,,0.170000,0.168567,,,0.136,100.1
626,0.166183,,0.170000,0.168567,,,0.137,100.2
627,0.167567,,0.170000,0.168567,,,0.137,100.3
628,0.166883,,0.170000,0.168567,,,0.137,100.5
629,0.168683,,0.170000,0.168683,,,0.137,100.6
630,0.168167,,0.170000,0.168683,,,0.137,100.7
631,0.167117,,0.170000,0.168683,,,0.136,100.9
632,0.166250,,0.170000,0.168683,,,0.135,101.0
633,0.167333,,0.170000,0.168683,,,0.138,101.1
634,0.168183,,0.170000,0.168683,,,0.201,101.3
635,0.166600,,0.170000,0.168683,,,0.136,101.5
636,0.169083,,0.170000,0.169083,,,0.135,101.6
637,0.169267,,0.170000,0.169267,,,0.136,101.8
638,0.169000,,0.170000,0.169267,,,0.148,101.9
639,0.168350,,0.170000,0.169267,,,0.135,102.0
640,0.169717,,0.170000,0.169717,,,0.136,102.2
641,0.169683,,0.170000,0.169717,,,0.134,102.3
642,0.166733,,0.170000,0.169717,,,0.135,102.4
643,0.168633,,0.170000,0.169717,,,0.131,102.6
644,0.168983,,0.170000,0.169717,,,0.136,102.7
645,0.167967,,0.170000,0.169717,,,0.135,102.8
646,0.170133,,0.170000,0.170133,,,0.136,103.0
647,0.170383,,0.170000,0.170383,,,0.137,103.1
648,0.170950,,0.170000,0.170950,,,0.137,103.3
649,0.170500,,0.170000,0.170950,,,0.204,103.5
650,0.170350,,0.170000,0.170950,,,0.138,103.6
651,0.172367,,0.170000,0.172367,,,0.137,103.7
652,0.170417,,0.170000,0.172367,,,0.137,103.9
653,0.170717,,0.170000,0.172367,,,0.136,104.0
654,0.170300,,0.170000,0.172367,,,0.138,104.1
655,0.171300,,0.170000,0.172367,,,0.137,104.3
656,0.168450,,0.170000,0.172367,,,0.136,104.4
657,0.169917,,0.170000,0.172367,,,0.138,104.6
658,0.171600,,0.170000,0.172367,,,0.137,104.7
659,0.170367,,0.170000,0.172367,,,0.136,104.8
660,0.172883,,0.170000,0.172883,,,0.135,105.0
661,0.171767,,0.170000,0.172883,,,0.137,105.1
662,0.171167,,0.170000,0.172883,,,0.137,105.2
663,0.173717,,0.170000,0.173717,,,0.136,105.4
664,0.173600,,0.170000,0.173717,,,0.202,105.6
665,0.172067,,0.170000,0.173717,,,0.137,105.7
666,0.170200,,0.170000,0.173717,,,0.139,105.9
667,0.173217,,0.170000,0.173717,,,0.136,106.0
668,0.171717,,0.170000,0.173717,,,0.137,106.1
669,0.170417,,0.170000,0.173717,,,0.137,106.3
670,0.172600,,0.170000,0.173717,,,0.137,106.4
671,0.173483,,0.170000,0.173717,,,0.137,106.5
672,0.173933,,0.170000,0.173933,,,0.137,106.7
673,0.172750,,0.170000,0.173933,,,0.136,106.8
674,0.174433,,0.170000,0.174433,,,0.138,106.9
675,0.174650,,0.170000,0.174650,,,0.141,107.1
676,0.173233,,0.170000,0.174650,,,0.138,107.2
677,0.173783,,0.170000,0.174650,,,0.137,107.4
678,0.175067,,0.170000,0.175067,,,0.138,107.5
679,0.175383,,0.170000,0.175383,,,0.204,107.7
680,0.176317,,0.170000,0.176317,,,0.140,107.8
681,0.174050,,0.170000,0.176317,,,0.138,108.0
682,0.173333,,0.170000,0.176317,,,0.141,108.1
683,0.175100,,0.170000,0.176317,,,0.146,108.3
684,0.175100,,0.170000,0.176317,,,0.136,108.4
685,0.176583,,0.170000,0.176583,,,0.138,108.5
686,0.174950,,0.170000,0.176583,,,0.138,108.7
687,0.175617,,0.170000,0.176583,,,0.136,108.8
688,0.173267,,0.170000,0.176583,,,0.138,109.0
689,0.174017,,0.170000,0.176583,,,0.138,109.1
690,0.173217,,0.170000,0.176583,,,0.139,109.2
691,0.175667,,0.170000,0.176583,,,0.138,109.4
692,0.174100,,0.170000,0.176583,,,0.139,109.5
693,0.175517,,0.170000,0.176583,,,0.140,109.7
694,0.172517,,0.170000,0.176583,,,0.206,109.9
695,0.174783,,0.170000,0.176583,,,0.142,110.0
696,0.174400,,0.170000,0.176583,,,0.140,110.1
697,0.175567,,0.170000,0.176583,,,0.139,110.3
698,0.175933,,0.170000,0.176583,,,0.138,110.4
699,0.176017,,0.170000,0.176583,,,0.139,110.6
700,0.173800,0.17800000309944153,0.178000,0.176583,0.07046269625425339,0.3928619623184204,0.425,111.0
701,0.176283,,0.178000,0.176583,,,0.134,111.1
702,0.175600,,0.178000,0.176583,,,0.135,111.2
703,0.173650,,0.178000,0.176583,,,0.136,111.4
704,0.173283,,0.178000,0.176583,,,0.137,111.5
705,0.173717,,0.178000,0.176583,,,0.137,111.7
706,0.172700,,0.178000,0.176583,,,0.137,111.8
707,0.172300,,0.178000,0.176583,,,0.199,112.0
708,0.174967,,0.178000,0.176583,,,0.137,112.1
709,0.175133,,0.178000,0.176583,,,0.135,112.3
710,0.173750,,0.178000,0.176583,,,0.138,112.4
711,0.176383,,0.178000,0.176583,,,0.138,112.5
712,0.176583,,0.178000,0.176583,,,0.136,112.7
713,0.175233,,0.178000,0.176583,,,0.138,112.8
714,0.176467,,0.178000,0.176583,,,0.136,113.0
715,0.174900,,0.178000,0.176583,,,0.138,113.1
716,0.175367,,0.178000,0.176583,,,0.137,113.2
717,0.175033,,0.178000,0.176583,,,0.136,113.4
718,0.171717,,0.178000,0.176583,,,0.135,113.5
719,0.172633,,0.178000,0.176583,,,0.136,113.6
720,0.173233,,0.178000,0.176583,,,0.138,113.8
721,0.173283,,0.178000,0.176583,,,0.177,113.9
722,0.172450,,0.178000,0.176583,,,0.135,114.1
723,0.174467,,0.178000,0.176583,,,0.135,114.2
724,0.170300,,0.178000,0.176583,,,0.137,114.4
725,0.174850,,0.178000,0.176583,,,0.137,114.5
726,0.174117,,0.178000,0.176583,,,0.133,114.6
727,0.170050,,0.178000,0.176583,,,0.136,114.8
728,0.173183,,0.178000,0.176583,,,0.136,114.9
729,0.173117,,0.178000,0.176583,,,0.136,115.0
730,0.169133,,0.178000,0.176583,,,0.138,115.2
731,0.171583,,0.178000,0.176583,,,0.136,115.3
732,0.173050,,0.178000,0.176583,,,0.138,115.4
733,0.172883,,0.178000,0.176583,,,0.137,115.6
734,0.171667,,0.178000,0.176583,,,0.137,115.7
735,0.173600,,0.178000,0.176583,,,0.137,115.9
736,0.176033,,0.178000,0.176583,,,0.203,116.1
737,0.175400,,0.178000,0.176583,,,0.138,116.2
738,0.176250,,0.178000,0.176583,,,0.136,116.3
739,0.175367,,0.178000,0.176583,,,0.136,116.5
740,0.177817,,0.178000,0.177817,,,0.137,116.6
741,0.176833,,0.178000,0.177817,,,0.136,116.7
742,0.176333,,0.178000,0.177817,,,0.138,116.9
743,0.175550,,0.178000,0.177817,,,0.135,117.0
744,0.176333,,0.178000,0.177817,,,0.136,117.2
745,0.177883,,0.178000,0.177883,,,0.135,117.3
746,0.175867,,0.178000,0.177883,,,0.137,117.4
747,0.173783,,0.178000,0.177883,,,0.137,117.6
748,0.176800,,0.178000,0.177883,,,0.137,117.7
749,0.177250,,0.178000,0.177883,,,0.136,117.8
750,0.176233,,0.178000,0.177883,,,0.136,118.0
751,0.178567,,0.178000,0.178567,,,0.198,118.2
752,0.178467,,0.178000,0.178567,,,0.138,118.3
753,0.180050,,0.178000,0.180050,,,0.137,118.4
754,0.180033,,0.178000,0.180050,,,0.137,118.6
755,0.176933,,0.178000,0.180050,,,0.136,118.7
756,0.174950,,0.178000,0.180050,,,0.135,118.8
757,0.179633,,0.178000,0.180050,,,0.136,119.0
758,0.178917,,0.178000,0.180050,,,0.136,119.1
759,0.177417,,0.178000,0.180050,,,0.137,119.3
760,0.179483,,0.178000,0.180050,,,0.136,119.4
761,0.177967,,0.178000,0.180050,,,0.137,119.5
762,0.179367,,0.178000,0.180050,,,0.136,119.7
763,0.177000,,0.178000,0.180050,,,0.137,119.8
764,0.177133,,0.178000,0.180050,,,0.136,119.9
765,0.179900,,0.178000,0.180050,,,0.137,120.1
766,0.177933,,0.178000,0.180050,,,0.203,120.3
767,0.178500,,0.178000,0.180050,,,0.138,120.4
768,0.181250,,0.178000,0.181250,,,0.140,120.6
769,0.179233,,0.178000,0.181250,,,0.138,120.7
770,0.178567,,0.178000,0.181250,,,0.137,120.8
771,0.178667,,0.178000,0.181250,,,0.136,121.0
772,0.178633,,0.178000,0.181250,,,0.138,121.1
773,0.178483,,0.178000,0.181250,,,0.137,121.2
774,0.179533,,0.178000,0.181250,,,0.136,121.4
775,0.179483,,0.178000,0.181250,,,0.136,121.5
776,0.178450,,0.178000,0.181250,,,0.136,121.7
777,0.178333,,0.178000,0.181250,,,0.137,121.8
778,0.178883,,0.178000,0.181250,,,0.136,121.9
779,0.179400,,0.178000,0.181250,,,0.136,122.1
780,0.177333,,0.178000,0.181250,,,0.136,122.2
781,0.178167,,0.178000,0.181250,,,0.201,122.4
782,0.177867,,0.178000,0.181250,,,0.137,122.5
783,0.178733,,0.178000,0.181250,,,0.137,122.7
784,0.178267,,0.178000,0.181250,,,0.137,122.8
785,0.176917,,0.178000,0.181250,,,0.136,122.9
786,0.178883,,0.178000,0.181250,,,0.139,123.1
787,0.178000,,0.178000,0.181250,,,0.136,123.2
788,0.178650,,0.178000,0.181250,,,0.137,123.4
789,0.179867,,0.178000,0.181250,,,0.136,123.5
790,0.179200,,0.178000,0.181250,,,0.138,123.6
791,0.178667,,0.178000,0.181250,,,0.136,123.8
792,0.177133,,0.178000,0.181250,,,0.138,123.9
793,0.177883,,0.178000,0.181250,,,0.136,124.0
794,0.179233,,0.178000,0.181250,,,0.139,124.2
795,0.179400,,0.178000,0.181250,,,0.136,124.3
796,0.178483,,0.178000,0.181250,,,0.204,124.5
797,0.179050,,0.178000,0.181250,,,0.136,124.7
798,0.178717,,0.178000,0.181250,,,0.135,124.8
799,0.177550,,0.178000,0.181250,,,0.136,124.9
800,0.178733,0.203000009059906,0.203000,0.181250,0.06081763654947281,0.40800005197525024,0.434,125.4
801,0.178517,,0.203000,0.181250,,,0.137,125.5
802,0.177917,,0.203000,0.181250,,,0.135,125.6
803,0.179050,,0.203000,0.181250,,,0.135,125.8
804,0.179583,,0.203000,0.181250,,,0.136,125.9
805,0.179567,,0.203000,0.181250,,,0.136,126.0
806,0.180517,,0.203000,0.181250,,,0.136,126.2
807,0.180050,,0.203000,0.181250,,,0.137,126.3
808,0.178600,,0.203000,0.181250,,,0.136,126.4
809,0.179950,,0.203000,0.181250,,,0.201,126.6
810,0.179650,,0.203000,0.181250,,,0.139,126.8
811,0.178800,,0.203000,0.181250,,,0.138,126.9
812,0.177083,,0.203000,0.181250,,,0.137,127.1
813,0.180100,,0.203000,0.181250,,,0.137,127.2
814,0.176083,,0.203000,0.181250,,,0.137,127.3
815,0.178167,,0.203000,0.181250,,,0.137,127.5
816,0.177567,,0.203000,0.181250,,,0.136,127.6
817,0.179983,,0.203000,0.181250,,,0.136,127.7
818,0.179867,,0.203000,0.181250,,,0.137,127.9
819,0.179417,,0.203000,0.181250,,,0.131,128.0
820,0.177367,,0.203000,0.181250,,,0.137,128.1
821,0.182150,,0.203000,0.182150,,,0.139,128.3
822,0.181267,,0.203000,0.182150,,,0.137,128.4
823,0.180767,,0.203000,0.182150,,,0.138,128.6
824,0.182333,,0.203000,0.182333,,,0.263,128.8
825,0.181933,,0.203000,0.182333,,,0.136,129.0
826,0.179300,,0.203000,0.182333,,,0.134,129.1
827,0.178817,,0.203000,0.182333,,,0.137,129.2
828,0.179733,,0.203000,0.182333,,,0.137,129.4
829,0.179783,,0.203000,0.182333,,,0.137,129.5
830,0.178467,,0.203000,0.182333,,,0.136,129.6
831,0.179700,,0.203000,0.182333,,,0.136,129.8
832,0.181900,,0.203000,0.182333,,,0.136,129.9
833,0.180283,,0.203000,0.182333,,,0.136,130.1
834,0.181050,,0.203000,0.182333,,,0.136,130.2
835,0.181717,,0.203000,0.182333,,,0.135,130.3
836,0.180917,,0.203000,0.182333,,,0.136,130.5
837,0.183417,,0.203000,0.183417,,,0.136,130.6
838,0.182067,,0.203000,0.183417,,,0.137,130.7
839,0.183500,,0.203000,0.183500,,,0.202,130.9
840,0.180933,,0.203000,0.183500,,,0.137,131.1
841,0.181867,,0.203000,0.183500,,,0.136,131.2
842,0.180983,,0.203000,0.183500,,,0.134,131.3
843,0.181750,,0.203000,0.183500,,,0.135,131.5
844,0.180417,,0.203000,0.183500,,,0.135,131.6
845,0.180100,,0.203000,0.183500,,,0.135,131.7
846,0.181350,,0.203000,0.183500,,,0.137,131.9
847,0.179517,,0.203000,0.183500,,,0.131,132.0
848,0.178533,,0.203000,0.183500,,,0.135,132.1
849,0.177083,,0.203000,0.183500,,,0.135,132.3
850,0.179333,,0.203000,0.183500,,,0.136,132.4
851,0.182100,,0.203000,0.183500,,,0.135,132.6
852,0.182733,,0.203000,0.183500,,,0.135,132.7
853,0.182400,,0.203000,0.183500,,,0.136,132.8
854,0.180917,,0.203000,0.183500,,,0.202,133.0
855,0.180450,,0.203000,0.183500,,,0.136,133.2
856,0.179933,,0.203000,0.183500,,,0.136,133.3
857,0.180883,,0.203000,0.183500,,,0.136,133.4
858,0.178167,,0.203000,0.183500,,,0.136,133.6
859,0.179883,,0.203000,0.183500,,,0.136,133.7
860,0.176183,,0.203000,0.183500,,,0.137,133.8
861,0.178017,,0.203000,0.183500,,,0.136,134.0
862,0.179367,,0.203000,0.183500,,,0.139,134.1
863,0.178750,,0.203000,0.183500,,,0.137,134.3
864,0.180467,,0.203000,0.183500,,,0.136,134.4
865,0.181700,,0.203000,0.183500,,,0.137,134.5
866,0.180100,,0.203000,0.183500,,,0.135,134.7
867,0.181183,,0.203000,0.183500,,,0.134,134.8
868,0.181300,,0.203000,0.183500,,,0.136,134.9
869,0.180417,,0.203000,0.183500,,,0.203,135.1
870,0.179583,,0.203000,0.183500,,,0.138,135.3
871,0.179150,,0.203000,0.183500,,,0.137,135.4
872,0.179450,,0.203000,0.183500,,,0.136,135.6
873,0.180300,,0.203000,0.183500,,,0.136,135.7
874,0.180217,,0.203000,0.183500,,,0.137,135.8
875,0.179267,,0.203000,0.183500,,,0.136,136.0
876,0.179317,,0.203000,0.183500,,,0.138,136.1
877,0.180767,,0.203000,0.183500,,,0.135,136.2
878,0.182483,,0.203000,0.183500,,,0.137,136.4
879,0.183917,,0.203000,0.183917,,,0.135,136.5
880,0.182600,,0.203000,0.183917,,,0.138,136.6
881,0.183017,,0.203000,0.183917,,,0.136,136.8
882,0.181467,,0.203000,0.183917,,,0.138,136.9
883,0.182717,,0.203000,0.183917,,,0.136,137.1
884,0.181617,,0.203000,0.183917,,,0.204,137.3
885,0.177750,,0.203000,0.183917,,,0.137,137.4
886,0.179217,,0.203000,0.183917,,,0.136,137.5
887,0.180883,,0.203000,0.183917,,,0.138,137.7
888,0.180317,,0.203000,0.183917,,,0.136,137.8
889,0.181117,,0.203000,0.183917,,,0.135,137.9
890,0.180650,,0.203000,0.183917,,,0.136,138.1
891,0.181483,,0.203000,0.183917,,,0.136,138.2
892,0.181433,,0.203000,0.183917,,,0.137,138.3
893,0.180983,,0.203000,0.183917,,,0.137,138.5
894,0.180600,,0.203000,0.183917,,,0.138,138.6
895,0.180633,,0.203000,0.183917,,,0.137,138.8
896,0.181983,,0.203000,0.183917,,,0.138,138.9
897,0.179300,,0.203000,0.183917,,,0.136,139.0
898,0.180067,,0.203000,0.183917,,,0.136,139.2
899,0.179983,,0.203000,0.183917,,,0.202,139.4
900,0.180817,0.203000009059906,0.203000,0.183917,0.057395659387111664,0.4321019649505615,0.429,139.8
901,0.180283,,0.203000,0.183917,,,0.135,139.9
902,0.179650,,0.203000,0.183917,,,0.137,140.1
903,0.179717,,0.203000,0.183917,,,0.137,140.2
904,0.180433,,0.203000,0.183917,,,0.136,140.3
905,0.181500,,0.203000,0.183917,,,0.136,140.5
906,0.178633,,0.203000,0.183917,,,0.136,140.6
907,0.177900,,0.203000,0.183917,,,0.136,140.8
908,0.179133,,0.203000,0.183917,,,0.136,140.9
909,0.180967,,0.203000,0.183917,,,0.134,141.0
910,0.179433,,0.203000,0.183917,,,0.136,141.2
911,0.177867,,0.203000,0.183917,,,0.137,141.3
912,0.179800,,0.203000,0.183917,,,0.202,141.5
913,0.181417,,0.203000,0.183917,,,0.137,141.6
914,0.177433,,0.203000,0.183917,,,0.136,141.8
915,0.179733,,0.203000,0.183917,,,0.136,141.9
916,0.178317,,0.203000,0.183917,,,0.136,142.0
917,0.177967,,0.203000,0.183917,,,0.137,142.2
918,0.178550,,0.203000,0.183917,,,0.138,142.3
919,0.181500,,0.203000,0.183917,,,0.136,142.5
920,0.182183,,0.203000,0.183917,,,0.136,142.6
921,0.178583,,0.203000,0.183917,,,0.135,142.7
922,0.181300,,0.203000,0.183917,,,0.137,142.9
923,0.180600,,0.203000,0.183917,,,0.136,143.0
924,0.181733,,0.203000,0.183917,,,0.139,143.1
925,0.180717,,0.203000,0.183917,,,0.136,143.3
926,0.179850,,0.203000,0.183917,,,0.137,143.4
927,0.180450,,0.203000,0.183917,,,0.209,143.6
928,0.179750,,0.203000,0.183917,,,0.135,143.8
929,0.179967,,0.203000,0.183917,,,0.136,143.9
930,0.179150,,0.203000,0.183917,,,0.137,144.0
931,0.179650,,0.203000,0.183917,,,0.137,144.2
932,0.179733,,0.203000,0.183917,,,0.135,144.3
933,0.178617,,0.203000,0.183917,,,0.136,144.4
934,0.179767,,0.203000,0.183917,,,0.137,144.6
935,0.179467,,0.203000,0.183917,,,0.137,144.7
936,0.180500,,0.203000,0.183917,,,0.136,144.8
937,0.178233,,0.203000,0.183917,,,0.137,145.0
938,0.181250,,0.203000,0.183917,,,0.137,145.1
939,0.181400,,0.203000,0.183917,,,0.135,145.3
940,0.184050,,0.203000,0.184050,,,0.139,145.4
941,0.183600,,0.203000,0.184050,,,0.135,145.5
942,0.181767,,0.203000,0.184050,,,0.201,145.7
943,0.182617,,0.203000,0.184050,,,0.136,145.9
944,0.181817,,0.203000,0.184050,,,0.137,146.0
945,0.181767,,0.203000,0.184050,,,0.137,146.1
946,0.182900,,0.203000,0.184050,,,0.137,146.3
947,0.179750,,0.203000,0.184050,,,0.137,146.4
948,0.182183,,0.203000,0.184050,,,0.137,146.6
949,0.181300,,0.203000,0.184050,,,0.137,146.7
950,0.180817,,0.203000,0.184050,,,0.137,146.8
951,0.181150,,0.203000,0.184050,,,0.135,147.0
952,0.182767,,0.203000,0.184050,,,0.136,147.1
953,0.183367,,0.203000,0.184050,,,0.137,147.2
954,0.183467,,0.203000,0.184050,,,0.136,147.4
955,0.184217,,0.203000,0.184217,,,0.136,147.5
956,0.184517,,0.203000,0.184517,,,0.136,147.6
957,0.184033,,0.203000,0.184517,,,0.201,147.8
958,0.185650,,0.203000,0.185650,,,0.136,148.0
959,0.185100,,0.203000,0.185650,,,0.135,148.1
960,0.184067,,0.203000,0.185650,,,0.138,148.3
961,0.183850,,0.203000,0.185650,,,0.136,148.4
962,0.182117,,0.203000,0.185650,,,0.135,148.5
963,0.184283,,0.203000,0.185650,,,0.137,148.7
964,0.184500,,0.203000,0.185650,,,0.137,148.8
965,0.184350,,0.203000,0.185650,,,0.137,148.9
966,0.183883,,0.203000,0.185650,,,0.136,149.1
967,0.183517,,0.203000,0.185650,,,0.137,149.2
968,0.181850,,0.203000,0.185650,,,0.137,149.3
969,0.183017,,0.203000,0.185650,,,0.138,149.5
970,0.183350,,0.203000,0.185650,,,0.136,149.6
971,0.182417,,0.203000,0.185650,,,0.148,149.8
972,0.182067,,0.203000,0.185650,,,0.201,150.0
973,0.184600,,0.203000,0.185650,,,0.136,150.1
974,0.184967,,0.203000,0.185650,,,0.137,150.2
975,0.184583,,0.203000,0.185650,,,0.137,150.4
976,0.184600,,0.203000,0.185650,,,0.137,150.5
977,0.187783,,0.203000,0.187783,,,0.136,150.6
978,0.184000,,0.203000,0.187783,,,0.136,150.8
979,0.184517,,0.203000,0.187783,,,0.137,150.9
980,0.186033,,0.203000,0.187783,,,0.137,151.1
981,0.185700,,0.203000,0.187783,,,0.137,151.2
982,0.181967,,0.203000,0.187783,,,0.136,151.3
983,0.182500,,0.203000,0.187783,,,0.135,151.5
984,0.182317,,0.203000,0.187783,,,0.136,151.6
985,0.184583,,0.203000,0.187783,,,0.137,151.7
986,0.185833,,0.203000,0.187783,,,0.139,151.9
987,0.185217,,0.203000,0.187783,,,0.201,152.1
988,0.186367,,0.203000,0.187783,,,0.137,152.2
989,0.186533,,0.203000,0.187783,,,0.139,152.4
990,0.187050,,0.203000,0.187783,,,0.136,152.5
991,0.186267,,0.203000,0.187783,,,0.136,152.6
992,0.186050,,0.203000,0.187783,,,0.136,152.8
993,0.184917,,0.203000,0.187783,,,0.135,152.9
994,0.185233,,0.203000,0.187783,,,0.137,153.0
995,0.184450,,0.203000,0.187783,,,0.135,153.2
996,0.186067,,0.203000,0.187783,,,0.137,153.3
997,0.184400,,0.203000,0.187783,,,0.132,153.4
998,0.186517,,0.203000,0.187783,,,0.136,153.6
999,0.186517,,0.203000,0.187783,,,0.136,153.7
1000,0.185417,0.2070000171661377,0.207000,0.187783,0.055009543895721436,0.40657782554626465,0.435,154.1
1001,0.186667,,0.207000,0.187783,,,0.198,154.3
1002,0.184783,,0.207000,0.187783,,,0.136,154.5
1003,0.183450,,0.207000,0.187783,,,0.137,154.6
1004,0.183117,,0.207000,0.187783,,,0.136,154.8
1005,0.185600,,0.207000,0.187783,,,0.138,154.9
1006,0.185233,,0.207000,0.187783,,,0.136,155.0
1007,0.183850,,0.207000,0.187783,,,0.135,155.2
1008,0.185933,,0.207000,0.187783,,,0.135,155.3
1009,0.185800,,0.207000,0.187783,,,0.135,155.4
1010,0.188417,,0.207000,0.188417,,,0.137,155.6
1011,0.184450,,0.207000,0.188417,,,0.137,155.7
1012,0.188650,,0.207000,0.188650,,,0.134,155.8
1013,0.183900,,0.207000,0.188650,,,0.135,156.0
1014,0.184567,,0.207000,0.188650,,,0.188,156.2
1015,0.184467,,0.207000,0.188650,,,0.137,156.3
1016,0.186283,,0.207000,0.188650,,,0.135,156.4
1017,0.185517,,0.207000,0.188650,,,0.135,156.6
1018,0.185733,,0.207000,0.188650,,,0.138,156.7
1019,0.183900,,0.207000,0.188650,,,0.136,156.8
1020,0.183367,,0.207000,0.188650,,,0.136,157.0
1021,0.187000,,0.207000,0.188650,,,0.137,157.1
1022,0.184783,,0.207000,0.188650,,,0.137,157.3
1023,0.183883,,0.207000,0.188650,,,0.138,157.4
1024,0.183500,,0.207000,0.188650,,,0.136,157.5
1025,0.183000,,0.207000,0.188650,,,0.137,157.7
1026,0.185217,,0.207000,0.188650,,,0.136,157.8
1027,0.185550,,0.207000,0.188650,,,0.139,157.9
1028,0.185833,,0.207000,0.188650,,,0.190,158.1
1029,0.184500,,0.207000,0.188650,,,0.203,158.3
1030,0.185067,,0.207000,0.188650,,,0.136,158.5
1031,0.185183,,0.207000,0.188650,,,0.135,158.6
1032,0.184650,,0.207000,0.188650,,,0.136,158.7
1033,0.187233,,0.207000,0.188650,,,0.137,158.9
1034,0.187383,,0.207000,0.188650,,,0.136,159.0
1035,0.187817,,0.207000,0.188650,,,0.136,159.1
1036,0.186800,,0.207000,0.188650,,,0.135,159.3
1037,0.187533,,0.207000,0.188650,,,0.135,159.4
1038,0.188033,,0.207000,0.188650,,,0.134,159.6
1039,0.188617,,0.207000,0.188650,,,0.136,159.7
1040,0.189300,,0.207000,0.189300,,,0.135,159.8
1041,0.188133,,0.207000,0.189300,,,0.135,160.0
1042,0.189317,,0.207000,0.189317,,,0.135,160.1
1043,0.187000,,0.207000,0.189317,,,0.136,160.2
1044,0.187433,,0.207000,0.189317,,,0.202,160.4
1045,0.186267,,0.207000,0.189317,,,0.136,160.6
1046,0.185700,,0.207000,0.189317,,,0.137,160.7
1047,0.183583,,0.207000,0.189317,,,0.135,160.8
1048,0.184883,,0.207000,0.189317,,,0.134,161.0
1049,0.186417,,0.207000,0.189317,,,0.136,161.1
1050,0.187817,,0.207000,0.189317,,,0.135,161.2
1051,0.188433,,0.207000,0.189317,,,0.136,161.4
1052,0.188100,,0.207000,0.189317,,,0.136,161.5
1053,0.187317,,0.207000,0.189317,,,0.136,161.7
1054,0.187583,,0.207000,0.189317,,,0.135,161.8
1055,0.187083,,0.207000,0.189317,,,0.138,161.9
1056,0.186917,,0.207000,0.189317,,,0.137,162.1
1057,0.185167,,0.207000,0.189317,,,0.137,162.2
1058,0.187500,,0.207000,0.189317,,,0.137,162.3
1059,0.187667,,0.207000,0.189317,,,0.207,162.5
1060,0.187333,,0.207000,0.189317,,,0.148,162.7
1061,0.188583,,0.207000,0.189317,,,0.132,162.8
1062,0.189283,,0.207000,0.189317,,,0.137,163.0
1063,0.186983,,0.207000,0.189317,,,0.135,163.1
1064,0.188067,,0.207000,0.189317,,,0.135,163.2
1065,0.188533,,0.207000,0.189317,,,0.136,163.4
1066,0.186950,,0.207000,0.189317,,,0.137,163.5
1067,0.186450,,0.207000,0.189317,,,0.136,163.6
1068,0.189700,,0.207000,0.189700,,,0.138,163.8
1069,0.188633,,0.207000,0.189700,,,0.136,163.9
1070,0.188033,,0.207000,0.189700,,,0.135,164.0
1071,0.190767,,0.207000,0.190767,,,0.136,164.2
1072,0.186133,,0.207000,0.190767,,,0.137,164.3
1073,0.187550,,0.207000,0.190767,,,0.137,164.5
1074,0.188667,,0.207000,0.190767,,,0.199,164.7
1075,0.188500,,0.207000,0.190767,,,0.136,164.8
1076,0.186467,,0.207000,0.190767,,,0.135,164.9
1077,0.188917,,0.207000,0.190767,,,0.136,165.1
1078,0.190317,,0.207000,0.190767,,,0.135,165.2
1079,0.192000,,0.207000,0.192000,,,0.136,165.3
1080,0.191350,,0.207000,0.192000,,,0.136,165.5
1081,0.192167,,0.207000,0.192167,,,0.136,165.6
1082,0.192100,,0.207000,0.192167,,,0.136,165.7
1083,0.191300,,0.207000,0.192167,,,0.136,165.9
1084,0.190100,,0.207000,0.192167,,,0.137,166.0
1085,0.189850,,0.207000,0.192167,,,0.136,166.2
1086,0.192100,,0.207000,0.192167,,,0.137,166.3
1087,0.190033,,0.207000,0.192167,,,0.135,166.4
1088,0.188483,,0.207000,0.192167,,,0.136,166.6
1089,0.187400,,0.207000,0.192167,,,0.201,166.8
1090,0.187583,,0.207000,0.192167,,,0.138,166.9
1091,0.188133,,0.207000,0.192167,,,0.135,167.0
1092,0.189100,,0.207000,0.192167,,,0.137,167.2
1093,0.189883,,0.207000,0.192167,,,0.135,167.3
1094,0.189750,,0.207000,0.192167,,,0.136,167.4
1095,0.192700,,0.207000,0.192700,,,0.137,167.6
1096,0.192500,,0.207000,0.192700,,,0.136,167.7
1097,0.191800,,0.207000,0.192700,,,0.138,167.9
1098,0.188533,,0.207000,0.192700,,,0.136,168.0
1099,0.191033,,0.207000,0.192700,,,0.137,168.1
1100,0.190517,0.21550001204013824,0.215500,0.192700,0.05436451733112335,0.4283936321735382,0.432,168.6
1101,0.189933,,0.215500,0.192700,,,0.136,168.7
1102,0.189967,,0.215500,0.192700,,,0.204,168.9
1103,0.188617,,0.215500,0.192700,,,0.135,169.0
1104,0.190300,,0.215500,0.192700,,,0.135,169.2
1105,0.190933,,0.215500,0.192700,,,0.134,169.3
1106,0.190200,,0.215500,0.192700,,,0.135,169.4
1107,0.188633,,0.215500,0.192700,,,0.137,169.6
1108,0.190283,,0.215500,0.192700,,,0.137,169.7
1109,0.188367,,0.215500,0.192700,,,0.136,169.8
1110,0.193283,,0.215500,0.193283,,,0.136,170.0
1111,0.193383,,0.215500,0.193383,,,0.136,170.1
1112,0.187950,,0.215500,0.193383,,,0.135,170.3
1113,0.192450,,0.215500,0.193383,,,0.137,170.4
1114,0.190867,,0.215500,0.193383,,,0.137,170.5
1115,0.191717,,0.215500,0.193383,,,0.135,170.7
1116,0.190450,,0.215500,0.193383,,,0.136,170.8
1117,0.192033,,0.215500,0.193383,,,0.203,171.0
1118,0.191600,,0.215500,0.193383,,,0.136,171.1
1119,0.189967,,0.215500,0.193383,,,0.138,171.3
1120,0.191367,,0.215500,0.193383,,,0.136,171.4
1121,0.192067,,0.215500,0.193383,,,0.136,171.6
1122,0.191033,,0.215500,0.193383,,,0.135,171.7
1123,0.190317,,0.215500,0.193383,,,0.136,171.8
1124,0.191033,,0.215500,0.193383,,,0.136,172.0
1125,0.190267,,0.215500,0.193383,,,0.136,172.1
1126,0.189633,,0.215500,0.193383,,,0.135,172.2
1127,0.191750,,0.215500,0.193383,,,0.137,172.4
1128,0.190367,,0.215500,0.193383,,,0.137,172.5
1129,0.190167,,0.215500,0.193383,,,0.136,172.6
1130,0.190683,,0.215500,0.193383,,,0.138,172.8
1131,0.191333,,0.215500,0.193383,,,0.139,172.9
1132,0.191383,,0.215500,0.193383,,,0.198,173.1
1133,0.192133,,0.215500,0.193383,,,0.135,173.2
1134,0.189350,,0.215500,0.193383,,,0.136,173.4
1135,0.193083,,0.215500,0.193383,,,0.135,173.5
1136,0.192000,,0.215500,0.193383,,,0.146,173.7
1137,0.191733,,0.215500,0.193383,,,0.138,173.8
1138,0.189450,,0.215500,0.193383,,,0.137,173.9
1139,0.189833,,0.215500,0.193383,,,0.138,174.1
1140,0.190783,,0.215500,0.193383,,,0.137,174.2
1141,0.190600,,0.215500,0.193383,,,0.138,174.4
1142,0.191450,,0.215500,0.193383,,,0.138,174.5
1143,0.188183,,0.215500,0.193383,,,0.135,174.6
1144,0.188200,,0.215500,0.193383,,,0.136,174.8
1145,0.191833,,0.215500,0.193383,,,0.138,174.9
1146,0.188350,,0.215500,0.193383,,,0.136,175.0
1147,0.192233,,0.215500,0.193383,,,0.202,175.2
1148,0.189600,,0.215500,0.193383,,,0.137,175.4
1149,0.191867,,0.215500,0.193383,,,0.137,175.5
1150,0.191100,,0.215500,0.193383,,,0.135,175.6
1151,0.190383,,0.215500,0.193383,,,0.139,175.8
1152,0.192450,,0.215500,0.193383,,,0.136,175.9
1153,0.190617,,0.215500,0.193383,,,0.137,176.1
1154,0.191500,,0.215500,0.193383,,,0.136,176.2
1155,0.188767,,0.215500,0.193383,,,0.137,176.3
1156,0.190783,,0.215500,0.193383,,,0.135,176.5
1157,0.190667,,0.215500,0.193383,,,0.136,176.6
1158,0.188850,,0.215500,0.193383,,,0.137,176.7
1159,0.190533,,0.215500,0.193383,,,0.136,176.9
1160,0.189483,,0.215500,0.193383,,,0.135,177.0
1161,0.192267,,0.215500,0.193383,,,0.135,177.1
1162,0.188467,,0.215500,0.193383,,,0.198,177.3
1163,0.191667,,0.215500,0.193383,,,0.136,177.5
1164,0.190733,,0.215500,0.193383,,,0.136,177.6
1165,0.191650,,0.215500,0.193383,,,0.137,177.8
1166,0.191717,,0.215500,0.193383,,,0.135,177.9
1167,0.192233,,0.215500,0.193383,,,0.136,178.0
1168,0.191933,,0.215500,0.193383,,,0.135,178.2
1169,0.191217,,0.215500,0.193383,,,0.135,178.3
1170,0.191933,,0.215500,0.193383,,,0.136,178.4
1171,0.191517,,0.215500,0.193383,,,0.136,178.6
1172,0.192100,,0.215500,0.193383,,,0.136,178.7
1173,0.192367,,0.215500,0.193383,,,0.137,178.8
1174,0.191683,,0.215500,0.193383,,,0.135,179.0
1175,0.192717,,0.215500,0.193383,,,0.135,179.1
1176,0.192833,,0.215500,0.193383,,,0.136,179.2
1177,0.194133,,0.215500,0.194133,,,0.203,179.5
1178,0.194567,,0.215500,0.194567,,,0.134,179.6
1179,0.194717,,0.215500,0.194717,,,0.136,179.7
1180,0.193450,,0.215500,0.194717,,,0.135,179.9
1181,0.194600,,0.215500,0.194717,,,0.136,180.0
1182,0.196317,,0.215500,0.196317,,,0.137,180.1
1183,0.193217,,0.215500,0.196317,,,0.137,180.3
1184,0.193667,,0.215500,0.196317,,,0.135,180.4
1185,0.194600,,0.215500,0.196317,,,0.137,180.5
1186,0.193850,,0.215500,0.196317,,,0.134,180.7
1187,0.194333,,0.215500,0.196317,,,0.135,180.8
1188,0.192833,,0.215500,0.196317,,,0.136,180.9
1189,0.192317,,0.215500,0.196317,,,0.136,181.1
1190,0.195950,,0.215500,0.196317,,,0.135,181.2
1191,0.191983,,0.215500,0.196317,,,0.135,181.3
1192,0.192650,,0.215500,0.196317,,,0.207,181.6
1193,0.192900,,0.215500,0.196317,,,0.137,181.7
1194,0.191017,,0.215500,0.196317,,,0.135,181.8
1195,0.193650,,0.215500,0.196317,,,0.135,182.0
1196,0.192450,,0.215500,0.196317,,,0.136,182.1
1197,0.193150,,0.215500,0.196317,,,0.137,182.2
1198,0.193800,,0.215500,0.196317,,,0.137,182.4
1199,0.194833,,0.215500,0.196317,,,0.136,182.5
1200,0.193733,0.22200001776218414,0.222000,0.196317,0.05249498039484024,0.43193113803863525,0.429,182.9
1201,0.195317,,0.222000,0.196317,,,0.137,183.1
1202,0.194150,,0.222000,0.196317,,,0.138,183.2
1203,0.196400,,0.222000,0.196400,,,0.136,183.3
1204,0.193617,,0.222000,0.196400,,,0.137,183.5
1205,0.194500,,0.222000,0.196400,,,0.200,183.7
1206,0.195267,,0.222000,0.196400,,,0.137,183.8
1207,0.192650,,0.222000,0.196400,,,0.136,184.0
1208,0.193683,,0.222000,0.196400,,,0.135,184.1
1209,0.193300,,0.222000,0.196400,,,0.136,184.2
1210,0.191500,,0.222000,0.196400,,,0.135,184.4
1211,0.193283,,0.222000,0.196400,,,0.148,184.5
1212,0.191833,,0.222000,0.196400,,,0.138,184.7
1213,0.192283,,0.222000,0.196400,,,0.137,184.8
1214,0.191400,,0.222000,0.196400,,,0.136,184.9
1215,0.190533,,0.222000,0.196400,,,0.136,185.1
1216,0.192433,,0.222000,0.196400,,,0.138,185.2
1217,0.193883,,0.222000,0.196400,,,0.135,185.3
1218,0.191533,,0.222000,0.196400,,,0.135,185.5
1219,0.191967,,0.222000,0.196400,,,0.210,185.7
1220,0.192067,,0.222000,0.196400,,,0.137,185.8
1221,0.192833,,0.222000,0.196400,,,0.134,185.9
1222,0.193517,,0.222000,0.196400,,,0.136,186.1
1223,0.192200,,0.222000,0.196400,,,0.136,186.2
1224,0.192067,,0.222000,0.196400,,,0.137,186.4
1225,0.191767,,0.222000,0.196400,,,0.137,186.5
1226,0.192333,,0.222000,0.196400,,,0.137,186.6
1227,0.190667,,0.222000,0.196400,,,0.137,186.8
1228,0.191267,,0.222000,0.196400,,,0.136,186.9
1229,0.192567,,0.222000,0.196400,,,0.139,187.0
1230,0.192700,,0.222000,0.196400,,,0.135,187.2
1231,0.193467,,0.222000,0.196400,,,0.136,187.3
1232,0.195433,,0.222000,0.196400,,,0.135,187.4
1233,0.194167,,0.222000,0.196400,,,0.202,187.7
1234,0.195233,,0.222000,0.196400,,,0.199,187.9
1235,0.194400,,0.222000,0.196400,,,0.137,188.0
1236,0.195667,,0.222000,0.196400,,,0.135,188.1
1237,0.195933,,0.222000,0.196400,,,0.134,188.3
1238,0.196067,,0.222000,0.196400,,,0.137,188.4
1239,0.196967,,0.222000,0.196967,,,0.136,188.5
1240,0.196300,,0.222000,0.196967,,,0.136,188.7
1241,0.195967,,0.222000,0.196967,,,0.135,188.8
1242,0.197483,,0.222000,0.197483,,,0.136,188.9
1243,0.195967,,0.222000,0.197483,,,0.137,189.1
1244,0.197100,,0.222000,0.197483,,,0.135,189.2
1245,0.197850,,0.222000,0.197850,,,0.137,189.3
1246,0.195067,,0.222000,0.197850,,,0.136,189.5
1247,0.194383,,0.222000,0.197850,,,0.138,189.6
1248,0.195783,,0.222000,0.197850,,,0.136,189.8
1249,0.194767,,0.222000,0.197850,,,0.200,190.0
1250,0.195233,,0.222000,0.197850,,,0.138,190.1
1251,0.197750,,0.222000,0.197850,,,0.135,190.2
1252,0.197567,,0.222000,0.197850,,,0.136,190.4
1253,0.195800,,0.222000,0.197850,,,0.136,190.5
1254,0.197283,,0.222000,0.197850,,,0.136,190.6
1255,0.197817,,0.222000,0.197850,,,0.137,190.8
1256,0.197083,,0.222000,0.197850,,,0.135,190.9
1257,0.197750,,0.222000,0.197850,,,0.136,191.0
1258,0.198117,,0.222000,0.198117,,,0.137,191.2
1259,0.197650,,0.222000,0.198117,,,0.136,191.3
1260,0.198683,,0.222000,0.198683,,,0.136,191.5
1261,0.196850,,0.222000,0.198683,,,0.136,191.6
1262,0.198417,,0.222000,0.198683,,,0.136,191.7
1263,0.198467,,0.222000,0.198683,,,0.137,191.9
1264,0.199233,,0.222000,0.199233,,,0.200,192.1
1265,0.196483,,0.222000,0.199233,,,0.137,192.2
1266,0.196917,,0.222000,0.199233,,,0.135,192.3
1267,0.198283,,0.222000,0.199233,,,0.136,192.5
1268,0.199067,,0.222000,0.199233,,,0.134,192.6
1269,0.196067,,0.222000,0.199233,,,0.136,192.7
1270,0.197800,,0.222000,0.199233,,,0.136,192.9
1271,0.198433,,0.222000,0.199233,,,0.135,193.0
1272,0.200200,,0.222000,0.200200,,,0.135,193.1
1273,0.200000,,0.222000,0.200200,,,0.136,193.3
1274,0.197500,,0.222000,0.200200,,,0.136,193.4
1275,0.197217,,0.222000,0.200200,,,0.137,193.6
1276,0.198467,,0.222000,0.200200,,,0.136,193.7
1277,0.198850,,0.222000,0.200200,,,0.135,193.8
1278,0.200300,,0.222000,0.200300,,,0.136,194.0
1279,0.197933,,0.222000,0.200300,,,0.202,194.2
1280,0.197483,,0.222000,0.200300,,,0.137,194.3
1281,0.200500,,0.222000,0.200500,,,0.139,194.4
1282,0.200333,,0.222000,0.200500,,,0.136,194.6
1283,0.199617,,0.222000,0.200500,,,0.137,194.7
1284,0.197100,,0.222000,0.200500,,,0.146,194.9
1285,0.199767,,0.222000,0.200500,,,0.136,195.0
1286,0.196350,,0.222000,0.200500,,,0.138,195.1
1287,0.197683,,0.222000,0.200500,,,0.137,195.3
1288,0.198967,,0.222000,0.200500,,,0.137,195.4
1289,0.198550,,0.222000,0.200500,,,0.137,195.5
1290,0.197750,,0.222000,0.200500,,,0.138,195.7
1291,0.198200,,0.222000,0.200500,,,0.136,195.8
1292,0.197950,,0.222000,0.200500,,,0.135,196.0
1293,0.196550,,0.222000,0.200500,,,0.137,196.1
1294,0.197283,,0.222000,0.200500,,,0.202,196.3
1295,0.197783,,0.222000,0.200500,,,0.138,196.4
1296,0.197733,,0.222000,0.200500,,,0.135,196.6
1297,0.197750,,0.222000,0.200500,,,0.137,196.7
1298,0.197267,,0.222000,0.200500,,,0.136,196.8
1299,0.197717,,0.222000,0.200500,,,0.137,197.0
1300,0.197200,0.21250000596046448,0.222000,0.200500,0.051783740520477295,0.42451852560043335,0.428,197.4
1301,0.198600,,0.222000,0.200500,,,0.134,197.5
1302,0.198867,,0.222000,0.200500,,,0.137,197.7
1303,0.198150,,0.222000,0.200500,,,0.138,197.8
1304,0.200033,,0.222000,0.200500,,,0.136,197.9
1305,0.198583,,0.222000,0.200500,,,0.136,198.1
1306,0.197833,,0.222000,0.200500,,,0.135,198.2
1307,0.199317,,0.222000,0.200500,,,0.205,198.4
1308,0.199633,,0.222000,0.200500,,,0.136,198.6
1309,0.197867,,0.222000,0.200500,,,0.136,198.7
1310,0.198467,,0.222000,0.200500,,,0.135,198.8
1311,0.196250,,0.222000,0.200500,,,0.137,199.0
1312,0.198117,,0.222000,0.200500,,,0.135,199.1
1313,0.197600,,0.222000,0.200500,,,0.136,199.2
1314,0.197900,,0.222000,0.200500,,,0.137,199.4
1315,0.197967,,0.222000,0.200500,,,0.136,199.5
1316,0.198933,,0.222000,0.200500,,,0.136,199.7
1317,0.197650,,0.222000,0.200500,,,0.136,199.8
1318,0.197250,,0.222000,0.200500,,,0.137,199.9
1319,0.195700,,0.222000,0.200500,,,0.136,200.1
1320,0.197833,,0.222000,0.200500,,,0.137,200.2
1321,0.196317,,0.222000,0.200500,,,0.137,200.3
1322,0.193967,,0.222000,0.200500,,,0.205,200.5
1323,0.196467,,0.222000,0.200500,,,0.137,200.7
1324,0.196217,,0.222000,0.200500,,,0.134,200.8
1325,0.196483,,0.222000,0.200500,,,0.135,200.9
1326,0.195100,,0.222000,0.200500,,,0.136,201.1
1327,0.195433,,0.222000,0.200500,,,0.137,201.2
1328,0.197667,,0.222000,0.200500,,,0.137,201.4
1329,0.196733,,0.222000,0.200500,,,0.136,201.5
1330,0.195017,,0.222000,0.200500,,,0.136,201.6
1331,0.196633,,0.222000,0.200500,,,0.136,201.8
1332,0.197550,,0.222000,0.200500,,,0.138,201.9
1333,0.198550,,0.222000,0.200500,,,0.137,202.0
1334,0.198467,,0.222000,0.200500,,,0.135,202.2
1335,0.196700,,0.222000,0.200500,,,0.136,202.3
1336,0.196967,,0.222000,0.200500,,,0.136,202.4
1337,0.196950,,0.222000,0.200500,,,0.202,202.6
1338,0.196633,,0.222000,0.200500,,,0.137,202.8
1339,0.197317,,0.222000,0.200500,,,0.136,202.9
1340,0.194733,,0.222000,0.200500,,,0.136,203.1
1341,0.196200,,0.222000,0.200500,,,0.136,203.2
1342,0.197283,,0.222000,0.200500,,,0.135,203.3
1343,0.198533,,0.222000,0.200500,,,0.135,203.5
1344,0.198783,,0.222000,0.200500,,,0.137,203.6
1345,0.197667,,0.222000,0.200500,,,0.136,203.7
1346,0.200133,,0.222000,0.200500,,,0.136,203.9
1347,0.199033,,0.222000,0.200500,,,0.136,204.0
1348,0.198000,,0.222000,0.200500,,,0.136,204.1
1349,0.199733,,0.222000,0.200500,,,0.136,204.3
1350,0.198950,,0.222000,0.200500,,,0.136,204.4
1351,0.199367,,0.222000,0.200500,,,0.136,204.6
1352,0.199267,,0.222000,0.200500,,,0.191,204.7
1353,0.201250,,0.222000,0.201250,,,0.136,204.9
1354,0.201450,,0.222000,0.201450,,,0.136,205.0
1355,0.199933,,0.222000,0.201450,,,0.136,205.2
1356,0.199750,,0.222000,0.201450,,,0.150,205.3
1357,0.197500,,0.222000,0.201450,,,0.137,205.4
1358,0.198850,,0.222000,0.201450,,,0.139,205.6
1359,0.198017,,0.222000,0.201450,,,0.135,205.7
1360,0.199550,,0.222000,0.201450,,,0.136,205.8
1361,0.200100,,0.222000,0.201450,,,0.136,206.0
1362,0.200850,,0.222000,0.201450,,,0.136,206.1
1363,0.201667,,0.222000,0.201667,,,0.137,206.3
1364,0.201983,,0.222000,0.201983,,,0.135,206.4
1365,0.199467,,0.222000,0.201983,,,0.136,206.5
1366,0.200267,,0.222000,0.201983,,,0.138,206.7
1367,0.202333,,0.222000,0.202333,,,0.203,206.9
1368,0.199950,,0.222000,0.202333,,,0.136,207.0
1369,0.201633,,0.222000,0.202333,,,0.136,207.1
1370,0.200567,,0.222000,0.202333,,,0.136,207.3
1371,0.201300,,0.222000,0.202333,,,0.137,207.4
1372,0.202000,,0.222000,0.202333,,,0.136,207.6
1373,0.200567,,0.222000,0.202333,,,0.136,207.7
1374,0.202033,,0.222000,0.202333,,,0.135,207.8
1375,0.200283,,0.222000,0.202333,,,0.135,208.0
1376,0.199317,,0.222000,0.202333,,,0.135,208.1
1377,0.202300,,0.222000,0.202333,,,0.135,208.2
1378,0.199183,,0.222000,0.202333,,,0.135,208.4
1379,0.200133,,0.222000,0.202333,,,0.137,208.5
1380,0.200433,,0.222000,0.202333,,,0.136,208.6
1381,0.199917,,0.222000,0.202333,,,0.137,208.8
1382,0.200767,,0.222000,0.202333,,,0.210,209.0
1383,0.199950,,0.222000,0.202333,,,0.136,209.1
1384,0.199417,,0.222000,0.202333,,,0.137,209.3
1385,0.202717,,0.222000,0.202717,,,0.138,209.4
1386,0.202817,,0.222000,0.202817,,,0.136,209.5
1387,0.202300,,0.222000,0.202817,,,0.135,209.7
1388,0.204483,,0.222000,0.204483,,,0.136,209.8
1389,0.201950,,0.222000,0.204483,,,0.136,209.9
1390,0.201933,,0.222000,0.204483,,,0.136,210.1
1391,0.202867,,0.222000,0.204483,,,0.136,210.2
1392,0.202433,,0.222000,0.204483,,,0.135,210.3
1393,0.202350,,0.222000,0.204483,,,0.136,210.5
1394,0.202900,,0.222000,0.204483,,,0.136,210.6
1395,0.202917,,0.222000,0.204483,,,0.136,210.8
1396,0.199117,,0.222000,0.204483,,,0.138,210.9
1397,0.201667,,0.222000,0.204483,,,0.197,211.1
1398,0.200700,,0.222000,0.204483,,,0.136,211.2
1399,0.199433,,0.222000,0.204483,,,0.136,211.4
1400,0.199617,0.22350001335144043,0.223500,0.204483,0.05119700729846954,0.4175429344177246,0.425,211.8
1401,0.199583,,0.223500,0.204483,,,0.138,211.9
1402,0.199950,,0.223500,0.204483,,,0.137,212.1
1403,0.199750,,0.223500,0.204483,,,0.137,212.2
1404,0.201383,,0.223500,0.204483,,,0.135,212.3
1405,0.203150,,0.223500,0.204483,,,0.135,212.5
1406,0.202850,,0.223500,0.204483,,,0.136,212.6
1407,0.203867,,0.223500,0.204483,,,0.137,212.7
1408,0.205683,,0.223500,0.205683,,,0.136,212.9
1409,0.205717,,0.223500,0.205717,,,0.136,213.0
1410,0.204717,,0.223500,0.205717,,,0.203,213.2
1411,0.204133,,0.223500,0.205717,,,0.137,213.4
1412,0.205050,,0.223500,0.205717,,,0.135,213.5
1413,0.203550,,0.223500,0.205717,,,0.136,213.6
1414,0.203467,,0.223500,0.205717,,,0.138,213.8
1415,0.200917,,0.223500,0.205717,,,0.135,213.9
1416,0.203550,,0.223500,0.205717,,,0.135,214.0
1417,0.204283,,0.223500,0.205717,,,0.135,214.2
1418,0.203067,,0.223500,0.205717,,,0.137,214.3
1419,0.202000,,0.223500,0.205717,,,0.135,214.4
1420,0.202000,,0.223500,0.205717,,,0.138,214.6
1421,0.202533,,0.223500,0.205717,,,0.135,214.7
1422,0.200883,,0.223500,0.205717,,,0.136,214.8
1423,0.203717,,0.223500,0.205717,,,0.136,215.0
1424,0.204550,,0.223500,0.205717,,,0.138,215.1
1425,0.203900,,0.223500,0.205717,,,0.208,215.3
1426,0.200450,,0.223500,0.205717,,,0.141,215.5
1427,0.202033,,0.223500,0.205717,,,0.145,215.6
1428,0.202700,,0.223500,0.205717,,,0.135,215.7
1429,0.201133,,0.223500,0.205717,,,0.135,215.9
1430,0.203800,,0.223500,0.205717,,,0.135,216.0
1431,0.202733,,0.223500,0.205717,,,0.136,216.2
1432,0.201633,,0.223500,0.205717,,,0.134,216.3
1433,0.203200,,0.223500,0.205717,,,0.136,216.4
1434,0.202000,,0.223500,0.205717,,,0.137,216.6
1435,0.201583,,0.223500,0.205717,,,0.136,216.7
1436,0.201817,,0.223500,0.205717,,,0.137,216.8
1437,0.202733,,0.223500,0.205717,,,0.136,217.0
1438,0.202700,,0.223500,0.205717,,,0.139,217.1
1439,0.202833,,0.223500,0.205717,,,0.135,217.2
1440,0.201617,,0.223500,0.205717,,,0.210,217.5
1441,0.200383,,0.223500,0.205717,,,0.139,217.6
1442,0.202483,,0.223500,0.205717,,,0.136,217.7
1443,0.202633,,0.223500,0.205717,,,0.135,217.9
1444,0.201767,,0.223500,0.205717,,,0.189,218.1
1445,0.203183,,0.223500,0.205717,,,0.135,218.2
1446,0.201267,,0.223500,0.205717,,,0.136,218.3
1447,0.200683,,0.223500,0.205717,,,0.135,218.5
1448,0.201783,,0.223500,0.205717,,,0.136,218.6
1449,0.202217,,0.223500,0.205717,,,0.135,218.7
1450,0.203967,,0.223500,0.205717,,,0.136,218.9
1451,0.201550,,0.223500,0.205717,,,0.135,219.0
1452,0.205017,,0.223500,0.205717,,,0.136,219.1
1453,0.203267,,0.223500,0.205717,,,0.138,219.3
1454,0.203767,,0.223500,0.205717,,,0.136,219.4
1455,0.202700,,0.223500,0.205717,,,0.202,219.6
1456,0.203250,,0.223500,0.205717,,,0.138,219.8
1457,0.205767,,0.223500,0.205767,,,0.136,219.9
1458,0.204150,,0.223500,0.205767,,,0.135,220.0
1459,0.205733,,0.223500,0.205767,,,0.135,220.2
1460,0.202633,,0.223500,0.205767,,,0.134,220.3
1461,0.204200,,0.223500,0.205767,,,0.135,220.4
1462,0.205750,,0.223500,0.205767,,,0.136,220.6
1463,0.204167,,0.223500,0.205767,,,0.136,220.7
1464,0.204450,,0.223500,0.205767,,,0.136,220.8
1465,0.206650,,0.223500,0.206650,,,0.136,221.0
1466,0.205117,,0.223500,0.206650,,,0.135,221.1
1467,0.204800,,0.223500,0.206650,,,0.135,221.2
1468,0.204817,,0.223500,0.206650,,,0.137,221.4
1469,0.205217,,0.223500,0.206650,,,0.137,221.5
1470,0.204483,,0.223500,0.206650,,,0.202,221.7
1471,0.206583,,0.223500,0.206650,,,0.135,221.9
1472,0.204350,,0.223500,0.206650,,,0.135,222.0
1473,0.203533,,0.223500,0.206650,,,0.135,222.1
1474,0.202800,,0.223500,0.206650,,,0.136,222.3
1475,0.204467,,0.223500,0.206650,,,0.137,222.4
1476,0.203533,,0.223500,0.206650,,,0.139,222.5
1477,0.201767,,0.223500,0.206650,,,0.136,222.7
1478,0.204117,,0.223500,0.206650,,,0.137,222.8
1479,0.203917,,0.223500,0.206650,,,0.136,222.9
1480,0.204400,,0.223500,0.206650,,,0.131,223.1
1481,0.205233,,0.223500,0.206650,,,0.136,223.2
1482,0.203683,,0.223500,0.206650,,,0.137,223.3
1483,0.203600,,0.223500,0.206650,,,0.137,223.5
1484,0.203633,,0.223500,0.206650,,,0.138,223.6
1485,0.205700,,0.223500,0.206650,,,0.200,223.8
1486,0.205183,,0.223500,0.206650,,,0.136,224.0
1487,0.203333,,0.223500,0.206650,,,0.137,224.1
1488,0.206450,,0.223500,0.206650,,,0.136,224.2
1489,0.206483,,0.223500,0.206650,,,0.136,224.4
1490,0.205250,,0.223500,0.206650,,,0.136,224.5
1491,0.205433,,0.223500,0.206650,,,0.136,224.6
1492,0.204500,,0.223500,0.206650,,,0.136,224.8
1493,0.204733,,0.223500,0.206650,,,0.135,224.9
1494,0.203550,,0.223500,0.206650,,,0.137,225.0
1495,0.206517,,0.223500,0.206650,,,0.135,225.2
1496,0.204467,,0.223500,0.206650,,,0.136,225.3
1497,0.203283,,0.223500,0.206650,,,0.146,225.5
1498,0.204933,,0.223500,0.206650,,,0.136,225.6
1499,0.201650,,0.223500,0.206650,,,0.137,225.7
1500,0.201483,0.226500004529953,0.226500,0.206650,0.05192174017429352,0.3888918459415436,0.507,226.2
1501,0.202750,,0.226500,0.206650,,,0.134,226.4
1502,0.205000,,0.226500,0.206650,,,0.137,226.5
1503,0.201150,,0.226500,0.206650,,,0.136,226.6
1504,0.203150,,0.226500,0.206650,,,0.135,226.8
1505,0.203417,,0.226500,0.206650,,,0.136,226.9
1506,0.205067,,0.226500,0.206650,,,0.137,227.1
1507,0.203367,,0.226500,0.206650,,,0.136,227.2
1508,0.202333,,0.226500,0.206650,,,0.136,227.3
1509,0.203867,,0.226500,0.206650,,,0.135,227.5
1510,0.203050,,0.226500,0.206650,,,0.135,227.6
1511,0.202900,,0.226500,0.206650,,,0.137,227.7
1512,0.203033,,0.226500,0.206650,,,0.136,227.9
1513,0.204050,,0.226500,0.206650,,,0.202,228.1
1514,0.203483,,0.226500,0.206650,,,0.136,228.2
1515,0.204017,,0.226500,0.206650,,,0.136,228.3
1516,0.202683,,0.226500,0.206650,,,0.137,228.5
1517,0.206417,,0.226500,0.206650,,,0.138,228.6
1518,0.204900,,0.226500,0.206650,,,0.137,228.8
1519,0.204717,,0.226500,0.206650,,,0.137,228.9
1520,0.204400,,0.226500,0.206650,,,0.138,229.0
1521,0.204933,,0.226500,0.206650,,,0.137,229.2
1522,0.203333,,0.226500,0.206650,,,0.136,229.3
1523,0.204417,,0.226500,0.206650,,,0.136,229.4
1524,0.203650,,0.226500,0.206650,,,0.137,229.6
1525,0.204583,,0.226500,0.206650,,,0.137,229.7
1526,0.202667,,0.226500,0.206650,,,0.138,229.9
1527,0.201617,,0.226500,0.206650,,,0.138,230.0
1528,0.204333,,0.226500,0.206650,,,0.199,230.2
1529,0.204183,,0.226500,0.206650,,,0.137,230.3
1530,0.202850,,0.226500,0.206650,,,0.134,230.5
1531,0.205717,,0.226500,0.206650,,,0.137,230.6
1532,0.205583,,0.226500,0.206650,,,0.136,230.7
1533,0.205167,,0.226500,0.206650,,,0.136,230.9
1534,0.202300,,0.226500,0.206650,,,0.136,231.0
1535,0.204917,,0.226500,0.206650,,,0.138,231.1
1536,0.203133,,0.226500,0.206650,,,0.138,231.3
1537,0.205967,,0.226500,0.206650,,,0.136,231.4
1538,0.203250,,0.226500,0.206650,,,0.136,231.6
1539,0.207467,,0.226500,0.207467,,,0.138,231.7
1540,0.206467,,0.226500,0.207467,,,0.138,231.8
1541,0.205750,,0.226500,0.207467,,,0.135,232.0
1542,0.207100,,0.226500,0.207467,,,0.137,232.1
1543,0.205733,,0.226500,0.207467,,,0.205,232.3
1544,0.206800,,0.226500,0.207467,,,0.138,232.4
1545,0.204917,,0.226500,0.207467,,,0.136,232.6
1546,0.204100,,0.226500,0.207467,,,0.136,232.7
1547,0.204450,,0.226500,0.207467,,,0.136,232.8
1548,0.205550,,0.226500,0.207467,,,0.134,233.0
1549,0.203367,,0.226500,0.207467,,,0.137,233.1
1550,0.201617,,0.226500,0.207467,,,0.136,233.3
1551,0.203033,,0.226500,0.207467,,,0.137,233.4
1552,0.205267,,0.226500,0.207467,,,0.136,233.5
1553,0.203067,,0.226500,0.207467,,,0.136,233.7
1554,0.206100,,0.226500,0.207467,,,0.137,233.8
1555,0.206267,,0.226500,0.207467,,,0.135,233.9
1556,0.204650,,0.226500,0.207467,,,0.136,234.1
1557,0.206317,,0.226500,0.207467,,,0.138,234.2
1558,0.206550,,0.226500,0.207467,,,0.202,234.4
1559,0.206717,,0.226500,0.207467,,,0.137,234.5
1560,0.206333,,0.226500,0.207467,,,0.135,234.7
1561,0.205517,,0.226500,0.207467,,,0.137,234.8
1562,0.206967,,0.226500,0.207467,,,0.137,235.0
1563,0.206350,,0.226500,0.207467,,,0.136,235.1
1564,0.206617,,0.226500,0.207467,,,0.137,235.2
1565,0.204717,,0.226500,0.207467,,,0.136,235.4
1566,0.207100,,0.226500,0.207467,,,0.137,235.5
1567,0.205683,,0.226500,0.207467,,,0.135,235.6
1568,0.205967,,0.226500,0.207467,,,0.136,235.8
1569,0.206250,,0.226500,0.207467,,,0.136,235.9
1570,0.206267,,0.226500,0.207467,,,0.136,236.0
1571,0.207367,,0.226500,0.207467,,,0.137,236.2
1572,0.205933,,0.226500,0.207467,,,0.135,236.3
1573,0.208467,,0.226500,0.208467,,,0.203,236.5
1574,0.206900,,0.226500,0.208467,,,0.138,236.7
1575,0.207650,,0.226500,0.208467,,,0.136,236.8
1576,0.205867,,0.226500,0.208467,,,0.135,236.9
1577,0.205983,,0.226500,0.208467,,,0.137,237.1
1578,0.207967,,0.226500,0.208467,,,0.137,237.2
1579,0.207183,,0.226500,0.208467,,,0.136,237.3
1580,0.207550,,0.226500,0.208467,,,0.137,237.5
1581,0.205317,,0.226500,0.208467,,,0.135,237.6
1582,0.203667,,0.226500,0.208467,,,0.137,237.7
1583,0.203983,,0.226500,0.208467,,,0.135,237.9
1584,0.206750,,0.226500,0.208467,,,0.136,238.0
1585,0.205550,,0.226500,0.208467,,,0.138,238.2
1586,0.205133,,0.226500,0.208467,,,0.134,238.3
1587,0.207517,,0.226500,0.208467,,,0.137,238.4
1588,0.204267,,0.226500,0.208467,,,0.204,238.6
1589,0.209217,,0.226500,0.209217,,,0.137,238.8
1590,0.209200,,0.226500,0.209217,,,0.135,238.9
1591,0.207150,,0.226500,0.209217,,,0.137,239.0
1592,0.209017,,0.226500,0.209217,,,0.145,239.2
1593,0.208733,,0.226500,0.209217,,,0.136,239.3
1594,0.209167,,0.226500,0.209217,,,0.137,239.5
1595,0.209767,,0.226500,0.209767,,,0.135,239.6
1596,0.209467,,0.226500,0.209767,,,0.136,239.7
1597,0.207433,,0.226500,0.209767,,,0.137,239.9
1598,0.208400,,0.226500,0.209767,,,0.136,240.0
1599,0.208817,,0.226500,0.209767,,,0.136,240.1
1600,0.208383,0.22950001060962677,0.229500,0.209767,0.05138418823480606,0.4031376540660858,0.443,240.6
1601,0.208150,,0.229500,0.209767,,,0.201,240.8
1602,0.207683,,0.229500,0.209767,,,0.137,240.9
1603,0.208717,,0.229500,0.209767,,,0.136,241.1
1604,0.208067,,0.229500,0.209767,,,0.136,241.2
1605,0.207683,,0.229500,0.209767,,,0.136,241.3
1606,0.207000,,0.229500,0.209767,,,0.136,241.5
1607,0.206417,,0.229500,0.209767,,,0.135,241.6
1608,0.208200,,0.229500,0.209767,,,0.136,241.7
1609,0.206067,,0.229500,0.209767,,,0.137,241.9
1610,0.206967,,0.229500,0.209767,,,0.137,242.0
1611,0.205600,,0.229500,0.209767,,,0.135,242.1
1612,0.208167,,0.229500,0.209767,,,0.136,242.3
1613,0.206333,,0.229500,0.209767,,,0.135,242.4
1614,0.208033,,0.229500,0.209767,,,0.137,242.6
1615,0.207633,,0.229500,0.209767,,,0.203,242.8
1616,0.207717,,0.229500,0.209767,,,0.136,242.9
1617,0.207267,,0.229500,0.209767,,,0.134,243.0
1618,0.208750,,0.229500,0.209767,,,0.137,243.2
1619,0.210050,,0.229500,0.210050,,,0.136,243.3
1620,0.207217,,0.229500,0.210050,,,0.137,243.4
1621,0.208783,,0.229500,0.210050,,,0.136,243.6
1622,0.210533,,0.229500,0.210533,,,0.135,243.7
1623,0.207017,,0.229500,0.210533,,,0.137,243.8
1624,0.210283,,0.229500,0.210533,,,0.137,244.0
1625,0.207833,,0.229500,0.210533,,,0.136,244.1
1626,0.207250,,0.229500,0.210533,,,0.136,244.3
1627,0.206183,,0.229500,0.210533,,,0.136,244.4
1628,0.207800,,0.229500,0.210533,,,0.136,244.5
1629,0.207733,,0.229500,0.210533,,,0.139,244.7
1630,0.206667,,0.229500,0.210533,,,0.202,244.9
1631,0.207600,,0.229500,0.210533,,,0.137,245.0
1632,0.207167,,0.229500,0.210533,,,0.138,245.1
1633,0.208100,,0.229500,0.210533,,,0.135,245.3
1634,0.207450,,0.229500,0.210533,,,0.136,245.4
1635,0.205950,,0.229500,0.210533,,,0.135,245.5
1636,0.206067,,0.229500,0.210533,,,0.136,245.7
1637,0.206900,,0.229500,0.210533,,,0.136,245.8
1638,0.206867,,0.229500,0.210533,,,0.136,246.0
1639,0.207550,,0.229500,0.210533,,,0.138,246.1
1640,0.207100,,0.229500,0.210533,,,0.138,246.2
1641,0.206783,,0.229500,0.210533,,,0.136,246.4
1642,0.208383,,0.229500,0.210533,,,0.137,246.5
1643,0.208333,,0.229500,0.210533,,,0.136,246.6
1644,0.208433,,0.229500,0.210533,,,0.138,246.8
1645,0.209017,,0.229500,0.210533,,,0.212,247.0
1646,0.209617,,0.229500,0.210533,,,0.137,247.1
1647,0.208483,,0.229500,0.210533,,,0.135,247.3
1648,0.207983,,0.229500,0.210533,,,0.136,247.4
1649,0.209017,,0.229500,0.210533,,,0.194,247.6
1650,0.209417,,0.229500,0.210533,,,0.136,247.7
1651,0.210267,,0.229500,0.210533,,,0.135,247.9
1652,0.206533,,0.229500,0.210533,,,0.138,248.0
1653,0.212250,,0.229500,0.212250,,,0.137,248.1
1654,0.209483,,0.229500,0.212250,,,0.136,248.3
1655,0.209000,,0.229500,0.212250,,,0.135,248.4
1656,0.211117,,0.229500,0.212250,,,0.136,248.5
1657,0.208617,,0.229500,0.212250,,,0.135,248.7
1658,0.208183,,0.229500,0.212250,,,0.135,248.8
1659,0.207433,,0.229500,0.212250,,,0.137,248.9
1660,0.209050,,0.229500,0.212250,,,0.201,249.1
1661,0.209583,,0.229500,0.212250,,,0.136,249.3
1662,0.208167,,0.229500,0.212250,,,0.135,249.4
1663,0.209350,,0.229500,0.212250,,,0.137,249.6
1664,0.208617,,0.229500,0.212250,,,0.135,249.7
1665,0.207217,,0.229500,0.212250,,,0.135,249.8
1666,0.208667,,0.229500,0.212250,,,0.135,250.0
1667,0.209317,,0.229500,0.212250,,,0.137,250.1
1668,0.209917,,0.229500,0.212250,,,0.135,250.2
1669,0.209833,,0.229500,0.212250,,,0.136,250.4
1670,0.211567,,0.229500,0.212250,,,0.136,250.5
1671,0.209517,,0.229500,0.212250,,,0.136,250.6
1672,0.207717,,0.229500,0.212250,,,0.135,250.8
1673,0.209950,,0.229500,0.212250,,,0.136,250.9
1674,0.209100,,0.229500,0.212250,,,0.137,251.1
1675,0.211083,,0.229500,0.212250,,,0.194,251.2
1676,0.211583,,0.229500,0.212250,,,0.137,251.4
1677,0.208667,,0.229500,0.212250,,,0.136,251.5
1678,0.211683,,0.229500,0.212250,,,0.134,251.7
1679,0.210650,,0.229500,0.212250,,,0.136,251.8
1680,0.208533,,0.229500,0.212250,,,0.137,251.9
1681,0.210383,,0.229500,0.212250,,,0.137,252.1
1682,0.209867,,0.229500,0.212250,,,0.135,252.2
1683,0.208950,,0.229500,0.212250,,,0.136,252.3
1684,0.211633,,0.229500,0.212250,,,0.136,252.5
1685,0.210300,,0.229500,0.212250,,,0.135,252.6
1686,0.212650,,0.229500,0.212650,,,0.136,252.7
1687,0.210967,,0.229500,0.212650,,,0.136,252.9
1688,0.211800,,0.229500,0.212650,,,0.136,253.0
1689,0.212517,,0.229500,0.212650,,,0.136,253.2
1690,0.211400,,0.229500,0.212650,,,0.203,253.4
1691,0.211433,,0.229500,0.212650,,,0.136,253.5
1692,0.211883,,0.229500,0.212650,,,0.135,253.6
1693,0.210567,,0.229500,0.212650,,,0.136,253.8
1694,0.211933,,0.229500,0.212650,,,0.135,253.9
1695,0.212083,,0.229500,0.212650,,,0.137,254.0
1696,0.211433,,0.229500,0.212650,,,0.137,254.2
1697,0.212033,,0.229500,0.212650,,,0.135,254.3
1698,0.212183,,0.229500,0.212650,,,0.135,254.4
1699,0.211417,,0.229500,0.212650,,,0.137,254.6
1700,0.209800,0.2240000069141388,0.229500,0.212650,0.05208976939320564,0.40051496028900146,0.431,255.0
1701,0.212367,,0.229500,0.212650,,,0.135,255.1
1702,0.209633,,0.229500,0.212650,,,0.136,255.3
1703,0.210500,,0.229500,0.212650,,,0.203,255.5
1704,0.212700,,0.229500,0.212700,,,0.135,255.6
1705,0.209600,,0.229500,0.212700,,,0.135,255.8
1706,0.210933,,0.229500,0.212700,,,0.136,255.9
1707,0.209833,,0.229500,0.212700,,,0.140,256.0
1708,0.210033,,0.229500,0.212700,,,0.136,256.2
1709,0.209833,,0.229500,0.212700,,,0.134,256.3
1710,0.210083,,0.229500,0.212700,,,0.136,256.4
1711,0.209900,,0.229500,0.212700,,,0.132,256.6
1712,0.212667,,0.229500,0.212700,,,0.134,256.7
1713,0.212817,,0.229500,0.212817,,,0.135,256.8
1714,0.211183,,0.229500,0.212817,,,0.135,257.0
1715,0.212050,,0.229500,0.212817,,,0.136,257.1
1716,0.212233,,0.229500,0.212817,,,0.136,257.2
1717,0.211417,,0.229500,0.212817,,,0.135,257.4
1718,0.211083,,0.229500,0.212817,,,0.206,257.6
1719,0.211783,,0.229500,0.212817,,,0.137,257.7
1720,0.212617,,0.229500,0.212817,,,0.137,257.9
1721,0.211667,,0.229500,0.212817,,,0.138,258.0
1722,0.210833,,0.229500,0.212817,,,0.136,258.1
1723,0.211433,,0.229500,0.212817,,,0.135,258.3
1724,0.210800,,0.229500,0.212817,,,0.138,258.4
1725,0.212983,,0.229500,0.212983,,,0.137,258.5
1726,0.209983,,0.229500,0.212983,,,0.135,258.7
1727,0.211417,,0.229500,0.212983,,,0.137,258.8
1728,0.210783,,0.229500,0.212983,,,0.137,258.9
1729,0.211267,,0.229500,0.212983,,,0.137,259.1
1730,0.212617,,0.229500,0.212983,,,0.143,259.2
1731,0.210517,,0.229500,0.212983,,,0.138,259.4
1732,0.211250,,0.229500,0.212983,,,0.136,259.5
1733,0.210167,,0.229500,0.212983,,,0.201,259.7
1734,0.211167,,0.229500,0.212983,,,0.137,259.8
1735,0.211833,,0.229500,0.212983,,,0.138,260.0
1736,0.210517,,0.229500,0.212983,,,0.137,260.1
1737,0.210267,,0.229500,0.212983,,,0.135,260.3
1738,0.210867,,0.229500,0.212983,,,0.135,260.4
1739,0.211433,,0.229500,0.212983,,,0.137,260.5
1740,0.211800,,0.229500,0.212983,,,0.136,260.7
1741,0.210467,,0.229500,0.212983,,,0.137,260.8
1742,0.210617,,0.229500,0.212983,,,0.136,260.9
1743,0.210533,,0.229500,0.212983,,,0.137,261.1
1744,0.212083,,0.229500,0.212983,,,0.135,261.2
1745,0.210017,,0.229500,0.212983,,,0.137,261.3
1746,0.211300,,0.229500,0.212983,,,0.136,261.5
1747,0.211000,,0.229500,0.212983,,,0.137,261.6
1748,0.212250,,0.229500,0.212983,,,0.208,261.8
1749,0.211517,,0.229500,0.212983,,,0.136,262.0
1750,0.211433,,0.229500,0.212983,,,0.136,262.1
1751,0.212567,,0.229500,0.212983,,,0.136,262.2
1752,0.211333,,0.229500,0.212983,,,0.135,262.4
1753,0.213950,,0.229500,0.213950,,,0.138,262.5
1754,0.210017,,0.229500,0.213950,,,0.137,262.6
1755,0.209933,,0.229500,0.213950,,,0.136,262.8
1756,0.212033,,0.229500,0.213950,,,0.136,262.9
1757,0.211183,,0.229500,0.213950,,,0.134,263.0
1758,0.208850,,0.229500,0.213950,,,0.138,263.2
1759,0.208933,,0.229500,0.213950,,,0.136,263.3
1760,0.211133,,0.229500,0.213950,,,0.136,263.5
1761,0.211217,,0.229500,0.213950,,,0.136,263.6
1762,0.210467,,0.229500,0.213950,,,0.137,263.7
1763,0.210100,,0.229500,0.213950,,,0.205,263.9
1764,0.209867,,0.229500,0.213950,,,0.137,264.1
1765,0.210033,,0.229500,0.213950,,,0.137,264.2
1766,0.210583,,0.229500,0.213950,,,0.139,264.3
1767,0.211250,,0.229500,0.213950,,,0.136,264.5
1768,0.209517,,0.229500,0.213950,,,0.137,264.6
1769,0.210700,,0.229500,0.213950,,,0.138,264.8
1770,0.210133,,0.229500,0.213950,,,0.136,264.9
1771,0.210717,,0.229500,0.213950,,,0.137,265.0
1772,0.208767,,0.229500,0.213950,,,0.136,265.2
1773,0.210233,,0.229500,0.213950,,,0.135,265.3
1774,0.212867,,0.229500,0.213950,,,0.137,265.4
1775,0.213217,,0.229500,0.213950,,,0.137,265.6
1776,0.211517,,0.229500,0.213950,,,0.136,265.7
1777,0.210000,,0.229500,0.213950,,,0.137,265.8
1778,0.212017,,0.229500,0.213950,,,0.203,266.1
1779,0.213450,,0.229500,0.213950,,,0.138,266.2
1780,0.214333,,0.229500,0.214333,,,0.137,266.3
1781,0.212800,,0.229500,0.214333,,,0.135,266.5
1782,0.213600,,0.229500,0.214333,,,0.136,266.6
1783,0.211533,,0.229500,0.214333,,,0.139,266.7
1784,0.212583,,0.229500,0.214333,,,0.137,266.9
1785,0.211617,,0.229500,0.214333,,,0.136,267.0
1786,0.213833,,0.229500,0.214333,,,0.136,267.1
1787,0.213417,,0.229500,0.214333,,,0.133,267.3
1788,0.212383,,0.229500,0.214333,,,0.138,267.4
1789,0.214883,,0.229500,0.214883,,,0.137,267.6
1790,0.213683,,0.229500,0.214883,,,0.137,267.7
1791,0.212833,,0.229500,0.214883,,,0.136,267.8
1792,0.211600,,0.229500,0.214883,,,0.136,268.0
1793,0.212750,,0.229500,0.214883,,,0.201,268.2
1794,0.213400,,0.229500,0.214883,,,0.136,268.3
1795,0.212400,,0.229500,0.214883,,,0.137,268.4
1796,0.212317,,0.229500,0.214883,,,0.134,268.6
1797,0.214850,,0.229500,0.214883,,,0.137,268.7
1798,0.211917,,0.229500,0.214883,,,0.137,268.8
1799,0.212150,,0.229500,0.214883,,,0.136,269.0
1800,0.211467,0.2330000102519989,0.233000,0.214883,0.051161784678697586,0.4088595509529114,0.443,269.4
1801,0.212400,,0.233000,0.214883,,,0.135,269.6
1802,0.213850,,0.233000,0.214883,,,0.137,269.7
1803,0.212850,,0.233000,0.214883,,,0.137,269.8
1804,0.213567,,0.233000,0.214883,,,0.137,270.0
1805,0.214850,,0.233000,0.214883,,,0.139,270.1
1806,0.215250,,0.233000,0.215250,,,0.200,270.3
1807,0.214133,,0.233000,0.215250,,,0.136,270.4
1808,0.215733,,0.233000,0.215733,,,0.136,270.6
1809,0.215583,,0.233000,0.215733,,,0.136,270.7
1810,0.215817,,0.233000,0.215817,,,0.136,270.9
1811,0.214933,,0.233000,0.215817,,,0.135,271.0
1812,0.214300,,0.233000,0.215817,,,0.138,271.1
1813,0.215517,,0.233000,0.215817,,,0.136,271.3
1814,0.215633,,0.233000,0.215817,,,0.136,271.4
1815,0.216300,,0.233000,0.216300,,,0.136,271.5
1816,0.213683,,0.233000,0.216300,,,0.136,271.7
1817,0.212917,,0.233000,0.216300,,,0.136,271.8
1818,0.213650,,0.233000,0.216300,,,0.137,271.9
1819,0.213033,,0.233000,0.216300,,,0.137,272.1
1820,0.213600,,0.233000,0.216300,,,0.136,272.2
1821,0.214417,,0.233000,0.216300,,,0.202,272.4
1822,0.213333,,0.233000,0.216300,,,0.138,272.6
1823,0.215317,,0.233000,0.216300,,,0.135,272.7
1824,0.213433,,0.233000,0.216300,,,0.138,272.8
1825,0.215283,,0.233000,0.216300,,,0.137,273.0
1826,0.215100,,0.233000,0.216300,,,0.135,273.1
1827,0.214117,,0.233000,0.216300,,,0.135,273.2
1828,0.214250,,0.233000,0.216300,,,0.137,273.4
1829,0.212467,,0.233000,0.216300,,,0.137,273.5
1830,0.216150,,0.233000,0.216300,,,0.136,273.6
1831,0.213617,,0.233000,0.216300,,,0.136,273.8
1832,0.214117,,0.233000,0.216300,,,0.136,273.9
1833,0.216483,,0.233000,0.216483,,,0.137,274.1
1834,0.215167,,0.233000,0.216483,,,0.137,274.2
1835,0.213167,,0.233000,0.216483,,,0.137,274.3
1836,0.215817,,0.233000,0.216483,,,0.201,274.5
1837,0.217067,,0.233000,0.217067,,,0.135,274.7
1838,0.215283,,0.233000,0.217067,,,0.136,274.8
1839,0.214733,,0.233000,0.217067,,,0.137,274.9
1840,0.214667,,0.233000,0.217067,,,0.137,275.1
1841,0.214383,,0.233000,0.217067,,,0.137,275.2
1842,0.216083,,0.233000,0.217067,,,0.137,275.3
1843,0.217417,,0.233000,0.217417,,,0.136,275.5
1844,0.214600,,0.233000,0.217417,,,0.136,275.6
1845,0.216333,,0.233000,0.217417,,,0.135,275.8
1846,0.215100,,0.233000,0.217417,,,0.136,275.9
1847,0.213517,,0.233000,0.217417,,,0.136,276.0
1848,0.216450,,0.233000,0.217417,,,0.136,276.2
1849,0.216267,,0.233000,0.217417,,,0.138,276.3
1850,0.217067,,0.233000,0.217417,,,0.139,276.4
1851,0.217050,,0.233000,0.217417,,,0.211,276.6
1852,0.216083,,0.233000,0.217417,,,0.140,276.8
1853,0.215050,,0.233000,0.217417,,,0.183,277.0
1854,0.213100,,0.233000,0.217417,,,0.154,277.1
1855,0.215950,,0.233000,0.217417,,,0.136,277.3
1856,0.213283,,0.233000,0.217417,,,0.137,277.4
1857,0.213533,,0.233000,0.217417,,,0.135,277.5
1858,0.215583,,0.233000,0.217417,,,0.136,277.7
1859,0.214850,,0.233000,0.217417,,,0.136,277.8
1860,0.214333,,0.233000,0.217417,,,0.138,277.9
1861,0.215550,,0.233000,0.217417,,,0.136,278.1
1862,0.214183,,0.233000,0.217417,,,0.136,278.2
1863,0.217483,,0.233000,0.217483,,,0.135,278.4
1864,0.215767,,0.233000,0.217483,,,0.136,278.5
1865,0.215817,,0.233000,0.217483,,,0.134,278.6
1866,0.217817,,0.233000,0.217817,,,0.201,278.8
1867,0.215267,,0.233000,0.217817,,,0.138,279.0
1868,0.216267,,0.233000,0.217817,,,0.133,279.1
1869,0.215917,,0.233000,0.217817,,,0.137,279.2
1870,0.215917,,0.233000,0.217817,,,0.136,279.4
1871,0.215000,,0.233000,0.217817,,,0.137,279.5
1872,0.215317,,0.233000,0.217817,,,0.136,279.6
1873,0.217667,,0.233000,0.217817,,,0.137,279.8
1874,0.214417,,0.233000,0.217817,,,0.138,279.9
1875,0.215067,,0.233000,0.217817,,,0.150,280.1
1876,0.214717,,0.233000,0.217817,,,0.135,280.2
1877,0.215050,,0.233000,0.217817,,,0.136,280.3
1878,0.214883,,0.233000,0.217817,,,0.137,280.5
1879,0.215983,,0.233000,0.217817,,,0.137,280.6
1880,0.215050,,0.233000,0.217817,,,0.138,280.7
1881,0.215067,,0.233000,0.217817,,,0.201,280.9
1882,0.215217,,0.233000,0.217817,,,0.137,281.1
1883,0.215100,,0.233000,0.217817,,,0.137,281.2
1884,0.213900,,0.233000,0.217817,,,0.135,281.4
1885,0.213617,,0.233000,0.217817,,,0.136,281.5
1886,0.213383,,0.233000,0.217817,,,0.136,281.6
1887,0.216017,,0.233000,0.217817,,,0.136,281.8
1888,0.215867,,0.233000,0.217817,,,0.138,281.9
1889,0.213300,,0.233000,0.217817,,,0.135,282.0
1890,0.214733,,0.233000,0.217817,,,0.136,282.2
1891,0.216433,,0.233000,0.217817,,,0.136,282.3
1892,0.214950,,0.233000,0.217817,,,0.136,282.4
1893,0.215817,,0.233000,0.217817,,,0.136,282.6
1894,0.217200,,0.233000,0.217817,,,0.138,282.7
1895,0.215017,,0.233000,0.217817,,,0.136,282.9
1896,0.217300,,0.233000,0.217817,,,0.194,283.0
1897,0.215950,,0.233000,0.217817,,,0.137,283.2
1898,0.215967,,0.233000,0.217817,,,0.136,283.3
1899,0.216383,,0.233000,0.217817,,,0.136,283.5
1900,0.216050,0.23900000751018524,0.239000,0.217817,0.05107326805591583,0.4291330575942993,0.426,283.9
1901,0.215783,,0.239000,0.217817,,,0.134,284.0
1902,0.216200,,0.239000,0.217817,,,0.136,284.2
1903,0.215433,,0.239000,0.217817,,,0.136,284.3
1904,0.218067,,0.239000,0.218067,,,0.137,284.4
1905,0.216433,,0.239000,0.218067,,,0.136,284.6
1906,0.215667,,0.239000,0.218067,,,0.134,284.7
1907,0.216450,,0.239000,0.218067,,,0.137,284.8
1908,0.216267,,0.239000,0.218067,,,0.137,285.0
1909,0.213617,,0.239000,0.218067,,,0.202,285.2
1910,0.216433,,0.239000,0.218067,,,0.137,285.3
1911,0.215517,,0.239000,0.218067,,,0.136,285.4
1912,0.215917,,0.239000,0.218067,,,0.136,285.6
1913,0.216267,,0.239000,0.218067,,,0.137,285.7
1914,0.214483,,0.239000,0.218067,,,0.136,285.9
1915,0.213783,,0.239000,0.218067,,,0.135,286.0
1916,0.216733,,0.239000,0.218067,,,0.134,286.1
1917,0.217733,,0.239000,0.218067,,,0.137,286.3
1918,0.215200,,0.239000,0.218067,,,0.135,286.4
1919,0.215433,,0.239000,0.218067,,,0.135,286.5
1920,0.215083,,0.239000,0.218067,,,0.137,286.7
1921,0.215367,,0.239000,0.218067,,,0.137,286.8
1922,0.213500,,0.239000,0.218067,,,0.137,286.9
1923,0.216700,,0.239000,0.218067,,,0.136,287.1
1924,0.217167,,0.239000,0.218067,,,0.210,287.3
1925,0.216217,,0.239000,0.218067,,,0.138,287.4
1926,0.218783,,0.239000,0.218783,,,0.138,287.6
1927,0.219417,,0.239000,0.219417,,,0.137,287.7
1928,0.216417,,0.239000,0.219417,,,0.137,287.8
1929,0.218800,,0.239000,0.219417,,,0.135,288.0
1930,0.216950,,0.239000,0.219417,,,0.136,288.1
1931,0.218250,,0.239000,0.219417,,,0.134,288.2
1932,0.218417,,0.239000,0.219417,,,0.140,288.4
1933,0.216067,,0.239000,0.219417,,,0.136,288.5
1934,0.216233,,0.239000,0.219417,,,0.136,288.7
1935,0.216917,,0.239000,0.219417,,,0.136,288.8
1936,0.215417,,0.239000,0.219417,,,0.135,288.9
1937,0.214983,,0.239000,0.219417,,,0.136,289.1
1938,0.214533,,0.239000,0.219417,,,0.139,289.2
1939,0.217650,,0.239000,0.219417,,,0.203,289.4
1940,0.217233,,0.239000,0.219417,,,0.136,289.5
1941,0.215050,,0.239000,0.219417,,,0.135,289.7
1942,0.216050,,0.239000,0.219417,,,0.135,289.8
1943,0.215717,,0.239000,0.219417,,,0.148,290.0
1944,0.214950,,0.239000,0.219417,,,0.136,290.1
1945,0.215117,,0.239000,0.219417,,,0.136,290.2
1946,0.214900,,0.239000,0.219417,,,0.137,290.4
1947,0.216300,,0.239000,0.219417,,,0.136,290.5
1948,0.218450,,0.239000,0.219417,,,0.137,290.6
1949,0.216317,,0.239000,0.219417,,,0.140,290.8
1950,0.217917,,0.239000,0.219417,,,0.136,290.9
1951,0.216200,,0.239000,0.219417,,,0.139,291.1
1952,0.218150,,0.239000,0.219417,,,0.137,291.2
1953,0.217183,,0.239000,0.219417,,,0.136,291.3
1954,0.217767,,0.239000,0.219417,,,0.204,291.5
1955,0.216133,,0.239000,0.219417,,,0.139,291.7
1956,0.217083,,0.239000,0.219417,,,0.137,291.8
1957,0.217683,,0.239000,0.219417,,,0.138,291.9
1958,0.218617,,0.239000,0.219417,,,0.137,292.1
1959,0.215550,,0.239000,0.219417,,,0.142,292.2
1960,0.216700,,0.239000,0.219417,,,0.136,292.4
1961,0.215533,,0.239000,0.219417,,,0.136,292.5
1962,0.217533,,0.239000,0.219417,,,0.138,292.6
1963,0.216717,,0.239000,0.219417,,,0.136,292.8
1964,0.217233,,0.239000,0.219417,,,0.135,292.9
1965,0.217233,,0.239000,0.219417,,,0.138,293.0
1966,0.218233,,0.239000,0.219417,,,0.137,293.2
1967,0.215750,,0.239000,0.219417,,,0.136,293.3
1968,0.218267,,0.239000,0.219417,,,0.137,293.5
1969,0.217283,,0.239000,0.219417,,,0.209,293.7
1970,0.216767,,0.239000,0.219417,,,0.136,293.8
1971,0.216333,,0.239000,0.219417,,,0.136,293.9
1972,0.218317,,0.239000,0.219417,,,0.136,294.1
1973,0.219367,,0.239000,0.219417,,,0.136,294.2
1974,0.217967,,0.239000,0.219417,,,0.136,294.3
1975,0.218233,,0.239000,0.219417,,,0.136,294.5
1976,0.217883,,0.239000,0.219417,,,0.137,294.6
1977,0.218817,,0.239000,0.219417,,,0.139,294.8
1978,0.218283,,0.239000,0.219417,,,0.137,294.9
1979,0.218450,,0.239000,0.219417,,,0.137,295.0
1980,0.216517,,0.239000,0.219417,,,0.139,295.2
1981,0.217217,,0.239000,0.219417,,,0.137,295.3
1982,0.219100,,0.239000,0.219417,,,0.136,295.4
1983,0.217250,,0.239000,0.219417,,,0.138,295.6
1984,0.217183,,0.239000,0.219417,,,0.200,295.8
1985,0.218467,,0.239000,0.219417,,,0.138,295.9
1986,0.215600,,0.239000,0.219417,,,0.136,296.1
1987,0.218550,,0.239000,0.219417,,,0.136,296.2
1988,0.216400,,0.239000,0.219417,,,0.138,296.3
1989,0.218383,,0.239000,0.219417,,,0.138,296.5
1990,0.216233,,0.239000,0.219417,,,0.136,296.6
1991,0.215633,,0.239000,0.219417,,,0.136,296.7
1992,0.217150,,0.239000,0.219417,,,0.135,296.9
1993,0.216683,,0.239000,0.219417,,,0.139,297.0
1994,0.216517,,0.239000,0.219417,,,0.137,297.1
1995,0.216700,,0.239000,0.219417,,,0.137,297.3
1996,0.215833,,0.239000,0.219417,,,0.136,297.4
1997,0.216667,,0.239000,0.219417,,,0.135,297.6
1998,0.216433,,0.239000,0.219417,,,0.137,297.7
1999,0.216983,,0.239000,0.219417,,,0.202,297.9
2000,0.216317,0.23350000381469727,0.239000,0.219417,0.04989217221736908,0.4417170286178589,0.435,298.3
2001,0.216467,,0.239000,0.219417,,,0.138,298.5
2002,0.217267,,0.239000,0.219417,,,0.137,298.6
2003,0.216850,,0.239000,0.219417,,,0.138,298.7
2004,0.216117,,0.239000,0.219417,,,0.138,298.9
2005,0.216967,,0.239000,0.219417,,,0.136,299.0
2006,0.218067,,0.239000,0.219417,,,0.136,299.2
2007,0.217850,,0.239000,0.219417,,,0.135,299.3
2008,0.217400,,0.239000,0.219417,,,0.131,299.4
2009,0.218167,,0.239000,0.219417,,,0.136,299.6
2010,0.217850,,0.239000,0.219417,,,0.136,299.7
2011,0.219167,,0.239000,0.219417,,,0.137,299.8
2012,0.218183,,0.239000,0.219417,,,0.202,300.0
2013,0.217883,,0.239000,0.219417,,,0.137,300.2
2014,0.218217,,0.239000,0.219417,,,0.137,300.3
2015,0.218083,,0.239000,0.219417,,,0.136,300.4
2016,0.219483,,0.239000,0.219483,,,0.138,300.6
2017,0.217217,,0.239000,0.219483,,,0.136,300.7
2018,0.216950,,0.239000,0.219483,,,0.136,300.8
2019,0.217950,,0.239000,0.219483,,,0.136,301.0
2020,0.217717,,0.239000,0.219483,,,0.135,301.1
2021,0.218383,,0.239000,0.219483,,,0.137,301.3
2022,0.217933,,0.239000,0.219483,,,0.136,301.4
2023,0.217400,,0.239000,0.219483,,,0.139,301.5
2024,0.219083,,0.239000,0.219483,,,0.136,301.7
2025,0.217767,,0.239000,0.219483,,,0.136,301.8
2026,0.218300,,0.239000,0.219483,,,0.137,301.9
2027,0.216867,,0.239000,0.219483,,,0.200,302.1
2028,0.220583,,0.239000,0.220583,,,0.136,302.3
2029,0.218483,,0.239000,0.220583,,,0.136,302.4
2030,0.220067,,0.239000,0.220583,,,0.136,302.5
2031,0.219700,,0.239000,0.220583,,,0.136,302.7
2032,0.221133,,0.239000,0.221133,,,0.138,302.8
2033,0.218050,,0.239000,0.221133,,,0.138,303.0
2034,0.220800,,0.239000,0.221133,,,0.135,303.1
2035,0.219367,,0.239000,0.221133,,,0.138,303.2
2036,0.219483,,0.239000,0.221133,,,0.144,303.4
2037,0.218933,,0.239000,0.221133,,,0.138,303.5
2038,0.218817,,0.239000,0.221133,,,0.137,303.7
2039,0.219717,,0.239000,0.221133,,,0.136,303.8
2040,0.220650,,0.239000,0.221133,,,0.135,303.9
2041,0.220000,,0.239000,0.221133,,,0.137,304.1
2042,0.220200,,0.239000,0.221133,,,0.202,304.3
2043,0.218533,,0.239000,0.221133,,,0.136,304.4
2044,0.221450,,0.239000,0.221450,,,0.137,304.5
2045,0.221017,,0.239000,0.221450,,,0.136,304.7
2046,0.220400,,0.239000,0.221450,,,0.137,304.8
2047,0.218200,,0.239000,0.221450,,,0.137,304.9
2048,0.219300,,0.239000,0.221450,,,0.137,305.1
2049,0.217933,,0.239000,0.221450,,,0.136,305.2
2050,0.217617,,0.239000,0.221450,,,0.136,305.4
2051,0.219750,,0.239000,0.221450,,,0.137,305.5
2052,0.220433,,0.239000,0.221450,,,0.137,305.6
2053,0.219450,,0.239000,0.221450,,,0.136,305.8
2054,0.219133,,0.239000,0.221450,,,0.136,305.9
2055,0.220467,,0.239000,0.221450,,,0.135,306.0
2056,0.219267,,0.239000,0.221450,,,0.136,306.2
2057,0.219700,,0.239000,0.221450,,,0.207,306.4
2058,0.218117,,0.239000,0.221450,,,0.168,306.5
2059,0.218017,,0.239000,0.221450,,,0.137,306.7
2060,0.221117,,0.239000,0.221450,,,0.135,306.8
2061,0.219383,,0.239000,0.221450,,,0.138,307.0
2062,0.220083,,0.239000,0.221450,,,0.138,307.1
2063,0.220133,,0.239000,0.221450,,,0.135,307.2
2064,0.219600,,0.239000,0.221450,,,0.160,307.4
2065,0.217483,,0.239000,0.221450,,,0.143,307.5
2066,0.218717,,0.239000,0.221450,,,0.136,307.7
2067,0.219300,,0.239000,0.221450,,,0.135,307.8
2068,0.220667,,0.239000,0.221450,,,0.136,307.9
2069,0.220867,,0.239000,0.221450,,,0.135,308.1
2070,0.219283,,0.239000,0.221450,,,0.136,308.2
2071,0.220067,,0.239000,0.221450,,,0.135,308.3
2072,0.219683,,0.239000,0.221450,,,0.137,308.5
2073,0.220450,,0.239000,0.221450,,,0.136,308.6
2074,0.218183,,0.239000,0.221450,,,0.137,308.8
2075,0.219150,,0.239000,0.221450,,,0.137,308.9
2076,0.220683,,0.239000,0.221450,,,0.136,309.0
2077,0.218583,,0.239000,0.221450,,,0.135,309.2
2078,0.221450,,0.239000,0.221450,,,0.137,309.3
2079,0.219217,,0.239000,0.221450,,,0.137,309.4
2080,0.220250,,0.239000,0.221450,,,0.136,309.6
2081,0.219450,,0.239000,0.221450,,,0.136,309.7
2082,0.219050,,0.239000,0.221450,,,0.136,309.8
2083,0.221000,,0.239000,0.221450,,,0.136,310.0
2084,0.220467,,0.239000,0.221450,,,0.137,310.1
2085,0.221667,,0.239000,0.221667,,,0.139,310.3
2086,0.222917,,0.239000,0.222917,,,0.204,310.5
2087,0.218883,,0.239000,0.222917,,,0.145,310.6
2088,0.220317,,0.239000,0.222917,,,0.141,310.7
2089,0.220700,,0.239000,0.222917,,,0.140,310.9
2090,0.219850,,0.239000,0.222917,,,0.138,311.0
2091,0.221133,,0.239000,0.222917,,,0.138,311.2
2092,0.219083,,0.239000,0.222917,,,0.137,311.3
2093,0.220633,,0.239000,0.222917,,,0.135,311.4
2094,0.220783,,0.239000,0.222917,,,0.137,311.6
2095,0.222533,,0.239000,0.222917,,,0.135,311.7
2096,0.222500,,0.239000,0.222917,,,0.135,311.8
2097,0.222200,,0.239000,0.222917,,,0.137,312.0
2098,0.219933,,0.239000,0.222917,,,0.136,312.1
2099,0.222650,,0.239000,0.222917,,,0.136,312.3
2100,0.219733,0.24450001120567322,0.244500,0.222917,0.05105715990066528,0.4110948145389557,0.435,312.7
2101,0.221483,,0.244500,0.222917,,,0.198,312.9
2102,0.221183,,0.244500,0.222917,,,0.136,313.0
2103,0.221017,,0.244500,0.222917,,,0.137,313.2
2104,0.221767,,0.244500,0.222917,,,0.133,313.3
2105,0.221817,,0.244500,0.222917,,,0.137,313.4
2106,0.219483,,0.244500,0.222917,,,0.137,313.6
2107,0.221583,,0.244500,0.222917,,,0.135,313.7
2108,0.221083,,0.244500,0.222917,,,0.138,313.8
2109,0.221783,,0.244500,0.222917,,,0.137,314.0
2110,0.220000,,0.244500,0.222917,,,0.135,314.1
2111,0.220450,,0.244500,0.222917,,,0.136,314.2
2112,0.219600,,0.244500,0.222917,,,0.138,314.4
2113,0.220167,,0.244500,0.222917,,,0.135,314.5
2114,0.219017,,0.244500,0.222917,,,0.203,314.7
2115,0.220550,,0.244500,0.222917,,,0.138,314.9
2116,0.220383,,0.244500,0.222917,,,0.137,315.0
2117,0.220500,,0.244500,0.222917,,,0.137,315.1
2118,0.219000,,0.244500,0.222917,,,0.135,315.3
2119,0.220183,,0.244500,0.222917,,,0.136,315.4
2120,0.221367,,0.244500,0.222917,,,0.135,315.5
2121,0.222667,,0.244500,0.222917,,,0.136,315.7
2122,0.220000,,0.244500,0.222917,,,0.136,315.8
2123,0.223000,,0.244500,0.223000,,,0.137,315.9
2124,0.222617,,0.244500,0.223000,,,0.137,316.1
2125,0.223083,,0.244500,0.223083,,,0.135,316.2
2126,0.222717,,0.244500,0.223083,,,0.137,316.4
2127,0.222317,,0.244500,0.223083,,,0.148,316.5
2128,0.222567,,0.244500,0.223083,,,0.136,316.6
2129,0.221533,,0.244500,0.223083,,,0.205,316.8
2130,0.220183,,0.244500,0.223083,,,0.137,317.0
2131,0.220567,,0.244500,0.223083,,,0.135,317.1
2132,0.220967,,0.244500,0.223083,,,0.136,317.3
2133,0.222850,,0.244500,0.223083,,,0.136,317.4
2134,0.222467,,0.244500,0.223083,,,0.137,317.5
2135,0.222583,,0.244500,0.223083,,,0.135,317.7
2136,0.220850,,0.244500,0.223083,,,0.136,317.8
2137,0.222367,,0.244500,0.223083,,,0.136,317.9
2138,0.221067,,0.244500,0.223083,,,0.138,318.1
2139,0.221983,,0.244500,0.223083,,,0.138,318.2
2140,0.221783,,0.244500,0.223083,,,0.136,318.3
2141,0.221017,,0.244500,0.223083,,,0.136,318.5
2142,0.223267,,0.244500,0.223267,,,0.136,318.6
2143,0.221783,,0.244500,0.223267,,,0.134,318.8
2144,0.222783,,0.244500,0.223267,,,0.200,319.0
2145,0.223000,,0.244500,0.223267,,,0.136,319.1
2146,0.223100,,0.244500,0.223267,,,0.138,319.2
2147,0.222783,,0.244500,0.223267,,,0.138,319.4
2148,0.221367,,0.244500,0.223267,,,0.135,319.5
2149,0.220900,,0.244500,0.223267,,,0.136,319.6
2150,0.222900,,0.244500,0.223267,,,0.134,319.8
2151,0.223667,,0.244500,0.223667,,,0.136,319.9
2152,0.220450,,0.244500,0.223667,,,0.135,320.0
2153,0.220783,,0.244500,0.223667,,,0.135,320.2
2154,0.220050,,0.244500,0.223667,,,0.138,320.3
2155,0.219333,,0.244500,0.223667,,,0.136,320.4
2156,0.220267,,0.244500,0.223667,,,0.136,320.6
2157,0.221900,,0.244500,0.223667,,,0.135,320.7
2158,0.220300,,0.244500,0.223667,,,0.135,320.9
2159,0.220650,,0.244500,0.223667,,,0.192,321.0
2160,0.221833,,0.244500,0.223667,,,0.136,321.2
2161,0.219767,,0.244500,0.223667,,,0.137,321.3
2162,0.221433,,0.244500,0.223667,,,0.137,321.5
2163,0.221883,,0.244500,0.223667,,,0.136,321.6
2164,0.222017,,0.244500,0.223667,,,0.136,321.7
2165,0.219000,,0.244500,0.223667,,,0.138,321.9
2166,0.220783,,0.244500,0.223667,,,0.137,322.0
2167,0.221933,,0.244500,0.223667,,,0.136,322.1
2168,0.222533,,0.244500,0.223667,,,0.135,322.3
2169,0.223433,,0.244500,0.223667,,,0.135,322.4
2170,0.221000,,0.244500,0.223667,,,0.135,322.5
2171,0.220967,,0.244500,0.223667,,,0.136,322.7
2172,0.220800,,0.244500,0.223667,,,0.136,322.8
2173,0.219317,,0.244500,0.223667,,,0.137,323.0
2174,0.221150,,0.244500,0.223667,,,0.203,323.2
2175,0.223233,,0.244500,0.223667,,,0.136,323.3
2176,0.221350,,0.244500,0.223667,,,0.137,323.4
2177,0.221867,,0.244500,0.223667,,,0.137,323.6
2178,0.222633,,0.244500,0.223667,,,0.135,323.7
2179,0.222800,,0.244500,0.223667,,,0.135,323.8
2180,0.221250,,0.244500,0.223667,,,0.138,324.0
2181,0.220767,,0.244500,0.223667,,,0.137,324.1
2182,0.223650,,0.244500,0.223667,,,0.135,324.2
2183,0.222617,,0.244500,0.223667,,,0.136,324.4
2184,0.223183,,0.244500,0.223667,,,0.136,324.5
2185,0.220883,,0.244500,0.223667,,,0.135,324.7
2186,0.223350,,0.244500,0.223667,,,0.136,324.8
2187,0.221233,,0.244500,0.223667,,,0.136,324.9
2188,0.220950,,0.244500,0.223667,,,0.135,325.1
2189,0.219933,,0.244500,0.223667,,,0.202,325.3
2190,0.221267,,0.244500,0.223667,,,0.137,325.4
2191,0.220233,,0.244500,0.223667,,,0.136,325.5
2192,0.221117,,0.244500,0.223667,,,0.136,325.7
2193,0.220850,,0.244500,0.223667,,,0.134,325.8
2194,0.220300,,0.244500,0.223667,,,0.136,325.9
2195,0.221133,,0.244500,0.223667,,,0.137,326.1
2196,0.219817,,0.244500,0.223667,,,0.135,326.2
2197,0.221083,,0.244500,0.223667,,,0.136,326.4
2198,0.220617,,0.244500,0.223667,,,0.136,326.5
2199,0.220683,,0.244500,0.223667,,,0.137,326.6
2200,0.220867,0.2395000159740448,0.244500,0.223667,0.051336392760276794,0.4204564094543457,0.432,327.1
2201,0.221633,,0.244500,0.223667,,,0.137,327.2
2202,0.220617,,0.244500,0.223667,,,0.201,327.4
2203,0.219950,,0.244500,0.223667,,,0.132,327.5
2204,0.220133,,0.244500,0.223667,,,0.136,327.7
2205,0.220717,,0.244500,0.223667,,,0.138,327.8
2206,0.219650,,0.244500,0.223667,,,0.148,327.9
2207,0.221300,,0.244500,0.223667,,,0.136,328.1
2208,0.219767,,0.244500,0.223667,,,0.136,328.2
2209,0.223817,,0.244500,0.223817,,,0.137,328.4
2210,0.222683,,0.244500,0.223817,,,0.137,328.5
2211,0.223117,,0.244500,0.223817,,,0.136,328.6
2212,0.222283,,0.244500,0.223817,,,0.138,328.8
2213,0.222017,,0.244500,0.223817,,,0.135,328.9
2214,0.222917,,0.244500,0.223817,,,0.135,329.0
2215,0.221417,,0.244500,0.223817,,,0.137,329.2
2216,0.223867,,0.244500,0.223867,,,0.135,329.3
2217,0.222033,,0.244500,0.223867,,,0.202,329.5
2218,0.222333,,0.244500,0.223867,,,0.136,329.6
2219,0.221583,,0.244500,0.223867,,,0.134,329.8
2220,0.219983,,0.244500,0.223867,,,0.137,329.9
2221,0.222200,,0.244500,0.223867,,,0.136,330.1
2222,0.220567,,0.244500,0.223867,,,0.137,330.2
2223,0.223417,,0.244500,0.223867,,,0.136,330.3
2224,0.222583,,0.244500,0.223867,,,0.136,330.5
2225,0.223300,,0.244500,0.223867,,,0.136,330.6
2226,0.221717,,0.244500,0.223867,,,0.136,330.7
2227,0.222267,,0.244500,0.223867,,,0.136,330.9
2228,0.222117,,0.244500,0.223867,,,0.140,331.0
2229,0.223717,,0.244500,0.223867,,,0.136,331.1
2230,0.222783,,0.244500,0.223867,,,0.137,331.3
2231,0.222233,,0.244500,0.223867,,,0.136,331.4
2232,0.223150,,0.244500,0.223867,,,0.203,331.6
2233,0.223900,,0.244500,0.223900,,,0.138,331.8
2234,0.222783,,0.244500,0.223900,,,0.136,331.9
2235,0.222167,,0.244500,0.223900,,,0.136,332.0
2236,0.222050,,0.244500,0.223900,,,0.136,332.2
2237,0.222383,,0.244500,0.223900,,,0.143,332.3
2238,0.221500,,0.244500,0.223900,,,0.147,332.5
2239,0.222250,,0.244500,0.223900,,,0.138,332.6
2240,0.224117,,0.244500,0.224117,,,0.139,332.7
2241,0.222333,,0.244500,0.224117,,,0.139,332.9
2242,0.221233,,0.244500,0.224117,,,0.140,333.0
2243,0.223133,,0.244500,0.224117,,,0.137,333.2
2244,0.222067,,0.244500,0.224117,,,0.136,333.3
2245,0.221650,,0.244500,0.224117,,,0.137,333.4
2246,0.222883,,0.244500,0.224117,,,0.137,333.6
2247,0.223500,,0.244500,0.224117,,,0.203,333.8
2248,0.224183,,0.244500,0.224183,,,0.140,333.9
2249,0.222350,,0.244500,0.224183,,,0.135,334.0
2250,0.224350,,0.244500,0.224350,,,0.137,334.2
2251,0.222083,,0.244500,0.224350,,,0.136,334.3
2252,0.221867,,0.244500,0.224350,,,0.136,334.5
2253,0.222750,,0.244500,0.224350,,,0.137,334.6
2254,0.221700,,0.244500,0.224350,,,0.137,334.7
2255,0.224050,,0.244500,0.224350,,,0.136,334.9
2256,0.222050,,0.244500,0.224350,,,0.137,335.0
2257,0.222733,,0.244500,0.224350,,,0.138,335.1
2258,0.223750,,0.244500,0.224350,,,0.136,335.3
2259,0.223917,,0.244500,0.224350,,,0.133,335.4
2260,0.222083,,0.244500,0.224350,,,0.136,335.5
2261,0.220733,,0.244500,0.224350,,,0.138,335.7
2262,0.222717,,0.244500,0.224350,,,0.205,335.9
2263,0.222600,,0.244500,0.224350,,,0.136,336.0
2264,0.221083,,0.244500,0.224350,,,0.136,336.2
2265,0.220717,,0.244500,0.224350,,,0.136,336.3
2266,0.222100,,0.244500,0.224350,,,0.135,336.4
2267,0.222300,,0.244500,0.224350,,,0.137,336.6
2268,0.222250,,0.244500,0.224350,,,0.136,336.7
2269,0.222583,,0.244500,0.224350,,,0.155,336.9
2270,0.222983,,0.244500,0.224350,,,0.184,337.0
2271,0.222667,,0.244500,0.224350,,,0.136,337.2
2272,0.223233,,0.244500,0.224350,,,0.136,337.3
2273,0.222150,,0.244500,0.224350,,,0.136,337.4
2274,0.221917,,0.244500,0.224350,,,0.136,337.6
2275,0.221800,,0.244500,0.224350,,,0.134,337.7
2276,0.221867,,0.244500,0.224350,,,0.136,337.9
2277,0.224717,,0.244500,0.224717,,,0.202,338.1
2278,0.223367,,0.244500,0.224717,,,0.142,338.2
2279,0.221517,,0.244500,0.224717,,,0.137,338.3
2280,0.222483,,0.244500,0.224717,,,0.135,338.5
2281,0.223250,,0.244500,0.224717,,,0.135,338.6
2282,0.221967,,0.244500,0.224717,,,0.135,338.7
2283,0.221133,,0.244500,0.224717,,,0.135,338.9
2284,0.222967,,0.244500,0.224717,,,0.136,339.0
2285,0.221033,,0.244500,0.224717,,,0.136,339.1
2286,0.221500,,0.244500,0.224717,,,0.136,339.3
2287,0.223833,,0.244500,0.224717,,,0.135,339.4
2288,0.222017,,0.244500,0.224717,,,0.135,339.6
2289,0.220550,,0.244500,0.224717,,,0.135,339.7
2290,0.221200,,0.244500,0.224717,,,0.137,339.8
2291,0.223333,,0.244500,0.224717,,,0.202,340.0
2292,0.221750,,0.244500,0.224717,,,0.136,340.2
2293,0.222133,,0.244500,0.224717,,,0.134,340.3
2294,0.223200,,0.244500,0.224717,,,0.136,340.4
2295,0.221883,,0.244500,0.224717,,,0.136,340.6
2296,0.222167,,0.244500,0.224717,,,0.137,340.7
2297,0.220633,,0.244500,0.224717,,,0.137,340.8
2298,0.220567,,0.244500,0.224717,,,0.136,341.0
2299,0.222683,,0.244500,0.224717,,,0.138,341.1
2300,0.222617,0.24400001764297485,0.244500,0.224717,0.05094889923930168,0.42446523904800415,0.428,341.5
2301,0.222067,,0.244500,0.224717,,,0.135,341.7
2302,0.221500,,0.244500,0.224717,,,0.135,341.8
2303,0.220583,,0.244500,0.224717,,,0.137,342.0
2304,0.221367,,0.244500,0.224717,,,0.201,342.2
2305,0.219767,,0.244500,0.224717,,,0.137,342.3
2306,0.221300,,0.244500,0.224717,,,0.135,342.4
2307,0.222517,,0.244500,0.224717,,,0.135,342.6
2308,0.221633,,0.244500,0.224717,,,0.135,342.7
2309,0.223517,,0.244500,0.224717,,,0.136,342.8
2310,0.222467,,0.244500,0.224717,,,0.137,343.0
2311,0.223500,,0.244500,0.224717,,,0.137,343.1
2312,0.222933,,0.244500,0.224717,,,0.135,343.2
2313,0.224233,,0.244500,0.224717,,,0.135,343.4
2314,0.221917,,0.244500,0.224717,,,0.137,343.5
2315,0.223350,,0.244500,0.224717,,,0.136,343.6
2316,0.222117,,0.244500,0.224717,,,0.137,343.8
2317,0.223050,,0.244500,0.224717,,,0.136,343.9
2318,0.223383,,0.244500,0.224717,,,0.137,344.1
2319,0.222700,,0.244500,0.224717,,,0.199,344.3
2320,0.224617,,0.244500,0.224717,,,0.136,344.4
2321,0.225067,,0.244500,0.225067,,,0.138,344.5
2322,0.223300,,0.244500,0.225067,,,0.137,344.7
2323,0.225050,,0.244500,0.225067,,,0.135,344.8
2324,0.224267,,0.244500,0.225067,,,0.136,344.9
2325,0.224533,,0.244500,0.225067,,,0.137,345.1
2326,0.224967,,0.244500,0.225067,,,0.137,345.2
2327,0.224050,,0.244500,0.225067,,,0.136,345.3
2328,0.222433,,0.244500,0.225067,,,0.136,345.5
2329,0.223950,,0.244500,0.225067,,,0.137,345.6
2330,0.225300,,0.244500,0.225300,,,0.138,345.8
2331,0.223450,,0.244500,0.225300,,,0.140,345.9
2332,0.222800,,0.244500,0.225300,,,0.138,346.0
2333,0.224067,,0.244500,0.225300,,,0.138,346.2
2334,0.223617,,0.244500,0.225300,,,0.207,346.4
2335,0.223050,,0.244500,0.225300,,,0.137,346.5
2336,0.223983,,0.244500,0.225300,,,0.135,346.7
2337,0.221800,,0.244500,0.225300,,,0.137,346.8
2338,0.222817,,0.244500,0.225300,,,0.137,346.9
2339,0.222983,,0.244500,0.225300,,,0.139,347.1
2340,0.220767,,0.244500,0.225300,,,0.138,347.2
2341,0.222483,,0.244500,0.225300,,,0.138,347.3
2342,0.223867,,0.244500,0.225300,,,0.139,347.5
2343,0.225883,,0.244500,0.225883,,,0.140,347.6
2344,0.223550,,0.244500,0.225883,,,0.145,347.8
2345,0.222383,,0.244500,0.225883,,,0.136,347.9
2346,0.222383,,0.244500,0.225883,,,0.136,348.0
2347,0.223850,,0.244500,0.225883,,,0.137,348.2
2348,0.222100,,0.244500,0.225883,,,0.138,348.3
2349,0.223667,,0.244500,0.225883,,,0.205,348.5
2350,0.224117,,0.244500,0.225883,,,0.138,348.7
2351,0.223483,,0.244500,0.225883,,,0.136,348.8
2352,0.222583,,0.244500,0.225883,,,0.137,348.9
2353,0.222867,,0.244500,0.225883,,,0.136,349.1
2354,0.224367,,0.244500,0.225883,,,0.137,349.2
2355,0.224950,,0.244500,0.225883,,,0.137,349.3
2356,0.224233,,0.244500,0.225883,,,0.136,349.5
2357,0.224700,,0.244500,0.225883,,,0.136,349.6
2358,0.224133,,0.244500,0.225883,,,0.136,349.7
2359,0.226567,,0.244500,0.226567,,,0.137,349.9
2360,0.223983,,0.244500,0.226567,,,0.136,350.0
2361,0.223600,,0.244500,0.226567,,,0.138,350.2
2362,0.222033,,0.244500,0.226567,,,0.136,350.3
2363,0.224567,,0.244500,0.226567,,,0.135,350.4
2364,0.225533,,0.244500,0.226567,,,0.203,350.6
2365,0.224283,,0.244500,0.226567,,,0.137,350.8
2366,0.224517,,0.244500,0.226567,,,0.136,350.9
2367,0.223717,,0.244500,0.226567,,,0.138,351.0
2368,0.222833,,0.244500,0.226567,,,0.135,351.2
2369,0.225283,,0.244500,0.226567,,,0.137,351.3
2370,0.223617,,0.244500,0.226567,,,0.135,351.4
2371,0.225450,,0.244500,0.226567,,,0.136,351.6
2372,0.224167,,0.244500,0.226567,,,0.136,351.7
2373,0.223800,,0.244500,0.226567,,,0.138,351.9
2374,0.225433,,0.244500,0.226567,,,0.136,352.0
2375,0.224933,,0.244500,0.226567,,,0.135,352.1
2376,0.224500,,0.244500,0.226567,,,0.134,352.3
2377,0.224367,,0.244500,0.226567,,,0.136,352.4
2378,0.225933,,0.244500,0.226567,,,0.135,352.5
2379,0.223217,,0.244500,0.226567,,,0.202,352.7
2380,0.225967,,0.244500,0.226567,,,0.138,352.9
2381,0.226567,,0.244500,0.226567,,,0.136,353.0
2382,0.223517,,0.244500,0.226567,,,0.138,353.1
2383,0.223700,,0.244500,0.226567,,,0.136,353.3
2384,0.225500,,0.244500,0.226567,,,0.135,353.4
2385,0.224683,,0.244500,0.226567,,,0.137,353.6
2386,0.227033,,0.244500,0.227033,,,0.137,353.7
2387,0.225917,,0.244500,0.227033,,,0.136,353.8
2388,0.223833,,0.244500,0.227033,,,0.136,354.0
2389,0.223783,,0.244500,0.227033,,,0.138,354.1
2390,0.226333,,0.244500,0.227033,,,0.136,354.2
2391,0.222533,,0.244500,0.227033,,,0.136,354.4
2392,0.222367,,0.244500,0.227033,,,0.135,354.5
2393,0.224067,,0.244500,0.227033,,,0.135,354.6
2394,0.225750,,0.244500,0.227033,,,0.203,354.9
2395,0.225550,,0.244500,0.227033,,,0.135,355.0
2396,0.225683,,0.244500,0.227033,,,0.137,355.1
2397,0.224267,,0.244500,0.227033,,,0.138,355.3
2398,0.225283,,0.244500,0.227033,,,0.137,355.4
2399,0.223350,,0.244500,0.227033,,,0.135,355.5
2400,0.224917,0.2410000115633011,0.244500,0.227033,0.05037599429488182,0.4372601807117462,0.425,356.0
2401,0.225217,,0.244500,0.227033,,,0.132,356.1
2402,0.224950,,0.244500,0.227033,,,0.136,356.2
2403,0.224783,,0.244500,0.227033,,,0.135,356.4
2404,0.225417,,0.244500,0.227033,,,0.135,356.5
2405,0.223867,,0.244500,0.227033,,,0.136,356.6
2406,0.225533,,0.244500,0.227033,,,0.137,356.8
2407,0.224867,,0.244500,0.227033,,,0.203,357.0
2408,0.224350,,0.244500,0.227033,,,0.135,357.1
2409,0.222933,,0.244500,0.227033,,,0.137,357.2
2410,0.224433,,0.244500,0.227033,,,0.136,357.4
2411,0.224833,,0.244500,0.227033,,,0.137,357.5
2412,0.225733,,0.244500,0.227033,,,0.135,357.7
2413,0.226300,,0.244500,0.227033,,,0.136,357.8
2414,0.224317,,0.244500,0.227033,,,0.138,357.9
2415,0.225583,,0.244500,0.227033,,,0.138,358.1
2416,0.224817,,0.244500,0.227033,,,0.135,358.2
2417,0.224867,,0.244500,0.227033,,,0.131,358.3
2418,0.225650,,0.244500,0.227033,,,0.136,358.5
2419,0.225300,,0.244500,0.227033,,,0.135,358.6
2420,0.223450,,0.244500,0.227033,,,0.136,358.7
2421,0.224917,,0.244500,0.227033,,,0.136,358.9
2422,0.227000,,0.244500,0.227033,,,0.209,359.1
2423,0.225267,,0.244500,0.227033,,,0.137,359.2
2424,0.224350,,0.244500,0.227033,,,0.137,359.4
2425,0.225433,,0.244500,0.227033,,,0.138,359.5
2426,0.226600,,0.244500,0.227033,,,0.137,359.6
2427,0.225383,,0.244500,0.227033,,,0.136,359.8
2428,0.227183,,0.244500,0.227183,,,0.135,359.9
2429,0.226683,,0.244500,0.227183,,,0.136,360.0
2430,0.227050,,0.244500,0.227183,,,0.136,360.2
2431,0.225000,,0.244500,0.227183,,,0.136,360.3
2432,0.226200,,0.244500,0.227183,,,0.137,360.4
2433,0.227283,,0.244500,0.227283,,,0.136,360.6
2434,0.225800,,0.244500,0.227283,,,0.136,360.7
2435,0.225983,,0.244500,0.227283,,,0.138,360.9
2436,0.227483,,0.244500,0.227483,,,0.136,361.0
2437,0.226900,,0.244500,0.227483,,,0.203,361.2
2438,0.224817,,0.244500,0.227483,,,0.137,361.3
2439,0.225267,,0.244500,0.227483,,,0.136,361.5
2440,0.226583,,0.244500,0.227483,,,0.137,361.6
2441,0.226567,,0.244500,0.227483,,,0.135,361.7
2442,0.225883,,0.244500,0.227483,,,0.137,361.9
2443,0.225933,,0.244500,0.227483,,,0.135,362.0
2444,0.225883,,0.244500,0.227483,,,0.134,362.1
2445,0.224867,,0.244500,0.227483,,,0.137,362.3
2446,0.226183,,0.244500,0.227483,,,0.136,362.4
2447,0.226883,,0.244500,0.227483,,,0.138,362.6
2448,0.227267,,0.244500,0.227483,,,0.137,362.7
2449,0.225267,,0.244500,0.227483,,,0.137,362.8
2450,0.223433,,0.244500,0.227483,,,0.137,363.0
2451,0.227117,,0.244500,0.227483,,,0.137,363.1
2452,0.227200,,0.244500,0.227483,,,0.201,363.3
2453,0.226233,,0.244500,0.227483,,,0.137,363.4
2454,0.228167,,0.244500,0.228167,,,0.136,363.6
2455,0.226217,,0.244500,0.228167,,,0.135,363.7
2456,0.227050,,0.244500,0.228167,,,0.138,363.9
2457,0.226117,,0.244500,0.228167,,,0.135,364.0
2458,0.226533,,0.244500,0.228167,,,0.136,364.1
2459,0.226450,,0.244500,0.228167,,,0.136,364.3
2460,0.226917,,0.244500,0.228167,,,0.135,364.4
2461,0.226083,,0.244500,0.228167,,,0.136,364.5
2462,0.225983,,0.244500,0.228167,,,0.138,364.7
2463,0.226300,,0.244500,0.228167,,,0.136,364.8
2464,0.226650,,0.244500,0.228167,,,0.136,364.9
2465,0.225067,,0.244500,0.228167,,,0.136,365.1
2466,0.226117,,0.244500,0.228167,,,0.138,365.2
2467,0.224750,,0.244500,0.228167,,,0.200,365.4
2468,0.225583,,0.244500,0.228167,,,0.136,365.6
2469,0.226433,,0.244500,0.228167,,,0.135,365.7
2470,0.225717,,0.244500,0.228167,,,0.137,365.8
2471,0.226133,,0.244500,0.228167,,,0.137,366.0
2472,0.225100,,0.244500,0.228167,,,0.136,366.1
2473,0.225700,,0.244500,0.228167,,,0.138,366.2
2474,0.225950,,0.244500,0.228167,,,0.189,366.4
2475,0.225833,,0.244500,0.228167,,,0.136,366.6
2476,0.224400,,0.244500,0.228167,,,0.138,366.7
2477,0.227117,,0.244500,0.228167,,,0.136,366.8
2478,0.226617,,0.244500,0.228167,,,0.136,367.0
2479,0.225183,,0.244500,0.228167,,,0.137,367.1
2480,0.227933,,0.244500,0.228167,,,0.137,367.2
2481,0.227467,,0.244500,0.228167,,,0.137,367.4
2482,0.226117,,0.244500,0.228167,,,0.203,367.6
2483,0.225567,,0.244500,0.228167,,,0.134,367.7
2484,0.228117,,0.244500,0.228167,,,0.135,367.9
2485,0.228583,,0.244500,0.228583,,,0.135,368.0
2486,0.227283,,0.244500,0.228583,,,0.137,368.1
2487,0.225700,,0.244500,0.228583,,,0.138,368.3
2488,0.227967,,0.244500,0.228583,,,0.137,368.4
2489,0.228400,,0.244500,0.228583,,,0.137,368.5
2490,0.226783,,0.244500,0.228583,,,0.138,368.7
2491,0.227000,,0.244500,0.228583,,,0.137,368.8
2492,0.226000,,0.244500,0.228583,,,0.136,368.9
2493,0.227250,,0.244500,0.228583,,,0.136,369.1
2494,0.227950,,0.244500,0.228583,,,0.136,369.2
2495,0.225667,,0.244500,0.228583,,,0.136,369.4
2496,0.226717,,0.244500,0.228583,,,0.136,369.5
2497,0.226133,,0.244500,0.228583,,,0.191,369.7
2498,0.227450,,0.244500,0.228583,,,0.138,369.8
2499,0.227767,,0.244500,0.228583,,,0.136,370.0
2500,0.227383,0.24150000512599945,0.244500,0.228583,0.052015870809555054,0.4210745096206665,0.429,370.4
2501,0.227867,,0.244500,0.228583,,,0.134,370.5
2502,0.226867,,0.244500,0.228583,,,0.138,370.7
2503,0.225900,,0.244500,0.228583,,,0.137,370.8
2504,0.227883,,0.244500,0.228583,,,0.135,370.9
2505,0.225383,,0.244500,0.228583,,,0.135,371.1
2506,0.227333,,0.244500,0.228583,,,0.139,371.2
2507,0.228300,,0.244500,0.228583,,,0.136,371.3
2508,0.228067,,0.244500,0.228583,,,0.143,371.5
2509,0.228567,,0.244500,0.228583,,,0.136,371.6
2510,0.226167,,0.244500,0.228583,,,0.201,371.8
2511,0.226817,,0.244500,0.228583,,,0.135,372.0
2512,0.227183,,0.244500,0.228583,,,0.137,372.1
2513,0.226533,,0.244500,0.228583,,,0.136,372.2
2514,0.228483,,0.244500,0.228583,,,0.136,372.4
2515,0.226667,,0.244500,0.228583,,,0.135,372.5
2516,0.225983,,0.244500,0.228583,,,0.135,372.6
2517,0.225983,,0.244500,0.228583,,,0.137,372.8
2518,0.226667,,0.244500,0.228583,,,0.136,372.9
2519,0.225217,,0.244500,0.228583,,,0.135,373.0
2520,0.225217,,0.244500,0.228583,,,0.137,373.2
2521,0.227067,,0.244500,0.228583,,,0.136,373.3
2522,0.225450,,0.244500,0.228583,,,0.136,373.5
2523,0.224483,,0.244500,0.228583,,,0.137,373.6
2524,0.226250,,0.244500,0.228583,,,0.136,373.7
2525,0.225683,,0.244500,0.228583,,,0.205,373.9
2526,0.226067,,0.244500,0.228583,,,0.135,374.1
2527,0.224217,,0.244500,0.228583,,,0.137,374.2
2528,0.225000,,0.244500,0.228583,,,0.136,374.3
2529,0.226067,,0.244500,0.228583,,,0.137,374.5
2530,0.225417,,0.244500,0.228583,,,0.136,374.6
2531,0.224100,,0.244500,0.228583,,,0.136,374.7
2532,0.226383,,0.244500,0.228583,,,0.136,374.9
2533,0.225750,,0.244500,0.228583,,,0.138,375.0
2534,0.226533,,0.244500,0.228583,,,0.136,375.2
2535,0.225517,,0.244500,0.228583,,,0.136,375.3
2536,0.225550,,0.244500,0.228583,,,0.136,375.4
2537,0.226633,,0.244500,0.228583,,,0.135,375.6
2538,0.227717,,0.244500,0.228583,,,0.137,375.7
2539,0.227367,,0.244500,0.228583,,,0.138,375.8
2540,0.226300,,0.244500,0.228583,,,0.202,376.0
2541,0.225933,,0.244500,0.228583,,,0.137,376.2
2542,0.225050,,0.244500,0.228583,,,0.135,376.3
2543,0.226467,,0.244500,0.228583,,,0.135,376.4
2544,0.227417,,0.244500,0.228583,,,0.136,376.6
2545,0.227050,,0.244500,0.228583,,,0.137,376.7
2546,0.225817,,0.244500,0.228583,,,0.136,376.9
2547,0.227950,,0.244500,0.228583,,,0.136,377.0
2548,0.227217,,0.244500,0.228583,,,0.136,377.1
2549,0.227450,,0.244500,0.228583,,,0.138,377.3
2550,0.227183,,0.244500,0.228583,,,0.136,377.4
2551,0.227267,,0.244500,0.228583,,,0.135,377.5
2552,0.226333,,0.244500,0.228583,,,0.136,377.7
2553,0.226600,,0.244500,0.228583,,,0.137,377.8
2554,0.226167,,0.244500,0.228583,,,0.136,377.9
2555,0.227867,,0.244500,0.228583,,,0.202,378.1
2556,0.225800,,0.244500,0.228583,,,0.137,378.3
2557,0.226050,,0.244500,0.228583,,,0.138,378.4
2558,0.224717,,0.244500,0.228583,,,0.135,378.6
2559,0.225017,,0.244500,0.228583,,,0.136,378.7
2560,0.226650,,0.244500,0.228583,,,0.136,378.8
2561,0.228917,,0.244500,0.228917,,,0.136,379.0
2562,0.227150,,0.244500,0.228917,,,0.137,379.1
2563,0.227150,,0.244500,0.228917,,,0.137,379.2
2564,0.224483,,0.244500,0.228917,,,0.137,379.4
2565,0.226650,,0.244500,0.228917,,,0.136,379.5
2566,0.226400,,0.244500,0.228917,,,0.137,379.6
2567,0.226250,,0.244500,0.228917,,,0.136,379.8
2568,0.226000,,0.244500,0.228917,,,0.136,379.9
2569,0.225867,,0.244500,0.228917,,,0.136,380.1
2570,0.228067,,0.244500,0.228917,,,0.202,380.3
2571,0.226150,,0.244500,0.228917,,,0.138,380.4
2572,0.226500,,0.244500,0.228917,,,0.137,380.5
2573,0.226767,,0.244500,0.228917,,,0.139,380.7
2574,0.228833,,0.244500,0.228917,,,0.136,380.8
2575,0.226900,,0.244500,0.228917,,,0.135,380.9
2576,0.227183,,0.244500,0.228917,,,0.136,381.1
2577,0.228450,,0.244500,0.228917,,,0.136,381.2
2578,0.226733,,0.244500,0.228917,,,0.135,381.3
2579,0.227450,,0.244500,0.228917,,,0.136,381.5
2580,0.225683,,0.244500,0.228917,,,0.137,381.6
2581,0.227200,,0.244500,0.228917,,,0.139,381.8
2582,0.226317,,0.244500,0.228917,,,0.136,381.9
2583,0.226617,,0.244500,0.228917,,,0.135,382.0
2584,0.227983,,0.244500,0.228917,,,0.136,382.2
2585,0.225033,,0.244500,0.228917,,,0.202,382.4
2586,0.226433,,0.244500,0.228917,,,0.137,382.5
2587,0.228833,,0.244500,0.228917,,,0.136,382.6
2588,0.227567,,0.244500,0.228917,,,0.136,382.8
2589,0.227617,,0.244500,0.228917,,,0.135,382.9
2590,0.226567,,0.244500,0.228917,,,0.135,383.0
2591,0.226067,,0.244500,0.228917,,,0.136,383.2
2592,0.225817,,0.244500,0.228917,,,0.136,383.3
2593,0.225367,,0.244500,0.228917,,,0.137,383.5
2594,0.224067,,0.244500,0.228917,,,0.136,383.6
2595,0.227083,,0.244500,0.228917,,,0.136,383.7
2596,0.227650,,0.244500,0.228917,,,0.136,383.9
2597,0.226333,,0.244500,0.228917,,,0.135,384.0
2598,0.225350,,0.244500,0.228917,,,0.136,384.1
2599,0.227983,,0.244500,0.228917,,,0.137,384.3
2600,0.225583,0.24500000476837158,0.245000,0.228917,0.05133438482880592,0.4316111207008362,0.492,384.8
2601,0.226967,,0.245000,0.228917,,,0.137,384.9
2602,0.224767,,0.245000,0.228917,,,0.137,385.0
2603,0.227850,,0.245000,0.228917,,,0.137,385.2
2604,0.227600,,0.245000,0.228917,,,0.136,385.3
2605,0.225633,,0.245000,0.228917,,,0.137,385.5
2606,0.226033,,0.245000,0.228917,,,0.137,385.6
2607,0.226433,,0.245000,0.228917,,,0.135,385.7
2608,0.226667,,0.245000,0.228917,,,0.136,385.9
2609,0.227600,,0.245000,0.228917,,,0.137,386.0
2610,0.224550,,0.245000,0.228917,,,0.135,386.1
2611,0.224367,,0.245000,0.228917,,,0.135,386.3
2612,0.228300,,0.245000,0.228917,,,0.201,386.5
2613,0.225800,,0.245000,0.228917,,,0.208,386.7
2614,0.225817,,0.245000,0.228917,,,0.136,386.8
2615,0.226867,,0.245000,0.228917,,,0.137,386.9
2616,0.227167,,0.245000,0.228917,,,0.136,387.1
2617,0.227700,,0.245000,0.228917,,,0.138,387.2
2618,0.227450,,0.245000,0.228917,,,0.136,387.4
2619,0.224533,,0.245000,0.228917,,,0.136,387.5
2620,0.226183,,0.245000,0.228917,,,0.140,387.6
2621,0.226800,,0.245000,0.228917,,,0.140,387.8
2622,0.225733,,0.245000,0.228917,,,0.137,387.9
2623,0.228133,,0.245000,0.228917,,,0.139,388.0
2624,0.227233,,0.245000,0.228917,,,0.137,388.2
2625,0.227100,,0.245000,0.228917,,,0.135,388.3
2626,0.227017,,0.245000,0.228917,,,0.136,388.5
2627,0.226267,,0.245000,0.228917,,,0.139,388.6
2628,0.227717,,0.245000,0.228917,,,0.203,388.8
2629,0.223883,,0.245000,0.228917,,,0.136,388.9
2630,0.226083,,0.245000,0.228917,,,0.135,389.1
2631,0.228100,,0.245000,0.228917,,,0.137,389.2
2632,0.226033,,0.245000,0.228917,,,0.135,389.3
2633,0.225967,,0.245000,0.228917,,,0.137,389.5
2634,0.225367,,0.245000,0.228917,,,0.135,389.6
2635,0.225067,,0.245000,0.228917,,,0.138,389.8
2636,0.227333,,0.245000,0.228917,,,0.135,389.9
2637,0.227850,,0.245000,0.228917,,,0.135,390.0
2638,0.227000,,0.245000,0.228917,,,0.135,390.2
2639,0.225533,,0.245000,0.228917,,,0.135,390.3
2640,0.227067,,0.245000,0.228917,,,0.134,390.4
2641,0.227133,,0.245000,0.228917,,,0.137,390.6
2642,0.225750,,0.245000,0.228917,,,0.137,390.7
2643,0.227150,,0.245000,0.228917,,,0.203,390.9
2644,0.227233,,0.245000,0.228917,,,0.136,391.0
2645,0.226533,,0.245000,0.228917,,,0.135,391.2
2646,0.226483,,0.245000,0.228917,,,0.145,391.3
2647,0.229217,,0.245000,0.229217,,,0.137,391.5
2648,0.226250,,0.245000,0.229217,,,0.136,391.6
2649,0.228300,,0.245000,0.229217,,,0.137,391.7
2650,0.225983,,0.245000,0.229217,,,0.136,391.9
2651,0.227200,,0.245000,0.229217,,,0.136,392.0
2652,0.226733,,0.245000,0.229217,,,0.137,392.1
2653,0.227567,,0.245000,0.229217,,,0.137,392.3
2654,0.226733,,0.245000,0.229217,,,0.135,392.4
2655,0.228767,,0.245000,0.229217,,,0.137,392.5
2656,0.228667,,0.245000,0.229217,,,0.137,392.7
2657,0.226517,,0.245000,0.229217,,,0.136,392.8
2658,0.228183,,0.245000,0.229217,,,0.201,393.0
2659,0.225750,,0.245000,0.229217,,,0.132,393.2
2660,0.228117,,0.245000,0.229217,,,0.136,393.3
2661,0.226900,,0.245000,0.229217,,,0.136,393.4
2662,0.226117,,0.245000,0.229217,,,0.137,393.6
2663,0.228000,,0.245000,0.229217,,,0.136,393.7
2664,0.227067,,0.245000,0.229217,,,0.136,393.8
2665,0.225650,,0.245000,0.229217,,,0.134,394.0
2666,0.226933,,0.245000,0.229217,,,0.137,394.1
2667,0.227950,,0.245000,0.229217,,,0.135,394.2
2668,0.225350,,0.245000,0.229217,,,0.135,394.4
2669,0.227550,,0.245000,0.229217,,,0.134,394.5
2670,0.227300,,0.245000,0.229217,,,0.136,394.6
2671,0.227083,,0.245000,0.229217,,,0.137,394.8
2672,0.224817,,0.245000,0.229217,,,0.136,394.9
2673,0.227900,,0.245000,0.229217,,,0.199,395.1
2674,0.228467,,0.245000,0.229217,,,0.135,395.3
2675,0.227150,,0.245000,0.229217,,,0.136,395.4
2676,0.228317,,0.245000,0.229217,,,0.144,395.5
2677,0.225517,,0.245000,0.229217,,,0.135,395.7
2678,0.229200,,0.245000,0.229217,,,0.186,395.9
2679,0.227250,,0.245000,0.229217,,,0.154,396.0
2680,0.225917,,0.245000,0.229217,,,0.137,396.1
2681,0.227483,,0.245000,0.229217,,,0.134,396.3
2682,0.225800,,0.245000,0.229217,,,0.136,396.4
2683,0.225567,,0.245000,0.229217,,,0.137,396.5
2684,0.227800,,0.245000,0.229217,,,0.137,396.7
2685,0.228600,,0.245000,0.229217,,,0.137,396.8
2686,0.228950,,0.245000,0.229217,,,0.135,397.0
2687,0.228367,,0.245000,0.229217,,,0.136,397.1
2688,0.226433,,0.245000,0.229217,,,0.136,397.2
2689,0.227117,,0.245000,0.229217,,,0.136,397.4
2690,0.228800,,0.245000,0.229217,,,0.137,397.5
2691,0.227467,,0.245000,0.229217,,,0.134,397.6
2692,0.226333,,0.245000,0.229217,,,0.134,397.8
2693,0.227183,,0.245000,0.229217,,,0.135,397.9
2694,0.229383,,0.245000,0.229383,,,0.135,398.0
2695,0.226817,,0.245000,0.229383,,,0.136,398.2
2696,0.229033,,0.245000,0.229383,,,0.134,398.3
2697,0.228217,,0.245000,0.229383,,,0.133,398.4
2698,0.226633,,0.245000,0.229383,,,0.136,398.6
2699,0.228333,,0.245000,0.229383,,,0.135,398.7
2700,0.226883,0.2485000044107437,0.248500,0.229383,0.05052471160888672,0.42069530487060547,0.431,399.1
2701,0.227617,,0.248500,0.229383,,,0.199,399.3
2702,0.228617,,0.248500,0.229383,,,0.137,399.5
2703,0.229683,,0.248500,0.229683,,,0.138,399.6
2704,0.228183,,0.248500,0.229683,,,0.136,399.8
2705,0.231467,,0.248500,0.231467,,,0.136,399.9
2706,0.227583,,0.248500,0.231467,,,0.135,400.0
2707,0.229483,,0.248500,0.231467,,,0.135,400.2
2708,0.227350,,0.248500,0.231467,,,0.136,400.3
2709,0.226650,,0.248500,0.231467,,,0.135,400.4
2710,0.225667,,0.248500,0.231467,,,0.134,400.6
2711,0.228700,,0.248500,0.231467,,,0.135,400.7
2712,0.229033,,0.248500,0.231467,,,0.136,400.8
2713,0.227650,,0.248500,0.231467,,,0.136,401.0
2714,0.227033,,0.248500,0.231467,,,0.160,401.1
2715,0.227733,,0.248500,0.231467,,,0.137,401.3
2716,0.229383,,0.248500,0.231467,,,0.136,401.4
2717,0.228850,,0.248500,0.231467,,,0.135,401.5
2718,0.226767,,0.248500,0.231467,,,0.177,401.7
2719,0.226350,,0.248500,0.231467,,,0.138,401.9
2720,0.228200,,0.248500,0.231467,,,0.140,402.0
2721,0.227750,,0.248500,0.231467,,,0.147,402.1
2722,0.228350,,0.248500,0.231467,,,0.136,402.3
2723,0.228167,,0.248500,0.231467,,,0.138,402.4
2724,0.226467,,0.248500,0.231467,,,0.138,402.6
2725,0.227433,,0.248500,0.231467,,,0.138,402.7
2726,0.227367,,0.248500,0.231467,,,0.137,402.8
2727,0.228067,,0.248500,0.231467,,,0.138,403.0
2728,0.228417,,0.248500,0.231467,,,0.146,403.1
2729,0.226350,,0.248500,0.231467,,,0.210,403.3
2730,0.227700,,0.248500,0.231467,,,0.138,403.5
2731,0.225850,,0.248500,0.231467,,,0.138,403.6
2732,0.228250,,0.248500,0.231467,,,0.142,403.7
2733,0.229083,,0.248500,0.231467,,,0.138,403.9
2734,0.229167,,0.248500,0.231467,,,0.139,404.0
2735,0.228850,,0.248500,0.231467,,,0.138,404.2
2736,0.227417,,0.248500,0.231467,,,0.139,404.3
2737,0.226333,,0.248500,0.231467,,,0.137,404.4
2738,0.228767,,0.248500,0.231467,,,0.137,404.6
2739,0.229250,,0.248500,0.231467,,,0.137,404.7
2740,0.229900,,0.248500,0.231467,,,0.136,404.8
2741,0.228483,,0.248500,0.231467,,,0.135,405.0
2742,0.226017,,0.248500,0.231467,,,0.136,405.1
2743,0.228833,,0.248500,0.231467,,,0.137,405.3
2744,0.226767,,0.248500,0.231467,,,0.203,405.5
2745,0.228367,,0.248500,0.231467,,,0.136,405.6
2746,0.227900,,0.248500,0.231467,,,0.137,405.7
2747,0.226900,,0.248500,0.231467,,,0.136,405.9
2748,0.226483,,0.248500,0.231467,,,0.136,406.0
2749,0.226717,,0.248500,0.231467,,,0.136,406.1
2750,0.227467,,0.248500,0.231467,,,0.138,406.3
2751,0.227267,,0.248500,0.231467,,,0.136,406.4
2752,0.224717,,0.248500,0.231467,,,0.132,406.5
2753,0.227167,,0.248500,0.231467,,,0.136,406.7
2754,0.227400,,0.248500,0.231467,,,0.136,406.8
2755,0.226433,,0.248500,0.231467,,,0.134,406.9
2756,0.227600,,0.248500,0.231467,,,0.136,407.1
2757,0.226800,,0.248500,0.231467,,,0.137,407.2
2758,0.227883,,0.248500,0.231467,,,0.136,407.4
2759,0.226767,,0.248500,0.231467,,,0.206,407.6
2760,0.225967,,0.248500,0.231467,,,0.136,407.7
2761,0.228483,,0.248500,0.231467,,,0.135,407.8
2762,0.228000,,0.248500,0.231467,,,0.136,408.0
2763,0.227533,,0.248500,0.231467,,,0.136,408.1
2764,0.224650,,0.248500,0.231467,,,0.136,408.2
2765,0.227750,,0.248500,0.231467,,,0.136,408.4
2766,0.227233,,0.248500,0.231467,,,0.136,408.5
2767,0.227000,,0.248500,0.231467,,,0.137,408.7
2768,0.226817,,0.248500,0.231467,,,0.137,408.8
2769,0.226733,,0.248500,0.231467,,,0.136,408.9
2770,0.228150,,0.248500,0.231467,,,0.136,409.1
2771,0.229917,,0.248500,0.231467,,,0.136,409.2
2772,0.228450,,0.248500,0.231467,,,0.136,409.3
2773,0.226767,,0.248500,0.231467,,,0.138,409.5
2774,0.227717,,0.248500,0.231467,,,0.201,409.7
2775,0.227600,,0.248500,0.231467,,,0.135,409.8
2776,0.229267,,0.248500,0.231467,,,0.135,409.9
2777,0.227667,,0.248500,0.231467,,,0.136,410.1
2778,0.228833,,0.248500,0.231467,,,0.136,410.2
2779,0.228250,,0.248500,0.231467,,,0.135,410.4
2780,0.227567,,0.248500,0.231467,,,0.137,410.5
2781,0.229200,,0.248500,0.231467,,,0.136,410.6
2782,0.228567,,0.248500,0.231467,,,0.137,410.8
2783,0.228700,,0.248500,0.231467,,,0.137,410.9
2784,0.227267,,0.248500,0.231467,,,0.137,411.0
2785,0.227450,,0.248500,0.231467,,,0.136,411.2
2786,0.229100,,0.248500,0.231467,,,0.135,411.3
2787,0.227833,,0.248500,0.231467,,,0.136,411.4
2788,0.226367,,0.248500,0.231467,,,0.139,411.6
2789,0.228317,,0.248500,0.231467,,,0.201,411.8
2790,0.229067,,0.248500,0.231467,,,0.137,411.9
2791,0.228883,,0.248500,0.231467,,,0.135,412.1
2792,0.228100,,0.248500,0.231467,,,0.135,412.2
2793,0.228350,,0.248500,0.231467,,,0.135,412.3
2794,0.225867,,0.248500,0.231467,,,0.136,412.5
2795,0.225867,,0.248500,0.231467,,,0.136,412.6
2796,0.225717,,0.248500,0.231467,,,0.136,412.7
2797,0.227117,,0.248500,0.231467,,,0.136,412.9
2798,0.228583,,0.248500,0.231467,,,0.135,413.0
2799,0.227483,,0.248500,0.231467,,,0.136,413.1
2800,0.225883,0.24800001084804535,0.248500,0.231467,0.05349612981081009,0.41482028365135193,0.429,413.6
2801,0.226833,,0.248500,0.231467,,,0.137,413.7
2802,0.228050,,0.248500,0.231467,,,0.200,413.9
2803,0.228600,,0.248500,0.231467,,,0.135,414.0
2804,0.227667,,0.248500,0.231467,,,0.135,414.2
2805,0.227583,,0.248500,0.231467,,,0.134,414.3
2806,0.227183,,0.248500,0.231467,,,0.135,414.4
2807,0.226950,,0.248500,0.231467,,,0.135,414.6
2808,0.226050,,0.248500,0.231467,,,0.136,414.7
2809,0.231233,,0.248500,0.231467,,,0.137,414.9
2810,0.227933,,0.248500,0.231467,,,0.135,415.0
2811,0.227517,,0.248500,0.231467,,,0.136,415.1
2812,0.227983,,0.248500,0.231467,,,0.135,415.3
2813,0.227850,,0.248500,0.231467,,,0.134,415.4
2814,0.227683,,0.248500,0.231467,,,0.134,415.5
2815,0.228800,,0.248500,0.231467,,,0.137,415.7
2816,0.228633,,0.248500,0.231467,,,0.137,415.8
2817,0.230933,,0.248500,0.231467,,,0.176,416.0
2818,0.227933,,0.248500,0.231467,,,0.136,416.1
2819,0.230017,,0.248500,0.231467,,,0.134,416.2
2820,0.227817,,0.248500,0.231467,,,0.136,416.4
2821,0.228883,,0.248500,0.231467,,,0.134,416.5
2822,0.228550,,0.248500,0.231467,,,0.137,416.7
2823,0.228950,,0.248500,0.231467,,,0.135,416.8
2824,0.229467,,0.248500,0.231467,,,0.136,416.9
2825,0.227817,,0.248500,0.231467,,,0.136,417.1
2826,0.227417,,0.248500,0.231467,,,0.136,417.2
2827,0.227150,,0.248500,0.231467,,,0.136,417.3
2828,0.228533,,0.248500,0.231467,,,0.137,417.5
2829,0.227700,,0.248500,0.231467,,,0.134,417.6
2830,0.225967,,0.248500,0.231467,,,0.229,417.8
2831,0.227817,,0.248500,0.231467,,,0.138,418.0
2832,0.226017,,0.248500,0.231467,,,0.147,418.1
2833,0.226567,,0.248500,0.231467,,,0.171,418.3
2834,0.229433,,0.248500,0.231467,,,0.137,418.4
2835,0.228383,,0.248500,0.231467,,,0.137,418.6
2836,0.226867,,0.248500,0.231467,,,0.137,418.7
2837,0.228817,,0.248500,0.231467,,,0.136,418.8
2838,0.230500,,0.248500,0.231467,,,0.139,419.0
2839,0.226767,,0.248500,0.231467,,,0.141,419.1
2840,0.228183,,0.248500,0.231467,,,0.141,419.3
2841,0.227450,,0.248500,0.231467,,,0.142,419.4
2842,0.227483,,0.248500,0.231467,,,0.137,419.5
2843,0.228950,,0.248500,0.231467,,,0.138,419.7
2844,0.228067,,0.248500,0.231467,,,0.136,419.8
2845,0.224950,,0.248500,0.231467,,,0.139,420.0
2846,0.228433,,0.248500,0.231467,,,0.205,420.2
2847,0.225283,,0.248500,0.231467,,,0.136,420.3
2848,0.227867,,0.248500,0.231467,,,0.140,420.4
2849,0.227550,,0.248500,0.231467,,,0.137,420.6
2850,0.228217,,0.248500,0.231467,,,0.136,420.7
2851,0.226683,,0.248500,0.231467,,,0.134,420.8
2852,0.226733,,0.248500,0.231467,,,0.137,421.0
2853,0.228267,,0.248500,0.231467,,,0.138,421.1
2854,0.227183,,0.248500,0.231467,,,0.137,421.3
2855,0.228650,,0.248500,0.231467,,,0.137,421.4
2856,0.229017,,0.248500,0.231467,,,0.134,421.5
2857,0.227267,,0.248500,0.231467,,,0.134,421.7
2858,0.228517,,0.248500,0.231467,,,0.136,421.8
2859,0.228433,,0.248500,0.231467,,,0.137,421.9
2860,0.228450,,0.248500,0.231467,,,0.137,422.1
2861,0.227500,,0.248500,0.231467,,,0.200,422.3
2862,0.227800,,0.248500,0.231467,,,0.137,422.4
2863,0.228383,,0.248500,0.231467,,,0.135,422.5
2864,0.228933,,0.248500,0.231467,,,0.135,422.7
2865,0.228250,,0.248500,0.231467,,,0.135,422.8
2866,0.230317,,0.248500,0.231467,,,0.136,422.9
2867,0.228533,,0.248500,0.231467,,,0.136,423.1
2868,0.228650,,0.248500,0.231467,,,0.136,423.2
2869,0.228167,,0.248500,0.231467,,,0.134,423.3
2870,0.228783,,0.248500,0.231467,,,0.585,423.9
2871,0.227617,,0.248500,0.231467,,,0.142,424.1
2872,0.228617,,0.248500,0.231467,,,0.157,424.2
2873,0.229267,,0.248500,0.231467,,,0.212,424.4
2874,0.231867,,0.248500,0.231867,,,0.695,425.1
2875,0.228183,,0.248500,0.231867,,,0.154,425.3
2876,0.228917,,0.248500,0.231867,,,0.152,425.4
2877,0.228567,,0.248500,0.231867,,,0.151,425.6
2878,0.229433,,0.248500,0.231867,,,0.164,425.8
2879,0.228417,,0.248500,0.231867,,,0.155,425.9
2880,0.228683,,0.248500,0.231867,,,0.142,426.1
2881,0.229633,,0.248500,0.231867,,,0.154,426.2
2882,0.227467,,0.248500,0.231867,,,0.252,426.5
2883,0.228233,,0.248500,0.231867,,,0.158,426.6
2884,0.229533,,0.248500,0.231867,,,0.160,426.8
2885,0.226883,,0.248500,0.231867,,,0.167,427.0
2886,0.230533,,0.248500,0.231867,,,0.160,427.1
2887,0.229567,,0.248500,0.231867,,,0.153,427.3
2888,0.229117,,0.248500,0.231867,,,0.147,427.4
2889,0.228350,,0.248500,0.231867,,,0.142,427.6
2890,0.227483,,0.248500,0.231867,,,0.143,427.7
2891,0.228350,,0.248500,0.231867,,,0.141,427.8
2892,0.228333,,0.248500,0.231867,,,0.142,428.0
2893,0.227083,,0.248500,0.231867,,,0.140,428.1
2894,0.227783,,0.248500,0.231867,,,0.140,428.3
2895,0.227800,,0.248500,0.231867,,,0.141,428.4
2896,0.228067,,0.248500,0.231867,,,0.207,428.6
2897,0.227967,,0.248500,0.231867,,,0.140,428.7
2898,0.229200,,0.248500,0.231867,,,0.143,428.9
2899,0.228000,,0.248500,0.231867,,,0.139,429.0
2900,0.230733,0.24550001323223114,0.248500,0.231867,0.05334804207086563,0.4178016185760498,0.445,429.5
2901,0.229717,,0.248500,0.231867,,,0.139,429.6
2902,0.227567,,0.248500,0.231867,,,0.141,429.8
2903,0.230267,,0.248500,0.231867,,,0.140,429.9
2904,0.228800,,0.248500,0.231867,,,0.143,430.0
2905,0.227650,,0.248500,0.231867,,,0.139,430.2
2906,0.229583,,0.248500,0.231867,,,0.139,430.3
2907,0.227717,,0.248500,0.231867,,,0.142,430.5
2908,0.230483,,0.248500,0.231867,,,0.141,430.6
2909,0.227867,,0.248500,0.231867,,,0.205,430.8
2910,0.229033,,0.248500,0.231867,,,0.141,430.9
2911,0.227483,,0.248500,0.231867,,,0.141,431.1
2912,0.229517,,0.248500,0.231867,,,0.144,431.2
2913,0.228000,,0.248500,0.231867,,,0.141,431.4
2914,0.230817,,0.248500,0.231867,,,0.140,431.5
2915,0.227600,,0.248500,0.231867,,,0.142,431.7
2916,0.227483,,0.248500,0.231867,,,0.139,431.8
2917,0.227367,,0.248500,0.231867,,,0.141,431.9
2918,0.228233,,0.248500,0.231867,,,0.143,432.1
2919,0.227550,,0.248500,0.231867,,,0.140,432.2
2920,0.228717,,0.248500,0.231867,,,0.141,432.4
2921,0.227550,,0.248500,0.231867,,,0.142,432.5
2922,0.227350,,0.248500,0.231867,,,0.140,432.6
2923,0.227700,,0.248500,0.231867,,,0.139,432.8
2924,0.229083,,0.248500,0.231867,,,0.142,432.9
2925,0.227400,,0.248500,0.231867,,,0.139,433.1
2926,0.227867,,0.248500,0.231867,,,0.140,433.2
2927,0.229417,,0.248500,0.231867,,,0.144,433.3
2928,0.227417,,0.248500,0.231867,,,0.141,433.5
2929,0.227733,,0.248500,0.231867,,,0.139,433.6
2930,0.226950,,0.248500,0.231867,,,0.141,433.8
2931,0.229733,,0.248500,0.231867,,,0.140,433.9
2932,0.228083,,0.248500,0.231867,,,0.143,434.0
2933,0.228467,,0.248500,0.231867,,,0.141,434.2
2934,0.228417,,0.248500,0.231867,,,0.139,434.3
2935,0.229700,,0.248500,0.231867,,,0.139,434.5
2936,0.226950,,0.248500,0.231867,,,0.144,434.6
2937,0.230300,,0.248500,0.231867,,,0.153,434.8
2938,0.227583,,0.248500,0.231867,,,0.219,435.0
2939,0.230100,,0.248500,0.231867,,,0.160,435.1
2940,0.228217,,0.248500,0.231867,,,0.151,435.3
2941,0.227300,,0.248500,0.231867,,,0.154,435.4
2942,0.229833,,0.248500,0.231867,,,0.151,435.6
2943,0.227383,,0.248500,0.231867,,,0.142,435.7
2944,0.228483,,0.248500,0.231867,,,0.141,435.9
2945,0.227383,,0.248500,0.231867,,,0.141,436.0
2946,0.229783,,0.248500,0.231867,,,0.143,436.2
2947,0.230350,,0.248500,0.231867,,,0.139,436.3
2948,0.229433,,0.248500,0.231867,,,0.141,436.4
2949,0.228783,,0.248500,0.231867,,,0.143,436.6
2950,0.226517,,0.248500,0.231867,,,0.142,436.7
2951,0.229917,,0.248500,0.231867,,,0.142,436.9
2952,0.229150,,0.248500,0.231867,,,0.202,437.1
2953,0.229217,,0.248500,0.231867,,,0.141,437.2
2954,0.228633,,0.248500,0.231867,,,0.141,437.4
2955,0.229067,,0.248500,0.231867,,,0.143,437.5
2956,0.228667,,0.248500,0.231867,,,0.140,437.6
2957,0.227350,,0.248500,0.231867,,,0.142,437.8
2958,0.229967,,0.248500,0.231867,,,0.141,437.9
2959,0.228850,,0.248500,0.231867,,,0.139,438.1
2960,0.228567,,0.248500,0.231867,,,0.138,438.2
2961,0.227600,,0.248500,0.231867,,,0.144,438.3
2962,0.229483,,0.248500,0.231867,,,0.143,438.5
2963,0.229883,,0.248500,0.231867,,,0.144,438.6
2964,0.227600,,0.248500,0.231867,,,0.138,438.8
2965,0.228600,,0.248500,0.231867,,,0.142,438.9
2966,0.230817,,0.248500,0.231867,,,0.142,439.1
2967,0.228500,,0.248500,0.231867,,,0.204,439.3
2968,0.228850,,0.248500,0.231867,,,0.144,439.4
2969,0.229417,,0.248500,0.231867,,,0.139,439.5
2970,0.228683,,0.248500,0.231867,,,0.139,439.7
2971,0.228067,,0.248500,0.231867,,,0.140,439.8
2972,0.230033,,0.248500,0.231867,,,0.141,440.0
2973,0.229367,,0.248500,0.231867,,,0.140,440.1
2974,0.228550,,0.248500,0.231867,,,0.142,440.2
2975,0.228533,,0.248500,0.231867,,,0.151,440.4
2976,0.227850,,0.248500,0.231867,,,0.139,440.5
2977,0.229367,,0.248500,0.231867,,,0.142,440.7
2978,0.228233,,0.248500,0.231867,,,0.139,440.8
2979,0.229383,,0.248500,0.231867,,,0.141,441.0
2980,0.228133,,0.248500,0.231867,,,0.143,441.1
2981,0.231083,,0.248500,0.231867,,,0.142,441.2
2982,0.229017,,0.248500,0.231867,,,0.145,441.4
2983,0.228100,,0.248500,0.231867,,,0.140,441.5
2984,0.228617,,0.248500,0.231867,,,0.142,441.7
2985,0.229167,,0.248500,0.231867,,,0.143,441.8
2986,0.228150,,0.248500,0.231867,,,0.139,441.9
2987,0.229900,,0.248500,0.231867,,,0.142,442.1
2988,0.230683,,0.248500,0.231867,,,0.143,442.2
2989,0.227133,,0.248500,0.231867,,,0.140,442.4
2990,0.229500,,0.248500,0.231867,,,0.146,442.5
2991,0.229483,,0.248500,0.231867,,,0.141,442.7
2992,0.228967,,0.248500,0.231867,,,0.142,442.8
2993,0.227500,,0.248500,0.231867,,,0.143,442.9
2994,0.229233,,0.248500,0.231867,,,0.142,443.1
2995,0.225817,,0.248500,0.231867,,,0.141,443.2
2996,0.230067,,0.248500,0.231867,,,0.142,443.4
2997,0.228950,,0.248500,0.231867,,,0.142,443.5
2998,0.229450,,0.248500,0.231867,,,0.143,443.7
2999,0.227967,0.2410000115633011,0.248500,0.231867,0.0534452423453331,0.40521538257598877,0.437,444.1
