epoch,train_acc,val_acc,best_val,best_train,w_err,cos_o,epoch_time,cum_time
0,0.074667,0.08500000089406967,0.085000,0.074667,0.0624999925494194,0.0,8.643,8.6
1,0.074250,,0.085000,0.074667,,,0.209,8.9
2,0.072767,,0.085000,0.074667,,,0.143,9.0
3,0.073400,,0.085000,0.074667,,,0.142,9.1
4,0.074317,,0.085000,0.074667,,,0.141,9.3
5,0.074800,,0.085000,0.074800,,,0.139,9.4
6,0.073650,,0.085000,0.074800,,,0.157,9.6
7,0.074117,,0.085000,0.074800,,,0.141,9.7
8,0.074500,,0.085000,0.074800,,,0.141,9.9
9,0.073533,,0.085000,0.074800,,,0.148,10.0
10,0.075667,,0.085000,0.075667,,,0.146,10.1
11,0.073250,,0.085000,0.075667,,,0.151,10.3
12,0.075050,,0.085000,0.075667,,,0.136,10.4
13,0.076467,,0.085000,0.076467,,,0.144,10.6
14,0.075483,,0.085000,0.076467,,,0.207,10.8
15,0.076983,,0.085000,0.076983,,,0.140,10.9
16,0.076800,,0.085000,0.076983,,,0.140,11.1
17,0.075633,,0.085000,0.076983,,,0.141,11.2
18,0.077267,,0.085000,0.077267,,,0.137,11.3
19,0.077200,,0.085000,0.077267,,,0.140,11.5
20,0.077483,,0.085000,0.077483,,,0.141,11.6
21,0.078350,,0.085000,0.078350,,,0.142,11.8
22,0.079183,,0.085000,0.079183,,,0.144,11.9
23,0.078233,,0.085000,0.079183,,,0.142,12.1
24,0.079500,,0.085000,0.079500,,,0.141,12.2
25,0.080967,,0.085000,0.080967,,,0.142,12.3
26,0.079517,,0.085000,0.080967,,,0.140,12.5
27,0.081300,,0.085000,0.081300,,,0.141,12.6
28,0.081167,,0.085000,0.081300,,,0.208,12.8
29,0.080517,,0.085000,0.081300,,,0.142,13.0
30,0.082217,,0.085000,0.082217,,,0.139,13.1
31,0.083683,,0.085000,0.083683,,,0.143,13.3
32,0.082333,,0.085000,0.083683,,,0.141,13.4
33,0.084917,,0.085000,0.084917,,,0.141,13.5
34,0.085233,,0.085000,0.085233,,,0.143,13.7
35,0.084633,,0.085000,0.085233,,,0.139,13.8
36,0.086833,,0.085000,0.086833,,,0.149,14.0
37,0.086650,,0.085000,0.086833,,,0.151,14.1
38,0.086600,,0.085000,0.086833,,,0.143,14.3
39,0.087183,,0.085000,0.087183,,,0.147,14.4
40,0.084933,,0.085000,0.087183,,,0.162,14.6
41,0.088567,,0.085000,0.088567,,,0.150,14.7
42,0.089683,,0.085000,0.089683,,,0.213,14.9
43,0.090550,,0.085000,0.090550,,,0.141,15.1
44,0.092233,,0.085000,0.092233,,,0.142,15.2
45,0.090000,,0.085000,0.092233,,,0.138,15.4
46,0.090950,,0.085000,0.092233,,,0.142,15.5
47,0.091100,,0.085000,0.092233,,,0.149,15.6
48,0.091800,,0.085000,0.092233,,,0.150,15.8
49,0.091717,,0.085000,0.092233,,,0.148,15.9
50,0.094067,,0.085000,0.094067,,,0.149,16.1
51,0.091867,,0.085000,0.094067,,,0.150,16.2
52,0.092750,,0.085000,0.094067,,,0.152,16.4
53,0.094033,,0.085000,0.094067,,,0.143,16.5
54,0.094600,,0.085000,0.094600,,,0.140,16.7
55,0.093233,,0.085000,0.094600,,,0.143,16.8
56,0.093417,,0.085000,0.094600,,,0.197,17.0
57,0.094050,,0.085000,0.094600,,,0.142,17.2
58,0.094267,,0.085000,0.094600,,,0.139,17.3
59,0.093917,,0.085000,0.094600,,,0.141,17.4
60,0.093683,,0.085000,0.094600,,,0.141,17.6
61,0.093900,,0.085000,0.094600,,,0.141,17.7
62,0.094933,,0.085000,0.094933,,,0.143,17.9
63,0.094633,,0.085000,0.094933,,,0.140,18.0
64,0.094667,,0.085000,0.094933,,,0.140,18.1
65,0.094983,,0.085000,0.094983,,,0.142,18.3
66,0.095117,,0.085000,0.095117,,,0.142,18.4
67,0.094967,,0.085000,0.095117,,,0.143,18.6
68,0.094133,,0.085000,0.095117,,,0.139,18.7
69,0.095517,,0.085000,0.095517,,,0.142,18.9
70,0.096733,,0.085000,0.096733,,,0.141,19.0
71,0.095817,,0.085000,0.096733,,,0.142,19.1
72,0.094550,,0.085000,0.096733,,,0.137,19.3
73,0.095100,,0.085000,0.096733,,,0.141,19.4
74,0.095367,,0.085000,0.096733,,,0.141,19.6
75,0.095917,,0.085000,0.096733,,,0.139,19.7
76,0.096617,,0.085000,0.096733,,,0.143,19.8
77,0.095967,,0.085000,0.096733,,,0.138,20.0
78,0.097717,,0.085000,0.097717,,,0.141,20.1
79,0.096117,,0.085000,0.097717,,,0.140,20.3
80,0.097167,,0.085000,0.097717,,,0.142,20.4
81,0.096033,,0.085000,0.097717,,,0.140,20.5
82,0.097433,,0.085000,0.097717,,,0.151,20.7
83,0.095550,,0.085000,0.097717,,,0.156,20.8
84,0.096400,,0.085000,0.097717,,,0.166,21.0
85,0.095300,,0.085000,0.097717,,,0.153,21.2
86,0.096317,,0.085000,0.097717,,,0.143,21.3
87,0.097683,,0.085000,0.097717,,,0.142,21.4
88,0.096800,,0.085000,0.097717,,,0.147,21.6
89,0.095900,,0.085000,0.097717,,,0.140,21.7
90,0.097083,,0.085000,0.097717,,,0.155,21.9
91,0.097733,,0.085000,0.097733,,,0.150,22.0
92,0.096733,,0.085000,0.097733,,,0.150,22.2
93,0.096800,,0.085000,0.097733,,,0.151,22.3
94,0.095233,,0.085000,0.097733,,,0.150,22.5
95,0.097683,,0.085000,0.097733,,,0.145,22.6
96,0.097633,,0.085000,0.097733,,,0.145,22.8
97,0.095683,,0.085000,0.097733,,,0.149,22.9
98,0.096350,,0.085000,0.097733,,,0.214,23.1
99,0.098783,,0.085000,0.098783,,,0.156,23.3
100,0.095683,0.0860000029206276,0.086000,0.098783,0.08202344179153442,0.28393077850341797,0.475,23.8
101,0.097667,,0.086000,0.098783,,,0.137,23.9
102,0.097333,,0.086000,0.098783,,,0.142,24.1
103,0.096567,,0.086000,0.098783,,,0.138,24.2
104,0.096950,,0.086000,0.098783,,,0.139,24.3
105,0.097467,,0.086000,0.098783,,,0.140,24.5
106,0.097667,,0.086000,0.098783,,,0.140,24.6
107,0.097517,,0.086000,0.098783,,,0.137,24.7
108,0.097433,,0.086000,0.098783,,,0.138,24.9
109,0.097017,,0.086000,0.098783,,,0.137,25.0
110,0.097117,,0.086000,0.098783,,,0.184,25.2
111,0.096333,,0.086000,0.098783,,,0.138,25.3
112,0.097833,,0.086000,0.098783,,,0.136,25.5
113,0.097583,,0.086000,0.098783,,,0.136,25.6
114,0.098267,,0.086000,0.098783,,,0.137,25.8
115,0.096500,,0.086000,0.098783,,,0.135,25.9
116,0.096283,,0.086000,0.098783,,,0.137,26.0
117,0.097000,,0.086000,0.098783,,,0.135,26.2
118,0.096933,,0.086000,0.098783,,,0.136,26.3
119,0.097133,,0.086000,0.098783,,,0.135,26.4
120,0.096500,,0.086000,0.098783,,,0.136,26.6
121,0.096883,,0.086000,0.098783,,,0.136,26.7
122,0.096033,,0.086000,0.098783,,,0.138,26.8
123,0.097117,,0.086000,0.098783,,,0.136,27.0
124,0.097433,,0.086000,0.098783,,,0.138,27.1
125,0.095950,,0.086000,0.098783,,,0.203,27.3
126,0.097250,,0.086000,0.098783,,,0.138,27.5
127,0.096283,,0.086000,0.098783,,,0.135,27.6
128,0.096267,,0.086000,0.098783,,,0.136,27.7
129,0.096533,,0.086000,0.098783,,,0.137,27.9
130,0.096200,,0.086000,0.098783,,,0.136,28.0
131,0.096633,,0.086000,0.098783,,,0.140,28.1
132,0.096733,,0.086000,0.098783,,,0.135,28.3
133,0.097267,,0.086000,0.098783,,,0.138,28.4
134,0.096600,,0.086000,0.098783,,,0.138,28.6
135,0.096833,,0.086000,0.098783,,,0.138,28.7
136,0.097683,,0.086000,0.098783,,,0.136,28.8
137,0.096933,,0.086000,0.098783,,,0.137,29.0
138,0.097967,,0.086000,0.098783,,,0.139,29.1
139,0.096850,,0.086000,0.098783,,,0.202,29.3
140,0.097217,,0.086000,0.098783,,,0.138,29.4
141,0.096283,,0.086000,0.098783,,,0.137,29.6
142,0.097167,,0.086000,0.098783,,,0.138,29.7
143,0.097283,,0.086000,0.098783,,,0.139,29.9
144,0.095900,,0.086000,0.098783,,,0.138,30.0
145,0.097050,,0.086000,0.098783,,,0.138,30.1
146,0.097450,,0.086000,0.098783,,,0.139,30.3
147,0.096417,,0.086000,0.098783,,,0.138,30.4
148,0.096833,,0.086000,0.098783,,,0.137,30.5
149,0.096467,,0.086000,0.098783,,,0.137,30.7
150,0.095317,,0.086000,0.098783,,,0.153,30.8
151,0.096917,,0.086000,0.098783,,,0.138,31.0
152,0.097650,,0.086000,0.098783,,,0.137,31.1
153,0.097850,,0.086000,0.098783,,,0.138,31.2
154,0.097067,,0.086000,0.098783,,,0.201,31.4
155,0.097483,,0.086000,0.098783,,,0.137,31.6
156,0.098050,,0.086000,0.098783,,,0.136,31.7
157,0.097567,,0.086000,0.098783,,,0.136,31.9
158,0.097000,,0.086000,0.098783,,,0.137,32.0
159,0.097950,,0.086000,0.098783,,,0.136,32.1
160,0.098283,,0.086000,0.098783,,,0.136,32.3
161,0.097700,,0.086000,0.098783,,,0.137,32.4
162,0.097567,,0.086000,0.098783,,,0.137,32.5
163,0.098083,,0.086000,0.098783,,,0.137,32.7
164,0.097850,,0.086000,0.098783,,,0.136,32.8
165,0.098333,,0.086000,0.098783,,,0.137,33.0
166,0.098233,,0.086000,0.098783,,,0.136,33.1
167,0.098033,,0.086000,0.098783,,,0.138,33.2
168,0.096567,,0.086000,0.098783,,,0.137,33.4
169,0.097817,,0.086000,0.098783,,,0.202,33.6
170,0.097850,,0.086000,0.098783,,,0.138,33.7
171,0.096550,,0.086000,0.098783,,,0.138,33.8
172,0.096850,,0.086000,0.098783,,,0.138,34.0
173,0.097467,,0.086000,0.098783,,,0.137,34.1
174,0.097383,,0.086000,0.098783,,,0.135,34.2
175,0.098167,,0.086000,0.098783,,,0.138,34.4
176,0.098483,,0.086000,0.098783,,,0.136,34.5
177,0.097383,,0.086000,0.098783,,,0.138,34.7
178,0.098150,,0.086000,0.098783,,,0.136,34.8
179,0.096833,,0.086000,0.098783,,,0.136,34.9
180,0.097467,,0.086000,0.098783,,,0.137,35.1
181,0.096600,,0.086000,0.098783,,,0.137,35.2
182,0.098333,,0.086000,0.098783,,,0.135,35.3
183,0.097083,,0.086000,0.098783,,,0.136,35.5
184,0.097567,,0.086000,0.098783,,,0.199,35.7
185,0.096967,,0.086000,0.098783,,,0.138,35.8
186,0.098650,,0.086000,0.098783,,,0.136,35.9
187,0.097850,,0.086000,0.098783,,,0.137,36.1
188,0.098467,,0.086000,0.098783,,,0.136,36.2
189,0.098117,,0.086000,0.098783,,,0.136,36.4
190,0.095750,,0.086000,0.098783,,,0.137,36.5
191,0.098217,,0.086000,0.098783,,,0.139,36.6
192,0.099117,,0.086000,0.099117,,,0.136,36.8
193,0.098567,,0.086000,0.099117,,,0.137,36.9
194,0.097300,,0.086000,0.099117,,,0.136,37.0
195,0.096367,,0.086000,0.099117,,,0.137,37.2
196,0.097250,,0.086000,0.099117,,,0.136,37.3
197,0.099167,,0.086000,0.099167,,,0.136,37.5
198,0.097317,,0.086000,0.099167,,,0.137,37.6
199,0.096067,,0.086000,0.099167,,,0.203,37.8
200,0.097583,0.0860000029206276,0.086000,0.099167,0.08185378462076187,0.2415289431810379,0.447,38.2
201,0.099200,,0.086000,0.099200,,,0.134,38.4
202,0.099367,,0.086000,0.099367,,,0.132,38.5
203,0.098967,,0.086000,0.099367,,,0.137,38.6
204,0.096983,,0.086000,0.099367,,,0.136,38.8
205,0.099450,,0.086000,0.099450,,,0.137,38.9
206,0.096600,,0.086000,0.099450,,,0.138,39.1
207,0.098600,,0.086000,0.099450,,,0.136,39.2
208,0.097517,,0.086000,0.099450,,,0.137,39.3
209,0.098367,,0.086000,0.099450,,,0.136,39.5
210,0.099383,,0.086000,0.099450,,,0.137,39.6
211,0.098517,,0.086000,0.099450,,,0.137,39.7
212,0.098883,,0.086000,0.099450,,,0.200,39.9
213,0.100217,,0.086000,0.100217,,,0.139,40.1
214,0.098133,,0.086000,0.100217,,,0.138,40.2
215,0.098500,,0.086000,0.100217,,,0.135,40.4
216,0.097900,,0.086000,0.100217,,,0.135,40.5
217,0.098967,,0.086000,0.100217,,,0.137,40.6
218,0.097033,,0.086000,0.100217,,,0.137,40.8
219,0.099217,,0.086000,0.100217,,,0.136,40.9
220,0.099750,,0.086000,0.100217,,,0.138,41.0
221,0.098100,,0.086000,0.100217,,,0.135,41.2
222,0.099367,,0.086000,0.100217,,,0.137,41.3
223,0.099200,,0.086000,0.100217,,,0.145,41.5
224,0.099700,,0.086000,0.100217,,,0.135,41.6
225,0.098733,,0.086000,0.100217,,,0.136,41.7
226,0.098967,,0.086000,0.100217,,,0.199,41.9
227,0.100433,,0.086000,0.100433,,,0.136,42.1
228,0.099133,,0.086000,0.100433,,,0.138,42.2
229,0.099000,,0.086000,0.100433,,,0.136,42.3
230,0.099067,,0.086000,0.100433,,,0.136,42.5
231,0.100067,,0.086000,0.100433,,,0.139,42.6
232,0.099100,,0.086000,0.100433,,,0.137,42.7
233,0.100200,,0.086000,0.100433,,,0.137,42.9
234,0.099883,,0.086000,0.100433,,,0.137,43.0
235,0.098150,,0.086000,0.100433,,,0.138,43.2
236,0.099400,,0.086000,0.100433,,,0.137,43.3
237,0.099233,,0.086000,0.100433,,,0.137,43.4
238,0.100733,,0.086000,0.100733,,,0.135,43.6
239,0.101933,,0.086000,0.101933,,,0.137,43.7
240,0.101367,,0.086000,0.101933,,,0.136,43.8
241,0.101650,,0.086000,0.101933,,,0.203,44.0
242,0.102850,,0.086000,0.102850,,,0.136,44.2
243,0.102150,,0.086000,0.102850,,,0.139,44.3
244,0.102550,,0.086000,0.102850,,,0.139,44.5
245,0.101650,,0.086000,0.102850,,,0.136,44.6
246,0.102650,,0.086000,0.102850,,,0.136,44.7
247,0.102767,,0.086000,0.102850,,,0.137,44.9
248,0.103433,,0.086000,0.103433,,,0.136,45.0
249,0.102700,,0.086000,0.103433,,,0.137,45.1
250,0.103333,,0.086000,0.103433,,,0.136,45.3
251,0.103917,,0.086000,0.103917,,,0.136,45.4
252,0.105483,,0.086000,0.105483,,,0.136,45.5
253,0.102983,,0.086000,0.105483,,,0.138,45.7
254,0.102967,,0.086000,0.105483,,,0.136,45.8
255,0.103783,,0.086000,0.105483,,,0.135,46.0
256,0.105317,,0.086000,0.105483,,,0.201,46.2
257,0.104083,,0.086000,0.105483,,,0.136,46.3
258,0.106083,,0.086000,0.106083,,,0.135,46.4
259,0.105500,,0.086000,0.106083,,,0.137,46.6
260,0.105917,,0.086000,0.106083,,,0.137,46.7
261,0.105633,,0.086000,0.106083,,,0.136,46.8
262,0.105733,,0.086000,0.106083,,,0.136,47.0
263,0.103383,,0.086000,0.106083,,,0.137,47.1
264,0.106267,,0.086000,0.106267,,,0.136,47.2
265,0.106167,,0.086000,0.106267,,,0.136,47.4
266,0.106883,,0.086000,0.106883,,,0.136,47.5
267,0.105983,,0.086000,0.106883,,,0.137,47.7
268,0.105967,,0.086000,0.106883,,,0.138,47.8
269,0.107100,,0.086000,0.107100,,,0.138,47.9
270,0.106733,,0.086000,0.107100,,,0.136,48.1
271,0.106617,,0.086000,0.107100,,,0.205,48.3
272,0.106450,,0.086000,0.107100,,,0.137,48.4
273,0.107133,,0.086000,0.107133,,,0.135,48.5
274,0.107483,,0.086000,0.107483,,,0.134,48.7
275,0.106333,,0.086000,0.107483,,,0.136,48.8
276,0.106717,,0.086000,0.107483,,,0.137,48.9
277,0.106567,,0.086000,0.107483,,,0.136,49.1
278,0.104900,,0.086000,0.107483,,,0.136,49.2
279,0.107900,,0.086000,0.107900,,,0.136,49.4
280,0.108450,,0.086000,0.108450,,,0.136,49.5
281,0.107967,,0.086000,0.108450,,,0.139,49.6
282,0.107017,,0.086000,0.108450,,,0.137,49.8
283,0.109283,,0.086000,0.109283,,,0.137,49.9
284,0.108367,,0.086000,0.109283,,,0.138,50.0
285,0.108867,,0.086000,0.109283,,,0.194,50.2
286,0.110300,,0.086000,0.110300,,,0.200,50.4
287,0.107517,,0.086000,0.110300,,,0.138,50.6
288,0.110733,,0.086000,0.110733,,,0.137,50.7
289,0.111533,,0.086000,0.111533,,,0.136,50.8
290,0.111233,,0.086000,0.111533,,,0.135,51.0
291,0.109483,,0.086000,0.111533,,,0.136,51.1
292,0.108900,,0.086000,0.111533,,,0.136,51.3
293,0.110933,,0.086000,0.111533,,,0.136,51.4
294,0.110333,,0.086000,0.111533,,,0.136,51.5
295,0.111767,,0.086000,0.111767,,,0.135,51.7
296,0.112800,,0.086000,0.112800,,,0.136,51.8
297,0.112767,,0.086000,0.112800,,,0.138,51.9
298,0.113467,,0.086000,0.113467,,,0.135,52.1
299,0.111767,,0.086000,0.113467,,,0.136,52.2
300,0.113500,0.12250000238418579,0.122500,0.113500,0.08333302289247513,0.2732478976249695,0.428,52.6
301,0.112050,,0.122500,0.113500,,,0.198,52.8
302,0.115600,,0.122500,0.115600,,,0.138,53.0
303,0.113267,,0.122500,0.115600,,,0.138,53.1
304,0.113200,,0.122500,0.115600,,,0.137,53.2
305,0.113767,,0.122500,0.115600,,,0.137,53.4
306,0.113967,,0.122500,0.115600,,,0.135,53.5
307,0.116083,,0.122500,0.116083,,,0.137,53.7
308,0.113700,,0.122500,0.116083,,,0.137,53.8
309,0.114850,,0.122500,0.116083,,,0.136,53.9
310,0.116100,,0.122500,0.116100,,,0.135,54.1
311,0.114950,,0.122500,0.116100,,,0.137,54.2
312,0.115700,,0.122500,0.116100,,,0.136,54.3
313,0.116150,,0.122500,0.116150,,,0.135,54.5
314,0.115867,,0.122500,0.116150,,,0.203,54.7
315,0.115183,,0.122500,0.116150,,,0.137,54.8
316,0.115900,,0.122500,0.116150,,,0.137,54.9
317,0.114917,,0.122500,0.116150,,,0.137,55.1
318,0.116000,,0.122500,0.116150,,,0.139,55.2
319,0.116017,,0.122500,0.116150,,,0.136,55.4
320,0.117400,,0.122500,0.117400,,,0.139,55.5
321,0.117767,,0.122500,0.117767,,,0.137,55.6
322,0.116617,,0.122500,0.117767,,,0.137,55.8
323,0.116067,,0.122500,0.117767,,,0.132,55.9
324,0.117850,,0.122500,0.117850,,,0.136,56.0
325,0.117817,,0.122500,0.117850,,,0.137,56.2
326,0.117867,,0.122500,0.117867,,,0.137,56.3
327,0.117017,,0.122500,0.117867,,,0.138,56.5
328,0.119167,,0.122500,0.119167,,,0.204,56.7
329,0.118733,,0.122500,0.119167,,,0.138,56.8
330,0.119567,,0.122500,0.119567,,,0.138,56.9
331,0.120800,,0.122500,0.120800,,,0.138,57.1
332,0.121067,,0.122500,0.121067,,,0.137,57.2
333,0.120283,,0.122500,0.121067,,,0.137,57.3
334,0.120083,,0.122500,0.121067,,,0.137,57.5
335,0.122600,,0.122500,0.122600,,,0.138,57.6
336,0.119817,,0.122500,0.122600,,,0.138,57.8
337,0.121583,,0.122500,0.122600,,,0.138,57.9
338,0.120383,,0.122500,0.122600,,,0.137,58.0
339,0.120667,,0.122500,0.122600,,,0.139,58.2
340,0.120800,,0.122500,0.122600,,,0.138,58.3
341,0.120233,,0.122500,0.122600,,,0.139,58.4
342,0.119650,,0.122500,0.122600,,,0.139,58.6
343,0.120383,,0.122500,0.122600,,,0.204,58.8
344,0.121067,,0.122500,0.122600,,,0.135,58.9
345,0.122050,,0.122500,0.122600,,,0.135,59.1
346,0.120750,,0.122500,0.122600,,,0.137,59.2
347,0.122233,,0.122500,0.122600,,,0.138,59.3
348,0.121650,,0.122500,0.122600,,,0.136,59.5
349,0.119867,,0.122500,0.122600,,,0.137,59.6
350,0.121217,,0.122500,0.122600,,,0.137,59.7
351,0.122483,,0.122500,0.122600,,,0.135,59.9
352,0.124833,,0.122500,0.124833,,,0.135,60.0
353,0.123667,,0.122500,0.124833,,,0.137,60.2
354,0.125050,,0.122500,0.125050,,,0.137,60.3
355,0.123800,,0.122500,0.125050,,,0.137,60.4
356,0.123317,,0.122500,0.125050,,,0.137,60.6
357,0.125517,,0.122500,0.125517,,,0.137,60.7
358,0.123317,,0.122500,0.125517,,,0.195,60.9
359,0.127433,,0.122500,0.127433,,,0.137,61.0
360,0.125933,,0.122500,0.127433,,,0.138,61.2
361,0.125867,,0.122500,0.127433,,,0.136,61.3
362,0.127467,,0.122500,0.127467,,,0.135,61.4
363,0.126233,,0.122500,0.127467,,,0.133,61.6
364,0.128083,,0.122500,0.128083,,,0.136,61.7
365,0.128117,,0.122500,0.128117,,,0.138,61.8
366,0.128850,,0.122500,0.128850,,,0.137,62.0
367,0.128983,,0.122500,0.128983,,,0.136,62.1
368,0.128867,,0.122500,0.128983,,,0.138,62.3
369,0.127100,,0.122500,0.128983,,,0.135,62.4
370,0.130383,,0.122500,0.130383,,,0.137,62.5
371,0.130600,,0.122500,0.130600,,,0.137,62.7
372,0.130950,,0.122500,0.130950,,,0.135,62.8
373,0.133133,,0.122500,0.133133,,,0.203,63.0
374,0.131100,,0.122500,0.133133,,,0.136,63.1
375,0.132767,,0.122500,0.133133,,,0.136,63.3
376,0.131133,,0.122500,0.133133,,,0.136,63.4
377,0.131167,,0.122500,0.133133,,,0.135,63.6
378,0.134483,,0.122500,0.134483,,,0.136,63.7
379,0.131800,,0.122500,0.134483,,,0.139,63.8
380,0.136350,,0.122500,0.136350,,,0.137,64.0
381,0.134950,,0.122500,0.136350,,,0.137,64.1
382,0.132950,,0.122500,0.136350,,,0.137,64.2
383,0.133883,,0.122500,0.136350,,,0.136,64.4
384,0.134233,,0.122500,0.136350,,,0.136,64.5
385,0.134500,,0.122500,0.136350,,,0.137,64.6
386,0.135000,,0.122500,0.136350,,,0.136,64.8
387,0.135133,,0.122500,0.136350,,,0.139,64.9
388,0.134433,,0.122500,0.136350,,,0.201,65.1
389,0.134233,,0.122500,0.136350,,,0.136,65.3
390,0.134083,,0.122500,0.136350,,,0.137,65.4
391,0.135000,,0.122500,0.136350,,,0.138,65.5
392,0.135883,,0.122500,0.136350,,,0.137,65.7
393,0.133567,,0.122500,0.136350,,,0.136,65.8
394,0.135400,,0.122500,0.136350,,,0.136,65.9
395,0.135267,,0.122500,0.136350,,,0.135,66.1
396,0.135933,,0.122500,0.136350,,,0.137,66.2
397,0.134233,,0.122500,0.136350,,,0.135,66.3
398,0.135917,,0.122500,0.136350,,,0.136,66.5
399,0.134717,,0.122500,0.136350,,,0.134,66.6
400,0.135767,0.14500001072883606,0.145000,0.136350,0.0780215859413147,0.34755316376686096,0.446,67.1
401,0.135100,,0.145000,0.136350,,,0.200,67.3
402,0.134433,,0.145000,0.136350,,,0.137,67.4
403,0.134767,,0.145000,0.136350,,,0.135,67.5
404,0.136800,,0.145000,0.136800,,,0.137,67.7
405,0.135500,,0.145000,0.136800,,,0.137,67.8
406,0.137117,,0.145000,0.137117,,,0.137,67.9
407,0.134767,,0.145000,0.137117,,,0.135,68.1
408,0.139067,,0.145000,0.139067,,,0.137,68.2
409,0.134333,,0.145000,0.139067,,,0.135,68.4
410,0.138117,,0.145000,0.139067,,,0.136,68.5
411,0.137700,,0.145000,0.139067,,,0.136,68.6
412,0.137367,,0.145000,0.139067,,,0.136,68.8
413,0.137467,,0.145000,0.139067,,,0.136,68.9
414,0.136367,,0.145000,0.139067,,,0.138,69.0
415,0.135767,,0.145000,0.139067,,,0.205,69.2
416,0.135417,,0.145000,0.139067,,,0.136,69.4
417,0.138000,,0.145000,0.139067,,,0.136,69.5
418,0.136083,,0.145000,0.139067,,,0.136,69.7
419,0.137350,,0.145000,0.139067,,,0.135,69.8
420,0.138500,,0.145000,0.139067,,,0.136,69.9
421,0.141917,,0.145000,0.141917,,,0.138,70.1
422,0.139600,,0.145000,0.141917,,,0.137,70.2
423,0.139567,,0.145000,0.141917,,,0.136,70.3
424,0.140700,,0.145000,0.141917,,,0.136,70.5
425,0.138650,,0.145000,0.141917,,,0.138,70.6
426,0.141850,,0.145000,0.141917,,,0.135,70.7
427,0.141300,,0.145000,0.141917,,,0.136,70.9
428,0.140733,,0.145000,0.141917,,,0.135,71.0
429,0.142117,,0.145000,0.142117,,,0.194,71.2
430,0.140733,,0.145000,0.142117,,,0.135,71.3
431,0.140900,,0.145000,0.142117,,,0.135,71.5
432,0.143950,,0.145000,0.143950,,,0.140,71.6
433,0.144983,,0.145000,0.144983,,,0.143,71.8
434,0.145467,,0.145000,0.145467,,,0.136,71.9
435,0.144167,,0.145000,0.145467,,,0.136,72.0
436,0.143800,,0.145000,0.145467,,,0.138,72.2
437,0.144517,,0.145000,0.145467,,,0.135,72.3
438,0.144667,,0.145000,0.145467,,,0.135,72.4
439,0.144133,,0.145000,0.145467,,,0.137,72.6
440,0.144100,,0.145000,0.145467,,,0.136,72.7
441,0.144200,,0.145000,0.145467,,,0.138,72.9
442,0.143633,,0.145000,0.145467,,,0.144,73.0
443,0.145250,,0.145000,0.145467,,,0.185,73.2
444,0.146017,,0.145000,0.146017,,,0.268,73.4
445,0.144900,,0.145000,0.146017,,,0.148,73.6
446,0.144917,,0.145000,0.146017,,,0.493,74.1
447,0.145100,,0.145000,0.146017,,,0.150,74.2
448,0.146350,,0.145000,0.146350,,,0.149,74.4
449,0.146267,,0.145000,0.146350,,,0.163,74.6
450,0.146483,,0.145000,0.146483,,,0.163,74.7
451,0.146900,,0.145000,0.146900,,,0.154,74.9
452,0.146783,,0.145000,0.146900,,,0.152,75.0
453,0.146800,,0.145000,0.146900,,,0.166,75.2
454,0.146667,,0.145000,0.146900,,,0.239,75.4
455,0.148083,,0.145000,0.148083,,,0.172,75.6
456,0.145000,,0.145000,0.148083,,,0.171,75.8
457,0.147683,,0.145000,0.148083,,,0.163,75.9
458,0.149817,,0.145000,0.149817,,,0.155,76.1
459,0.148867,,0.145000,0.149817,,,0.152,76.2
460,0.150750,,0.145000,0.150750,,,0.154,76.4
461,0.151567,,0.145000,0.151567,,,0.144,76.5
462,0.151650,,0.145000,0.151650,,,0.140,76.7
463,0.152933,,0.145000,0.152933,,,0.141,76.8
464,0.152700,,0.145000,0.152933,,,0.142,77.0
465,0.153467,,0.145000,0.153467,,,0.142,77.1
466,0.151517,,0.145000,0.153467,,,0.144,77.2
467,0.153783,,0.145000,0.153783,,,0.140,77.4
468,0.154367,,0.145000,0.154367,,,0.142,77.5
469,0.155233,,0.145000,0.155233,,,0.139,77.7
470,0.156733,,0.145000,0.156733,,,0.141,77.8
471,0.154383,,0.145000,0.156733,,,0.152,78.0
472,0.155117,,0.145000,0.156733,,,0.144,78.1
473,0.153317,,0.145000,0.156733,,,0.142,78.2
474,0.153933,,0.145000,0.156733,,,0.144,78.4
475,0.155817,,0.145000,0.156733,,,0.154,78.5
476,0.155133,,0.145000,0.156733,,,0.159,78.7
477,0.153817,,0.145000,0.156733,,,0.145,78.8
478,0.156533,,0.145000,0.156733,,,0.152,79.0
479,0.157050,,0.145000,0.157050,,,0.143,79.1
480,0.156350,,0.145000,0.157050,,,0.150,79.3
481,0.157750,,0.145000,0.157750,,,0.218,79.5
482,0.157767,,0.145000,0.157767,,,0.182,79.7
483,0.157300,,0.145000,0.157767,,,0.140,79.8
484,0.159317,,0.145000,0.159317,,,0.141,80.0
485,0.159267,,0.145000,0.159317,,,0.144,80.1
486,0.157983,,0.145000,0.159317,,,0.139,80.3
487,0.159483,,0.145000,0.159483,,,0.150,80.4
488,0.156550,,0.145000,0.159483,,,0.141,80.5
489,0.157000,,0.145000,0.159483,,,0.146,80.7
490,0.158083,,0.145000,0.159483,,,0.154,80.8
491,0.158100,,0.145000,0.159483,,,0.159,81.0
492,0.158417,,0.145000,0.159483,,,0.162,81.2
493,0.158000,,0.145000,0.159483,,,0.146,81.3
494,0.158417,,0.145000,0.159483,,,0.145,81.5
495,0.159833,,0.145000,0.159833,,,0.219,81.7
496,0.160050,,0.145000,0.160050,,,0.149,81.8
497,0.159833,,0.145000,0.160050,,,0.152,82.0
498,0.157733,,0.145000,0.160050,,,0.148,82.1
499,0.158350,,0.145000,0.160050,,,0.140,82.3
500,0.154500,0.16450001299381256,0.164500,0.160050,0.07024917006492615,0.4142928421497345,0.439,82.7
501,0.158583,,0.164500,0.160050,,,0.140,82.8
502,0.155717,,0.164500,0.160050,,,0.140,83.0
503,0.157633,,0.164500,0.160050,,,0.139,83.1
504,0.158500,,0.164500,0.160050,,,0.141,83.3
505,0.158017,,0.164500,0.160050,,,0.140,83.4
506,0.158017,,0.164500,0.160050,,,0.142,83.6
507,0.158400,,0.164500,0.160050,,,0.154,83.7
508,0.159767,,0.164500,0.160050,,,0.140,83.8
509,0.158650,,0.164500,0.160050,,,0.141,84.0
510,0.160083,,0.164500,0.160083,,,0.141,84.1
511,0.157017,,0.164500,0.160083,,,0.140,84.3
512,0.156333,,0.164500,0.160083,,,0.142,84.4
513,0.156317,,0.164500,0.160083,,,0.138,84.5
514,0.157917,,0.164500,0.160083,,,0.138,84.7
515,0.157217,,0.164500,0.160083,,,0.148,84.8
516,0.157550,,0.164500,0.160083,,,0.146,85.0
517,0.158150,,0.164500,0.160083,,,0.143,85.1
518,0.159117,,0.164500,0.160083,,,0.140,85.3
519,0.159483,,0.164500,0.160083,,,0.137,85.4
520,0.159750,,0.164500,0.160083,,,0.140,85.5
521,0.161883,,0.164500,0.161883,,,0.170,85.7
522,0.160550,,0.164500,0.161883,,,0.140,85.8
523,0.161683,,0.164500,0.161883,,,0.142,86.0
524,0.161917,,0.164500,0.161917,,,0.141,86.1
525,0.162300,,0.164500,0.162300,,,0.139,86.3
526,0.164233,,0.164500,0.164233,,,0.139,86.4
527,0.161633,,0.164500,0.164233,,,0.141,86.6
528,0.164967,,0.164500,0.164967,,,0.138,86.7
529,0.164633,,0.164500,0.164967,,,0.141,86.8
530,0.163883,,0.164500,0.164967,,,0.140,87.0
531,0.162167,,0.164500,0.164967,,,0.141,87.1
532,0.166233,,0.164500,0.166233,,,0.139,87.3
533,0.165400,,0.164500,0.166233,,,0.142,87.4
534,0.165667,,0.164500,0.166233,,,0.140,87.5
535,0.165417,,0.164500,0.166233,,,0.140,87.7
536,0.167300,,0.164500,0.167300,,,0.211,87.9
537,0.167317,,0.164500,0.167317,,,0.141,88.0
538,0.165850,,0.164500,0.167317,,,0.142,88.2
539,0.166350,,0.164500,0.167317,,,0.144,88.3
540,0.166233,,0.164500,0.167317,,,0.140,88.5
541,0.166017,,0.164500,0.167317,,,0.141,88.6
542,0.164250,,0.164500,0.167317,,,0.143,88.7
543,0.167100,,0.164500,0.167317,,,0.142,88.9
544,0.166950,,0.164500,0.167317,,,0.144,89.0
545,0.167967,,0.164500,0.167967,,,0.139,89.2
546,0.167900,,0.164500,0.167967,,,0.143,89.3
547,0.169567,,0.164500,0.169567,,,0.146,89.5
548,0.167567,,0.164500,0.169567,,,0.143,89.6
549,0.166333,,0.164500,0.169567,,,0.140,89.7
550,0.164567,,0.164500,0.169567,,,0.152,89.9
551,0.163333,,0.164500,0.169567,,,0.143,90.0
552,0.165183,,0.164500,0.169567,,,0.140,90.2
553,0.165917,,0.164500,0.169567,,,0.145,90.3
554,0.164550,,0.164500,0.169567,,,0.142,90.5
555,0.166683,,0.164500,0.169567,,,0.145,90.6
556,0.166383,,0.164500,0.169567,,,0.141,90.7
557,0.167433,,0.164500,0.169567,,,0.142,90.9
558,0.168867,,0.164500,0.169567,,,0.141,91.0
559,0.167650,,0.164500,0.169567,,,0.142,91.2
560,0.168000,,0.164500,0.169567,,,0.144,91.3
561,0.169667,,0.164500,0.169667,,,0.143,91.5
562,0.169967,,0.164500,0.169967,,,0.142,91.6
563,0.168883,,0.164500,0.169967,,,0.143,91.7
564,0.170200,,0.164500,0.170200,,,0.197,91.9
565,0.168400,,0.164500,0.170200,,,0.140,92.1
566,0.168450,,0.164500,0.170200,,,0.142,92.2
567,0.168867,,0.164500,0.170200,,,0.143,92.4
568,0.170083,,0.164500,0.170200,,,0.141,92.5
569,0.168333,,0.164500,0.170200,,,0.141,92.6
570,0.169817,,0.164500,0.170200,,,0.142,92.8
571,0.169100,,0.164500,0.170200,,,0.142,92.9
572,0.170517,,0.164500,0.170517,,,0.142,93.1
573,0.171567,,0.164500,0.171567,,,0.140,93.2
574,0.169467,,0.164500,0.171567,,,0.141,93.4
575,0.168700,,0.164500,0.171567,,,0.142,93.5
576,0.169467,,0.164500,0.171567,,,0.141,93.6
577,0.172017,,0.164500,0.172017,,,0.139,93.8
578,0.170867,,0.164500,0.172017,,,0.141,93.9
579,0.171967,,0.164500,0.172017,,,0.207,94.1
580,0.171417,,0.164500,0.172017,,,0.143,94.3
581,0.167350,,0.164500,0.172017,,,0.153,94.4
582,0.170733,,0.164500,0.172017,,,0.144,94.6
583,0.172150,,0.164500,0.172150,,,0.140,94.7
584,0.171717,,0.164500,0.172150,,,0.140,94.8
585,0.173950,,0.164500,0.173950,,,0.142,95.0
586,0.172500,,0.164500,0.173950,,,0.138,95.1
587,0.172333,,0.164500,0.173950,,,0.140,95.3
588,0.171800,,0.164500,0.173950,,,0.142,95.4
589,0.171433,,0.164500,0.173950,,,0.140,95.5
590,0.171367,,0.164500,0.173950,,,0.140,95.7
591,0.172633,,0.164500,0.173950,,,0.142,95.8
592,0.172967,,0.164500,0.173950,,,0.143,96.0
593,0.173017,,0.164500,0.173950,,,0.146,96.1
594,0.172117,,0.164500,0.173950,,,0.140,96.3
595,0.170400,,0.164500,0.173950,,,0.142,96.4
596,0.172483,,0.164500,0.173950,,,0.141,96.5
597,0.170800,,0.164500,0.173950,,,0.141,96.7
598,0.171000,,0.164500,0.173950,,,0.139,96.8
599,0.172400,,0.164500,0.173950,,,0.141,97.0
600,0.170800,0.18050001561641693,0.180500,0.173950,0.061847023665905,0.45620352029800415,0.441,97.4
601,0.171783,,0.180500,0.173950,,,0.136,97.5
602,0.172400,,0.180500,0.173950,,,0.143,97.7
603,0.172567,,0.180500,0.173950,,,0.139,97.8
604,0.173183,,0.180500,0.173950,,,0.140,98.0
605,0.172267,,0.180500,0.173950,,,0.143,98.1
606,0.171950,,0.180500,0.173950,,,0.205,98.3
607,0.171033,,0.180500,0.173950,,,0.139,98.4
608,0.172783,,0.180500,0.173950,,,0.142,98.6
609,0.173350,,0.180500,0.173950,,,0.139,98.7
610,0.172733,,0.180500,0.173950,,,0.140,98.9
611,0.173617,,0.180500,0.173950,,,0.142,99.0
612,0.175333,,0.180500,0.175333,,,0.138,99.1
613,0.173133,,0.180500,0.175333,,,0.138,99.3
614,0.173750,,0.180500,0.175333,,,0.143,99.4
615,0.173567,,0.180500,0.175333,,,0.141,99.6
616,0.177350,,0.180500,0.177350,,,0.142,99.7
617,0.177183,,0.180500,0.177350,,,0.139,99.8
618,0.176583,,0.180500,0.177350,,,0.140,100.0
619,0.173967,,0.180500,0.177350,,,0.144,100.1
620,0.177933,,0.180500,0.177933,,,0.140,100.3
621,0.173000,,0.180500,0.177933,,,0.140,100.4
622,0.175700,,0.180500,0.177933,,,0.141,100.6
623,0.175150,,0.180500,0.177933,,,0.143,100.7
624,0.178133,,0.180500,0.178133,,,0.139,100.8
625,0.175017,,0.180500,0.178133,,,0.138,101.0
626,0.173883,,0.180500,0.178133,,,0.142,101.1
627,0.175050,,0.180500,0.178133,,,0.142,101.3
628,0.173233,,0.180500,0.178133,,,0.140,101.4
629,0.179133,,0.180500,0.179133,,,0.143,101.5
630,0.175167,,0.180500,0.179133,,,0.140,101.7
631,0.174917,,0.180500,0.179133,,,0.141,101.8
632,0.173917,,0.180500,0.179133,,,0.142,102.0
633,0.174317,,0.180500,0.179133,,,0.140,102.1
634,0.176417,,0.180500,0.179133,,,0.141,102.2
635,0.174250,,0.180500,0.179133,,,0.142,102.4
636,0.176200,,0.180500,0.179133,,,0.140,102.5
637,0.175883,,0.180500,0.179133,,,0.141,102.7
638,0.177450,,0.180500,0.179133,,,0.139,102.8
639,0.178583,,0.180500,0.179133,,,0.141,102.9
640,0.176883,,0.180500,0.179133,,,0.142,103.1
641,0.176133,,0.180500,0.179133,,,0.141,103.2
642,0.175033,,0.180500,0.179133,,,0.141,103.4
643,0.175750,,0.180500,0.179133,,,0.142,103.5
644,0.174700,,0.180500,0.179133,,,0.142,103.7
645,0.175983,,0.180500,0.179133,,,0.139,103.8
646,0.177900,,0.180500,0.179133,,,0.141,103.9
647,0.178017,,0.180500,0.179133,,,0.139,104.1
648,0.177483,,0.180500,0.179133,,,0.210,104.3
649,0.178183,,0.180500,0.179133,,,0.144,104.4
650,0.178833,,0.180500,0.179133,,,0.140,104.6
651,0.178167,,0.180500,0.179133,,,0.137,104.7
652,0.180167,,0.180500,0.180167,,,0.140,104.8
653,0.178633,,0.180500,0.180167,,,0.140,105.0
654,0.177883,,0.180500,0.180167,,,0.140,105.1
655,0.179000,,0.180500,0.180167,,,0.143,105.3
656,0.177900,,0.180500,0.180167,,,0.140,105.4
657,0.177333,,0.180500,0.180167,,,0.141,105.5
658,0.179117,,0.180500,0.180167,,,0.141,105.7
659,0.178683,,0.180500,0.180167,,,0.136,105.8
660,0.181317,,0.180500,0.181317,,,0.140,106.0
661,0.181183,,0.180500,0.181317,,,0.141,106.1
662,0.179433,,0.180500,0.181317,,,0.142,106.2
663,0.181117,,0.180500,0.181317,,,0.207,106.5
664,0.181800,,0.180500,0.181800,,,0.142,106.6
665,0.179967,,0.180500,0.181800,,,0.140,106.7
666,0.180033,,0.180500,0.181800,,,0.140,106.9
667,0.180067,,0.180500,0.181800,,,0.142,107.0
668,0.180450,,0.180500,0.181800,,,0.139,107.2
669,0.179283,,0.180500,0.181800,,,0.139,107.3
670,0.181117,,0.180500,0.181800,,,0.143,107.4
671,0.181083,,0.180500,0.181800,,,0.143,107.6
672,0.179550,,0.180500,0.181800,,,0.140,107.7
673,0.181433,,0.180500,0.181800,,,0.142,107.9
674,0.183317,,0.180500,0.183317,,,0.141,108.0
675,0.181117,,0.180500,0.183317,,,0.142,108.1
676,0.180617,,0.180500,0.183317,,,0.141,108.3
677,0.183283,,0.180500,0.183317,,,0.140,108.4
678,0.182183,,0.180500,0.183317,,,0.143,108.6
679,0.184000,,0.180500,0.184000,,,0.143,108.7
680,0.183917,,0.180500,0.184000,,,0.141,108.9
681,0.182467,,0.180500,0.184000,,,0.146,109.0
682,0.183550,,0.180500,0.184000,,,0.180,109.2
683,0.183317,,0.180500,0.184000,,,0.154,109.3
684,0.183767,,0.180500,0.184000,,,0.151,109.5
685,0.184300,,0.180500,0.184300,,,0.145,109.6
686,0.183317,,0.180500,0.184300,,,0.143,109.8
687,0.183750,,0.180500,0.184300,,,0.142,109.9
688,0.182967,,0.180500,0.184300,,,0.139,110.1
689,0.185183,,0.180500,0.185183,,,0.142,110.2
690,0.185367,,0.180500,0.185367,,,0.141,110.3
691,0.185517,,0.180500,0.185517,,,0.209,110.5
692,0.184000,,0.180500,0.185517,,,0.142,110.7
693,0.183733,,0.180500,0.185517,,,0.139,110.8
694,0.181983,,0.180500,0.185517,,,0.139,111.0
695,0.184667,,0.180500,0.185517,,,0.140,111.1
696,0.183333,,0.180500,0.185517,,,0.140,111.2
697,0.182733,,0.180500,0.185517,,,0.140,111.4
698,0.186717,,0.180500,0.186717,,,0.143,111.5
699,0.184700,,0.180500,0.186717,,,0.146,111.7
700,0.184517,0.21000000834465027,0.210000,0.186717,0.051984451711177826,0.48059946298599243,0.464,112.1
701,0.185967,,0.210000,0.186717,,,0.152,112.3
702,0.185050,,0.210000,0.186717,,,0.154,112.4
703,0.184050,,0.210000,0.186717,,,0.217,112.7
704,0.183217,,0.210000,0.186717,,,0.141,112.8
705,0.182700,,0.210000,0.186717,,,0.139,112.9
706,0.182167,,0.210000,0.186717,,,0.140,113.1
707,0.181400,,0.210000,0.186717,,,0.162,113.2
708,0.183883,,0.210000,0.186717,,,0.160,113.4
709,0.184000,,0.210000,0.186717,,,0.151,113.6
710,0.182300,,0.210000,0.186717,,,0.154,113.7
711,0.183317,,0.210000,0.186717,,,0.151,113.9
712,0.184867,,0.210000,0.186717,,,0.153,114.0
713,0.183933,,0.210000,0.186717,,,0.153,114.2
714,0.184867,,0.210000,0.186717,,,0.152,114.3
715,0.184317,,0.210000,0.186717,,,0.152,114.5
716,0.183833,,0.210000,0.186717,,,0.219,114.7
717,0.183583,,0.210000,0.186717,,,0.144,114.8
718,0.182433,,0.210000,0.186717,,,0.143,115.0
719,0.183183,,0.210000,0.186717,,,0.146,115.1
720,0.183317,,0.210000,0.186717,,,0.143,115.3
721,0.181483,,0.210000,0.186717,,,0.145,115.4
722,0.181933,,0.210000,0.186717,,,0.142,115.6
723,0.181250,,0.210000,0.186717,,,0.145,115.7
724,0.181700,,0.210000,0.186717,,,0.141,115.8
725,0.183633,,0.210000,0.186717,,,0.145,116.0
726,0.183733,,0.210000,0.186717,,,0.141,116.1
727,0.180300,,0.210000,0.186717,,,0.143,116.3
728,0.182450,,0.210000,0.186717,,,0.149,116.4
729,0.184150,,0.210000,0.186717,,,0.145,116.6
730,0.181050,,0.210000,0.186717,,,0.172,116.7
731,0.182533,,0.210000,0.186717,,,0.146,116.9
732,0.185433,,0.210000,0.186717,,,0.155,117.0
733,0.181933,,0.210000,0.186717,,,0.155,117.2
734,0.182550,,0.210000,0.186717,,,0.156,117.3
735,0.183083,,0.210000,0.186717,,,0.153,117.5
736,0.184283,,0.210000,0.186717,,,0.143,117.6
737,0.185800,,0.210000,0.186717,,,0.147,117.8
738,0.186700,,0.210000,0.186717,,,0.146,117.9
739,0.185650,,0.210000,0.186717,,,0.164,118.1
740,0.188550,,0.210000,0.188550,,,0.141,118.2
741,0.187983,,0.210000,0.188550,,,0.141,118.4
742,0.188183,,0.210000,0.188550,,,0.139,118.5
743,0.188000,,0.210000,0.188550,,,0.145,118.7
744,0.187950,,0.210000,0.188550,,,0.207,118.9
745,0.187717,,0.210000,0.188550,,,0.141,119.0
746,0.186717,,0.210000,0.188550,,,0.140,119.2
747,0.183500,,0.210000,0.188550,,,0.143,119.3
748,0.185650,,0.210000,0.188550,,,0.141,119.4
749,0.185467,,0.210000,0.188550,,,0.141,119.6
750,0.186200,,0.210000,0.188550,,,0.139,119.7
751,0.184983,,0.210000,0.188550,,,0.141,119.9
752,0.187617,,0.210000,0.188550,,,0.143,120.0
753,0.190417,,0.210000,0.190417,,,0.141,120.1
754,0.189750,,0.210000,0.190417,,,0.140,120.3
755,0.187850,,0.210000,0.190417,,,0.141,120.4
756,0.186217,,0.210000,0.190417,,,0.140,120.6
757,0.188533,,0.210000,0.190417,,,0.143,120.7
758,0.188117,,0.210000,0.190417,,,0.142,120.8
759,0.186967,,0.210000,0.190417,,,0.209,121.1
760,0.191200,,0.210000,0.191200,,,0.140,121.2
761,0.188167,,0.210000,0.191200,,,0.141,121.3
762,0.189050,,0.210000,0.191200,,,0.139,121.5
763,0.187817,,0.210000,0.191200,,,0.138,121.6
764,0.187400,,0.210000,0.191200,,,0.142,121.8
765,0.190317,,0.210000,0.191200,,,0.139,121.9
766,0.188033,,0.210000,0.191200,,,0.138,122.0
767,0.188367,,0.210000,0.191200,,,0.141,122.2
768,0.189250,,0.210000,0.191200,,,0.141,122.3
769,0.188317,,0.210000,0.191200,,,0.140,122.5
770,0.189317,,0.210000,0.191200,,,0.151,122.6
771,0.188400,,0.210000,0.191200,,,0.143,122.7
772,0.189117,,0.210000,0.191200,,,0.141,122.9
773,0.187650,,0.210000,0.191200,,,0.141,123.0
774,0.187850,,0.210000,0.191200,,,0.139,123.2
775,0.189283,,0.210000,0.191200,,,0.142,123.3
776,0.189367,,0.210000,0.191200,,,0.156,123.5
777,0.186917,,0.210000,0.191200,,,0.142,123.6
778,0.186467,,0.210000,0.191200,,,0.139,123.7
779,0.188267,,0.210000,0.191200,,,0.142,123.9
780,0.187000,,0.210000,0.191200,,,0.141,124.0
781,0.188000,,0.210000,0.191200,,,0.138,124.2
782,0.185367,,0.210000,0.191200,,,0.142,124.3
783,0.187350,,0.210000,0.191200,,,0.139,124.4
784,0.186600,,0.210000,0.191200,,,0.141,124.6
785,0.186267,,0.210000,0.191200,,,0.143,124.7
786,0.185850,,0.210000,0.191200,,,0.139,124.9
787,0.185983,,0.210000,0.191200,,,0.139,125.0
788,0.187783,,0.210000,0.191200,,,0.142,125.2
789,0.186683,,0.210000,0.191200,,,0.137,125.3
790,0.187433,,0.210000,0.191200,,,0.141,125.4
791,0.185567,,0.210000,0.191200,,,0.143,125.6
792,0.182567,,0.210000,0.191200,,,0.139,125.7
793,0.186983,,0.210000,0.191200,,,0.143,125.9
794,0.186733,,0.210000,0.191200,,,0.143,126.0
795,0.187617,,0.210000,0.191200,,,0.140,126.1
796,0.186050,,0.210000,0.191200,,,0.142,126.3
797,0.187167,,0.210000,0.191200,,,0.145,126.4
798,0.186617,,0.210000,0.191200,,,0.140,126.6
799,0.186750,,0.210000,0.191200,,,0.139,126.7
800,0.188050,0.20200000703334808,0.210000,0.191200,0.04401407390832901,0.473226934671402,0.454,127.2
801,0.186400,,0.210000,0.191200,,,0.208,127.4
802,0.186383,,0.210000,0.191200,,,0.141,127.5
803,0.186300,,0.210000,0.191200,,,0.142,127.7
804,0.187383,,0.210000,0.191200,,,0.139,127.8
805,0.187000,,0.210000,0.191200,,,0.139,127.9
806,0.188900,,0.210000,0.191200,,,0.141,128.1
807,0.188683,,0.210000,0.191200,,,0.137,128.2
808,0.190133,,0.210000,0.191200,,,0.142,128.4
809,0.190217,,0.210000,0.191200,,,0.140,128.5
810,0.189617,,0.210000,0.191200,,,0.141,128.6
811,0.189633,,0.210000,0.191200,,,0.140,128.8
812,0.188267,,0.210000,0.191200,,,0.139,128.9
813,0.189283,,0.210000,0.191200,,,0.195,129.1
814,0.187267,,0.210000,0.191200,,,0.142,129.2
815,0.188067,,0.210000,0.191200,,,0.141,129.4
816,0.188333,,0.210000,0.191200,,,0.143,129.5
817,0.189400,,0.210000,0.191200,,,0.140,129.7
818,0.188800,,0.210000,0.191200,,,0.140,129.8
819,0.188533,,0.210000,0.191200,,,0.139,130.0
820,0.187683,,0.210000,0.191200,,,0.141,130.1
821,0.190833,,0.210000,0.191200,,,0.140,130.2
822,0.189000,,0.210000,0.191200,,,0.144,130.4
823,0.192533,,0.210000,0.192533,,,0.141,130.5
824,0.192600,,0.210000,0.192600,,,0.140,130.7
825,0.190517,,0.210000,0.192600,,,0.139,130.8
826,0.190217,,0.210000,0.192600,,,0.144,130.9
827,0.190783,,0.210000,0.192600,,,0.205,131.1
828,0.189550,,0.210000,0.192600,,,0.145,131.3
829,0.191000,,0.210000,0.192600,,,0.142,131.4
830,0.191717,,0.210000,0.192600,,,0.139,131.6
831,0.190200,,0.210000,0.192600,,,0.144,131.7
832,0.191067,,0.210000,0.192600,,,0.141,131.9
833,0.190500,,0.210000,0.192600,,,0.138,132.0
834,0.190033,,0.210000,0.192600,,,0.141,132.1
835,0.189733,,0.210000,0.192600,,,0.157,132.3
836,0.191150,,0.210000,0.192600,,,0.138,132.4
837,0.191967,,0.210000,0.192600,,,0.139,132.6
838,0.191900,,0.210000,0.192600,,,0.141,132.7
839,0.192283,,0.210000,0.192600,,,0.137,132.8
840,0.192250,,0.210000,0.192600,,,0.140,133.0
841,0.191783,,0.210000,0.192600,,,0.141,133.1
842,0.189700,,0.210000,0.192600,,,0.142,133.3
843,0.191300,,0.210000,0.192600,,,0.140,133.4
844,0.190767,,0.210000,0.192600,,,0.141,133.6
845,0.190550,,0.210000,0.192600,,,0.140,133.7
846,0.190267,,0.210000,0.192600,,,0.141,133.8
847,0.189417,,0.210000,0.192600,,,0.142,134.0
848,0.190150,,0.210000,0.192600,,,0.137,134.1
849,0.189700,,0.210000,0.192600,,,0.140,134.3
850,0.191317,,0.210000,0.192600,,,0.139,134.4
851,0.192833,,0.210000,0.192833,,,0.141,134.5
852,0.192533,,0.210000,0.192833,,,0.141,134.7
853,0.192300,,0.210000,0.192833,,,0.141,134.8
854,0.192767,,0.210000,0.192833,,,0.146,135.0
855,0.194317,,0.210000,0.194317,,,0.140,135.1
856,0.193300,,0.210000,0.194317,,,0.210,135.3
857,0.192967,,0.210000,0.194317,,,0.143,135.5
858,0.192417,,0.210000,0.194317,,,0.139,135.6
859,0.194583,,0.210000,0.194583,,,0.141,135.7
860,0.192033,,0.210000,0.194583,,,0.140,135.9
861,0.190133,,0.210000,0.194583,,,0.142,136.0
862,0.190317,,0.210000,0.194583,,,0.141,136.2
863,0.191017,,0.210000,0.194583,,,0.138,136.3
864,0.191150,,0.210000,0.194583,,,0.140,136.4
865,0.190433,,0.210000,0.194583,,,0.143,136.6
866,0.192083,,0.210000,0.194583,,,0.139,136.7
867,0.193350,,0.210000,0.194583,,,0.138,136.9
868,0.193467,,0.210000,0.194583,,,0.143,137.0
869,0.192650,,0.210000,0.194583,,,0.141,137.1
870,0.192183,,0.210000,0.194583,,,0.138,137.3
871,0.192983,,0.210000,0.194583,,,0.209,137.5
872,0.195183,,0.210000,0.195183,,,0.141,137.6
873,0.193950,,0.210000,0.195183,,,0.140,137.8
874,0.193783,,0.210000,0.195183,,,0.143,137.9
875,0.193900,,0.210000,0.195183,,,0.142,138.0
876,0.192667,,0.210000,0.195183,,,0.139,138.2
877,0.193633,,0.210000,0.195183,,,0.143,138.3
878,0.194583,,0.210000,0.195183,,,0.139,138.5
879,0.193500,,0.210000,0.195183,,,0.179,138.7
880,0.194150,,0.210000,0.195183,,,0.147,138.8
881,0.192650,,0.210000,0.195183,,,0.142,138.9
882,0.191850,,0.210000,0.195183,,,0.141,139.1
883,0.194733,,0.210000,0.195183,,,0.141,139.2
884,0.195250,,0.210000,0.195250,,,0.139,139.4
885,0.192350,,0.210000,0.195250,,,0.174,139.5
886,0.193117,,0.210000,0.195250,,,0.140,139.7
887,0.195050,,0.210000,0.195250,,,0.143,139.8
888,0.193367,,0.210000,0.195250,,,0.141,140.0
889,0.193983,,0.210000,0.195250,,,0.141,140.1
890,0.194267,,0.210000,0.195250,,,0.141,140.2
891,0.194050,,0.210000,0.195250,,,0.139,140.4
892,0.194617,,0.210000,0.195250,,,0.151,140.5
893,0.194617,,0.210000,0.195250,,,0.140,140.7
894,0.193783,,0.210000,0.195250,,,0.146,140.8
895,0.193200,,0.210000,0.195250,,,0.142,141.0
896,0.193967,,0.210000,0.195250,,,0.139,141.1
897,0.192067,,0.210000,0.195250,,,0.142,141.2
898,0.196367,,0.210000,0.196367,,,0.141,141.4
899,0.195150,,0.210000,0.196367,,,0.140,141.5
900,0.195233,0.21650001406669617,0.216500,0.196367,0.04317348450422287,0.5011914968490601,0.516,142.0
901,0.194217,,0.216500,0.196367,,,0.136,142.2
902,0.195150,,0.216500,0.196367,,,0.145,142.3
903,0.193917,,0.216500,0.196367,,,0.140,142.5
904,0.192750,,0.216500,0.196367,,,0.142,142.6
905,0.192183,,0.216500,0.196367,,,0.141,142.7
906,0.193483,,0.216500,0.196367,,,0.142,142.9
907,0.191750,,0.216500,0.196367,,,0.139,143.0
908,0.192833,,0.216500,0.196367,,,0.143,143.2
909,0.195683,,0.216500,0.196367,,,0.143,143.3
910,0.193967,,0.216500,0.196367,,,0.139,143.4
911,0.191817,,0.216500,0.196367,,,0.140,143.6
912,0.194233,,0.216500,0.196367,,,0.139,143.7
913,0.193950,,0.216500,0.196367,,,0.204,143.9
914,0.192417,,0.216500,0.196367,,,0.142,144.1
915,0.193550,,0.216500,0.196367,,,0.141,144.2
916,0.195450,,0.216500,0.196367,,,0.140,144.4
917,0.192650,,0.216500,0.196367,,,0.143,144.5
918,0.191883,,0.216500,0.196367,,,0.140,144.6
919,0.195750,,0.216500,0.196367,,,0.140,144.8
920,0.196383,,0.216500,0.196383,,,0.143,144.9
921,0.195283,,0.216500,0.196383,,,0.138,145.1
922,0.196167,,0.216500,0.196383,,,0.139,145.2
923,0.196217,,0.216500,0.196383,,,0.140,145.3
924,0.195817,,0.216500,0.196383,,,0.140,145.5
925,0.196150,,0.216500,0.196383,,,0.137,145.6
926,0.194250,,0.216500,0.196383,,,0.139,145.7
927,0.193467,,0.216500,0.196383,,,0.141,145.9
928,0.193300,,0.216500,0.196383,,,0.208,146.1
929,0.196017,,0.216500,0.196383,,,0.140,146.2
930,0.194067,,0.216500,0.196383,,,0.141,146.4
931,0.195100,,0.216500,0.196383,,,0.142,146.5
932,0.196883,,0.216500,0.196883,,,0.140,146.7
933,0.195117,,0.216500,0.196883,,,0.142,146.8
934,0.196983,,0.216500,0.196983,,,0.143,146.9
935,0.193700,,0.216500,0.196983,,,0.139,147.1
936,0.194617,,0.216500,0.196983,,,0.140,147.2
937,0.196367,,0.216500,0.196983,,,0.142,147.4
938,0.194050,,0.216500,0.196983,,,0.140,147.5
939,0.195133,,0.216500,0.196983,,,0.140,147.6
940,0.196383,,0.216500,0.196983,,,0.141,147.8
941,0.197517,,0.216500,0.197517,,,0.143,147.9
942,0.197517,,0.216500,0.197517,,,0.141,148.1
943,0.197833,,0.216500,0.197833,,,0.139,148.2
944,0.197683,,0.216500,0.197833,,,0.143,148.4
945,0.196667,,0.216500,0.197833,,,0.138,148.5
946,0.196950,,0.216500,0.197833,,,0.141,148.6
947,0.195167,,0.216500,0.197833,,,0.141,148.8
948,0.196983,,0.216500,0.197833,,,0.140,148.9
949,0.195633,,0.216500,0.197833,,,0.142,149.1
950,0.197117,,0.216500,0.197833,,,0.137,149.2
951,0.196717,,0.216500,0.197833,,,0.142,149.3
952,0.195550,,0.216500,0.197833,,,0.140,149.5
953,0.197733,,0.216500,0.197833,,,0.143,149.6
954,0.198283,,0.216500,0.198283,,,0.151,149.8
955,0.198983,,0.216500,0.198983,,,0.143,149.9
956,0.198617,,0.216500,0.198983,,,0.138,150.0
957,0.198683,,0.216500,0.198983,,,0.209,150.3
958,0.198367,,0.216500,0.198983,,,0.141,150.4
959,0.197050,,0.216500,0.198983,,,0.141,150.5
960,0.199767,,0.216500,0.199767,,,0.140,150.7
961,0.200967,,0.216500,0.200967,,,0.141,150.8
962,0.199117,,0.216500,0.200967,,,0.140,151.0
963,0.199800,,0.216500,0.200967,,,0.139,151.1
964,0.200267,,0.216500,0.200967,,,0.143,151.2
965,0.197683,,0.216500,0.200967,,,0.142,151.4
966,0.199767,,0.216500,0.200967,,,0.139,151.5
967,0.199517,,0.216500,0.200967,,,0.143,151.7
968,0.196733,,0.216500,0.200967,,,0.142,151.8
969,0.199000,,0.216500,0.200967,,,0.140,151.9
970,0.197750,,0.216500,0.200967,,,0.142,152.1
971,0.196450,,0.216500,0.200967,,,0.142,152.2
972,0.197067,,0.216500,0.200967,,,0.144,152.4
973,0.197583,,0.216500,0.200967,,,0.140,152.5
974,0.198683,,0.216500,0.200967,,,0.139,152.7
975,0.196950,,0.216500,0.200967,,,0.142,152.8
976,0.199200,,0.216500,0.200967,,,0.141,152.9
977,0.199183,,0.216500,0.200967,,,0.140,153.1
978,0.197383,,0.216500,0.200967,,,0.140,153.2
979,0.197883,,0.216500,0.200967,,,0.141,153.4
980,0.200567,,0.216500,0.200967,,,0.139,153.5
981,0.199300,,0.216500,0.200967,,,0.137,153.6
982,0.199917,,0.216500,0.200967,,,0.143,153.8
983,0.196117,,0.216500,0.200967,,,0.137,153.9
984,0.196883,,0.216500,0.200967,,,0.141,154.1
985,0.198033,,0.216500,0.200967,,,0.144,154.2
986,0.198433,,0.216500,0.200967,,,0.205,154.4
987,0.198517,,0.216500,0.200967,,,0.138,154.5
988,0.200950,,0.216500,0.200967,,,0.140,154.7
989,0.198867,,0.216500,0.200967,,,0.139,154.8
990,0.199583,,0.216500,0.200967,,,0.139,155.0
991,0.200200,,0.216500,0.200967,,,0.143,155.1
992,0.199167,,0.216500,0.200967,,,0.143,155.2
993,0.197267,,0.216500,0.200967,,,0.139,155.4
994,0.199750,,0.216500,0.200967,,,0.141,155.5
995,0.198467,,0.216500,0.200967,,,0.141,155.7
996,0.201000,,0.216500,0.201000,,,0.142,155.8
997,0.199733,,0.216500,0.201000,,,0.144,156.0
998,0.200133,,0.216500,0.201000,,,0.142,156.1
999,0.200083,,0.216500,0.201000,,,0.147,156.2
1000,0.198200,0.21900001168251038,0.219000,0.201000,0.04205288738012314,0.5012394189834595,0.470,156.7
1001,0.199300,,0.219000,0.201000,,,0.138,156.9
1002,0.199600,,0.219000,0.201000,,,0.139,157.0
1003,0.199667,,0.219000,0.201000,,,0.138,157.1
1004,0.199133,,0.219000,0.201000,,,0.142,157.3
1005,0.200800,,0.219000,0.201000,,,0.141,157.4
1006,0.199933,,0.219000,0.201000,,,0.139,157.5
1007,0.198017,,0.219000,0.201000,,,0.138,157.7
1008,0.198533,,0.219000,0.201000,,,0.154,157.8
1009,0.199383,,0.219000,0.201000,,,0.141,158.0
1010,0.200833,,0.219000,0.201000,,,0.143,158.1
1011,0.198517,,0.219000,0.201000,,,0.142,158.3
1012,0.198683,,0.219000,0.201000,,,0.222,158.5
1013,0.197300,,0.219000,0.201000,,,0.138,158.6
1014,0.197000,,0.219000,0.201000,,,0.140,158.8
1015,0.197933,,0.219000,0.201000,,,0.143,158.9
1016,0.198750,,0.219000,0.201000,,,0.138,159.0
1017,0.199067,,0.219000,0.201000,,,0.140,159.2
1018,0.198083,,0.219000,0.201000,,,0.140,159.3
1019,0.198617,,0.219000,0.201000,,,0.141,159.5
1020,0.199617,,0.219000,0.201000,,,0.139,159.6
1021,0.200650,,0.219000,0.201000,,,0.141,159.7
1022,0.200250,,0.219000,0.201000,,,0.142,159.9
1023,0.197750,,0.219000,0.201000,,,0.143,160.0
1024,0.199067,,0.219000,0.201000,,,0.139,160.2
1025,0.197183,,0.219000,0.201000,,,0.141,160.3
1026,0.199900,,0.219000,0.201000,,,0.144,160.5
1027,0.200883,,0.219000,0.201000,,,0.208,160.7
1028,0.200567,,0.219000,0.201000,,,0.141,160.8
1029,0.199450,,0.219000,0.201000,,,0.140,160.9
1030,0.198550,,0.219000,0.201000,,,0.140,161.1
1031,0.199050,,0.219000,0.201000,,,0.138,161.2
1032,0.201083,,0.219000,0.201083,,,0.141,161.4
1033,0.201183,,0.219000,0.201183,,,0.138,161.5
1034,0.202500,,0.219000,0.202500,,,0.141,161.6
1035,0.202000,,0.219000,0.202500,,,0.142,161.8
1036,0.202600,,0.219000,0.202600,,,0.140,161.9
1037,0.201617,,0.219000,0.202600,,,0.138,162.1
1038,0.202767,,0.219000,0.202767,,,0.139,162.2
1039,0.202167,,0.219000,0.202767,,,0.143,162.3
1040,0.203233,,0.219000,0.203233,,,0.139,162.5
1041,0.201817,,0.219000,0.203233,,,0.140,162.6
1042,0.202917,,0.219000,0.203233,,,0.206,162.8
1043,0.199533,,0.219000,0.203233,,,0.138,163.0
1044,0.200067,,0.219000,0.203233,,,0.141,163.1
1045,0.200783,,0.219000,0.203233,,,0.139,163.3
1046,0.198450,,0.219000,0.203233,,,0.139,163.4
1047,0.200317,,0.219000,0.203233,,,0.140,163.5
1048,0.199817,,0.219000,0.203233,,,0.140,163.7
1049,0.201717,,0.219000,0.203233,,,0.138,163.8
1050,0.201733,,0.219000,0.203233,,,0.138,163.9
1051,0.201717,,0.219000,0.203233,,,0.141,164.1
1052,0.201483,,0.219000,0.203233,,,0.140,164.2
1053,0.200667,,0.219000,0.203233,,,0.140,164.4
1054,0.199450,,0.219000,0.203233,,,0.135,164.5
1055,0.201100,,0.219000,0.203233,,,0.139,164.6
1056,0.201250,,0.219000,0.203233,,,0.139,164.8
1057,0.200217,,0.219000,0.203233,,,0.209,165.0
1058,0.200283,,0.219000,0.203233,,,0.140,165.1
1059,0.201217,,0.219000,0.203233,,,0.141,165.3
1060,0.201233,,0.219000,0.203233,,,0.139,165.4
1061,0.203733,,0.219000,0.203733,,,0.140,165.5
1062,0.203633,,0.219000,0.203733,,,0.142,165.7
1063,0.203883,,0.219000,0.203883,,,0.140,165.8
1064,0.203867,,0.219000,0.203883,,,0.139,166.0
1065,0.202117,,0.219000,0.203883,,,0.139,166.1
1066,0.203200,,0.219000,0.203883,,,0.142,166.2
1067,0.202233,,0.219000,0.203883,,,0.139,166.4
1068,0.205933,,0.219000,0.205933,,,0.139,166.5
1069,0.203483,,0.219000,0.205933,,,0.140,166.7
1070,0.203800,,0.219000,0.205933,,,0.139,166.8
1071,0.203583,,0.219000,0.205933,,,0.142,166.9
1072,0.203633,,0.219000,0.205933,,,0.205,167.2
1073,0.203333,,0.219000,0.205933,,,0.139,167.3
1074,0.203700,,0.219000,0.205933,,,0.139,167.4
1075,0.204150,,0.219000,0.205933,,,0.141,167.6
1076,0.203983,,0.219000,0.205933,,,0.141,167.7
1077,0.205467,,0.219000,0.205933,,,0.139,167.9
1078,0.206333,,0.219000,0.206333,,,0.140,168.0
1079,0.205983,,0.219000,0.206333,,,0.186,168.2
1080,0.207917,,0.219000,0.207917,,,0.141,168.3
1081,0.205783,,0.219000,0.207917,,,0.139,168.5
1082,0.209017,,0.219000,0.209017,,,0.138,168.6
1083,0.207217,,0.219000,0.209017,,,0.142,168.7
1084,0.205300,,0.219000,0.209017,,,0.140,168.9
1085,0.205783,,0.219000,0.209017,,,0.141,169.0
1086,0.204983,,0.219000,0.209017,,,0.170,169.2
1087,0.204267,,0.219000,0.209017,,,0.140,169.3
1088,0.204317,,0.219000,0.209017,,,0.139,169.5
1089,0.203767,,0.219000,0.209017,,,0.140,169.6
1090,0.204400,,0.219000,0.209017,,,0.138,169.7
1091,0.204267,,0.219000,0.209017,,,0.139,169.9
1092,0.204833,,0.219000,0.209017,,,0.143,170.0
1093,0.203300,,0.219000,0.209017,,,0.140,170.2
1094,0.203883,,0.219000,0.209017,,,0.141,170.3
1095,0.204817,,0.219000,0.209017,,,0.141,170.4
1096,0.204567,,0.219000,0.209017,,,0.141,170.6
1097,0.207450,,0.219000,0.209017,,,0.138,170.7
1098,0.204183,,0.219000,0.209017,,,0.141,170.9
1099,0.204250,,0.219000,0.209017,,,0.139,171.0
1100,0.204200,0.23600001633167267,0.236000,0.209017,0.04247104004025459,0.5317674279212952,0.441,171.4
1101,0.204083,,0.236000,0.209017,,,0.198,171.6
1102,0.205267,,0.236000,0.209017,,,0.141,171.8
1103,0.202750,,0.236000,0.209017,,,0.140,171.9
1104,0.203400,,0.236000,0.209017,,,0.139,172.1
1105,0.202583,,0.236000,0.209017,,,0.140,172.2
1106,0.204467,,0.236000,0.209017,,,0.140,172.3
1107,0.201417,,0.236000,0.209017,,,0.145,172.5
1108,0.202983,,0.236000,0.209017,,,0.138,172.6
1109,0.203967,,0.236000,0.209017,,,0.142,172.8
1110,0.204333,,0.236000,0.209017,,,0.140,172.9
1111,0.203800,,0.236000,0.209017,,,0.141,173.1
1112,0.201617,,0.236000,0.209017,,,0.142,173.2
1113,0.203450,,0.236000,0.209017,,,0.206,173.4
1114,0.204650,,0.236000,0.209017,,,0.139,173.5
1115,0.203500,,0.236000,0.209017,,,0.141,173.7
1116,0.204917,,0.236000,0.209017,,,0.138,173.8
1117,0.205250,,0.236000,0.209017,,,0.140,174.0
1118,0.206500,,0.236000,0.209017,,,0.142,174.1
1119,0.203750,,0.236000,0.209017,,,0.140,174.2
1120,0.205400,,0.236000,0.209017,,,0.140,174.4
1121,0.205167,,0.236000,0.209017,,,0.138,174.5
1122,0.205083,,0.236000,0.209017,,,0.137,174.7
1123,0.204217,,0.236000,0.209017,,,0.137,174.8
1124,0.204767,,0.236000,0.209017,,,0.140,174.9
1125,0.203917,,0.236000,0.209017,,,0.141,175.1
1126,0.203850,,0.236000,0.209017,,,0.139,175.2
1127,0.204083,,0.236000,0.209017,,,0.140,175.4
1128,0.204117,,0.236000,0.209017,,,0.206,175.6
1129,0.202583,,0.236000,0.209017,,,0.140,175.7
1130,0.204467,,0.236000,0.209017,,,0.139,175.8
1131,0.203583,,0.236000,0.209017,,,0.141,176.0
1132,0.203200,,0.236000,0.209017,,,0.142,176.1
1133,0.201800,,0.236000,0.209017,,,0.142,176.3
1134,0.202333,,0.236000,0.209017,,,0.144,176.4
1135,0.206083,,0.236000,0.209017,,,0.140,176.5
1136,0.204467,,0.236000,0.209017,,,0.155,176.7
1137,0.205550,,0.236000,0.209017,,,0.140,176.8
1138,0.204267,,0.236000,0.209017,,,0.139,177.0
1139,0.205367,,0.236000,0.209017,,,0.142,177.1
1140,0.204083,,0.236000,0.209017,,,0.140,177.3
1141,0.204033,,0.236000,0.209017,,,0.141,177.4
1142,0.203117,,0.236000,0.209017,,,0.142,177.5
1143,0.203667,,0.236000,0.209017,,,0.141,177.7
1144,0.203450,,0.236000,0.209017,,,0.143,177.8
1145,0.204933,,0.236000,0.209017,,,0.142,178.0
1146,0.204400,,0.236000,0.209017,,,0.141,178.1
1147,0.204433,,0.236000,0.209017,,,0.141,178.3
1148,0.202583,,0.236000,0.209017,,,0.139,178.4
1149,0.203300,,0.236000,0.209017,,,0.140,178.5
1150,0.204150,,0.236000,0.209017,,,0.142,178.7
1151,0.202667,,0.236000,0.209017,,,0.152,178.8
1152,0.203783,,0.236000,0.209017,,,0.154,179.0
1153,0.201950,,0.236000,0.209017,,,0.149,179.1
1154,0.201783,,0.236000,0.209017,,,0.150,179.3
1155,0.204333,,0.236000,0.209017,,,0.155,179.4
1156,0.203000,,0.236000,0.209017,,,0.217,179.7
1157,0.204967,,0.236000,0.209017,,,0.157,179.8
1158,0.201683,,0.236000,0.209017,,,0.156,180.0
1159,0.202967,,0.236000,0.209017,,,0.147,180.1
1160,0.203683,,0.236000,0.209017,,,0.146,180.3
1161,0.203333,,0.236000,0.209017,,,0.142,180.4
1162,0.203767,,0.236000,0.209017,,,0.153,180.6
1163,0.203000,,0.236000,0.209017,,,0.143,180.7
1164,0.203450,,0.236000,0.209017,,,0.142,180.8
1165,0.204433,,0.236000,0.209017,,,0.143,181.0
1166,0.203517,,0.236000,0.209017,,,0.142,181.1
1167,0.205067,,0.236000,0.209017,,,0.140,181.3
1168,0.205983,,0.236000,0.209017,,,0.143,181.4
1169,0.203400,,0.236000,0.209017,,,0.141,181.5
1170,0.205067,,0.236000,0.209017,,,0.209,181.8
1171,0.204583,,0.236000,0.209017,,,0.139,181.9
1172,0.205217,,0.236000,0.209017,,,0.140,182.0
1173,0.204933,,0.236000,0.209017,,,0.137,182.2
1174,0.207133,,0.236000,0.209017,,,0.142,182.3
1175,0.206933,,0.236000,0.209017,,,0.141,182.5
1176,0.205100,,0.236000,0.209017,,,0.138,182.6
1177,0.207033,,0.236000,0.209017,,,0.143,182.7
1178,0.207483,,0.236000,0.209017,,,0.149,182.9
1179,0.206667,,0.236000,0.209017,,,0.145,183.0
1180,0.206433,,0.236000,0.209017,,,0.140,183.2
1181,0.206867,,0.236000,0.209017,,,0.137,183.3
1182,0.206917,,0.236000,0.209017,,,0.141,183.4
1183,0.206267,,0.236000,0.209017,,,0.139,183.6
1184,0.207167,,0.236000,0.209017,,,0.140,183.7
1185,0.208567,,0.236000,0.209017,,,0.209,183.9
1186,0.208333,,0.236000,0.209017,,,0.140,184.1
1187,0.208517,,0.236000,0.209017,,,0.140,184.2
1188,0.205300,,0.236000,0.209017,,,0.141,184.4
1189,0.205433,,0.236000,0.209017,,,0.141,184.5
1190,0.207900,,0.236000,0.209017,,,0.140,184.6
1191,0.206767,,0.236000,0.209017,,,0.144,184.8
1192,0.205883,,0.236000,0.209017,,,0.148,184.9
1193,0.204933,,0.236000,0.209017,,,0.149,185.1
1194,0.204967,,0.236000,0.209017,,,0.152,185.2
1195,0.207000,,0.236000,0.209017,,,0.157,185.4
1196,0.205367,,0.236000,0.209017,,,0.153,185.5
1197,0.206617,,0.236000,0.209017,,,0.150,185.7
1198,0.207717,,0.236000,0.209017,,,0.156,185.8
1199,0.208450,,0.236000,0.209017,,,0.209,186.1
1200,0.209950,0.23000000417232513,0.236000,0.209950,0.040771640837192535,0.49034059047698975,0.445,186.5
1201,0.206167,,0.236000,0.209950,,,0.141,186.6
1202,0.208850,,0.236000,0.209950,,,0.140,186.8
1203,0.209767,,0.236000,0.209950,,,0.149,186.9
1204,0.207117,,0.236000,0.209950,,,0.139,187.1
1205,0.205967,,0.236000,0.209950,,,0.142,187.2
1206,0.209983,,0.236000,0.209983,,,0.140,187.3
1207,0.208183,,0.236000,0.209983,,,0.140,187.5
1208,0.208817,,0.236000,0.209983,,,0.140,187.6
1209,0.207050,,0.236000,0.209983,,,0.140,187.8
1210,0.206700,,0.236000,0.209983,,,0.139,187.9
1211,0.207400,,0.236000,0.209983,,,0.139,188.0
1212,0.206550,,0.236000,0.209983,,,0.142,188.2
1213,0.207467,,0.236000,0.209983,,,0.140,188.3
1214,0.203267,,0.236000,0.209983,,,0.142,188.5
1215,0.204717,,0.236000,0.209983,,,0.140,188.6
1216,0.207600,,0.236000,0.209983,,,0.140,188.8
1217,0.207150,,0.236000,0.209983,,,0.140,188.9
1218,0.205550,,0.236000,0.209983,,,0.138,189.0
1219,0.206050,,0.236000,0.209983,,,0.138,189.2
1220,0.206983,,0.236000,0.209983,,,0.139,189.3
1221,0.207000,,0.236000,0.209983,,,0.142,189.5
1222,0.206850,,0.236000,0.209983,,,0.140,189.6
1223,0.207550,,0.236000,0.209983,,,0.139,189.7
1224,0.206150,,0.236000,0.209983,,,0.142,189.9
1225,0.207900,,0.236000,0.209983,,,0.140,190.0
1226,0.207767,,0.236000,0.209983,,,0.206,190.2
1227,0.207833,,0.236000,0.209983,,,0.142,190.4
1228,0.207067,,0.236000,0.209983,,,0.142,190.5
1229,0.208650,,0.236000,0.209983,,,0.140,190.6
1230,0.208700,,0.236000,0.209983,,,0.143,190.8
1231,0.209750,,0.236000,0.209983,,,0.140,190.9
1232,0.209850,,0.236000,0.209983,,,0.141,191.1
1233,0.209417,,0.236000,0.209983,,,0.141,191.2
1234,0.208283,,0.236000,0.209983,,,0.141,191.3
1235,0.209783,,0.236000,0.209983,,,0.142,191.5
1236,0.208450,,0.236000,0.209983,,,0.140,191.6
1237,0.209767,,0.236000,0.209983,,,0.141,191.8
1238,0.208500,,0.236000,0.209983,,,0.139,191.9
1239,0.209850,,0.236000,0.209983,,,0.140,192.0
1240,0.210550,,0.236000,0.210550,,,0.142,192.2
1241,0.207650,,0.236000,0.210550,,,0.208,192.4
1242,0.210117,,0.236000,0.210550,,,0.142,192.5
1243,0.208783,,0.236000,0.210550,,,0.139,192.7
1244,0.209417,,0.236000,0.210550,,,0.141,192.8
1245,0.208950,,0.236000,0.210550,,,0.139,193.0
1246,0.207333,,0.236000,0.210550,,,0.140,193.1
1247,0.208000,,0.236000,0.210550,,,0.141,193.2
1248,0.208367,,0.236000,0.210550,,,0.140,193.4
1249,0.208833,,0.236000,0.210550,,,0.138,193.5
1250,0.207550,,0.236000,0.210550,,,0.139,193.7
1251,0.209983,,0.236000,0.210550,,,0.142,193.8
1252,0.208917,,0.236000,0.210550,,,0.139,193.9
1253,0.208617,,0.236000,0.210550,,,0.140,194.1
1254,0.209067,,0.236000,0.210550,,,0.146,194.2
1255,0.210817,,0.236000,0.210817,,,0.140,194.4
1256,0.209017,,0.236000,0.210817,,,0.209,194.6
1257,0.210050,,0.236000,0.210817,,,0.141,194.7
1258,0.209600,,0.236000,0.210817,,,0.141,194.9
1259,0.210883,,0.236000,0.210883,,,0.140,195.0
1260,0.212367,,0.236000,0.212367,,,0.143,195.1
1261,0.209500,,0.236000,0.212367,,,0.142,195.3
1262,0.210783,,0.236000,0.212367,,,0.142,195.4
1263,0.211117,,0.236000,0.212367,,,0.141,195.6
1264,0.212950,,0.236000,0.212950,,,0.140,195.7
1265,0.209483,,0.236000,0.212950,,,0.143,195.8
1266,0.212583,,0.236000,0.212950,,,0.142,196.0
1267,0.209517,,0.236000,0.212950,,,0.142,196.1
1268,0.212033,,0.236000,0.212950,,,0.139,196.3
1269,0.211450,,0.236000,0.212950,,,0.140,196.4
1270,0.211367,,0.236000,0.212950,,,0.142,196.5
1271,0.210817,,0.236000,0.212950,,,0.213,196.8
1272,0.211833,,0.236000,0.212950,,,0.138,196.9
1273,0.209000,,0.236000,0.212950,,,0.141,197.0
1274,0.208483,,0.236000,0.212950,,,0.141,197.2
1275,0.210150,,0.236000,0.212950,,,0.141,197.3
1276,0.208400,,0.236000,0.212950,,,0.141,197.5
1277,0.210533,,0.236000,0.212950,,,0.176,197.6
1278,0.210900,,0.236000,0.212950,,,0.145,197.8
1279,0.211600,,0.236000,0.212950,,,0.139,197.9
1280,0.211700,,0.236000,0.212950,,,0.142,198.1
1281,0.212967,,0.236000,0.212967,,,0.142,198.2
1282,0.210667,,0.236000,0.212967,,,0.142,198.3
1283,0.211800,,0.236000,0.212967,,,0.139,198.5
1284,0.210783,,0.236000,0.212967,,,0.152,198.6
1285,0.211450,,0.236000,0.212967,,,0.186,198.8
1286,0.212400,,0.236000,0.212967,,,0.140,199.0
1287,0.211350,,0.236000,0.212967,,,0.141,199.1
1288,0.213783,,0.236000,0.213783,,,0.141,199.2
1289,0.210033,,0.236000,0.213783,,,0.138,199.4
1290,0.211900,,0.236000,0.213783,,,0.138,199.5
1291,0.210450,,0.236000,0.213783,,,0.142,199.7
1292,0.212017,,0.236000,0.213783,,,0.140,199.8
1293,0.210250,,0.236000,0.213783,,,0.141,199.9
1294,0.210850,,0.236000,0.213783,,,0.140,200.1
1295,0.212317,,0.236000,0.213783,,,0.142,200.2
1296,0.210983,,0.236000,0.213783,,,0.141,200.4
1297,0.209267,,0.236000,0.213783,,,0.142,200.5
1298,0.209617,,0.236000,0.213783,,,0.140,200.7
1299,0.210200,,0.236000,0.213783,,,0.186,200.8
1300,0.211733,0.23200000822544098,0.236000,0.213783,0.03944060206413269,0.5070765018463135,0.442,201.3
1301,0.210633,,0.236000,0.213783,,,0.140,201.4
1302,0.209800,,0.236000,0.213783,,,0.140,201.6
1303,0.211283,,0.236000,0.213783,,,0.141,201.7
1304,0.210033,,0.236000,0.213783,,,0.143,201.8
1305,0.208617,,0.236000,0.213783,,,0.140,202.0
1306,0.210300,,0.236000,0.213783,,,0.139,202.1
1307,0.210733,,0.236000,0.213783,,,0.142,202.3
1308,0.211717,,0.236000,0.213783,,,0.136,202.4
1309,0.210550,,0.236000,0.213783,,,0.138,202.5
1310,0.211233,,0.236000,0.213783,,,0.140,202.7
1311,0.210850,,0.236000,0.213783,,,0.140,202.8
1312,0.210917,,0.236000,0.213783,,,0.205,203.0
1313,0.211850,,0.236000,0.213783,,,0.142,203.2
1314,0.212933,,0.236000,0.213783,,,0.138,203.3
1315,0.211783,,0.236000,0.213783,,,0.141,203.4
1316,0.209800,,0.236000,0.213783,,,0.141,203.6
1317,0.210767,,0.236000,0.213783,,,0.139,203.7
1318,0.212350,,0.236000,0.213783,,,0.140,203.9
1319,0.211017,,0.236000,0.213783,,,0.137,204.0
1320,0.210700,,0.236000,0.213783,,,0.141,204.1
1321,0.210833,,0.236000,0.213783,,,0.142,204.3
1322,0.210450,,0.236000,0.213783,,,0.141,204.4
1323,0.210450,,0.236000,0.213783,,,0.141,204.6
1324,0.209000,,0.236000,0.213783,,,0.140,204.7
1325,0.210533,,0.236000,0.213783,,,0.138,204.8
1326,0.210200,,0.236000,0.213783,,,0.143,205.0
1327,0.210350,,0.236000,0.213783,,,0.213,205.2
1328,0.212817,,0.236000,0.213783,,,0.150,205.4
1329,0.211383,,0.236000,0.213783,,,0.154,205.5
1330,0.211750,,0.236000,0.213783,,,0.154,205.7
1331,0.211333,,0.236000,0.213783,,,0.167,205.8
1332,0.211417,,0.236000,0.213783,,,0.155,206.0
1333,0.213050,,0.236000,0.213783,,,0.153,206.1
1334,0.213050,,0.236000,0.213783,,,0.153,206.3
1335,0.211767,,0.236000,0.213783,,,0.149,206.4
1336,0.212617,,0.236000,0.213783,,,0.149,206.6
1337,0.211500,,0.236000,0.213783,,,0.153,206.7
1338,0.210000,,0.236000,0.213783,,,0.151,206.9
1339,0.211850,,0.236000,0.213783,,,0.141,207.0
1340,0.211100,,0.236000,0.213783,,,0.140,207.2
1341,0.213783,,0.236000,0.213783,,,0.143,207.3
1342,0.213667,,0.236000,0.213783,,,0.140,207.5
1343,0.213100,,0.236000,0.213783,,,0.140,207.6
1344,0.213333,,0.236000,0.213783,,,0.141,207.7
1345,0.211950,,0.236000,0.213783,,,0.146,207.9
1346,0.213917,,0.236000,0.213917,,,0.145,208.0
1347,0.214233,,0.236000,0.214233,,,0.158,208.2
1348,0.215067,,0.236000,0.215067,,,0.138,208.3
1349,0.214467,,0.236000,0.215067,,,0.150,208.5
1350,0.215383,,0.236000,0.215383,,,0.146,208.6
1351,0.215583,,0.236000,0.215583,,,0.153,208.8
1352,0.215300,,0.236000,0.215583,,,0.141,208.9
1353,0.217900,,0.236000,0.217900,,,0.159,209.1
1354,0.218267,,0.236000,0.218267,,,0.236,209.3
1355,0.216900,,0.236000,0.218267,,,0.144,209.5
1356,0.215867,,0.236000,0.218267,,,0.144,209.6
1357,0.213883,,0.236000,0.218267,,,0.141,209.7
1358,0.214483,,0.236000,0.218267,,,0.139,209.9
1359,0.212467,,0.236000,0.218267,,,0.141,210.0
1360,0.213750,,0.236000,0.218267,,,0.142,210.2
1361,0.214917,,0.236000,0.218267,,,0.142,210.3
1362,0.216267,,0.236000,0.218267,,,0.142,210.4
1363,0.215983,,0.236000,0.218267,,,0.138,210.6
1364,0.215017,,0.236000,0.218267,,,0.140,210.7
1365,0.214000,,0.236000,0.218267,,,0.139,210.9
1366,0.215100,,0.236000,0.218267,,,0.139,211.0
1367,0.214633,,0.236000,0.218267,,,0.141,211.1
1368,0.216183,,0.236000,0.218267,,,0.139,211.3
1369,0.216583,,0.236000,0.218267,,,0.205,211.5
1370,0.216350,,0.236000,0.218267,,,0.141,211.6
1371,0.215567,,0.236000,0.218267,,,0.142,211.8
1372,0.217217,,0.236000,0.218267,,,0.140,211.9
1373,0.217600,,0.236000,0.218267,,,0.154,212.1
1374,0.218850,,0.236000,0.218850,,,0.152,212.2
1375,0.215650,,0.236000,0.218850,,,0.142,212.4
1376,0.216500,,0.236000,0.218850,,,0.138,212.5
1377,0.216267,,0.236000,0.218850,,,0.137,212.6
1378,0.214883,,0.236000,0.218850,,,0.140,212.8
1379,0.214950,,0.236000,0.218850,,,0.144,212.9
1380,0.215483,,0.236000,0.218850,,,0.151,213.1
1381,0.217300,,0.236000,0.218850,,,0.139,213.2
1382,0.217217,,0.236000,0.218850,,,0.146,213.3
1383,0.217650,,0.236000,0.218850,,,0.180,213.5
1384,0.216867,,0.236000,0.218850,,,0.139,213.7
1385,0.217383,,0.236000,0.218850,,,0.138,213.8
1386,0.216950,,0.236000,0.218850,,,0.150,214.0
1387,0.217850,,0.236000,0.218850,,,0.147,214.1
1388,0.219450,,0.236000,0.219450,,,0.139,214.2
1389,0.217917,,0.236000,0.219450,,,0.145,214.4
1390,0.217267,,0.236000,0.219450,,,0.152,214.5
1391,0.218233,,0.236000,0.219450,,,0.147,214.7
1392,0.219483,,0.236000,0.219483,,,0.136,214.8
1393,0.219583,,0.236000,0.219583,,,0.153,215.0
1394,0.218983,,0.236000,0.219583,,,0.150,215.1
1395,0.219117,,0.236000,0.219583,,,0.150,215.3
1396,0.217350,,0.236000,0.219583,,,0.148,215.4
1397,0.216800,,0.236000,0.219583,,,0.225,215.6
1398,0.217083,,0.236000,0.219583,,,0.146,215.8
1399,0.217483,,0.236000,0.219583,,,0.145,215.9
1400,0.218633,0.23800000548362732,0.238000,0.219583,0.03874149173498154,0.5358532071113586,0.466,216.4
1401,0.216567,,0.238000,0.219583,,,0.138,216.5
1402,0.218833,,0.238000,0.219583,,,0.138,216.7
1403,0.217900,,0.238000,0.219583,,,0.142,216.8
1404,0.218233,,0.238000,0.219583,,,0.139,217.0
1405,0.217600,,0.238000,0.219583,,,0.149,217.1
1406,0.219667,,0.238000,0.219667,,,0.137,217.2
1407,0.218733,,0.238000,0.219667,,,0.154,217.4
1408,0.220083,,0.238000,0.220083,,,0.151,217.6
1409,0.219817,,0.238000,0.220083,,,0.208,217.8
1410,0.218533,,0.238000,0.220083,,,0.138,217.9
1411,0.220167,,0.238000,0.220167,,,0.139,218.0
1412,0.220250,,0.238000,0.220250,,,0.141,218.2
1413,0.219150,,0.238000,0.220250,,,0.139,218.3
1414,0.217767,,0.238000,0.220250,,,0.141,218.5
1415,0.218300,,0.238000,0.220250,,,0.138,218.6
1416,0.219200,,0.238000,0.220250,,,0.136,218.7
1417,0.219650,,0.238000,0.220250,,,0.149,218.9
1418,0.217917,,0.238000,0.220250,,,0.147,219.0
1419,0.219650,,0.238000,0.220250,,,0.142,219.2
1420,0.219767,,0.238000,0.220250,,,0.139,219.3
1421,0.218300,,0.238000,0.220250,,,0.139,219.4
1422,0.216983,,0.238000,0.220250,,,0.138,219.6
1423,0.219583,,0.238000,0.220250,,,0.139,219.7
1424,0.220417,,0.238000,0.220417,,,0.202,219.9
1425,0.219317,,0.238000,0.220417,,,0.138,220.1
1426,0.218300,,0.238000,0.220417,,,0.137,220.2
1427,0.219283,,0.238000,0.220417,,,0.138,220.3
1428,0.220167,,0.238000,0.220417,,,0.139,220.5
1429,0.217933,,0.238000,0.220417,,,0.139,220.6
1430,0.218367,,0.238000,0.220417,,,0.138,220.8
1431,0.217933,,0.238000,0.220417,,,0.137,220.9
1432,0.218550,,0.238000,0.220417,,,0.136,221.0
1433,0.220667,,0.238000,0.220667,,,0.139,221.2
1434,0.218633,,0.238000,0.220667,,,0.138,221.3
1435,0.217767,,0.238000,0.220667,,,0.138,221.4
1436,0.218383,,0.238000,0.220667,,,0.139,221.6
1437,0.218550,,0.238000,0.220667,,,0.140,221.7
1438,0.219417,,0.238000,0.220667,,,0.139,221.9
1439,0.218550,,0.238000,0.220667,,,0.210,222.1
1440,0.218333,,0.238000,0.220667,,,0.139,222.2
1441,0.215533,,0.238000,0.220667,,,0.138,222.3
1442,0.218650,,0.238000,0.220667,,,0.138,222.5
1443,0.219700,,0.238000,0.220667,,,0.137,222.6
1444,0.217800,,0.238000,0.220667,,,0.137,222.8
1445,0.220333,,0.238000,0.220667,,,0.138,222.9
1446,0.217883,,0.238000,0.220667,,,0.138,223.0
1447,0.218317,,0.238000,0.220667,,,0.138,223.2
1448,0.220467,,0.238000,0.220667,,,0.137,223.3
1449,0.219350,,0.238000,0.220667,,,0.138,223.4
1450,0.219517,,0.238000,0.220667,,,0.138,223.6
1451,0.219850,,0.238000,0.220667,,,0.138,223.7
1452,0.218983,,0.238000,0.220667,,,0.138,223.9
1453,0.219400,,0.238000,0.220667,,,0.139,224.0
1454,0.220167,,0.238000,0.220667,,,0.207,224.2
1455,0.220067,,0.238000,0.220667,,,0.141,224.3
1456,0.218367,,0.238000,0.220667,,,0.140,224.5
1457,0.219117,,0.238000,0.220667,,,0.138,224.6
1458,0.218000,,0.238000,0.220667,,,0.137,224.8
1459,0.220583,,0.238000,0.220667,,,0.139,224.9
1460,0.219150,,0.238000,0.220667,,,0.139,225.0
1461,0.219950,,0.238000,0.220667,,,0.137,225.2
1462,0.219717,,0.238000,0.220667,,,0.138,225.3
1463,0.219733,,0.238000,0.220667,,,0.139,225.5
1464,0.219550,,0.238000,0.220667,,,0.137,225.6
1465,0.221317,,0.238000,0.221317,,,0.138,225.7
1466,0.219217,,0.238000,0.221317,,,0.139,225.9
1467,0.218133,,0.238000,0.221317,,,0.138,226.0
1468,0.219250,,0.238000,0.221317,,,0.138,226.1
1469,0.219417,,0.238000,0.221317,,,0.205,226.3
1470,0.218733,,0.238000,0.221317,,,0.138,226.5
1471,0.218300,,0.238000,0.221317,,,0.137,226.6
1472,0.218667,,0.238000,0.221317,,,0.138,226.8
1473,0.217917,,0.238000,0.221317,,,0.138,226.9
1474,0.219450,,0.238000,0.221317,,,0.137,227.0
1475,0.218517,,0.238000,0.221317,,,0.140,227.2
1476,0.217650,,0.238000,0.221317,,,0.139,227.3
1477,0.217767,,0.238000,0.221317,,,0.137,227.5
1478,0.218583,,0.238000,0.221317,,,0.137,227.6
1479,0.218167,,0.238000,0.221317,,,0.138,227.7
1480,0.217900,,0.238000,0.221317,,,0.137,227.9
1481,0.217850,,0.238000,0.221317,,,0.137,228.0
1482,0.218050,,0.238000,0.221317,,,0.199,228.2
1483,0.219817,,0.238000,0.221317,,,0.136,228.3
1484,0.219200,,0.238000,0.221317,,,0.138,228.5
1485,0.219017,,0.238000,0.221317,,,0.136,228.6
1486,0.219083,,0.238000,0.221317,,,0.138,228.8
1487,0.220750,,0.238000,0.221317,,,0.137,228.9
1488,0.221283,,0.238000,0.221317,,,0.138,229.0
1489,0.221117,,0.238000,0.221317,,,0.138,229.2
1490,0.221467,,0.238000,0.221467,,,0.137,229.3
1491,0.220233,,0.238000,0.221467,,,0.139,229.4
1492,0.219017,,0.238000,0.221467,,,0.138,229.6
1493,0.219267,,0.238000,0.221467,,,0.137,229.7
1494,0.219133,,0.238000,0.221467,,,0.140,229.9
1495,0.220150,,0.238000,0.221467,,,0.139,230.0
1496,0.219417,,0.238000,0.221467,,,0.139,230.1
1497,0.218650,,0.238000,0.221467,,,0.140,230.3
1498,0.218233,,0.238000,0.221467,,,0.202,230.5
1499,0.218617,,0.238000,0.221467,,,0.138,230.6
1500,0.218667,0.24150000512599945,0.241500,0.221467,0.03749915584921837,0.4787079691886902,0.439,231.1
1501,0.217267,,0.241500,0.221467,,,0.135,231.2
1502,0.219767,,0.241500,0.221467,,,0.137,231.3
1503,0.218750,,0.241500,0.221467,,,0.138,231.5
1504,0.218700,,0.241500,0.221467,,,0.138,231.6
1505,0.217717,,0.241500,0.221467,,,0.139,231.7
1506,0.216817,,0.241500,0.221467,,,0.138,231.9
1507,0.218833,,0.241500,0.221467,,,0.142,232.0
1508,0.218300,,0.241500,0.221467,,,0.139,232.2
1509,0.217433,,0.241500,0.221467,,,0.138,232.3
1510,0.219250,,0.241500,0.221467,,,0.138,232.4
1511,0.220417,,0.241500,0.221467,,,0.204,232.6
1512,0.218767,,0.241500,0.221467,,,0.139,232.8
1513,0.218433,,0.241500,0.221467,,,0.137,232.9
1514,0.218117,,0.241500,0.221467,,,0.140,233.1
1515,0.220483,,0.241500,0.221467,,,0.138,233.2
1516,0.218217,,0.241500,0.221467,,,0.137,233.3
1517,0.218650,,0.241500,0.221467,,,0.137,233.5
1518,0.221033,,0.241500,0.221467,,,0.140,233.6
1519,0.220417,,0.241500,0.221467,,,0.138,233.7
1520,0.221167,,0.241500,0.221467,,,0.138,233.9
1521,0.220250,,0.241500,0.221467,,,0.151,234.0
1522,0.219417,,0.241500,0.221467,,,0.140,234.2
1523,0.219567,,0.241500,0.221467,,,0.141,234.3
1524,0.219100,,0.241500,0.221467,,,0.137,234.4
1525,0.220083,,0.241500,0.221467,,,0.138,234.6
1526,0.219900,,0.241500,0.221467,,,0.202,234.8
1527,0.218617,,0.241500,0.221467,,,0.138,234.9
1528,0.218517,,0.241500,0.221467,,,0.137,235.1
1529,0.218283,,0.241500,0.221467,,,0.136,235.2
1530,0.219800,,0.241500,0.221467,,,0.138,235.3
1531,0.220550,,0.241500,0.221467,,,0.138,235.5
1532,0.217817,,0.241500,0.221467,,,0.137,235.6
1533,0.218900,,0.241500,0.221467,,,0.137,235.8
1534,0.218683,,0.241500,0.221467,,,0.136,235.9
1535,0.221067,,0.241500,0.221467,,,0.137,236.0
1536,0.220183,,0.241500,0.221467,,,0.138,236.2
1537,0.220200,,0.241500,0.221467,,,0.138,236.3
1538,0.220933,,0.241500,0.221467,,,0.137,236.4
1539,0.221367,,0.241500,0.221467,,,0.138,236.6
1540,0.223333,,0.241500,0.223333,,,0.137,236.7
1541,0.221617,,0.241500,0.223333,,,0.207,236.9
1542,0.220283,,0.241500,0.223333,,,0.138,237.1
1543,0.222317,,0.241500,0.223333,,,0.138,237.2
1544,0.222767,,0.241500,0.223333,,,0.138,237.3
1545,0.221067,,0.241500,0.223333,,,0.137,237.5
1546,0.220617,,0.241500,0.223333,,,0.139,237.6
1547,0.221650,,0.241500,0.223333,,,0.138,237.7
1548,0.220833,,0.241500,0.223333,,,0.140,237.9
1549,0.219583,,0.241500,0.223333,,,0.139,238.0
1550,0.220133,,0.241500,0.223333,,,0.138,238.2
1551,0.219250,,0.241500,0.223333,,,0.139,238.3
1552,0.219550,,0.241500,0.223333,,,0.140,238.4
1553,0.219600,,0.241500,0.223333,,,0.137,238.6
1554,0.219200,,0.241500,0.223333,,,0.137,238.7
1555,0.221083,,0.241500,0.223333,,,0.139,238.9
1556,0.221683,,0.241500,0.223333,,,0.207,239.1
1557,0.221517,,0.241500,0.223333,,,0.137,239.2
1558,0.220167,,0.241500,0.223333,,,0.139,239.3
1559,0.220500,,0.241500,0.223333,,,0.138,239.5
1560,0.220583,,0.241500,0.223333,,,0.137,239.6
1561,0.218600,,0.241500,0.223333,,,0.139,239.8
1562,0.222233,,0.241500,0.223333,,,0.137,239.9
1563,0.221067,,0.241500,0.223333,,,0.138,240.0
1564,0.222050,,0.241500,0.223333,,,0.138,240.2
1565,0.222000,,0.241500,0.223333,,,0.139,240.3
1566,0.219767,,0.241500,0.223333,,,0.140,240.4
1567,0.221417,,0.241500,0.223333,,,0.138,240.6
1568,0.222200,,0.241500,0.223333,,,0.139,240.7
1569,0.221050,,0.241500,0.223333,,,0.141,240.9
1570,0.219100,,0.241500,0.223333,,,0.138,241.0
1571,0.221617,,0.241500,0.223333,,,0.206,241.2
1572,0.223083,,0.241500,0.223333,,,0.138,241.3
1573,0.222850,,0.241500,0.223333,,,0.137,241.5
1574,0.221083,,0.241500,0.223333,,,0.139,241.6
1575,0.222517,,0.241500,0.223333,,,0.138,241.8
1576,0.222250,,0.241500,0.223333,,,0.137,241.9
1577,0.223017,,0.241500,0.223333,,,0.138,242.0
1578,0.219767,,0.241500,0.223333,,,0.137,242.2
1579,0.222983,,0.241500,0.223333,,,0.138,242.3
1580,0.222067,,0.241500,0.223333,,,0.136,242.4
1581,0.222417,,0.241500,0.223333,,,0.138,242.6
1582,0.220400,,0.241500,0.223333,,,0.138,242.7
1583,0.222617,,0.241500,0.223333,,,0.138,242.9
1584,0.223400,,0.241500,0.223400,,,0.137,243.0
1585,0.223583,,0.241500,0.223583,,,0.137,243.1
1586,0.222233,,0.241500,0.223583,,,0.202,243.3
1587,0.223483,,0.241500,0.223583,,,0.138,243.5
1588,0.221217,,0.241500,0.223583,,,0.138,243.6
1589,0.223917,,0.241500,0.223917,,,0.138,243.8
1590,0.222850,,0.241500,0.223917,,,0.139,243.9
1591,0.221350,,0.241500,0.223917,,,0.140,244.0
1592,0.224300,,0.241500,0.224300,,,0.138,244.2
1593,0.223650,,0.241500,0.224300,,,0.137,244.3
1594,0.222850,,0.241500,0.224300,,,0.136,244.4
1595,0.221750,,0.241500,0.224300,,,0.137,244.6
1596,0.222083,,0.241500,0.224300,,,0.139,244.7
1597,0.221467,,0.241500,0.224300,,,0.139,244.9
1598,0.224100,,0.241500,0.224300,,,0.137,245.0
1599,0.222583,,0.241500,0.224300,,,0.144,245.1
1600,0.223800,0.24900001287460327,0.249000,0.224300,0.0355239100754261,0.49779996275901794,0.442,245.6
1601,0.223600,,0.249000,0.224300,,,0.202,245.8
1602,0.222433,,0.249000,0.224300,,,0.138,245.9
1603,0.225533,,0.249000,0.225533,,,0.137,246.1
1604,0.223933,,0.249000,0.225533,,,0.139,246.2
1605,0.225167,,0.249000,0.225533,,,0.138,246.3
1606,0.224450,,0.249000,0.225533,,,0.138,246.5
1607,0.223650,,0.249000,0.225533,,,0.137,246.6
1608,0.225633,,0.249000,0.225633,,,0.137,246.7
1609,0.224583,,0.249000,0.225633,,,0.138,246.9
1610,0.225700,,0.249000,0.225700,,,0.137,247.0
1611,0.224133,,0.249000,0.225700,,,0.139,247.2
1612,0.224217,,0.249000,0.225700,,,0.137,247.3
1613,0.223550,,0.249000,0.225700,,,0.177,247.5
1614,0.224550,,0.249000,0.225700,,,0.139,247.6
1615,0.223050,,0.249000,0.225700,,,0.139,247.8
1616,0.224333,,0.249000,0.225700,,,0.139,247.9
1617,0.221867,,0.249000,0.225700,,,0.139,248.0
1618,0.222617,,0.249000,0.225700,,,0.138,248.2
1619,0.223600,,0.249000,0.225700,,,0.137,248.3
1620,0.222567,,0.249000,0.225700,,,0.138,248.4
1621,0.224767,,0.249000,0.225700,,,0.138,248.6
1622,0.225433,,0.249000,0.225700,,,0.140,248.7
1623,0.224717,,0.249000,0.225700,,,0.141,248.9
1624,0.225300,,0.249000,0.225700,,,0.137,249.0
1625,0.226000,,0.249000,0.226000,,,0.137,249.1
1626,0.224400,,0.249000,0.226000,,,0.138,249.3
1627,0.223600,,0.249000,0.226000,,,0.142,249.4
1628,0.225067,,0.249000,0.226000,,,0.204,249.6
1629,0.223400,,0.249000,0.226000,,,0.139,249.8
1630,0.223283,,0.249000,0.226000,,,0.139,249.9
1631,0.224383,,0.249000,0.226000,,,0.137,250.0
1632,0.223783,,0.249000,0.226000,,,0.139,250.2
1633,0.223700,,0.249000,0.226000,,,0.139,250.3
1634,0.223767,,0.249000,0.226000,,,0.138,250.5
1635,0.222900,,0.249000,0.226000,,,0.138,250.6
1636,0.222583,,0.249000,0.226000,,,0.139,250.7
1637,0.224783,,0.249000,0.226000,,,0.137,250.9
1638,0.224950,,0.249000,0.226000,,,0.137,251.0
1639,0.224300,,0.249000,0.226000,,,0.141,251.1
1640,0.223733,,0.249000,0.226000,,,0.141,251.3
1641,0.224167,,0.249000,0.226000,,,0.140,251.4
1642,0.222233,,0.249000,0.226000,,,0.137,251.6
1643,0.225767,,0.249000,0.226000,,,0.204,251.8
1644,0.224983,,0.249000,0.226000,,,0.137,251.9
1645,0.224717,,0.249000,0.226000,,,0.138,252.0
1646,0.225267,,0.249000,0.226000,,,0.137,252.2
1647,0.225667,,0.249000,0.226000,,,0.138,252.3
1648,0.224567,,0.249000,0.226000,,,0.139,252.5
1649,0.225983,,0.249000,0.226000,,,0.139,252.6
1650,0.226183,,0.249000,0.226183,,,0.139,252.7
1651,0.227100,,0.249000,0.227100,,,0.139,252.9
1652,0.226667,,0.249000,0.227100,,,0.136,253.0
1653,0.226517,,0.249000,0.227100,,,0.138,253.1
1654,0.227333,,0.249000,0.227333,,,0.137,253.3
1655,0.223983,,0.249000,0.227333,,,0.139,253.4
1656,0.226017,,0.249000,0.227333,,,0.140,253.6
1657,0.224817,,0.249000,0.227333,,,0.148,253.7
1658,0.225050,,0.249000,0.227333,,,0.211,253.9
1659,0.226350,,0.249000,0.227333,,,0.142,254.1
1660,0.225567,,0.249000,0.227333,,,0.139,254.2
1661,0.225783,,0.249000,0.227333,,,0.138,254.3
1662,0.225050,,0.249000,0.227333,,,0.139,254.5
1663,0.226883,,0.249000,0.227333,,,0.138,254.6
1664,0.226083,,0.249000,0.227333,,,0.139,254.8
1665,0.225133,,0.249000,0.227333,,,0.141,254.9
1666,0.225500,,0.249000,0.227333,,,0.151,255.0
1667,0.225933,,0.249000,0.227333,,,0.142,255.2
1668,0.226383,,0.249000,0.227333,,,0.141,255.3
1669,0.225717,,0.249000,0.227333,,,0.147,255.5
1670,0.226017,,0.249000,0.227333,,,0.146,255.6
1671,0.225867,,0.249000,0.227333,,,0.144,255.8
1672,0.225517,,0.249000,0.227333,,,0.149,255.9
1673,0.226600,,0.249000,0.227333,,,0.148,256.1
1674,0.225833,,0.249000,0.227333,,,0.142,256.2
1675,0.228100,,0.249000,0.228100,,,0.138,256.3
1676,0.226817,,0.249000,0.228100,,,0.136,256.5
1677,0.226483,,0.249000,0.228100,,,0.137,256.6
1678,0.227633,,0.249000,0.228100,,,0.140,256.8
1679,0.226800,,0.249000,0.228100,,,0.141,256.9
1680,0.226950,,0.249000,0.228100,,,0.138,257.0
1681,0.228850,,0.249000,0.228850,,,0.137,257.2
1682,0.226317,,0.249000,0.228850,,,0.138,257.3
1683,0.225833,,0.249000,0.228850,,,0.138,257.4
1684,0.226800,,0.249000,0.228850,,,0.185,257.6
1685,0.227017,,0.249000,0.228850,,,0.135,257.8
1686,0.226917,,0.249000,0.228850,,,0.186,258.0
1687,0.226400,,0.249000,0.228850,,,0.138,258.1
1688,0.227883,,0.249000,0.228850,,,0.138,258.2
1689,0.226533,,0.249000,0.228850,,,0.139,258.4
1690,0.227267,,0.249000,0.228850,,,0.139,258.5
1691,0.227250,,0.249000,0.228850,,,0.136,258.6
1692,0.225583,,0.249000,0.228850,,,0.137,258.8
1693,0.226933,,0.249000,0.228850,,,0.137,258.9
1694,0.229733,,0.249000,0.229733,,,0.163,259.1
1695,0.226817,,0.249000,0.229733,,,0.138,259.2
1696,0.227050,,0.249000,0.229733,,,0.137,259.4
1697,0.225983,,0.249000,0.229733,,,0.138,259.5
1698,0.226600,,0.249000,0.229733,,,0.138,259.6
1699,0.226217,,0.249000,0.229733,,,0.137,259.8
1700,0.226267,0.24150000512599945,0.249000,0.229733,0.03560829162597656,0.5263971090316772,0.435,260.2
1701,0.227700,,0.249000,0.229733,,,0.199,260.4
1702,0.226817,,0.249000,0.229733,,,0.138,260.5
1703,0.227683,,0.249000,0.229733,,,0.138,260.7
1704,0.227517,,0.249000,0.229733,,,0.136,260.8
1705,0.227883,,0.249000,0.229733,,,0.138,261.0
1706,0.226133,,0.249000,0.229733,,,0.137,261.1
1707,0.227650,,0.249000,0.229733,,,0.138,261.2
1708,0.227433,,0.249000,0.229733,,,0.140,261.4
1709,0.224133,,0.249000,0.229733,,,0.138,261.5
1710,0.228167,,0.249000,0.229733,,,0.139,261.6
1711,0.226633,,0.249000,0.229733,,,0.135,261.8
1712,0.229250,,0.249000,0.229733,,,0.137,261.9
1713,0.227183,,0.249000,0.229733,,,0.139,262.1
1714,0.227817,,0.249000,0.229733,,,0.203,262.3
1715,0.229683,,0.249000,0.229733,,,0.138,262.4
1716,0.228667,,0.249000,0.229733,,,0.138,262.5
1717,0.228700,,0.249000,0.229733,,,0.139,262.7
1718,0.226800,,0.249000,0.229733,,,0.136,262.8
1719,0.229150,,0.249000,0.229733,,,0.138,262.9
1720,0.228117,,0.249000,0.229733,,,0.137,263.1
1721,0.226383,,0.249000,0.229733,,,0.137,263.2
1722,0.228117,,0.249000,0.229733,,,0.136,263.4
1723,0.227867,,0.249000,0.229733,,,0.139,263.5
1724,0.230700,,0.249000,0.230700,,,0.138,263.6
1725,0.229133,,0.249000,0.230700,,,0.137,263.8
1726,0.229767,,0.249000,0.230700,,,0.140,263.9
1727,0.229850,,0.249000,0.230700,,,0.139,264.1
1728,0.229367,,0.249000,0.230700,,,0.138,264.2
1729,0.228317,,0.249000,0.230700,,,0.204,264.4
1730,0.229133,,0.249000,0.230700,,,0.138,264.5
1731,0.227683,,0.249000,0.230700,,,0.136,264.7
1732,0.228133,,0.249000,0.230700,,,0.138,264.8
1733,0.228000,,0.249000,0.230700,,,0.138,264.9
1734,0.227083,,0.249000,0.230700,,,0.138,265.1
1735,0.227283,,0.249000,0.230700,,,0.139,265.2
1736,0.228133,,0.249000,0.230700,,,0.137,265.4
1737,0.227167,,0.249000,0.230700,,,0.138,265.5
1738,0.229367,,0.249000,0.230700,,,0.137,265.6
1739,0.229650,,0.249000,0.230700,,,0.138,265.8
1740,0.229350,,0.249000,0.230700,,,0.137,265.9
1741,0.228217,,0.249000,0.230700,,,0.138,266.0
1742,0.229100,,0.249000,0.230700,,,0.137,266.2
1743,0.227750,,0.249000,0.230700,,,0.138,266.3
1744,0.227100,,0.249000,0.230700,,,0.204,266.5
1745,0.229267,,0.249000,0.230700,,,0.140,266.7
1746,0.229300,,0.249000,0.230700,,,0.139,266.8
1747,0.228683,,0.249000,0.230700,,,0.138,266.9
1748,0.228633,,0.249000,0.230700,,,0.139,267.1
1749,0.231517,,0.249000,0.231517,,,0.138,267.2
1750,0.229933,,0.249000,0.231517,,,0.141,267.4
1751,0.228800,,0.249000,0.231517,,,0.137,267.5
1752,0.229950,,0.249000,0.231517,,,0.140,267.6
1753,0.229950,,0.249000,0.231517,,,0.140,267.8
1754,0.231000,,0.249000,0.231517,,,0.141,267.9
1755,0.231017,,0.249000,0.231517,,,0.139,268.1
1756,0.231267,,0.249000,0.231517,,,0.139,268.2
1757,0.230350,,0.249000,0.231517,,,0.138,268.3
1758,0.228933,,0.249000,0.231517,,,0.140,268.5
1759,0.232017,,0.249000,0.232017,,,0.206,268.7
1760,0.228267,,0.249000,0.232017,,,0.140,268.8
1761,0.229567,,0.249000,0.232017,,,0.138,269.0
1762,0.229233,,0.249000,0.232017,,,0.140,269.1
1763,0.228317,,0.249000,0.232017,,,0.140,269.2
1764,0.230367,,0.249000,0.232017,,,0.140,269.4
1765,0.227867,,0.249000,0.232017,,,0.139,269.5
1766,0.227867,,0.249000,0.232017,,,0.141,269.7
1767,0.228450,,0.249000,0.232017,,,0.141,269.8
1768,0.228683,,0.249000,0.232017,,,0.138,269.9
1769,0.228267,,0.249000,0.232017,,,0.140,270.1
1770,0.226617,,0.249000,0.232017,,,0.138,270.2
1771,0.226733,,0.249000,0.232017,,,0.139,270.3
1772,0.227917,,0.249000,0.232017,,,0.137,270.5
1773,0.229350,,0.249000,0.232017,,,0.140,270.6
1774,0.230217,,0.249000,0.232017,,,0.205,270.8
1775,0.230033,,0.249000,0.232017,,,0.139,271.0
1776,0.229867,,0.249000,0.232017,,,0.139,271.1
1777,0.230317,,0.249000,0.232017,,,0.136,271.2
1778,0.230617,,0.249000,0.232017,,,0.142,271.4
1779,0.231800,,0.249000,0.232017,,,0.145,271.5
1780,0.229833,,0.249000,0.232017,,,0.137,271.7
1781,0.230667,,0.249000,0.232017,,,0.139,271.8
1782,0.232217,,0.249000,0.232217,,,0.138,271.9
1783,0.232817,,0.249000,0.232817,,,0.138,272.1
1784,0.229617,,0.249000,0.232817,,,0.139,272.2
1785,0.231317,,0.249000,0.232817,,,0.139,272.4
1786,0.231850,,0.249000,0.232817,,,0.139,272.5
1787,0.229867,,0.249000,0.232817,,,0.144,272.6
1788,0.232133,,0.249000,0.232817,,,0.149,272.8
1789,0.230917,,0.249000,0.232817,,,0.213,273.0
1790,0.232300,,0.249000,0.232817,,,0.145,273.2
1791,0.227883,,0.249000,0.232817,,,0.145,273.3
1792,0.229533,,0.249000,0.232817,,,0.144,273.4
1793,0.230133,,0.249000,0.232817,,,0.139,273.6
1794,0.228683,,0.249000,0.232817,,,0.140,273.7
1795,0.230917,,0.249000,0.232817,,,0.138,273.9
1796,0.228467,,0.249000,0.232817,,,0.150,274.0
1797,0.231050,,0.249000,0.232817,,,0.138,274.1
1798,0.230033,,0.249000,0.232817,,,0.138,274.3
1799,0.229883,,0.249000,0.232817,,,0.137,274.4
1800,0.229283,0.2485000044107437,0.249000,0.232817,0.03570421040058136,0.5403614044189453,0.450,274.9
1801,0.231400,,0.249000,0.232817,,,0.142,275.0
1802,0.230283,,0.249000,0.232817,,,0.137,275.1
1803,0.232067,,0.249000,0.232817,,,0.137,275.3
1804,0.230667,,0.249000,0.232817,,,0.138,275.4
1805,0.231300,,0.249000,0.232817,,,0.138,275.6
1806,0.234167,,0.249000,0.234167,,,0.138,275.7
1807,0.232600,,0.249000,0.234167,,,0.141,275.8
1808,0.230683,,0.249000,0.234167,,,0.138,276.0
1809,0.232167,,0.249000,0.234167,,,0.138,276.1
1810,0.233750,,0.249000,0.234167,,,0.138,276.3
1811,0.231483,,0.249000,0.234167,,,0.138,276.4
1812,0.233567,,0.249000,0.234167,,,0.136,276.5
1813,0.234350,,0.249000,0.234350,,,0.137,276.7
1814,0.233533,,0.249000,0.234350,,,0.138,276.8
1815,0.233400,,0.249000,0.234350,,,0.144,276.9
1816,0.232183,,0.249000,0.234350,,,0.204,277.2
1817,0.232033,,0.249000,0.234350,,,0.138,277.3
1818,0.231583,,0.249000,0.234350,,,0.138,277.4
1819,0.230483,,0.249000,0.234350,,,0.139,277.6
1820,0.230967,,0.249000,0.234350,,,0.138,277.7
1821,0.231967,,0.249000,0.234350,,,0.137,277.8
1822,0.232583,,0.249000,0.234350,,,0.136,278.0
1823,0.232467,,0.249000,0.234350,,,0.138,278.1
1824,0.232333,,0.249000,0.234350,,,0.136,278.3
1825,0.233133,,0.249000,0.234350,,,0.137,278.4
1826,0.232000,,0.249000,0.234350,,,0.138,278.5
1827,0.234333,,0.249000,0.234350,,,0.137,278.7
1828,0.234350,,0.249000,0.234350,,,0.138,278.8
1829,0.233783,,0.249000,0.234350,,,0.138,278.9
1830,0.235500,,0.249000,0.235500,,,0.142,279.1
1831,0.233867,,0.249000,0.235500,,,0.203,279.3
1832,0.234283,,0.249000,0.235500,,,0.140,279.4
1833,0.235033,,0.249000,0.235500,,,0.138,279.6
1834,0.235783,,0.249000,0.235783,,,0.138,279.7
1835,0.234967,,0.249000,0.235783,,,0.139,279.8
1836,0.235200,,0.249000,0.235783,,,0.138,280.0
1837,0.234767,,0.249000,0.235783,,,0.138,280.1
1838,0.233083,,0.249000,0.235783,,,0.137,280.3
1839,0.234867,,0.249000,0.235783,,,0.140,280.4
1840,0.233817,,0.249000,0.235783,,,0.138,280.5
1841,0.232167,,0.249000,0.235783,,,0.138,280.7
1842,0.234883,,0.249000,0.235783,,,0.139,280.8
1843,0.234017,,0.249000,0.235783,,,0.138,280.9
1844,0.232900,,0.249000,0.235783,,,0.138,281.1
1845,0.233850,,0.249000,0.235783,,,0.150,281.2
1846,0.234983,,0.249000,0.235783,,,0.205,281.4
1847,0.232300,,0.249000,0.235783,,,0.138,281.6
1848,0.235333,,0.249000,0.235783,,,0.138,281.7
1849,0.235600,,0.249000,0.235783,,,0.138,281.9
1850,0.234417,,0.249000,0.235783,,,0.137,282.0
1851,0.235317,,0.249000,0.235783,,,0.137,282.1
1852,0.234917,,0.249000,0.235783,,,0.139,282.3
1853,0.232917,,0.249000,0.235783,,,0.138,282.4
1854,0.233467,,0.249000,0.235783,,,0.137,282.5
1855,0.234900,,0.249000,0.235783,,,0.138,282.7
1856,0.232617,,0.249000,0.235783,,,0.137,282.8
1857,0.234867,,0.249000,0.235783,,,0.136,283.0
1858,0.233450,,0.249000,0.235783,,,0.137,283.1
1859,0.235150,,0.249000,0.235783,,,0.139,283.2
1860,0.232333,,0.249000,0.235783,,,0.137,283.4
1861,0.235400,,0.249000,0.235783,,,0.202,283.6
1862,0.234333,,0.249000,0.235783,,,0.141,283.7
1863,0.233783,,0.249000,0.235783,,,0.137,283.8
1864,0.234200,,0.249000,0.235783,,,0.138,284.0
1865,0.234783,,0.249000,0.235783,,,0.138,284.1
1866,0.235450,,0.249000,0.235783,,,0.138,284.3
1867,0.234117,,0.249000,0.235783,,,0.136,284.4
1868,0.233400,,0.249000,0.235783,,,0.137,284.5
1869,0.233150,,0.249000,0.235783,,,0.138,284.7
1870,0.234633,,0.249000,0.235783,,,0.139,284.8
1871,0.236067,,0.249000,0.236067,,,0.138,284.9
1872,0.233133,,0.249000,0.236067,,,0.137,285.1
1873,0.232867,,0.249000,0.236067,,,0.138,285.2
1874,0.233550,,0.249000,0.236067,,,0.138,285.4
1875,0.233467,,0.249000,0.236067,,,0.140,285.5
1876,0.233983,,0.249000,0.236067,,,0.204,285.7
1877,0.232100,,0.249000,0.236067,,,0.138,285.8
1878,0.233650,,0.249000,0.236067,,,0.138,286.0
1879,0.233367,,0.249000,0.236067,,,0.137,286.1
1880,0.235000,,0.249000,0.236067,,,0.137,286.3
1881,0.232417,,0.249000,0.236067,,,0.138,286.4
1882,0.233917,,0.249000,0.236067,,,0.137,286.5
1883,0.232700,,0.249000,0.236067,,,0.138,286.7
1884,0.233550,,0.249000,0.236067,,,0.138,286.8
1885,0.230417,,0.249000,0.236067,,,0.141,286.9
1886,0.231050,,0.249000,0.236067,,,0.196,287.1
1887,0.233800,,0.249000,0.236067,,,0.140,287.3
1888,0.234817,,0.249000,0.236067,,,0.139,287.4
1889,0.232817,,0.249000,0.236067,,,0.139,287.6
1890,0.233167,,0.249000,0.236067,,,0.138,287.7
1891,0.232583,,0.249000,0.236067,,,0.202,287.9
1892,0.233667,,0.249000,0.236067,,,0.139,288.0
1893,0.233550,,0.249000,0.236067,,,0.138,288.2
1894,0.234033,,0.249000,0.236067,,,0.140,288.3
1895,0.235233,,0.249000,0.236067,,,0.137,288.5
1896,0.233633,,0.249000,0.236067,,,0.138,288.6
1897,0.233983,,0.249000,0.236067,,,0.136,288.7
1898,0.234967,,0.249000,0.236067,,,0.138,288.9
1899,0.233817,,0.249000,0.236067,,,0.137,289.0
1900,0.235150,0.25450000166893005,0.254500,0.236067,0.034032780677080154,0.5419237613677979,0.433,289.4
1901,0.232817,,0.254500,0.236067,,,0.136,289.6
1902,0.234900,,0.254500,0.236067,,,0.139,289.7
1903,0.231617,,0.254500,0.236067,,,0.138,289.8
1904,0.233233,,0.254500,0.236067,,,0.203,290.1
1905,0.232217,,0.254500,0.236067,,,0.139,290.2
1906,0.233783,,0.254500,0.236067,,,0.137,290.3
1907,0.235800,,0.254500,0.236067,,,0.138,290.5
1908,0.233550,,0.254500,0.236067,,,0.139,290.6
1909,0.233633,,0.254500,0.236067,,,0.137,290.7
1910,0.233100,,0.254500,0.236067,,,0.137,290.9
1911,0.234433,,0.254500,0.236067,,,0.137,291.0
1912,0.234700,,0.254500,0.236067,,,0.138,291.2
1913,0.236400,,0.254500,0.236400,,,0.148,291.3
1914,0.234333,,0.254500,0.236400,,,0.139,291.4
1915,0.235450,,0.254500,0.236400,,,0.137,291.6
1916,0.235633,,0.254500,0.236400,,,0.137,291.7
1917,0.234950,,0.254500,0.236400,,,0.139,291.9
1918,0.237633,,0.254500,0.237633,,,0.148,292.0
1919,0.234750,,0.254500,0.237633,,,0.205,292.2
1920,0.234267,,0.254500,0.237633,,,0.139,292.3
1921,0.235917,,0.254500,0.237633,,,0.138,292.5
1922,0.237017,,0.254500,0.237633,,,0.138,292.6
1923,0.235933,,0.254500,0.237633,,,0.137,292.8
1924,0.234900,,0.254500,0.237633,,,0.139,292.9
1925,0.237083,,0.254500,0.237633,,,0.139,293.0
1926,0.237200,,0.254500,0.237633,,,0.137,293.2
1927,0.235733,,0.254500,0.237633,,,0.137,293.3
1928,0.235867,,0.254500,0.237633,,,0.139,293.5
1929,0.235233,,0.254500,0.237633,,,0.139,293.6
1930,0.236667,,0.254500,0.237633,,,0.138,293.7
1931,0.236950,,0.254500,0.237633,,,0.138,293.9
1932,0.236133,,0.254500,0.237633,,,0.138,294.0
1933,0.235400,,0.254500,0.237633,,,0.139,294.1
1934,0.235667,,0.254500,0.237633,,,0.203,294.3
1935,0.235017,,0.254500,0.237633,,,0.142,294.5
1936,0.234900,,0.254500,0.237633,,,0.139,294.6
1937,0.236183,,0.254500,0.237633,,,0.137,294.8
1938,0.235550,,0.254500,0.237633,,,0.138,294.9
1939,0.236500,,0.254500,0.237633,,,0.139,295.0
1940,0.235833,,0.254500,0.237633,,,0.137,295.2
1941,0.234600,,0.254500,0.237633,,,0.139,295.3
1942,0.235883,,0.254500,0.237633,,,0.140,295.5
1943,0.236183,,0.254500,0.237633,,,0.140,295.6
1944,0.236867,,0.254500,0.237633,,,0.136,295.7
1945,0.234067,,0.254500,0.237633,,,0.138,295.9
1946,0.235633,,0.254500,0.237633,,,0.138,296.0
1947,0.235733,,0.254500,0.237633,,,0.139,296.1
1948,0.235967,,0.254500,0.237633,,,0.137,296.3
1949,0.235883,,0.254500,0.237633,,,0.205,296.5
1950,0.236783,,0.254500,0.237633,,,0.140,296.6
1951,0.236300,,0.254500,0.237633,,,0.139,296.8
1952,0.235700,,0.254500,0.237633,,,0.140,296.9
1953,0.237317,,0.254500,0.237633,,,0.139,297.0
1954,0.237483,,0.254500,0.237633,,,0.141,297.2
1955,0.236400,,0.254500,0.237633,,,0.139,297.3
1956,0.237933,,0.254500,0.237933,,,0.139,297.5
1957,0.236500,,0.254500,0.237933,,,0.141,297.6
1958,0.235983,,0.254500,0.237933,,,0.138,297.7
1959,0.236683,,0.254500,0.237933,,,0.139,297.9
1960,0.235633,,0.254500,0.237933,,,0.137,298.0
1961,0.236117,,0.254500,0.237933,,,0.139,298.2
1962,0.233950,,0.254500,0.237933,,,0.139,298.3
1963,0.233967,,0.254500,0.237933,,,0.139,298.4
1964,0.235383,,0.254500,0.237933,,,0.205,298.6
1965,0.234417,,0.254500,0.237933,,,0.136,298.8
1966,0.234750,,0.254500,0.237933,,,0.139,298.9
1967,0.235000,,0.254500,0.237933,,,0.137,299.1
1968,0.236050,,0.254500,0.237933,,,0.138,299.2
1969,0.236750,,0.254500,0.237933,,,0.138,299.3
1970,0.233200,,0.254500,0.237933,,,0.136,299.5
1971,0.234600,,0.254500,0.237933,,,0.137,299.6
1972,0.237217,,0.254500,0.237933,,,0.137,299.7
1973,0.237167,,0.254500,0.237933,,,0.139,299.9
1974,0.237417,,0.254500,0.237933,,,0.137,300.0
1975,0.236800,,0.254500,0.237933,,,0.138,300.2
1976,0.238133,,0.254500,0.238133,,,0.137,300.3
1977,0.237667,,0.254500,0.238133,,,0.138,300.4
1978,0.237050,,0.254500,0.238133,,,0.139,300.6
1979,0.239033,,0.254500,0.239033,,,0.204,300.8
1980,0.238333,,0.254500,0.239033,,,0.138,300.9
1981,0.236950,,0.254500,0.239033,,,0.150,301.1
1982,0.237983,,0.254500,0.239033,,,0.139,301.2
1983,0.236200,,0.254500,0.239033,,,0.139,301.3
1984,0.235250,,0.254500,0.239033,,,0.138,301.5
1985,0.234900,,0.254500,0.239033,,,0.139,301.6
1986,0.237367,,0.254500,0.239033,,,0.136,301.8
1987,0.236000,,0.254500,0.239033,,,0.140,301.9
1988,0.235250,,0.254500,0.239033,,,0.137,302.0
1989,0.234667,,0.254500,0.239033,,,0.139,302.2
1990,0.237300,,0.254500,0.239033,,,0.136,302.3
1991,0.235033,,0.254500,0.239033,,,0.138,302.4
1992,0.234600,,0.254500,0.239033,,,0.138,302.6
1993,0.233217,,0.254500,0.239033,,,0.139,302.7
1994,0.235133,,0.254500,0.239033,,,0.202,302.9
1995,0.235017,,0.254500,0.239033,,,0.137,303.1
1996,0.235350,,0.254500,0.239033,,,0.139,303.2
1997,0.236050,,0.254500,0.239033,,,0.138,303.3
1998,0.234867,,0.254500,0.239033,,,0.139,303.5
1999,0.235533,,0.254500,0.239033,,,0.136,303.6
2000,0.235900,0.2590000033378601,0.259000,0.239033,0.034862346947193146,0.5406245589256287,0.444,304.1
2001,0.237200,,0.259000,0.239033,,,0.137,304.2
2002,0.237000,,0.259000,0.239033,,,0.141,304.3
2003,0.237267,,0.259000,0.239033,,,0.138,304.5
2004,0.236617,,0.259000,0.239033,,,0.138,304.6
2005,0.236950,,0.259000,0.239033,,,0.138,304.7
2006,0.236067,,0.259000,0.239033,,,0.141,304.9
2007,0.236833,,0.259000,0.239033,,,0.203,305.1
2008,0.237367,,0.259000,0.239033,,,0.138,305.2
2009,0.237050,,0.259000,0.239033,,,0.137,305.4
2010,0.234517,,0.259000,0.239033,,,0.139,305.5
2011,0.236483,,0.259000,0.239033,,,0.137,305.6
2012,0.235300,,0.259000,0.239033,,,0.138,305.8
2013,0.236983,,0.259000,0.239033,,,0.137,305.9
2014,0.237367,,0.259000,0.239033,,,0.136,306.1
2015,0.236083,,0.259000,0.239033,,,0.138,306.2
2016,0.237633,,0.259000,0.239033,,,0.137,306.3
2017,0.234833,,0.259000,0.239033,,,0.139,306.5
2018,0.236117,,0.259000,0.239033,,,0.138,306.6
2019,0.236433,,0.259000,0.239033,,,0.138,306.7
2020,0.236383,,0.259000,0.239033,,,0.137,306.9
2021,0.234967,,0.259000,0.239033,,,0.137,307.0
2022,0.235450,,0.259000,0.239033,,,0.204,307.2
2023,0.235300,,0.259000,0.239033,,,0.138,307.4
2024,0.236617,,0.259000,0.239033,,,0.139,307.5
2025,0.236817,,0.259000,0.239033,,,0.138,307.6
2026,0.237750,,0.259000,0.239033,,,0.138,307.8
2027,0.235000,,0.259000,0.239033,,,0.137,307.9
2028,0.238217,,0.259000,0.239033,,,0.138,308.0
2029,0.236483,,0.259000,0.239033,,,0.138,308.2
2030,0.237950,,0.259000,0.239033,,,0.139,308.3
2031,0.236950,,0.259000,0.239033,,,0.137,308.5
2032,0.236717,,0.259000,0.239033,,,0.138,308.6
2033,0.235567,,0.259000,0.239033,,,0.139,308.7
2034,0.237800,,0.259000,0.239033,,,0.138,308.9
2035,0.237783,,0.259000,0.239033,,,0.138,309.0
2036,0.237317,,0.259000,0.239033,,,0.140,309.2
2037,0.235833,,0.259000,0.239033,,,0.203,309.4
2038,0.236583,,0.259000,0.239033,,,0.140,309.5
2039,0.237750,,0.259000,0.239033,,,0.139,309.6
2040,0.238583,,0.259000,0.239033,,,0.138,309.8
2041,0.236533,,0.259000,0.239033,,,0.137,309.9
2042,0.237183,,0.259000,0.239033,,,0.137,310.1
2043,0.235417,,0.259000,0.239033,,,0.137,310.2
2044,0.238967,,0.259000,0.239033,,,0.137,310.3
2045,0.235867,,0.259000,0.239033,,,0.137,310.5
2046,0.237050,,0.259000,0.239033,,,0.138,310.6
2047,0.236767,,0.259000,0.239033,,,0.138,310.7
2048,0.236717,,0.259000,0.239033,,,0.137,310.9
2049,0.235167,,0.259000,0.239033,,,0.137,311.0
2050,0.237450,,0.259000,0.239033,,,0.152,311.2
2051,0.237017,,0.259000,0.239033,,,0.138,311.3
2052,0.237500,,0.259000,0.239033,,,0.206,311.5
2053,0.237550,,0.259000,0.239033,,,0.139,311.6
2054,0.237867,,0.259000,0.239033,,,0.137,311.8
2055,0.237883,,0.259000,0.239033,,,0.139,311.9
2056,0.236817,,0.259000,0.239033,,,0.138,312.1
2057,0.236250,,0.259000,0.239033,,,0.136,312.2
2058,0.236733,,0.259000,0.239033,,,0.138,312.3
2059,0.237567,,0.259000,0.239033,,,0.138,312.5
2060,0.238500,,0.259000,0.239033,,,0.138,312.6
2061,0.237033,,0.259000,0.239033,,,0.137,312.7
2062,0.239033,,0.259000,0.239033,,,0.137,312.9
2063,0.236467,,0.259000,0.239033,,,0.137,313.0
2064,0.237700,,0.259000,0.239033,,,0.136,313.2
2065,0.236400,,0.259000,0.239033,,,0.137,313.3
2066,0.236967,,0.259000,0.239033,,,0.140,313.4
2067,0.236650,,0.259000,0.239033,,,0.204,313.6
2068,0.237200,,0.259000,0.239033,,,0.139,313.8
2069,0.237883,,0.259000,0.239033,,,0.138,313.9
2070,0.237233,,0.259000,0.239033,,,0.138,314.1
2071,0.236617,,0.259000,0.239033,,,0.138,314.2
2072,0.236317,,0.259000,0.239033,,,0.138,314.3
2073,0.238233,,0.259000,0.239033,,,0.137,314.5
2074,0.239100,,0.259000,0.239100,,,0.137,314.6
2075,0.237133,,0.259000,0.239100,,,0.138,314.7
2076,0.238817,,0.259000,0.239100,,,0.138,314.9
2077,0.236950,,0.259000,0.239100,,,0.139,315.0
2078,0.237917,,0.259000,0.239100,,,0.137,315.2
2079,0.237317,,0.259000,0.239100,,,0.138,315.3
2080,0.238900,,0.259000,0.239100,,,0.138,315.4
2081,0.238533,,0.259000,0.239100,,,0.136,315.6
2082,0.238617,,0.259000,0.239100,,,0.204,315.8
2083,0.238033,,0.259000,0.239100,,,0.136,315.9
2084,0.237067,,0.259000,0.239100,,,0.139,316.0
2085,0.237767,,0.259000,0.239100,,,0.138,316.2
2086,0.236967,,0.259000,0.239100,,,0.138,316.3
2087,0.237200,,0.259000,0.239100,,,0.137,316.5
2088,0.238483,,0.259000,0.239100,,,0.173,316.6
2089,0.236483,,0.259000,0.239100,,,0.139,316.8
2090,0.237283,,0.259000,0.239100,,,0.138,316.9
2091,0.236967,,0.259000,0.239100,,,0.135,317.0
2092,0.238767,,0.259000,0.239100,,,0.137,317.2
2093,0.236883,,0.259000,0.239100,,,0.136,317.3
2094,0.237183,,0.259000,0.239100,,,0.138,317.5
2095,0.238983,,0.259000,0.239100,,,0.171,317.6
2096,0.237717,,0.259000,0.239100,,,0.153,317.8
2097,0.236450,,0.259000,0.239100,,,0.139,317.9
2098,0.238933,,0.259000,0.239100,,,0.136,318.1
2099,0.238317,,0.259000,0.239100,,,0.139,318.2
2100,0.236967,0.2630000114440918,0.263000,0.239100,0.03397083282470703,0.5282818078994751,0.435,318.6
2101,0.238933,,0.263000,0.239100,,,0.134,318.8
2102,0.237517,,0.263000,0.239100,,,0.137,318.9
2103,0.238367,,0.263000,0.239100,,,0.137,319.0
2104,0.237467,,0.263000,0.239100,,,0.137,319.2
2105,0.239033,,0.263000,0.239100,,,0.136,319.3
2106,0.238617,,0.263000,0.239100,,,0.137,319.4
2107,0.238717,,0.263000,0.239100,,,0.139,319.6
2108,0.239083,,0.263000,0.239100,,,0.136,319.7
2109,0.239017,,0.263000,0.239100,,,0.204,319.9
2110,0.239317,,0.263000,0.239317,,,0.144,320.1
2111,0.240017,,0.263000,0.240017,,,0.148,320.2
2112,0.237567,,0.263000,0.240017,,,0.147,320.4
2113,0.236617,,0.263000,0.240017,,,0.145,320.5
2114,0.238683,,0.263000,0.240017,,,0.147,320.7
2115,0.238617,,0.263000,0.240017,,,0.146,320.8
2116,0.238217,,0.263000,0.240017,,,0.138,320.9
2117,0.237650,,0.263000,0.240017,,,0.136,321.1
2118,0.237483,,0.263000,0.240017,,,0.137,321.2
2119,0.238267,,0.263000,0.240017,,,0.137,321.3
2120,0.238450,,0.263000,0.240017,,,0.135,321.5
2121,0.239550,,0.263000,0.240017,,,0.137,321.6
2122,0.237633,,0.263000,0.240017,,,0.137,321.8
2123,0.238767,,0.263000,0.240017,,,0.136,321.9
2124,0.237717,,0.263000,0.240017,,,0.204,322.1
2125,0.239450,,0.263000,0.240017,,,0.137,322.2
2126,0.240583,,0.263000,0.240583,,,0.137,322.4
2127,0.237383,,0.263000,0.240583,,,0.136,322.5
2128,0.237217,,0.263000,0.240583,,,0.138,322.6
2129,0.237233,,0.263000,0.240583,,,0.136,322.8
2130,0.238600,,0.263000,0.240583,,,0.137,322.9
2131,0.237050,,0.263000,0.240583,,,0.148,323.1
2132,0.238950,,0.263000,0.240583,,,0.141,323.2
2133,0.238650,,0.263000,0.240583,,,0.140,323.3
2134,0.237683,,0.263000,0.240583,,,0.137,323.5
2135,0.239167,,0.263000,0.240583,,,0.138,323.6
2136,0.238467,,0.263000,0.240583,,,0.137,323.8
2137,0.238883,,0.263000,0.240583,,,0.137,323.9
2138,0.238433,,0.263000,0.240583,,,0.139,324.0
2139,0.238700,,0.263000,0.240583,,,0.202,324.2
2140,0.240417,,0.263000,0.240583,,,0.136,324.4
2141,0.238400,,0.263000,0.240583,,,0.138,324.5
2142,0.239683,,0.263000,0.240583,,,0.137,324.7
2143,0.240000,,0.263000,0.240583,,,0.137,324.8
2144,0.240217,,0.263000,0.240583,,,0.136,324.9
2145,0.240083,,0.263000,0.240583,,,0.138,325.1
2146,0.238383,,0.263000,0.240583,,,0.139,325.2
2147,0.238050,,0.263000,0.240583,,,0.137,325.3
2148,0.237917,,0.263000,0.240583,,,0.137,325.5
2149,0.237700,,0.263000,0.240583,,,0.138,325.6
2150,0.236750,,0.263000,0.240583,,,0.139,325.8
2151,0.238583,,0.263000,0.240583,,,0.139,325.9
2152,0.239433,,0.263000,0.240583,,,0.138,326.0
2153,0.238467,,0.263000,0.240583,,,0.138,326.2
2154,0.239700,,0.263000,0.240583,,,0.203,326.4
2155,0.238050,,0.263000,0.240583,,,0.139,326.5
2156,0.236617,,0.263000,0.240583,,,0.136,326.6
2157,0.237067,,0.263000,0.240583,,,0.139,326.8
2158,0.238767,,0.263000,0.240583,,,0.137,326.9
2159,0.237583,,0.263000,0.240583,,,0.137,327.1
2160,0.237617,,0.263000,0.240583,,,0.139,327.2
2161,0.237683,,0.263000,0.240583,,,0.138,327.3
2162,0.237383,,0.263000,0.240583,,,0.138,327.5
2163,0.236233,,0.263000,0.240583,,,0.136,327.6
2164,0.237533,,0.263000,0.240583,,,0.138,327.7
2165,0.237200,,0.263000,0.240583,,,0.137,327.9
2166,0.238300,,0.263000,0.240583,,,0.138,328.0
2167,0.238183,,0.263000,0.240583,,,0.138,328.2
2168,0.240500,,0.263000,0.240583,,,0.140,328.3
2169,0.239783,,0.263000,0.240583,,,0.205,328.5
2170,0.238533,,0.263000,0.240583,,,0.140,328.6
2171,0.237983,,0.263000,0.240583,,,0.139,328.8
2172,0.238167,,0.263000,0.240583,,,0.141,328.9
2173,0.237217,,0.263000,0.240583,,,0.141,329.1
2174,0.237733,,0.263000,0.240583,,,0.141,329.2
2175,0.238983,,0.263000,0.240583,,,0.139,329.3
2176,0.239283,,0.263000,0.240583,,,0.140,329.5
2177,0.239750,,0.263000,0.240583,,,0.140,329.6
2178,0.238500,,0.263000,0.240583,,,0.140,329.8
2179,0.238900,,0.263000,0.240583,,,0.139,329.9
2180,0.239433,,0.263000,0.240583,,,0.139,330.0
2181,0.238017,,0.263000,0.240583,,,0.139,330.2
2182,0.239833,,0.263000,0.240583,,,0.141,330.3
2183,0.239500,,0.263000,0.240583,,,0.139,330.5
2184,0.239983,,0.263000,0.240583,,,0.202,330.7
2185,0.239133,,0.263000,0.240583,,,0.137,330.8
2186,0.239283,,0.263000,0.240583,,,0.138,330.9
2187,0.238900,,0.263000,0.240583,,,0.139,331.1
2188,0.239367,,0.263000,0.240583,,,0.140,331.2
2189,0.237550,,0.263000,0.240583,,,0.139,331.4
2190,0.238267,,0.263000,0.240583,,,0.139,331.5
2191,0.239750,,0.263000,0.240583,,,0.140,331.6
2192,0.236517,,0.263000,0.240583,,,0.138,331.8
2193,0.238233,,0.263000,0.240583,,,0.139,331.9
2194,0.237500,,0.263000,0.240583,,,0.139,332.1
2195,0.240033,,0.263000,0.240583,,,0.138,332.2
2196,0.237550,,0.263000,0.240583,,,0.139,332.3
2197,0.239683,,0.263000,0.240583,,,0.138,332.5
2198,0.238500,,0.263000,0.240583,,,0.139,332.6
2199,0.237233,,0.263000,0.240583,,,0.205,332.8
2200,0.237533,0.26200002431869507,0.263000,0.240583,0.03434591740369797,0.5276909470558167,0.435,333.2
2201,0.238567,,0.263000,0.240583,,,0.136,333.4
2202,0.238850,,0.263000,0.240583,,,0.137,333.5
2203,0.239667,,0.263000,0.240583,,,0.136,333.7
2204,0.238383,,0.263000,0.240583,,,0.138,333.8
2205,0.239100,,0.263000,0.240583,,,0.138,333.9
2206,0.239733,,0.263000,0.240583,,,0.139,334.1
2207,0.239517,,0.263000,0.240583,,,0.137,334.2
2208,0.239833,,0.263000,0.240583,,,0.140,334.3
2209,0.240717,,0.263000,0.240717,,,0.136,334.5
2210,0.241583,,0.263000,0.241583,,,0.138,334.6
2211,0.240583,,0.263000,0.241583,,,0.147,334.8
2212,0.241567,,0.263000,0.241583,,,0.205,335.0
2213,0.239417,,0.263000,0.241583,,,0.139,335.1
2214,0.242683,,0.263000,0.242683,,,0.136,335.2
2215,0.242217,,0.263000,0.242683,,,0.138,335.4
2216,0.239700,,0.263000,0.242683,,,0.138,335.5
2217,0.239033,,0.263000,0.242683,,,0.139,335.7
2218,0.239517,,0.263000,0.242683,,,0.140,335.8
2219,0.239017,,0.263000,0.242683,,,0.137,335.9
2220,0.237750,,0.263000,0.242683,,,0.136,336.1
2221,0.239767,,0.263000,0.242683,,,0.138,336.2
2222,0.239417,,0.263000,0.242683,,,0.137,336.4
2223,0.241250,,0.263000,0.242683,,,0.137,336.5
2224,0.238883,,0.263000,0.242683,,,0.138,336.6
2225,0.241133,,0.263000,0.242683,,,0.138,336.8
2226,0.241417,,0.263000,0.242683,,,0.147,336.9
2227,0.239517,,0.263000,0.242683,,,0.202,337.1
2228,0.241483,,0.263000,0.242683,,,0.140,337.3
2229,0.241500,,0.263000,0.242683,,,0.138,337.4
2230,0.241667,,0.263000,0.242683,,,0.137,337.5
2231,0.241250,,0.263000,0.242683,,,0.138,337.7
2232,0.239817,,0.263000,0.242683,,,0.139,337.8
2233,0.242700,,0.263000,0.242700,,,0.139,337.9
2234,0.242067,,0.263000,0.242700,,,0.138,338.1
2235,0.240933,,0.263000,0.242700,,,0.146,338.2
2236,0.240217,,0.263000,0.242700,,,0.146,338.4
2237,0.240000,,0.263000,0.242700,,,0.148,338.5
2238,0.239550,,0.263000,0.242700,,,0.147,338.7
2239,0.240283,,0.263000,0.242700,,,0.147,338.8
2240,0.240033,,0.263000,0.242700,,,0.143,339.0
2241,0.240950,,0.263000,0.242700,,,0.142,339.1
2242,0.240083,,0.263000,0.242700,,,0.203,339.3
2243,0.240200,,0.263000,0.242700,,,0.139,339.4
2244,0.241133,,0.263000,0.242700,,,0.138,339.6
2245,0.240217,,0.263000,0.242700,,,0.139,339.7
2246,0.238400,,0.263000,0.242700,,,0.139,339.9
2247,0.239450,,0.263000,0.242700,,,0.137,340.0
2248,0.239767,,0.263000,0.242700,,,0.139,340.1
2249,0.240367,,0.263000,0.242700,,,0.139,340.3
2250,0.240067,,0.263000,0.242700,,,0.139,340.4
2251,0.240167,,0.263000,0.242700,,,0.138,340.6
2252,0.241133,,0.263000,0.242700,,,0.138,340.7
2253,0.238133,,0.263000,0.242700,,,0.139,340.8
2254,0.237283,,0.263000,0.242700,,,0.139,341.0
2255,0.238933,,0.263000,0.242700,,,0.140,341.1
2256,0.238767,,0.263000,0.242700,,,0.138,341.2
2257,0.239700,,0.263000,0.242700,,,0.204,341.5
2258,0.239550,,0.263000,0.242700,,,0.137,341.6
2259,0.241300,,0.263000,0.242700,,,0.139,341.7
2260,0.240900,,0.263000,0.242700,,,0.138,341.9
2261,0.238017,,0.263000,0.242700,,,0.137,342.0
2262,0.239833,,0.263000,0.242700,,,0.138,342.1
2263,0.239150,,0.263000,0.242700,,,0.138,342.3
2264,0.238700,,0.263000,0.242700,,,0.136,342.4
2265,0.238433,,0.263000,0.242700,,,0.137,342.6
2266,0.239283,,0.263000,0.242700,,,0.138,342.7
2267,0.238750,,0.263000,0.242700,,,0.137,342.8
2268,0.241267,,0.263000,0.242700,,,0.137,343.0
2269,0.241283,,0.263000,0.242700,,,0.138,343.1
2270,0.239133,,0.263000,0.242700,,,0.136,343.2
2271,0.238017,,0.263000,0.242700,,,0.139,343.4
2272,0.239117,,0.263000,0.242700,,,0.202,343.6
2273,0.239717,,0.263000,0.242700,,,0.138,343.7
2274,0.241417,,0.263000,0.242700,,,0.136,343.9
2275,0.239067,,0.263000,0.242700,,,0.137,344.0
2276,0.241833,,0.263000,0.242700,,,0.138,344.1
2277,0.240433,,0.263000,0.242700,,,0.137,344.3
2278,0.240333,,0.263000,0.242700,,,0.138,344.4
2279,0.241383,,0.263000,0.242700,,,0.137,344.5
2280,0.241717,,0.263000,0.242700,,,0.138,344.7
2281,0.242133,,0.263000,0.242700,,,0.138,344.8
2282,0.241183,,0.263000,0.242700,,,0.140,345.0
2283,0.240067,,0.263000,0.242700,,,0.139,345.1
2284,0.241017,,0.263000,0.242700,,,0.138,345.2
2285,0.239683,,0.263000,0.242700,,,0.137,345.4
2286,0.242167,,0.263000,0.242700,,,0.138,345.5
2287,0.241267,,0.263000,0.242700,,,0.201,345.7
2288,0.240450,,0.263000,0.242700,,,0.139,345.8
2289,0.241317,,0.263000,0.242700,,,0.138,346.0
2290,0.240950,,0.263000,0.242700,,,0.147,346.1
2291,0.241300,,0.263000,0.242700,,,0.139,346.3
2292,0.240100,,0.263000,0.242700,,,0.137,346.4
2293,0.239983,,0.263000,0.242700,,,0.147,346.6
2294,0.239667,,0.263000,0.242700,,,0.138,346.7
2295,0.239767,,0.263000,0.242700,,,0.141,346.8
2296,0.239867,,0.263000,0.242700,,,0.149,347.0
2297,0.240017,,0.263000,0.242700,,,0.228,347.2
2298,0.240183,,0.263000,0.242700,,,0.153,347.4
2299,0.240900,,0.263000,0.242700,,,0.156,347.5
2300,0.240383,0.26250001788139343,0.263000,0.242700,0.0336628332734108,0.5574426054954529,0.476,348.0
2301,0.241167,,0.263000,0.242700,,,0.210,348.2
2302,0.240083,,0.263000,0.242700,,,0.150,348.4
2303,0.240433,,0.263000,0.242700,,,0.150,348.5
2304,0.239800,,0.263000,0.242700,,,0.149,348.7
2305,0.239183,,0.263000,0.242700,,,0.150,348.8
2306,0.240533,,0.263000,0.242700,,,0.150,349.0
2307,0.240100,,0.263000,0.242700,,,0.147,349.1
2308,0.242117,,0.263000,0.242700,,,0.154,349.3
2309,0.241383,,0.263000,0.242700,,,0.155,349.4
2310,0.241983,,0.263000,0.242700,,,0.149,349.6
2311,0.242950,,0.263000,0.242950,,,0.153,349.7
2312,0.239733,,0.263000,0.242950,,,0.156,349.9
2313,0.244400,,0.263000,0.244400,,,0.153,350.0
2314,0.241633,,0.263000,0.244400,,,0.144,350.2
2315,0.243017,,0.263000,0.244400,,,0.148,350.3
2316,0.242433,,0.263000,0.244400,,,0.149,350.5
2317,0.241767,,0.263000,0.244400,,,0.151,350.6
2318,0.242000,,0.263000,0.244400,,,0.141,350.8
2319,0.241733,,0.263000,0.244400,,,0.145,350.9
2320,0.243317,,0.263000,0.244400,,,0.151,351.1
2321,0.242333,,0.263000,0.244400,,,0.145,351.2
2322,0.242050,,0.263000,0.244400,,,0.150,351.3
2323,0.245317,,0.263000,0.245317,,,0.149,351.5
2324,0.240933,,0.263000,0.245317,,,0.148,351.6
2325,0.241567,,0.263000,0.245317,,,0.160,351.8
2326,0.243283,,0.263000,0.245317,,,0.222,352.0
2327,0.242200,,0.263000,0.245317,,,0.149,352.2
2328,0.240700,,0.263000,0.245317,,,0.141,352.3
2329,0.242350,,0.263000,0.245317,,,0.142,352.5
2330,0.243367,,0.263000,0.245317,,,0.142,352.6
2331,0.243567,,0.263000,0.245317,,,0.141,352.7
2332,0.242450,,0.263000,0.245317,,,0.141,352.9
2333,0.242783,,0.263000,0.245317,,,0.142,353.0
2334,0.242750,,0.263000,0.245317,,,0.140,353.2
2335,0.241933,,0.263000,0.245317,,,0.139,353.3
2336,0.242017,,0.263000,0.245317,,,0.141,353.4
2337,0.241183,,0.263000,0.245317,,,0.139,353.6
2338,0.242900,,0.263000,0.245317,,,0.141,353.7
2339,0.240183,,0.263000,0.245317,,,0.139,353.9
2340,0.241200,,0.263000,0.245317,,,0.144,354.0
2341,0.242150,,0.263000,0.245317,,,0.143,354.2
2342,0.240400,,0.263000,0.245317,,,0.140,354.3
2343,0.241583,,0.263000,0.245317,,,0.138,354.4
2344,0.241583,,0.263000,0.245317,,,0.141,354.6
2345,0.241217,,0.263000,0.245317,,,0.141,354.7
2346,0.241750,,0.263000,0.245317,,,0.139,354.9
2347,0.242317,,0.263000,0.245317,,,0.141,355.0
2348,0.243250,,0.263000,0.245317,,,0.139,355.1
2349,0.242650,,0.263000,0.245317,,,0.141,355.3
2350,0.241483,,0.263000,0.245317,,,0.140,355.4
2351,0.241417,,0.263000,0.245317,,,0.140,355.6
2352,0.242950,,0.263000,0.245317,,,0.141,355.7
2353,0.242033,,0.263000,0.245317,,,0.139,355.8
2354,0.242217,,0.263000,0.245317,,,0.143,356.0
2355,0.242450,,0.263000,0.245317,,,0.202,356.2
2356,0.242383,,0.263000,0.245317,,,0.140,356.3
2357,0.240700,,0.263000,0.245317,,,0.140,356.5
2358,0.241150,,0.263000,0.245317,,,0.139,356.6
2359,0.242467,,0.263000,0.245317,,,0.142,356.7
2360,0.242117,,0.263000,0.245317,,,0.141,356.9
2361,0.241200,,0.263000,0.245317,,,0.141,357.0
2362,0.243267,,0.263000,0.245317,,,0.140,357.2
2363,0.243200,,0.263000,0.245317,,,0.140,357.3
2364,0.242650,,0.263000,0.245317,,,0.139,357.4
2365,0.243917,,0.263000,0.245317,,,0.141,357.6
2366,0.241533,,0.263000,0.245317,,,0.142,357.7
2367,0.243267,,0.263000,0.245317,,,0.142,357.9
2368,0.243450,,0.263000,0.245317,,,0.139,358.0
2369,0.243217,,0.263000,0.245317,,,0.142,358.1
2370,0.241950,,0.263000,0.245317,,,0.205,358.4
2371,0.243083,,0.263000,0.245317,,,0.143,358.5
2372,0.242450,,0.263000,0.245317,,,0.142,358.6
2373,0.242567,,0.263000,0.245317,,,0.139,358.8
2374,0.245000,,0.263000,0.245317,,,0.153,358.9
2375,0.244100,,0.263000,0.245317,,,0.140,359.1
2376,0.244017,,0.263000,0.245317,,,0.141,359.2
2377,0.246033,,0.263000,0.246033,,,0.146,359.4
2378,0.243917,,0.263000,0.246033,,,0.146,359.5
2379,0.243300,,0.263000,0.246033,,,0.144,359.6
2380,0.243050,,0.263000,0.246033,,,0.152,359.8
2381,0.242250,,0.263000,0.246033,,,0.151,359.9
2382,0.242850,,0.263000,0.246033,,,0.151,360.1
2383,0.242183,,0.263000,0.246033,,,0.150,360.2
2384,0.240667,,0.263000,0.246033,,,0.203,360.5
2385,0.242133,,0.263000,0.246033,,,0.145,360.6
2386,0.243983,,0.263000,0.246033,,,0.141,360.7
2387,0.242050,,0.263000,0.246033,,,0.140,360.9
2388,0.242633,,0.263000,0.246033,,,0.141,361.0
2389,0.241683,,0.263000,0.246033,,,0.140,361.2
2390,0.241833,,0.263000,0.246033,,,0.144,361.3
2391,0.241483,,0.263000,0.246033,,,0.143,361.4
2392,0.241683,,0.263000,0.246033,,,0.149,361.6
2393,0.242567,,0.263000,0.246033,,,0.140,361.7
2394,0.245550,,0.263000,0.246033,,,0.141,361.9
2395,0.242583,,0.263000,0.246033,,,0.140,362.0
2396,0.242917,,0.263000,0.246033,,,0.139,362.2
2397,0.242750,,0.263000,0.246033,,,0.140,362.3
2398,0.240650,,0.263000,0.246033,,,0.152,362.4
2399,0.242350,,0.263000,0.246033,,,0.142,362.6
2400,0.242150,0.2695000171661377,0.269500,0.246033,0.03264501690864563,0.5587137937545776,0.493,363.1
2401,0.241950,,0.269500,0.246033,,,0.145,363.2
2402,0.242700,,0.269500,0.246033,,,0.155,363.4
2403,0.242333,,0.269500,0.246033,,,0.138,363.5
2404,0.241083,,0.269500,0.246033,,,0.142,363.7
2405,0.243633,,0.269500,0.246033,,,0.146,363.8
2406,0.242917,,0.269500,0.246033,,,0.143,364.0
2407,0.242750,,0.269500,0.246033,,,0.146,364.1
2408,0.242133,,0.269500,0.246033,,,0.142,364.2
2409,0.241783,,0.269500,0.246033,,,0.140,364.4
2410,0.240567,,0.269500,0.246033,,,0.208,364.6
2411,0.242717,,0.269500,0.246033,,,0.141,364.7
2412,0.241467,,0.269500,0.246033,,,0.142,364.9
2413,0.241350,,0.269500,0.246033,,,0.137,365.0
2414,0.240817,,0.269500,0.246033,,,0.137,365.1
2415,0.241267,,0.269500,0.246033,,,0.139,365.3
2416,0.241800,,0.269500,0.246033,,,0.138,365.4
2417,0.241833,,0.269500,0.246033,,,0.137,365.6
2418,0.243717,,0.269500,0.246033,,,0.138,365.7
2419,0.242017,,0.269500,0.246033,,,0.136,365.8
2420,0.241333,,0.269500,0.246033,,,0.137,366.0
2421,0.242467,,0.269500,0.246033,,,0.138,366.1
2422,0.244100,,0.269500,0.246033,,,0.136,366.2
2423,0.245550,,0.269500,0.246033,,,0.139,366.4
2424,0.242667,,0.269500,0.246033,,,0.138,366.5
2425,0.243833,,0.269500,0.246033,,,0.204,366.7
2426,0.244917,,0.269500,0.246033,,,0.138,366.9
2427,0.243433,,0.269500,0.246033,,,0.137,367.0
2428,0.242767,,0.269500,0.246033,,,0.137,367.1
2429,0.243600,,0.269500,0.246033,,,0.137,367.3
2430,0.243867,,0.269500,0.246033,,,0.137,367.4
2431,0.243333,,0.269500,0.246033,,,0.136,367.5
2432,0.244300,,0.269500,0.246033,,,0.138,367.7
2433,0.243233,,0.269500,0.246033,,,0.136,367.8
2434,0.244717,,0.269500,0.246033,,,0.138,368.0
2435,0.243133,,0.269500,0.246033,,,0.138,368.1
2436,0.244117,,0.269500,0.246033,,,0.136,368.2
2437,0.242717,,0.269500,0.246033,,,0.136,368.4
2438,0.242233,,0.269500,0.246033,,,0.136,368.5
2439,0.242267,,0.269500,0.246033,,,0.137,368.6
2440,0.242400,,0.269500,0.246033,,,0.201,368.8
2441,0.243450,,0.269500,0.246033,,,0.138,369.0
2442,0.244933,,0.269500,0.246033,,,0.138,369.1
2443,0.244783,,0.269500,0.246033,,,0.135,369.3
2444,0.243417,,0.269500,0.246033,,,0.138,369.4
2445,0.242200,,0.269500,0.246033,,,0.137,369.5
2446,0.245100,,0.269500,0.246033,,,0.138,369.7
2447,0.246550,,0.269500,0.246550,,,0.136,369.8
2448,0.245017,,0.269500,0.246550,,,0.137,369.9
2449,0.243933,,0.269500,0.246550,,,0.135,370.1
2450,0.242467,,0.269500,0.246550,,,0.135,370.2
2451,0.242967,,0.269500,0.246550,,,0.136,370.3
2452,0.244767,,0.269500,0.246550,,,0.135,370.5
2453,0.245983,,0.269500,0.246550,,,0.136,370.6
2454,0.244900,,0.269500,0.246550,,,0.136,370.8
2455,0.245117,,0.269500,0.246550,,,0.201,371.0
2456,0.243033,,0.269500,0.246550,,,0.136,371.1
2457,0.243400,,0.269500,0.246550,,,0.136,371.2
2458,0.244217,,0.269500,0.246550,,,0.136,371.4
2459,0.245783,,0.269500,0.246550,,,0.136,371.5
2460,0.243850,,0.269500,0.246550,,,0.138,371.6
2461,0.244633,,0.269500,0.246550,,,0.138,371.8
2462,0.245050,,0.269500,0.246550,,,0.137,371.9
2463,0.242367,,0.269500,0.246550,,,0.136,372.0
2464,0.242650,,0.269500,0.246550,,,0.137,372.2
2465,0.242300,,0.269500,0.246550,,,0.136,372.3
2466,0.243367,,0.269500,0.246550,,,0.135,372.5
2467,0.244717,,0.269500,0.246550,,,0.135,372.6
2468,0.244850,,0.269500,0.246550,,,0.137,372.7
2469,0.243317,,0.269500,0.246550,,,0.137,372.9
2470,0.242750,,0.269500,0.246550,,,0.204,373.1
2471,0.243333,,0.269500,0.246550,,,0.136,373.2
2472,0.244000,,0.269500,0.246550,,,0.137,373.3
2473,0.243883,,0.269500,0.246550,,,0.136,373.5
2474,0.243200,,0.269500,0.246550,,,0.137,373.6
2475,0.243483,,0.269500,0.246550,,,0.137,373.8
2476,0.244183,,0.269500,0.246550,,,0.135,373.9
2477,0.242767,,0.269500,0.246550,,,0.136,374.0
2478,0.242967,,0.269500,0.246550,,,0.136,374.2
2479,0.245300,,0.269500,0.246550,,,0.136,374.3
2480,0.244767,,0.269500,0.246550,,,0.136,374.4
2481,0.244783,,0.269500,0.246550,,,0.137,374.6
2482,0.244817,,0.269500,0.246550,,,0.135,374.7
2483,0.243250,,0.269500,0.246550,,,0.133,374.8
2484,0.244650,,0.269500,0.246550,,,0.136,375.0
2485,0.242567,,0.269500,0.246550,,,0.202,375.2
2486,0.243500,,0.269500,0.246550,,,0.135,375.3
2487,0.244617,,0.269500,0.246550,,,0.138,375.4
2488,0.245300,,0.269500,0.246550,,,0.138,375.6
2489,0.245933,,0.269500,0.246550,,,0.135,375.7
2490,0.244433,,0.269500,0.246550,,,0.140,375.9
2491,0.243900,,0.269500,0.246550,,,0.136,376.0
2492,0.242483,,0.269500,0.246550,,,0.139,376.1
2493,0.243800,,0.269500,0.246550,,,0.137,376.3
2494,0.244000,,0.269500,0.246550,,,0.138,376.4
2495,0.243650,,0.269500,0.246550,,,0.182,376.6
2496,0.245833,,0.269500,0.246550,,,0.138,376.7
2497,0.244483,,0.269500,0.246550,,,0.136,376.9
2498,0.246350,,0.269500,0.246550,,,0.135,377.0
2499,0.244167,,0.269500,0.246550,,,0.135,377.1
2500,0.243133,0.27150002121925354,0.271500,0.246550,0.03260715305805206,0.5727177858352661,0.503,377.6
2501,0.243850,,0.271500,0.246550,,,0.134,377.8
2502,0.242717,,0.271500,0.246550,,,0.136,377.9
2503,0.245633,,0.271500,0.246550,,,0.134,378.0
2504,0.245583,,0.271500,0.246550,,,0.137,378.2
2505,0.244583,,0.271500,0.246550,,,0.138,378.3
2506,0.244800,,0.271500,0.246550,,,0.137,378.5
2507,0.246417,,0.271500,0.246550,,,0.135,378.6
2508,0.245367,,0.271500,0.246550,,,0.137,378.7
2509,0.245133,,0.271500,0.246550,,,0.135,378.9
2510,0.244533,,0.271500,0.246550,,,0.136,379.0
2511,0.245317,,0.271500,0.246550,,,0.138,379.1
2512,0.245433,,0.271500,0.246550,,,0.137,379.3
2513,0.243533,,0.271500,0.246550,,,0.201,379.5
2514,0.244917,,0.271500,0.246550,,,0.136,379.6
2515,0.245250,,0.271500,0.246550,,,0.134,379.7
2516,0.245533,,0.271500,0.246550,,,0.136,379.9
2517,0.243417,,0.271500,0.246550,,,0.137,380.0
2518,0.245233,,0.271500,0.246550,,,0.136,380.2
2519,0.243017,,0.271500,0.246550,,,0.137,380.3
2520,0.246867,,0.271500,0.246867,,,0.137,380.4
2521,0.245500,,0.271500,0.246867,,,0.136,380.6
2522,0.242467,,0.271500,0.246867,,,0.136,380.7
2523,0.243017,,0.271500,0.246867,,,0.136,380.8
2524,0.244817,,0.271500,0.246867,,,0.136,381.0
2525,0.243317,,0.271500,0.246867,,,0.135,381.1
2526,0.244967,,0.271500,0.246867,,,0.136,381.2
2527,0.243067,,0.271500,0.246867,,,0.135,381.4
2528,0.241967,,0.271500,0.246867,,,0.202,381.6
2529,0.244283,,0.271500,0.246867,,,0.136,381.7
2530,0.244583,,0.271500,0.246867,,,0.137,381.9
2531,0.243617,,0.271500,0.246867,,,0.135,382.0
2532,0.243200,,0.271500,0.246867,,,0.136,382.1
2533,0.242817,,0.271500,0.246867,,,0.136,382.3
2534,0.245933,,0.271500,0.246867,,,0.135,382.4
2535,0.243500,,0.271500,0.246867,,,0.135,382.5
2536,0.244250,,0.271500,0.246867,,,0.136,382.7
2537,0.242033,,0.271500,0.246867,,,0.135,382.8
2538,0.243717,,0.271500,0.246867,,,0.135,382.9
2539,0.243800,,0.271500,0.246867,,,0.136,383.1
2540,0.243283,,0.271500,0.246867,,,0.136,383.2
2541,0.242983,,0.271500,0.246867,,,0.138,383.3
2542,0.244867,,0.271500,0.246867,,,0.138,383.5
2543,0.244333,,0.271500,0.246867,,,0.203,383.7
2544,0.244317,,0.271500,0.246867,,,0.138,383.8
2545,0.243583,,0.271500,0.246867,,,0.137,384.0
2546,0.244300,,0.271500,0.246867,,,0.139,384.1
2547,0.244750,,0.271500,0.246867,,,0.137,384.2
2548,0.243267,,0.271500,0.246867,,,0.136,384.4
2549,0.244083,,0.271500,0.246867,,,0.136,384.5
2550,0.244617,,0.271500,0.246867,,,0.136,384.6
2551,0.243983,,0.271500,0.246867,,,0.137,384.8
2552,0.245117,,0.271500,0.246867,,,0.136,384.9
2553,0.242667,,0.271500,0.246867,,,0.136,385.1
2554,0.244167,,0.271500,0.246867,,,0.137,385.2
2555,0.245117,,0.271500,0.246867,,,0.139,385.3
2556,0.245650,,0.271500,0.246867,,,0.136,385.5
2557,0.244683,,0.271500,0.246867,,,0.138,385.6
2558,0.243917,,0.271500,0.246867,,,0.205,385.8
2559,0.245500,,0.271500,0.246867,,,0.138,385.9
2560,0.244400,,0.271500,0.246867,,,0.139,386.1
2561,0.247600,,0.271500,0.247600,,,0.138,386.2
2562,0.246383,,0.271500,0.247600,,,0.137,386.4
2563,0.245900,,0.271500,0.247600,,,0.136,386.5
2564,0.244783,,0.271500,0.247600,,,0.138,386.6
2565,0.246450,,0.271500,0.247600,,,0.137,386.8
2566,0.244150,,0.271500,0.247600,,,0.137,386.9
2567,0.243583,,0.271500,0.247600,,,0.137,387.0
2568,0.244500,,0.271500,0.247600,,,0.138,387.2
2569,0.244983,,0.271500,0.247600,,,0.136,387.3
2570,0.245650,,0.271500,0.247600,,,0.140,387.5
2571,0.244317,,0.271500,0.247600,,,0.137,387.6
2572,0.246417,,0.271500,0.247600,,,0.140,387.7
2573,0.247000,,0.271500,0.247600,,,0.202,387.9
2574,0.245150,,0.271500,0.247600,,,0.136,388.1
2575,0.244767,,0.271500,0.247600,,,0.138,388.2
2576,0.244150,,0.271500,0.247600,,,0.137,388.4
2577,0.246750,,0.271500,0.247600,,,0.138,388.5
2578,0.244667,,0.271500,0.247600,,,0.138,388.6
2579,0.245917,,0.271500,0.247600,,,0.136,388.8
2580,0.245267,,0.271500,0.247600,,,0.137,388.9
2581,0.246217,,0.271500,0.247600,,,0.136,389.0
2582,0.244567,,0.271500,0.247600,,,0.138,389.2
2583,0.245033,,0.271500,0.247600,,,0.137,389.3
2584,0.246500,,0.271500,0.247600,,,0.138,389.4
2585,0.243067,,0.271500,0.247600,,,0.137,389.6
2586,0.244950,,0.271500,0.247600,,,0.137,389.7
2587,0.246767,,0.271500,0.247600,,,0.147,389.9
2588,0.246050,,0.271500,0.247600,,,0.202,390.1
2589,0.246400,,0.271500,0.247600,,,0.136,390.2
2590,0.245550,,0.271500,0.247600,,,0.138,390.3
2591,0.245067,,0.271500,0.247600,,,0.137,390.5
2592,0.245650,,0.271500,0.247600,,,0.137,390.6
2593,0.246050,,0.271500,0.247600,,,0.136,390.8
2594,0.244317,,0.271500,0.247600,,,0.136,390.9
2595,0.246033,,0.271500,0.247600,,,0.138,391.0
2596,0.245067,,0.271500,0.247600,,,0.137,391.2
2597,0.244817,,0.271500,0.247600,,,0.136,391.3
2598,0.245733,,0.271500,0.247600,,,0.138,391.4
2599,0.245033,,0.271500,0.247600,,,0.137,391.6
2600,0.244333,0.2720000147819519,0.272000,0.247600,0.03191307187080383,0.5739591121673584,0.444,392.0
2601,0.245650,,0.272000,0.247600,,,0.202,392.2
2602,0.244183,,0.272000,0.247600,,,0.136,392.4
2603,0.245083,,0.272000,0.247600,,,0.147,392.5
2604,0.246917,,0.272000,0.247600,,,0.138,392.6
2605,0.245833,,0.272000,0.247600,,,0.135,392.8
2606,0.246233,,0.272000,0.247600,,,0.137,392.9
2607,0.243867,,0.272000,0.247600,,,0.136,393.0
2608,0.245767,,0.272000,0.247600,,,0.136,393.2
2609,0.246950,,0.272000,0.247600,,,0.141,393.3
2610,0.246367,,0.272000,0.247600,,,0.136,393.5
2611,0.246117,,0.272000,0.247600,,,0.138,393.6
2612,0.248050,,0.272000,0.248050,,,0.135,393.7
2613,0.245433,,0.272000,0.248050,,,0.135,393.9
2614,0.244967,,0.272000,0.248050,,,0.138,394.0
2615,0.246150,,0.272000,0.248050,,,0.201,394.2
2616,0.244050,,0.272000,0.248050,,,0.137,394.3
2617,0.245300,,0.272000,0.248050,,,0.137,394.5
2618,0.246400,,0.272000,0.248050,,,0.136,394.6
2619,0.244617,,0.272000,0.248050,,,0.136,394.8
2620,0.244517,,0.272000,0.248050,,,0.138,394.9
2621,0.245333,,0.272000,0.248050,,,0.137,395.0
2622,0.247133,,0.272000,0.248050,,,0.134,395.2
2623,0.245633,,0.272000,0.248050,,,0.135,395.3
2624,0.244317,,0.272000,0.248050,,,0.137,395.4
2625,0.247683,,0.272000,0.248050,,,0.139,395.6
2626,0.246000,,0.272000,0.248050,,,0.136,395.7
2627,0.244917,,0.272000,0.248050,,,0.136,395.8
2628,0.245233,,0.272000,0.248050,,,0.135,396.0
2629,0.245850,,0.272000,0.248050,,,0.138,396.1
2630,0.245317,,0.272000,0.248050,,,0.207,396.3
2631,0.245983,,0.272000,0.248050,,,0.136,396.5
2632,0.248383,,0.272000,0.248383,,,0.136,396.6
2633,0.246500,,0.272000,0.248383,,,0.135,396.7
2634,0.246383,,0.272000,0.248383,,,0.136,396.9
2635,0.246483,,0.272000,0.248383,,,0.136,397.0
2636,0.246217,,0.272000,0.248383,,,0.137,397.1
2637,0.244633,,0.272000,0.248383,,,0.138,397.3
2638,0.246683,,0.272000,0.248383,,,0.135,397.4
2639,0.245167,,0.272000,0.248383,,,0.137,397.6
2640,0.247383,,0.272000,0.248383,,,0.134,397.7
2641,0.248083,,0.272000,0.248383,,,0.137,397.8
2642,0.247567,,0.272000,0.248383,,,0.137,398.0
2643,0.247950,,0.272000,0.248383,,,0.138,398.1
2644,0.246533,,0.272000,0.248383,,,0.137,398.2
2645,0.245033,,0.272000,0.248383,,,0.202,398.4
2646,0.247167,,0.272000,0.248383,,,0.136,398.6
2647,0.247500,,0.272000,0.248383,,,0.136,398.7
2648,0.246800,,0.272000,0.248383,,,0.137,398.8
2649,0.247300,,0.272000,0.248383,,,0.138,399.0
2650,0.247300,,0.272000,0.248383,,,0.144,399.1
2651,0.248150,,0.272000,0.248383,,,0.137,399.3
2652,0.247283,,0.272000,0.248383,,,0.136,399.4
2653,0.247200,,0.272000,0.248383,,,0.136,399.5
2654,0.247767,,0.272000,0.248383,,,0.137,399.7
2655,0.245600,,0.272000,0.248383,,,0.137,399.8
2656,0.246783,,0.272000,0.248383,,,0.135,399.9
2657,0.246217,,0.272000,0.248383,,,0.136,400.1
2658,0.246450,,0.272000,0.248383,,,0.136,400.2
2659,0.244483,,0.272000,0.248383,,,0.135,400.4
2660,0.248017,,0.272000,0.248383,,,0.205,400.6
2661,0.247350,,0.272000,0.248383,,,0.135,400.7
2662,0.247783,,0.272000,0.248383,,,0.138,400.8
2663,0.246617,,0.272000,0.248383,,,0.135,401.0
2664,0.246400,,0.272000,0.248383,,,0.137,401.1
2665,0.246133,,0.272000,0.248383,,,0.135,401.2
2666,0.248083,,0.272000,0.248383,,,0.135,401.4
2667,0.248033,,0.272000,0.248383,,,0.138,401.5
2668,0.245600,,0.272000,0.248383,,,0.136,401.6
2669,0.246817,,0.272000,0.248383,,,0.136,401.8
2670,0.247033,,0.272000,0.248383,,,0.138,401.9
2671,0.248033,,0.272000,0.248383,,,0.138,402.1
2672,0.247250,,0.272000,0.248383,,,0.137,402.2
2673,0.248750,,0.272000,0.248750,,,0.135,402.3
2674,0.247100,,0.272000,0.248750,,,0.139,402.5
2675,0.245967,,0.272000,0.248750,,,0.206,402.7
2676,0.245600,,0.272000,0.248750,,,0.137,402.8
2677,0.245917,,0.272000,0.248750,,,0.135,402.9
2678,0.247450,,0.272000,0.248750,,,0.137,403.1
2679,0.246117,,0.272000,0.248750,,,0.136,403.2
2680,0.247250,,0.272000,0.248750,,,0.137,403.4
2681,0.246467,,0.272000,0.248750,,,0.136,403.5
2682,0.245550,,0.272000,0.248750,,,0.137,403.6
2683,0.244867,,0.272000,0.248750,,,0.136,403.8
2684,0.245000,,0.272000,0.248750,,,0.136,403.9
2685,0.250233,,0.272000,0.250233,,,0.135,404.0
2686,0.248300,,0.272000,0.250233,,,0.137,404.2
2687,0.247783,,0.272000,0.250233,,,0.136,404.3
2688,0.246417,,0.272000,0.250233,,,0.136,404.4
2689,0.246117,,0.272000,0.250233,,,0.137,404.6
2690,0.245950,,0.272000,0.250233,,,0.203,404.8
2691,0.246817,,0.272000,0.250233,,,0.136,404.9
2692,0.245733,,0.272000,0.250233,,,0.135,405.1
2693,0.246183,,0.272000,0.250233,,,0.136,405.2
2694,0.247733,,0.272000,0.250233,,,0.136,405.3
2695,0.247600,,0.272000,0.250233,,,0.138,405.5
2696,0.247717,,0.272000,0.250233,,,0.137,405.6
2697,0.247883,,0.272000,0.250233,,,0.136,405.7
2698,0.246933,,0.272000,0.250233,,,0.136,405.9
2699,0.248250,,0.272000,0.250233,,,0.192,406.1
2700,0.247033,0.27800002694129944,0.278000,0.250233,0.03173571825027466,0.5741719007492065,0.442,406.5
2701,0.247983,,0.278000,0.250233,,,0.134,406.6
2702,0.246750,,0.278000,0.250233,,,0.149,406.8
2703,0.247900,,0.278000,0.250233,,,0.136,406.9
2704,0.247467,,0.278000,0.250233,,,0.138,407.1
2705,0.247950,,0.278000,0.250233,,,0.136,407.2
2706,0.245750,,0.278000,0.250233,,,0.135,407.3
2707,0.247850,,0.278000,0.250233,,,0.136,407.5
2708,0.246533,,0.278000,0.250233,,,0.136,407.6
2709,0.247767,,0.278000,0.250233,,,0.135,407.7
2710,0.246450,,0.278000,0.250233,,,0.134,407.9
2711,0.247000,,0.278000,0.250233,,,0.138,408.0
2712,0.247883,,0.278000,0.250233,,,0.138,408.2
2713,0.246567,,0.278000,0.250233,,,0.137,408.3
2714,0.247717,,0.278000,0.250233,,,0.136,408.4
2715,0.245717,,0.278000,0.250233,,,0.147,408.6
2716,0.248967,,0.278000,0.250233,,,0.137,408.7
2717,0.246767,,0.278000,0.250233,,,0.203,408.9
2718,0.245767,,0.278000,0.250233,,,0.135,409.1
2719,0.247650,,0.278000,0.250233,,,0.134,409.2
2720,0.245833,,0.278000,0.250233,,,0.136,409.3
2721,0.247183,,0.278000,0.250233,,,0.136,409.5
2722,0.246983,,0.278000,0.250233,,,0.138,409.6
2723,0.246117,,0.278000,0.250233,,,0.136,409.7
2724,0.246017,,0.278000,0.250233,,,0.136,409.9
2725,0.244900,,0.278000,0.250233,,,0.137,410.0
2726,0.246900,,0.278000,0.250233,,,0.136,410.1
2727,0.246867,,0.278000,0.250233,,,0.134,410.3
2728,0.248117,,0.278000,0.250233,,,0.135,410.4
2729,0.246133,,0.278000,0.250233,,,0.137,410.5
2730,0.246867,,0.278000,0.250233,,,0.135,410.7
2731,0.246317,,0.278000,0.250233,,,0.135,410.8
2732,0.247800,,0.278000,0.250233,,,0.186,411.0
2733,0.246283,,0.278000,0.250233,,,0.137,411.1
2734,0.247800,,0.278000,0.250233,,,0.136,411.3
2735,0.244650,,0.278000,0.250233,,,0.135,411.4
2736,0.248633,,0.278000,0.250233,,,0.137,411.6
2737,0.246117,,0.278000,0.250233,,,0.137,411.7
2738,0.247800,,0.278000,0.250233,,,0.135,411.8
2739,0.247517,,0.278000,0.250233,,,0.137,412.0
2740,0.247583,,0.278000,0.250233,,,0.136,412.1
2741,0.246233,,0.278000,0.250233,,,0.136,412.2
2742,0.245783,,0.278000,0.250233,,,0.136,412.4
2743,0.246500,,0.278000,0.250233,,,0.137,412.5
2744,0.247133,,0.278000,0.250233,,,0.135,412.6
2745,0.249150,,0.278000,0.250233,,,0.136,412.8
2746,0.248500,,0.278000,0.250233,,,0.135,412.9
2747,0.246067,,0.278000,0.250233,,,0.203,413.1
2748,0.246767,,0.278000,0.250233,,,0.136,413.3
2749,0.247683,,0.278000,0.250233,,,0.135,413.4
2750,0.247650,,0.278000,0.250233,,,0.139,413.5
2751,0.247433,,0.278000,0.250233,,,0.135,413.7
2752,0.246167,,0.278000,0.250233,,,0.137,413.8
2753,0.246767,,0.278000,0.250233,,,0.135,413.9
2754,0.246450,,0.278000,0.250233,,,0.136,414.1
2755,0.246883,,0.278000,0.250233,,,0.134,414.2
2756,0.247450,,0.278000,0.250233,,,0.137,414.3
2757,0.248133,,0.278000,0.250233,,,0.137,414.5
2758,0.246717,,0.278000,0.250233,,,0.136,414.6
2759,0.248817,,0.278000,0.250233,,,0.136,414.7
2760,0.247417,,0.278000,0.250233,,,0.136,414.9
2761,0.246567,,0.278000,0.250233,,,0.137,415.0
2762,0.248017,,0.278000,0.250233,,,0.201,415.2
2763,0.245383,,0.278000,0.250233,,,0.137,415.4
2764,0.247967,,0.278000,0.250233,,,0.137,415.5
2765,0.246267,,0.278000,0.250233,,,0.136,415.6
2766,0.246433,,0.278000,0.250233,,,0.135,415.8
2767,0.248500,,0.278000,0.250233,,,0.138,415.9
2768,0.244417,,0.278000,0.250233,,,0.136,416.0
2769,0.246767,,0.278000,0.250233,,,0.136,416.2
2770,0.247250,,0.278000,0.250233,,,0.135,416.3
2771,0.248133,,0.278000,0.250233,,,0.136,416.4
2772,0.247183,,0.278000,0.250233,,,0.137,416.6
2773,0.245667,,0.278000,0.250233,,,0.135,416.7
2774,0.246900,,0.278000,0.250233,,,0.137,416.9
2775,0.248483,,0.278000,0.250233,,,0.136,417.0
2776,0.250017,,0.278000,0.250233,,,0.135,417.1
2777,0.248150,,0.278000,0.250233,,,0.212,417.3
2778,0.246417,,0.278000,0.250233,,,0.148,417.5
2779,0.249083,,0.278000,0.250233,,,0.138,417.6
2780,0.248467,,0.278000,0.250233,,,0.136,417.8
2781,0.247767,,0.278000,0.250233,,,0.137,417.9
2782,0.248933,,0.278000,0.250233,,,0.138,418.0
2783,0.248317,,0.278000,0.250233,,,0.137,418.2
2784,0.249700,,0.278000,0.250233,,,0.138,418.3
2785,0.247517,,0.278000,0.250233,,,0.137,418.5
2786,0.248167,,0.278000,0.250233,,,0.139,418.6
2787,0.248617,,0.278000,0.250233,,,0.139,418.7
2788,0.247133,,0.278000,0.250233,,,0.137,418.9
2789,0.248400,,0.278000,0.250233,,,0.136,419.0
2790,0.248250,,0.278000,0.250233,,,0.137,419.1
2791,0.247217,,0.278000,0.250233,,,0.138,419.3
2792,0.247517,,0.278000,0.250233,,,0.205,419.5
2793,0.249233,,0.278000,0.250233,,,0.139,419.6
2794,0.247383,,0.278000,0.250233,,,0.137,419.8
2795,0.248317,,0.278000,0.250233,,,0.138,419.9
2796,0.247733,,0.278000,0.250233,,,0.138,420.0
2797,0.247933,,0.278000,0.250233,,,0.138,420.2
2798,0.249367,,0.278000,0.250233,,,0.137,420.3
2799,0.249717,,0.278000,0.250233,,,0.138,420.4
2800,0.249283,0.27000001072883606,0.278000,0.250233,0.03220127150416374,0.5591093301773071,0.443,420.9
2801,0.248317,,0.278000,0.250233,,,0.138,421.0
2802,0.247467,,0.278000,0.250233,,,0.138,421.2
2803,0.248450,,0.278000,0.250233,,,0.139,421.3
2804,0.248583,,0.278000,0.250233,,,0.139,421.4
2805,0.247600,,0.278000,0.250233,,,0.205,421.6
2806,0.247483,,0.278000,0.250233,,,0.138,421.8
2807,0.246850,,0.278000,0.250233,,,0.137,421.9
2808,0.247217,,0.278000,0.250233,,,0.135,422.1
2809,0.246383,,0.278000,0.250233,,,0.138,422.2
2810,0.248800,,0.278000,0.250233,,,0.138,422.3
2811,0.247383,,0.278000,0.250233,,,0.136,422.5
2812,0.248050,,0.278000,0.250233,,,0.136,422.6
2813,0.247033,,0.278000,0.250233,,,0.136,422.7
2814,0.248867,,0.278000,0.250233,,,0.137,422.9
2815,0.249233,,0.278000,0.250233,,,0.137,423.0
2816,0.248200,,0.278000,0.250233,,,0.137,423.2
2817,0.248017,,0.278000,0.250233,,,0.138,423.3
2818,0.250100,,0.278000,0.250233,,,0.137,423.4
2819,0.249800,,0.278000,0.250233,,,0.137,423.6
2820,0.246083,,0.278000,0.250233,,,0.206,423.8
2821,0.250633,,0.278000,0.250633,,,0.136,423.9
2822,0.249033,,0.278000,0.250633,,,0.137,424.0
2823,0.248417,,0.278000,0.250633,,,0.137,424.2
2824,0.249517,,0.278000,0.250633,,,0.134,424.3
2825,0.246817,,0.278000,0.250633,,,0.137,424.5
2826,0.248600,,0.278000,0.250633,,,0.136,424.6
2827,0.248367,,0.278000,0.250633,,,0.139,424.7
2828,0.249850,,0.278000,0.250633,,,0.137,424.9
2829,0.249933,,0.278000,0.250633,,,0.136,425.0
2830,0.248417,,0.278000,0.250633,,,0.137,425.1
2831,0.249800,,0.278000,0.250633,,,0.135,425.3
2832,0.248067,,0.278000,0.250633,,,0.139,425.4
2833,0.247617,,0.278000,0.250633,,,0.136,425.5
2834,0.249367,,0.278000,0.250633,,,0.138,425.7
2835,0.248817,,0.278000,0.250633,,,0.201,425.9
2836,0.248817,,0.278000,0.250633,,,0.138,426.0
2837,0.249233,,0.278000,0.250633,,,0.137,426.2
2838,0.248017,,0.278000,0.250633,,,0.135,426.3
2839,0.247267,,0.278000,0.250633,,,0.137,426.4
2840,0.248017,,0.278000,0.250633,,,0.137,426.6
2841,0.249717,,0.278000,0.250633,,,0.136,426.7
2842,0.248117,,0.278000,0.250633,,,0.137,426.8
2843,0.249017,,0.278000,0.250633,,,0.138,427.0
2844,0.249483,,0.278000,0.250633,,,0.137,427.1
2845,0.247150,,0.278000,0.250633,,,0.137,427.3
2846,0.247267,,0.278000,0.250633,,,0.138,427.4
2847,0.247933,,0.278000,0.250633,,,0.138,427.5
2848,0.249000,,0.278000,0.250633,,,0.137,427.7
2849,0.247800,,0.278000,0.250633,,,0.136,427.8
2850,0.250183,,0.278000,0.250633,,,0.204,428.0
2851,0.247650,,0.278000,0.250633,,,0.136,428.1
2852,0.247767,,0.278000,0.250633,,,0.136,428.3
2853,0.248533,,0.278000,0.250633,,,0.134,428.4
2854,0.247550,,0.278000,0.250633,,,0.137,428.6
2855,0.249000,,0.278000,0.250633,,,0.137,428.7
2856,0.248000,,0.278000,0.250633,,,0.136,428.8
2857,0.248533,,0.278000,0.250633,,,0.138,429.0
2858,0.249667,,0.278000,0.250633,,,0.138,429.1
2859,0.249083,,0.278000,0.250633,,,0.138,429.2
2860,0.247517,,0.278000,0.250633,,,0.137,429.4
2861,0.248283,,0.278000,0.250633,,,0.135,429.5
2862,0.248733,,0.278000,0.250633,,,0.136,429.6
2863,0.248083,,0.278000,0.250633,,,0.137,429.8
2864,0.250150,,0.278000,0.250633,,,0.136,429.9
2865,0.250033,,0.278000,0.250633,,,0.203,430.1
2866,0.248783,,0.278000,0.250633,,,0.137,430.3
2867,0.250767,,0.278000,0.250767,,,0.139,430.4
2868,0.249600,,0.278000,0.250767,,,0.136,430.5
2869,0.250233,,0.278000,0.250767,,,0.138,430.7
2870,0.249850,,0.278000,0.250767,,,0.136,430.8
2871,0.249183,,0.278000,0.250767,,,0.136,430.9
2872,0.249500,,0.278000,0.250767,,,0.137,431.1
2873,0.249633,,0.278000,0.250767,,,0.136,431.2
2874,0.250400,,0.278000,0.250767,,,0.137,431.4
2875,0.248683,,0.278000,0.250767,,,0.135,431.5
2876,0.251500,,0.278000,0.251500,,,0.137,431.6
2877,0.249200,,0.278000,0.251500,,,0.137,431.8
2878,0.250183,,0.278000,0.251500,,,0.137,431.9
2879,0.249667,,0.278000,0.251500,,,0.136,432.0
2880,0.249517,,0.278000,0.251500,,,0.205,432.2
2881,0.250050,,0.278000,0.251500,,,0.139,432.4
2882,0.248100,,0.278000,0.251500,,,0.137,432.5
2883,0.250083,,0.278000,0.251500,,,0.138,432.7
2884,0.248383,,0.278000,0.251500,,,0.136,432.8
2885,0.249167,,0.278000,0.251500,,,0.138,432.9
2886,0.248533,,0.278000,0.251500,,,0.136,433.1
2887,0.250050,,0.278000,0.251500,,,0.136,433.2
2888,0.249050,,0.278000,0.251500,,,0.136,433.3
2889,0.248817,,0.278000,0.251500,,,0.138,433.5
2890,0.249317,,0.278000,0.251500,,,0.137,433.6
2891,0.248817,,0.278000,0.251500,,,0.135,433.7
2892,0.249017,,0.278000,0.251500,,,0.137,433.9
2893,0.250217,,0.278000,0.251500,,,0.137,434.0
2894,0.249050,,0.278000,0.251500,,,0.137,434.2
2895,0.247583,,0.278000,0.251500,,,0.204,434.4
2896,0.249767,,0.278000,0.251500,,,0.136,434.5
2897,0.249433,,0.278000,0.251500,,,0.137,434.6
2898,0.247783,,0.278000,0.251500,,,0.139,434.8
2899,0.247767,,0.278000,0.251500,,,0.137,434.9
2900,0.249667,0.26750001311302185,0.278000,0.251500,0.03227576985955238,0.5723497271537781,0.441,435.4
2901,0.248733,,0.278000,0.251500,,,0.168,435.5
2902,0.248950,,0.278000,0.251500,,,0.170,435.7
2903,0.249317,,0.278000,0.251500,,,0.151,435.8
2904,0.249217,,0.278000,0.251500,,,0.320,436.2
2905,0.248800,,0.278000,0.251500,,,0.531,436.7
2906,0.249817,,0.278000,0.251500,,,0.225,436.9
2907,0.249033,,0.278000,0.251500,,,0.156,437.1
2908,0.250533,,0.278000,0.251500,,,0.162,437.2
2909,0.251033,,0.278000,0.251500,,,0.154,437.4
2910,0.247433,,0.278000,0.251500,,,0.156,437.5
2911,0.247550,,0.278000,0.251500,,,0.157,437.7
2912,0.248183,,0.278000,0.251500,,,0.154,437.9
2913,0.249667,,0.278000,0.251500,,,0.167,438.0
2914,0.249617,,0.278000,0.251500,,,0.161,438.2
2915,0.248200,,0.278000,0.251500,,,0.160,438.3
2916,0.248833,,0.278000,0.251500,,,0.189,438.5
2917,0.248433,,0.278000,0.251500,,,0.231,438.8
2918,0.248583,,0.278000,0.251500,,,0.159,438.9
2919,0.246417,,0.278000,0.251500,,,0.149,439.1
2920,0.249683,,0.278000,0.251500,,,0.143,439.2
2921,0.248100,,0.278000,0.251500,,,0.142,439.4
2922,0.247333,,0.278000,0.251500,,,0.145,439.5
2923,0.248533,,0.278000,0.251500,,,0.138,439.6
2924,0.248000,,0.278000,0.251500,,,0.138,439.8
2925,0.247167,,0.278000,0.251500,,,0.141,439.9
2926,0.248383,,0.278000,0.251500,,,0.141,440.1
2927,0.250733,,0.278000,0.251500,,,0.141,440.2
2928,0.248167,,0.278000,0.251500,,,0.143,440.3
2929,0.248750,,0.278000,0.251500,,,0.140,440.5
2930,0.248283,,0.278000,0.251500,,,0.139,440.6
2931,0.249767,,0.278000,0.251500,,,0.168,440.8
2932,0.248683,,0.278000,0.251500,,,0.140,440.9
2933,0.250983,,0.278000,0.251500,,,0.143,441.1
2934,0.250650,,0.278000,0.251500,,,0.147,441.2
2935,0.250600,,0.278000,0.251500,,,0.148,441.4
2936,0.250517,,0.278000,0.251500,,,0.146,441.5
2937,0.250900,,0.278000,0.251500,,,0.148,441.7
2938,0.249383,,0.278000,0.251500,,,0.147,441.8
2939,0.249950,,0.278000,0.251500,,,0.149,442.0
2940,0.249317,,0.278000,0.251500,,,0.144,442.1
2941,0.249733,,0.278000,0.251500,,,0.139,442.2
2942,0.249267,,0.278000,0.251500,,,0.152,442.4
2943,0.249000,,0.278000,0.251500,,,0.140,442.5
2944,0.249433,,0.278000,0.251500,,,0.144,442.7
2945,0.249833,,0.278000,0.251500,,,0.195,442.9
2946,0.249433,,0.278000,0.251500,,,0.140,443.0
2947,0.249650,,0.278000,0.251500,,,0.140,443.2
2948,0.249417,,0.278000,0.251500,,,0.141,443.3
2949,0.253150,,0.278000,0.253150,,,0.141,443.4
2950,0.250200,,0.278000,0.253150,,,0.139,443.6
2951,0.248550,,0.278000,0.253150,,,0.141,443.7
2952,0.250283,,0.278000,0.253150,,,0.140,443.9
2953,0.250317,,0.278000,0.253150,,,0.140,444.0
2954,0.249817,,0.278000,0.253150,,,0.142,444.1
2955,0.248933,,0.278000,0.253150,,,0.139,444.3
2956,0.251500,,0.278000,0.253150,,,0.142,444.4
2957,0.250117,,0.278000,0.253150,,,0.143,444.6
2958,0.249767,,0.278000,0.253150,,,0.139,444.7
2959,0.250333,,0.278000,0.253150,,,0.141,444.8
2960,0.249367,,0.278000,0.253150,,,0.208,445.1
2961,0.249050,,0.278000,0.253150,,,0.141,445.2
2962,0.250850,,0.278000,0.253150,,,0.137,445.3
2963,0.248967,,0.278000,0.253150,,,0.142,445.5
2964,0.250900,,0.278000,0.253150,,,0.140,445.6
2965,0.249250,,0.278000,0.253150,,,0.144,445.8
2966,0.251450,,0.278000,0.253150,,,0.141,445.9
2967,0.250817,,0.278000,0.253150,,,0.139,446.0
2968,0.248400,,0.278000,0.253150,,,0.139,446.2
2969,0.249833,,0.278000,0.253150,,,0.142,446.3
2970,0.248500,,0.278000,0.253150,,,0.137,446.5
2971,0.250233,,0.278000,0.253150,,,0.143,446.6
2972,0.250733,,0.278000,0.253150,,,0.141,446.7
2973,0.249517,,0.278000,0.253150,,,0.142,446.9
2974,0.247967,,0.278000,0.253150,,,0.141,447.0
2975,0.250433,,0.278000,0.253150,,,0.210,447.2
2976,0.250217,,0.278000,0.253150,,,0.141,447.4
2977,0.249683,,0.278000,0.253150,,,0.141,447.5
2978,0.250350,,0.278000,0.253150,,,0.141,447.7
2979,0.249250,,0.278000,0.253150,,,0.141,447.8
2980,0.247750,,0.278000,0.253150,,,0.140,447.9
2981,0.249500,,0.278000,0.253150,,,0.140,448.1
2982,0.250500,,0.278000,0.253150,,,0.142,448.2
2983,0.249067,,0.278000,0.253150,,,0.143,448.4
2984,0.248517,,0.278000,0.253150,,,0.141,448.5
2985,0.248733,,0.278000,0.253150,,,0.140,448.6
2986,0.248583,,0.278000,0.253150,,,0.141,448.8
2987,0.250650,,0.278000,0.253150,,,0.141,448.9
2988,0.250450,,0.278000,0.253150,,,0.141,449.1
2989,0.249467,,0.278000,0.253150,,,0.140,449.2
2990,0.250183,,0.278000,0.253150,,,0.140,449.3
2991,0.250583,,0.278000,0.253150,,,0.153,449.5
2992,0.249367,,0.278000,0.253150,,,0.146,449.6
2993,0.250617,,0.278000,0.253150,,,0.142,449.8
2994,0.251400,,0.278000,0.253150,,,0.144,449.9
2995,0.249350,,0.278000,0.253150,,,0.145,450.1
2996,0.248667,,0.278000,0.253150,,,0.141,450.2
2997,0.250217,,0.278000,0.253150,,,0.139,450.4
2998,0.249700,,0.278000,0.253150,,,0.143,450.5
2999,0.250117,0.27400001883506775,0.278000,0.253150,0.03271632641553879,0.5430297255516052,0.446,450.9
